task_id,candidate_model_path,model_path,source_id,source_exp_id,method_family,memory_footprint,parameter_count,file_size,cost_proxy,utility_proxy,local_valid,risk,candidate_rank,recommended_action
task001,E:\kagglegolf\data\interim\afr1ste_6335_batchcompress_rewrite\task001.onnx,E:\kagglegolf\data\interim\afr1ste_6335_batchcompress_rewrite\task001.onnx,SRC_KAGGLE_DATASET_AFR1STE_6335,GOLF_20260608_049_afr1ste_compress_rewrite_structural_mix,afr1ste_compress_rewrite_structural_pass,,,18098,,,true,high,1,submit_afr1ste_compress_rewrite_structural_mix
task002,E:\kagglegolf\data\interim\afr1ste_6335_batchcompress_rewrite\task002.onnx,E:\kagglegolf\data\interim\afr1ste_6335_batchcompress_rewrite\task002.onnx,SRC_KAGGLE_DATASET_AFR1STE_6335,GOLF_20260608_049_afr1ste_compress_rewrite_structural_mix,afr1ste_compress_rewrite_structural_pass,,,61355,,,true,high,2,submit_afr1ste_compress_rewrite_structural_mix
task003,E:\kagglegolf\data\interim\afr1ste_6335_batchcompress_rewrite\task003.onnx,E:\kagglegolf\data\interim\afr1ste_6335_batchcompress_rewrite\task003.onnx,SRC_KAGGLE_DATASET_AFR1STE_6335,GOLF_20260608_049_afr1ste_compress_rewrite_structural_mix,afr1ste_compress_rewrite_structural_pass,,,4900,,,true,high,3,submit_afr1ste_compress_rewrite_structural_mix
task004,E:\kagglegolf\data\interim\afr1ste_6335_batchcompress_rewrite\task004.onnx,E:\kagglegolf\data\interim\afr1ste_6335_batchcompress_rewrite\task004.onnx,SRC_KAGGLE_DATASET_AFR1STE_6335,GOLF_20260608_049_afr1ste_compress_rewrite_structural_mix,afr1ste_compress_rewrite_structural_pass,,,18032,,,true,high,4,submit_afr1ste_compress_rewrite_structural_mix
task005,E:\kagglegolf\data\interim\afr1ste_6335_batchcompress_rewrite\task005.onnx,E:\kagglegolf\data\interim\afr1ste_6335_batchcompress_rewrite\task005.onnx,SRC_KAGGLE_DATASET_AFR1STE_6335,GOLF_20260608_049_afr1ste_compress_rewrite_structural_mix,afr1ste_compress_rewrite_structural_pass,,,15255,,,true,high,5,submit_afr1ste_compress_rewrite_structural_mix
task006,E:\kagglegolf\data\interim\afr1ste_6335_batchcompress_rewrite\task006.onnx,E:\kagglegolf\data\interim\afr1ste_6335_batchcompress_rewrite\task006.onnx,SRC_KAGGLE_DATASET_AFR1STE_6335,GOLF_20260608_049_afr1ste_compress_rewrite_structural_mix,afr1ste_compress_rewrite_structural_pass,,,1935,,,true,high,6,submit_afr1ste_compress_rewrite_structural_mix
task007,E:\kagglegolf\data\interim\afr1ste_6335_batchcompress_rewrite\task007.onnx,E:\kagglegolf\data\interim\afr1ste_6335_batchcompress_rewrite\task007.onnx,SRC_KAGGLE_DATASET_AFR1STE_6335,GOLF_20260608_049_afr1ste_compress_rewrite_structural_mix,afr1ste_compress_rewrite_structural_pass,,,13506,,,true,high,7,submit_afr1ste_compress_rewrite_structural_mix
task008,E:\kagglegolf\data\interim\afr1ste_6335_batchcompress_rewrite\task008.onnx,E:\kagglegolf\data\interim\afr1ste_6335_batchcompress_rewrite\task008.onnx,SRC_KAGGLE_DATASET_AFR1STE_6335,GOLF_20260608_049_afr1ste_compress_rewrite_structural_mix,afr1ste_compress_rewrite_structural_pass,,,117189,,,true,high,8,submit_afr1ste_compress_rewrite_structural_mix
task009,E:\kagglegolf\data\interim\afr1ste_6335_batchcompress_rewrite\task009.onnx,E:\kagglegolf\data\interim\afr1ste_6335_batchcompress_rewrite\task009.onnx,SRC_KAGGLE_DATASET_AFR1STE_6335,GOLF_20260608_049_afr1ste_compress_rewrite_structural_mix,afr1ste_compress_rewrite_structural_pass,,,11925,,,true,high,9,submit_afr1ste_compress_rewrite_structural_mix
task010,E:\kagglegolf\data\interim\afr1ste_6335_batchcompress_rewrite\task010.onnx,E:\kagglegolf\data\interim\afr1ste_6335_batchcompress_rewrite\task010.onnx,SRC_KAGGLE_DATASET_AFR1STE_6335,GOLF_20260608_049_afr1ste_compress_rewrite_structural_mix,afr1ste_compress_rewrite_structural_pass,,,7791,,,true,high,10,submit_afr1ste_compress_rewrite_structural_mix
task011,E:\kagglegolf\data\interim\afr1ste_6335_batchcompress_rewrite\task011.onnx,E:\kagglegolf\data\interim\afr1ste_6335_batchcompress_rewrite\task011.onnx,SRC_KAGGLE_DATASET_AFR1STE_6335,GOLF_20260608_049_afr1ste_compress_rewrite_structural_mix,afr1ste_compress_rewrite_structural_pass,,,11071,,,true,high,11,submit_afr1ste_compress_rewrite_structural_mix
task012,E:\kagglegolf\data\interim\afr1ste_6335_batchcompress_rewrite\task012.onnx,E:\kagglegolf\data\interim\afr1ste_6335_batchcompress_rewrite\task012.onnx,SRC_KAGGLE_DATASET_AFR1STE_6335,GOLF_20260608_049_afr1ste_compress_rewrite_structural_mix,afr1ste_compress_rewrite_structural_pass,,,4591,,,true,high,12,submit_afr1ste_compress_rewrite_structural_mix
task013,E:\kagglegolf\data\interim\afr1ste_6335_batchcompress_rewrite\task013.onnx,E:\kagglegolf\data\interim\afr1ste_6335_batchcompress_rewrite\task013.onnx,SRC_KAGGLE_DATASET_AFR1STE_6335,GOLF_20260608_049_afr1ste_compress_rewrite_structural_mix,afr1ste_compress_rewrite_structural_pass,,,5822,,,true,high,13,submit_afr1ste_compress_rewrite_structural_mix
task014,E:\kagglegolf\data\interim\afr1ste_6335_batchcompress_rewrite\task014.onnx,E:\kagglegolf\data\interim\afr1ste_6335_batchcompress_rewrite\task014.onnx,SRC_KAGGLE_DATASET_AFR1STE_6335,GOLF_20260608_049_afr1ste_compress_rewrite_structural_mix,afr1ste_compress_rewrite_structural_pass,,,3943,,,true,high,14,submit_afr1ste_compress_rewrite_structural_mix
task015,E:\kagglegolf\data\interim\afr1ste_6335_batchcompress_rewrite\task015.onnx,E:\kagglegolf\data\interim\afr1ste_6335_batchcompress_rewrite\task015.onnx,SRC_KAGGLE_DATASET_AFR1STE_6335,GOLF_20260608_049_afr1ste_compress_rewrite_structural_mix,afr1ste_compress_rewrite_structural_pass,,,4049,,,true,high,15,submit_afr1ste_compress_rewrite_structural_mix
task016,E:\kagglegolf\data\interim\afr1ste_6335_batchcompress_rewrite\task016.onnx,E:\kagglegolf\data\interim\afr1ste_6335_batchcompress_rewrite\task016.onnx,SRC_KAGGLE_DATASET_AFR1STE_6335,GOLF_20260608_049_afr1ste_compress_rewrite_structural_mix,afr1ste_compress_rewrite_structural_pass,,,171,,,true,high,16,submit_afr1ste_compress_rewrite_structural_mix
task017,E:\kagglegolf\data\interim\afr1ste_6335_batchcompress_rewrite\task017.onnx,E:\kagglegolf\data\interim\afr1ste_6335_batchcompress_rewrite\task017.onnx,SRC_KAGGLE_DATASET_AFR1STE_6335,GOLF_20260608_049_afr1ste_compress_rewrite_structural_mix,afr1ste_compress_rewrite_structural_pass,,,22833,,,true,high,17,submit_afr1ste_compress_rewrite_structural_mix
task018,E:\kagglegolf\data\interim\afr1ste_6335_batchcompress_rewrite\task018.onnx,E:\kagglegolf\data\interim\afr1ste_6335_batchcompress_rewrite\task018.onnx,SRC_KAGGLE_DATASET_AFR1STE_6335,GOLF_20260608_049_afr1ste_compress_rewrite_structural_mix,afr1ste_compress_rewrite_structural_pass,,,28767,,,true,high,18,submit_afr1ste_compress_rewrite_structural_mix
task019,E:\kagglegolf\data\interim\afr1ste_6335_batchcompress_rewrite\task019.onnx,E:\kagglegolf\data\interim\afr1ste_6335_batchcompress_rewrite\task019.onnx,SRC_KAGGLE_DATASET_AFR1STE_6335,GOLF_20260608_049_afr1ste_compress_rewrite_structural_mix,afr1ste_compress_rewrite_structural_pass,,,5367,,,true,high,19,submit_afr1ste_compress_rewrite_structural_mix
task020,E:\kagglegolf\data\interim\afr1ste_6335_batchcompress_rewrite\task020.onnx,E:\kagglegolf\data\interim\afr1ste_6335_batchcompress_rewrite\task020.onnx,SRC_KAGGLE_DATASET_AFR1STE_6335,GOLF_20260608_049_afr1ste_compress_rewrite_structural_mix,afr1ste_compress_rewrite_structural_pass,,,11927,,,true,high,20,submit_afr1ste_compress_rewrite_structural_mix
task021,E:\kagglegolf\data\interim\afr1ste_6335_batchcompress_rewrite\task021.onnx,E:\kagglegolf\data\interim\afr1ste_6335_batchcompress_rewrite\task021.onnx,SRC_KAGGLE_DATASET_AFR1STE_6335,GOLF_20260608_049_afr1ste_compress_rewrite_structural_mix,afr1ste_compress_rewrite_structural_pass,,,29942,,,true,high,21,submit_afr1ste_compress_rewrite_structural_mix
task022,E:\kagglegolf\data\interim\afr1ste_6335_batchcompress_rewrite\task022.onnx,E:\kagglegolf\data\interim\afr1ste_6335_batchcompress_rewrite\task022.onnx,SRC_KAGGLE_DATASET_AFR1STE_6335,GOLF_20260608_049_afr1ste_compress_rewrite_structural_mix,afr1ste_compress_rewrite_structural_pass,,,51327,,,true,high,22,submit_afr1ste_compress_rewrite_structural_mix
task023,E:\kagglegolf\data\interim\afr1ste_6335_batchcompress_rewrite\task023.onnx,E:\kagglegolf\data\interim\afr1ste_6335_batchcompress_rewrite\task023.onnx,SRC_KAGGLE_DATASET_AFR1STE_6335,GOLF_20260608_049_afr1ste_compress_rewrite_structural_mix,afr1ste_compress_rewrite_structural_pass,,,2795,,,true,high,23,submit_afr1ste_compress_rewrite_structural_mix
task024,E:\kagglegolf\data\interim\afr1ste_6335_batchcompress_rewrite\task024.onnx,E:\kagglegolf\data\interim\afr1ste_6335_batchcompress_rewrite\task024.onnx,SRC_KAGGLE_DATASET_AFR1STE_6335,GOLF_20260608_049_afr1ste_compress_rewrite_structural_mix,afr1ste_compress_rewrite_structural_pass,,,2663,,,true,high,24,submit_afr1ste_compress_rewrite_structural_mix
task025,E:\kagglegolf\data\interim\afr1ste_6335_batchcompress_rewrite\task025.onnx,E:\kagglegolf\data\interim\afr1ste_6335_batchcompress_rewrite\task025.onnx,SRC_KAGGLE_DATASET_AFR1STE_6335,GOLF_20260608_049_afr1ste_compress_rewrite_structural_mix,afr1ste_compress_rewrite_structural_pass,,,5476,,,true,high,25,submit_afr1ste_compress_rewrite_structural_mix
task026,E:\kagglegolf\data\interim\afr1ste_6335_batchcompress_rewrite\task026.onnx,E:\kagglegolf\data\interim\afr1ste_6335_batchcompress_rewrite\task026.onnx,SRC_KAGGLE_DATASET_AFR1STE_6335,GOLF_20260608_049_afr1ste_compress_rewrite_structural_mix,afr1ste_compress_rewrite_structural_pass,,,2081,,,true,high,26,submit_afr1ste_compress_rewrite_structural_mix
task027,E:\kagglegolf\data\interim\afr1ste_6335_batchcompress_rewrite\task027.onnx,E:\kagglegolf\data\interim\afr1ste_6335_batchcompress_rewrite\task027.onnx,SRC_KAGGLE_DATASET_AFR1STE_6335,GOLF_20260608_049_afr1ste_compress_rewrite_structural_mix,afr1ste_compress_rewrite_structural_pass,,,31982,,,true,high,27,submit_afr1ste_compress_rewrite_structural_mix
task028,E:\kagglegolf\data\interim\afr1ste_6335_batchcompress_rewrite\task028.onnx,E:\kagglegolf\data\interim\afr1ste_6335_batchcompress_rewrite\task028.onnx,SRC_KAGGLE_DATASET_AFR1STE_6335,GOLF_20260608_049_afr1ste_compress_rewrite_structural_mix,afr1ste_compress_rewrite_structural_pass,,,3893,,,true,high,28,submit_afr1ste_compress_rewrite_structural_mix
task029,E:\kagglegolf\data\interim\afr1ste_6335_batchcompress_rewrite\task029.onnx,E:\kagglegolf\data\interim\afr1ste_6335_batchcompress_rewrite\task029.onnx,SRC_KAGGLE_DATASET_AFR1STE_6335,GOLF_20260608_049_afr1ste_compress_rewrite_structural_mix,afr1ste_compress_rewrite_structural_pass,,,56072,,,true,high,29,submit_afr1ste_compress_rewrite_structural_mix
task030,E:\kagglegolf\data\interim\afr1ste_6335_batchcompress_rewrite\task030.onnx,E:\kagglegolf\data\interim\afr1ste_6335_batchcompress_rewrite\task030.onnx,SRC_KAGGLE_DATASET_AFR1STE_6335,GOLF_20260608_049_afr1ste_compress_rewrite_structural_mix,afr1ste_compress_rewrite_structural_pass,,,5691,,,true,high,30,submit_afr1ste_compress_rewrite_structural_mix
task031,E:\kagglegolf\data\interim\afr1ste_6335_batchcompress_rewrite\task031.onnx,E:\kagglegolf\data\interim\afr1ste_6335_batchcompress_rewrite\task031.onnx,SRC_KAGGLE_DATASET_AFR1STE_6335,GOLF_20260608_049_afr1ste_compress_rewrite_structural_mix,afr1ste_compress_rewrite_structural_pass,,,3090,,,true,high,31,submit_afr1ste_compress_rewrite_structural_mix
task032,E:\kagglegolf\data\interim\afr1ste_6335_batchcompress_rewrite\task032.onnx,E:\kagglegolf\data\interim\afr1ste_6335_batchcompress_rewrite\task032.onnx,SRC_KAGGLE_DATASET_AFR1STE_6335,GOLF_20260608_049_afr1ste_compress_rewrite_structural_mix,afr1ste_compress_rewrite_structural_pass,,,2027,,,true,high,32,submit_afr1ste_compress_rewrite_structural_mix
task033,E:\kagglegolf\data\interim\afr1ste_6335_batchcompress_rewrite\task033.onnx,E:\kagglegolf\data\interim\afr1ste_6335_batchcompress_rewrite\task033.onnx,SRC_KAGGLE_DATASET_AFR1STE_6335,GOLF_20260608_049_afr1ste_compress_rewrite_structural_mix,afr1ste_compress_rewrite_structural_pass,,,5527,,,true,high,33,submit_afr1ste_compress_rewrite_structural_mix
task034,E:\kagglegolf\data\interim\afr1ste_6335_batchcompress_rewrite\task034.onnx,E:\kagglegolf\data\interim\afr1ste_6335_batchcompress_rewrite\task034.onnx,SRC_KAGGLE_DATASET_AFR1STE_6335,GOLF_20260608_049_afr1ste_compress_rewrite_structural_mix,afr1ste_compress_rewrite_structural_pass,,,29106,,,true,high,34,submit_afr1ste_compress_rewrite_structural_mix
task035,E:\kagglegolf\data\interim\afr1ste_6335_batchcompress_rewrite\task035.onnx,E:\kagglegolf\data\interim\afr1ste_6335_batchcompress_rewrite\task035.onnx,SRC_KAGGLE_DATASET_AFR1STE_6335,GOLF_20260608_049_afr1ste_compress_rewrite_structural_mix,afr1ste_compress_rewrite_structural_pass,,,10209,,,true,high,35,submit_afr1ste_compress_rewrite_structural_mix
task036,E:\kagglegolf\data\interim\afr1ste_6335_batchcompress_rewrite\task036.onnx,E:\kagglegolf\data\interim\afr1ste_6335_batchcompress_rewrite\task036.onnx,SRC_KAGGLE_DATASET_AFR1STE_6335,GOLF_20260608_049_afr1ste_compress_rewrite_structural_mix,afr1ste_compress_rewrite_structural_pass,,,4524,,,true,high,36,submit_afr1ste_compress_rewrite_structural_mix
task037,E:\kagglegolf\data\interim\afr1ste_6335_batchcompress_rewrite\task037.onnx,E:\kagglegolf\data\interim\afr1ste_6335_batchcompress_rewrite\task037.onnx,SRC_KAGGLE_DATASET_AFR1STE_6335,GOLF_20260608_049_afr1ste_compress_rewrite_structural_mix,afr1ste_compress_rewrite_structural_pass,,,10667,,,true,high,37,submit_afr1ste_compress_rewrite_structural_mix
task039,E:\kagglegolf\data\interim\afr1ste_6335_batchcompress_rewrite\task039.onnx,E:\kagglegolf\data\interim\afr1ste_6335_batchcompress_rewrite\task039.onnx,SRC_KAGGLE_DATASET_AFR1STE_6335,GOLF_20260608_049_afr1ste_compress_rewrite_structural_mix,afr1ste_compress_rewrite_structural_pass,,,5364,,,true,high,38,submit_afr1ste_compress_rewrite_structural_mix
task040,E:\kagglegolf\data\interim\afr1ste_6335_batchcompress_rewrite\task040.onnx,E:\kagglegolf\data\interim\afr1ste_6335_batchcompress_rewrite\task040.onnx,SRC_KAGGLE_DATASET_AFR1STE_6335,GOLF_20260608_049_afr1ste_compress_rewrite_structural_mix,afr1ste_compress_rewrite_structural_pass,,,4806,,,true,high,39,submit_afr1ste_compress_rewrite_structural_mix
task041,E:\kagglegolf\data\interim\afr1ste_6335_batchcompress_rewrite\task041.onnx,E:\kagglegolf\data\interim\afr1ste_6335_batchcompress_rewrite\task041.onnx,SRC_KAGGLE_DATASET_AFR1STE_6335,GOLF_20260608_049_afr1ste_compress_rewrite_structural_mix,afr1ste_compress_rewrite_structural_pass,,,1297,,,true,high,40,submit_afr1ste_compress_rewrite_structural_mix
task042,E:\kagglegolf\data\interim\afr1ste_6335_batchcompress_rewrite\task042.onnx,E:\kagglegolf\data\interim\afr1ste_6335_batchcompress_rewrite\task042.onnx,SRC_KAGGLE_DATASET_AFR1STE_6335,GOLF_20260608_049_afr1ste_compress_rewrite_structural_mix,afr1ste_compress_rewrite_structural_pass,,,17772,,,true,high,41,submit_afr1ste_compress_rewrite_structural_mix
task043,E:\kagglegolf\data\interim\afr1ste_6335_batchcompress_rewrite\task043.onnx,E:\kagglegolf\data\interim\afr1ste_6335_batchcompress_rewrite\task043.onnx,SRC_KAGGLE_DATASET_AFR1STE_6335,GOLF_20260608_049_afr1ste_compress_rewrite_structural_mix,afr1ste_compress_rewrite_structural_pass,,,1754,,,true,high,42,submit_afr1ste_compress_rewrite_structural_mix
task044,E:\kagglegolf\data\interim\afr1ste_6335_batchcompress_rewrite\task044.onnx,E:\kagglegolf\data\interim\afr1ste_6335_batchcompress_rewrite\task044.onnx,SRC_KAGGLE_DATASET_AFR1STE_6335,GOLF_20260608_049_afr1ste_compress_rewrite_structural_mix,afr1ste_compress_rewrite_structural_pass,,,21922,,,true,high,43,submit_afr1ste_compress_rewrite_structural_mix
task045,E:\kagglegolf\data\interim\afr1ste_6335_batchcompress_rewrite\task045.onnx,E:\kagglegolf\data\interim\afr1ste_6335_batchcompress_rewrite\task045.onnx,SRC_KAGGLE_DATASET_AFR1STE_6335,GOLF_20260608_049_afr1ste_compress_rewrite_structural_mix,afr1ste_compress_rewrite_structural_pass,,,1884,,,true,high,44,submit_afr1ste_compress_rewrite_structural_mix
task046,E:\kagglegolf\data\interim\afr1ste_6335_batchcompress_rewrite\task046.onnx,E:\kagglegolf\data\interim\afr1ste_6335_batchcompress_rewrite\task046.onnx,SRC_KAGGLE_DATASET_AFR1STE_6335,GOLF_20260608_049_afr1ste_compress_rewrite_structural_mix,afr1ste_compress_rewrite_structural_pass,,,9524,,,true,high,45,submit_afr1ste_compress_rewrite_structural_mix
task047,E:\kagglegolf\data\interim\afr1ste_6335_batchcompress_rewrite\task047.onnx,E:\kagglegolf\data\interim\afr1ste_6335_batchcompress_rewrite\task047.onnx,SRC_KAGGLE_DATASET_AFR1STE_6335,GOLF_20260608_049_afr1ste_compress_rewrite_structural_mix,afr1ste_compress_rewrite_structural_pass,,,1841,,,true,high,46,submit_afr1ste_compress_rewrite_structural_mix
task048,E:\kagglegolf\data\interim\afr1ste_6335_batchcompress_rewrite\task048.onnx,E:\kagglegolf\data\interim\afr1ste_6335_batchcompress_rewrite\task048.onnx,SRC_KAGGLE_DATASET_AFR1STE_6335,GOLF_20260608_049_afr1ste_compress_rewrite_structural_mix,afr1ste_compress_rewrite_structural_pass,,,109401,,,true,high,47,submit_afr1ste_compress_rewrite_structural_mix
task049,E:\kagglegolf\data\interim\afr1ste_6335_batchcompress_rewrite\task049.onnx,E:\kagglegolf\data\interim\afr1ste_6335_batchcompress_rewrite\task049.onnx,SRC_KAGGLE_DATASET_AFR1STE_6335,GOLF_20260608_049_afr1ste_compress_rewrite_structural_mix,afr1ste_compress_rewrite_structural_pass,,,3943,,,true,high,48,submit_afr1ste_compress_rewrite_structural_mix
task050,E:\kagglegolf\data\interim\afr1ste_6335_batchcompress_rewrite\task050.onnx,E:\kagglegolf\data\interim\afr1ste_6335_batchcompress_rewrite\task050.onnx,SRC_KAGGLE_DATASET_AFR1STE_6335,GOLF_20260608_049_afr1ste_compress_rewrite_structural_mix,afr1ste_compress_rewrite_structural_pass,,,2241,,,true,high,49,submit_afr1ste_compress_rewrite_structural_mix
task051,E:\kagglegolf\data\interim\afr1ste_6335_batchcompress_rewrite\task051.onnx,E:\kagglegolf\data\interim\afr1ste_6335_batchcompress_rewrite\task051.onnx,SRC_KAGGLE_DATASET_AFR1STE_6335,GOLF_20260608_049_afr1ste_compress_rewrite_structural_mix,afr1ste_compress_rewrite_structural_pass,,,8547,,,true,high,50,submit_afr1ste_compress_rewrite_structural_mix
task053,E:\kagglegolf\data\interim\afr1ste_6335_batchcompress_rewrite\task053.onnx,E:\kagglegolf\data\interim\afr1ste_6335_batchcompress_rewrite\task053.onnx,SRC_KAGGLE_DATASET_AFR1STE_6335,GOLF_20260608_049_afr1ste_compress_rewrite_structural_mix,afr1ste_compress_rewrite_structural_pass,,,167,,,true,high,51,submit_afr1ste_compress_rewrite_structural_mix
task054,E:\kagglegolf\data\interim\afr1ste_6335_batchcompress_rewrite\task054.onnx,E:\kagglegolf\data\interim\afr1ste_6335_batchcompress_rewrite\task054.onnx,SRC_KAGGLE_DATASET_AFR1STE_6335,GOLF_20260608_049_afr1ste_compress_rewrite_structural_mix,afr1ste_compress_rewrite_structural_pass,,,9293,,,true,high,52,submit_afr1ste_compress_rewrite_structural_mix
task055,E:\kagglegolf\data\interim\afr1ste_6335_batchcompress_rewrite\task055.onnx,E:\kagglegolf\data\interim\afr1ste_6335_batchcompress_rewrite\task055.onnx,SRC_KAGGLE_DATASET_AFR1STE_6335,GOLF_20260608_049_afr1ste_compress_rewrite_structural_mix,afr1ste_compress_rewrite_structural_pass,,,17394,,,true,high,53,submit_afr1ste_compress_rewrite_structural_mix
task057,E:\kagglegolf\data\interim\afr1ste_6335_batchcompress_rewrite\task057.onnx,E:\kagglegolf\data\interim\afr1ste_6335_batchcompress_rewrite\task057.onnx,SRC_KAGGLE_DATASET_AFR1STE_6335,GOLF_20260608_049_afr1ste_compress_rewrite_structural_mix,afr1ste_compress_rewrite_structural_pass,,,2423,,,true,high,54,submit_afr1ste_compress_rewrite_structural_mix
task059,E:\kagglegolf\data\interim\afr1ste_6335_batchcompress_rewrite\task059.onnx,E:\kagglegolf\data\interim\afr1ste_6335_batchcompress_rewrite\task059.onnx,SRC_KAGGLE_DATASET_AFR1STE_6335,GOLF_20260608_049_afr1ste_compress_rewrite_structural_mix,afr1ste_compress_rewrite_structural_pass,,,3568,,,true,high,55,submit_afr1ste_compress_rewrite_structural_mix
task060,E:\kagglegolf\data\interim\afr1ste_6335_batchcompress_rewrite\task060.onnx,E:\kagglegolf\data\interim\afr1ste_6335_batchcompress_rewrite\task060.onnx,SRC_KAGGLE_DATASET_AFR1STE_6335,GOLF_20260608_049_afr1ste_compress_rewrite_structural_mix,afr1ste_compress_rewrite_structural_pass,,,5432,,,true,high,56,submit_afr1ste_compress_rewrite_structural_mix
task062,E:\kagglegolf\data\interim\afr1ste_6335_batchcompress_rewrite\task062.onnx,E:\kagglegolf\data\interim\afr1ste_6335_batchcompress_rewrite\task062.onnx,SRC_KAGGLE_DATASET_AFR1STE_6335,GOLF_20260608_049_afr1ste_compress_rewrite_structural_mix,afr1ste_compress_rewrite_structural_pass,,,18051,,,true,high,57,submit_afr1ste_compress_rewrite_structural_mix
task063,E:\kagglegolf\data\interim\afr1ste_6335_batchcompress_rewrite\task063.onnx,E:\kagglegolf\data\interim\afr1ste_6335_batchcompress_rewrite\task063.onnx,SRC_KAGGLE_DATASET_AFR1STE_6335,GOLF_20260608_049_afr1ste_compress_rewrite_structural_mix,afr1ste_compress_rewrite_structural_pass,,,2591,,,true,high,58,submit_afr1ste_compress_rewrite_structural_mix
task064,E:\kagglegolf\data\interim\afr1ste_6335_batchcompress_rewrite\task064.onnx,E:\kagglegolf\data\interim\afr1ste_6335_batchcompress_rewrite\task064.onnx,SRC_KAGGLE_DATASET_AFR1STE_6335,GOLF_20260608_049_afr1ste_compress_rewrite_structural_mix,afr1ste_compress_rewrite_structural_pass,,,5055,,,true,high,59,submit_afr1ste_compress_rewrite_structural_mix
task065,E:\kagglegolf\data\interim\afr1ste_6335_batchcompress_rewrite\task065.onnx,E:\kagglegolf\data\interim\afr1ste_6335_batchcompress_rewrite\task065.onnx,SRC_KAGGLE_DATASET_AFR1STE_6335,GOLF_20260608_049_afr1ste_compress_rewrite_structural_mix,afr1ste_compress_rewrite_structural_pass,,,7193,,,true,high,60,submit_afr1ste_compress_rewrite_structural_mix
task066,E:\kagglegolf\data\interim\afr1ste_6335_batchcompress_rewrite\task066.onnx,E:\kagglegolf\data\interim\afr1ste_6335_batchcompress_rewrite\task066.onnx,SRC_KAGGLE_DATASET_AFR1STE_6335,GOLF_20260608_049_afr1ste_compress_rewrite_structural_mix,afr1ste_compress_rewrite_structural_pass,,,22609,,,true,high,61,submit_afr1ste_compress_rewrite_structural_mix
task067,E:\kagglegolf\data\interim\afr1ste_6335_batchcompress_rewrite\task067.onnx,E:\kagglegolf\data\interim\afr1ste_6335_batchcompress_rewrite\task067.onnx,SRC_KAGGLE_DATASET_AFR1STE_6335,GOLF_20260608_049_afr1ste_compress_rewrite_structural_mix,afr1ste_compress_rewrite_structural_pass,,,1345,,,true,high,62,submit_afr1ste_compress_rewrite_structural_mix
task068,E:\kagglegolf\data\interim\afr1ste_6335_batchcompress_rewrite\task068.onnx,E:\kagglegolf\data\interim\afr1ste_6335_batchcompress_rewrite\task068.onnx,SRC_KAGGLE_DATASET_AFR1STE_6335,GOLF_20260608_049_afr1ste_compress_rewrite_structural_mix,afr1ste_compress_rewrite_structural_pass,,,2301,,,true,high,63,submit_afr1ste_compress_rewrite_structural_mix
task069,E:\kagglegolf\data\interim\afr1ste_6335_batchcompress_rewrite\task069.onnx,E:\kagglegolf\data\interim\afr1ste_6335_batchcompress_rewrite\task069.onnx,SRC_KAGGLE_DATASET_AFR1STE_6335,GOLF_20260608_049_afr1ste_compress_rewrite_structural_mix,afr1ste_compress_rewrite_structural_pass,,,37054,,,true,high,64,submit_afr1ste_compress_rewrite_structural_mix
task070,E:\kagglegolf\data\interim\afr1ste_6335_batchcompress_rewrite\task070.onnx,E:\kagglegolf\data\interim\afr1ste_6335_batchcompress_rewrite\task070.onnx,SRC_KAGGLE_DATASET_AFR1STE_6335,GOLF_20260608_049_afr1ste_compress_rewrite_structural_mix,afr1ste_compress_rewrite_structural_pass,,,7805,,,true,high,65,submit_afr1ste_compress_rewrite_structural_mix
task071,E:\kagglegolf\data\interim\afr1ste_6335_batchcompress_rewrite\task071.onnx,E:\kagglegolf\data\interim\afr1ste_6335_batchcompress_rewrite\task071.onnx,SRC_KAGGLE_DATASET_AFR1STE_6335,GOLF_20260608_049_afr1ste_compress_rewrite_structural_mix,afr1ste_compress_rewrite_structural_pass,,,11741,,,true,high,66,submit_afr1ste_compress_rewrite_structural_mix
task072,E:\kagglegolf\data\interim\afr1ste_6335_batchcompress_rewrite\task072.onnx,E:\kagglegolf\data\interim\afr1ste_6335_batchcompress_rewrite\task072.onnx,SRC_KAGGLE_DATASET_AFR1STE_6335,GOLF_20260608_049_afr1ste_compress_rewrite_structural_mix,afr1ste_compress_rewrite_structural_pass,,,2153,,,true,high,67,submit_afr1ste_compress_rewrite_structural_mix
task073,E:\kagglegolf\data\interim\afr1ste_6335_batchcompress_rewrite\task073.onnx,E:\kagglegolf\data\interim\afr1ste_6335_batchcompress_rewrite\task073.onnx,SRC_KAGGLE_DATASET_AFR1STE_6335,GOLF_20260608_049_afr1ste_compress_rewrite_structural_mix,afr1ste_compress_rewrite_structural_pass,,,4049,,,true,high,68,submit_afr1ste_compress_rewrite_structural_mix
task074,E:\kagglegolf\data\interim\afr1ste_6335_batchcompress_rewrite\task074.onnx,E:\kagglegolf\data\interim\afr1ste_6335_batchcompress_rewrite\task074.onnx,SRC_KAGGLE_DATASET_AFR1STE_6335,GOLF_20260608_049_afr1ste_compress_rewrite_structural_mix,afr1ste_compress_rewrite_structural_pass,,,1846,,,true,high,69,submit_afr1ste_compress_rewrite_structural_mix
task075,E:\kagglegolf\data\interim\afr1ste_6335_batchcompress_rewrite\task075.onnx,E:\kagglegolf\data\interim\afr1ste_6335_batchcompress_rewrite\task075.onnx,SRC_KAGGLE_DATASET_AFR1STE_6335,GOLF_20260608_049_afr1ste_compress_rewrite_structural_mix,afr1ste_compress_rewrite_structural_pass,,,9767,,,true,high,70,submit_afr1ste_compress_rewrite_structural_mix
task076,E:\kagglegolf\data\interim\afr1ste_6335_batchcompress_rewrite\task076.onnx,E:\kagglegolf\data\interim\afr1ste_6335_batchcompress_rewrite\task076.onnx,SRC_KAGGLE_DATASET_AFR1STE_6335,GOLF_20260608_049_afr1ste_compress_rewrite_structural_mix,afr1ste_compress_rewrite_structural_pass,,,287531,,,true,high,71,submit_afr1ste_compress_rewrite_structural_mix
task077,E:\kagglegolf\data\interim\afr1ste_6335_batchcompress_rewrite\task077.onnx,E:\kagglegolf\data\interim\afr1ste_6335_batchcompress_rewrite\task077.onnx,SRC_KAGGLE_DATASET_AFR1STE_6335,GOLF_20260608_049_afr1ste_compress_rewrite_structural_mix,afr1ste_compress_rewrite_structural_pass,,,11081,,,true,high,72,submit_afr1ste_compress_rewrite_structural_mix
task078,E:\kagglegolf\data\interim\afr1ste_6335_batchcompress_rewrite\task078.onnx,E:\kagglegolf\data\interim\afr1ste_6335_batchcompress_rewrite\task078.onnx,SRC_KAGGLE_DATASET_AFR1STE_6335,GOLF_20260608_049_afr1ste_compress_rewrite_structural_mix,afr1ste_compress_rewrite_structural_pass,,,2219,,,true,high,73,submit_afr1ste_compress_rewrite_structural_mix
task079,E:\kagglegolf\data\interim\afr1ste_6335_batchcompress_rewrite\task079.onnx,E:\kagglegolf\data\interim\afr1ste_6335_batchcompress_rewrite\task079.onnx,SRC_KAGGLE_DATASET_AFR1STE_6335,GOLF_20260608_049_afr1ste_compress_rewrite_structural_mix,afr1ste_compress_rewrite_structural_pass,,,2233,,,true,high,74,submit_afr1ste_compress_rewrite_structural_mix
task080,E:\kagglegolf\data\interim\afr1ste_6335_batchcompress_rewrite\task080.onnx,E:\kagglegolf\data\interim\afr1ste_6335_batchcompress_rewrite\task080.onnx,SRC_KAGGLE_DATASET_AFR1STE_6335,GOLF_20260608_049_afr1ste_compress_rewrite_structural_mix,afr1ste_compress_rewrite_structural_pass,,,20722,,,true,high,75,submit_afr1ste_compress_rewrite_structural_mix
task081,E:\kagglegolf\data\interim\afr1ste_6335_batchcompress_rewrite\task081.onnx,E:\kagglegolf\data\interim\afr1ste_6335_batchcompress_rewrite\task081.onnx,SRC_KAGGLE_DATASET_AFR1STE_6335,GOLF_20260608_049_afr1ste_compress_rewrite_structural_mix,afr1ste_compress_rewrite_structural_pass,,,3898,,,true,high,76,submit_afr1ste_compress_rewrite_structural_mix
task082,E:\kagglegolf\data\interim\afr1ste_6335_batchcompress_rewrite\task082.onnx,E:\kagglegolf\data\interim\afr1ste_6335_batchcompress_rewrite\task082.onnx,SRC_KAGGLE_DATASET_AFR1STE_6335,GOLF_20260608_049_afr1ste_compress_rewrite_structural_mix,afr1ste_compress_rewrite_structural_pass,,,2568,,,true,high,77,submit_afr1ste_compress_rewrite_structural_mix
task083,E:\kagglegolf\data\interim\afr1ste_6335_batchcompress_rewrite\task083.onnx,E:\kagglegolf\data\interim\afr1ste_6335_batchcompress_rewrite\task083.onnx,SRC_KAGGLE_DATASET_AFR1STE_6335,GOLF_20260608_049_afr1ste_compress_rewrite_structural_mix,afr1ste_compress_rewrite_structural_pass,,,2097,,,true,high,78,submit_afr1ste_compress_rewrite_structural_mix
task084,E:\kagglegolf\data\interim\afr1ste_6335_batchcompress_rewrite\task084.onnx,E:\kagglegolf\data\interim\afr1ste_6335_batchcompress_rewrite\task084.onnx,SRC_KAGGLE_DATASET_AFR1STE_6335,GOLF_20260608_049_afr1ste_compress_rewrite_structural_mix,afr1ste_compress_rewrite_structural_pass,,,5773,,,true,high,79,submit_afr1ste_compress_rewrite_structural_mix
task085,E:\kagglegolf\data\interim\afr1ste_6335_batchcompress_rewrite\task085.onnx,E:\kagglegolf\data\interim\afr1ste_6335_batchcompress_rewrite\task085.onnx,SRC_KAGGLE_DATASET_AFR1STE_6335,GOLF_20260608_049_afr1ste_compress_rewrite_structural_mix,afr1ste_compress_rewrite_structural_pass,,,2582,,,true,high,80,submit_afr1ste_compress_rewrite_structural_mix
task086,E:\kagglegolf\data\interim\afr1ste_6335_batchcompress_rewrite\task086.onnx,E:\kagglegolf\data\interim\afr1ste_6335_batchcompress_rewrite\task086.onnx,SRC_KAGGLE_DATASET_AFR1STE_6335,GOLF_20260608_049_afr1ste_compress_rewrite_structural_mix,afr1ste_compress_rewrite_structural_pass,,,12321,,,true,high,81,submit_afr1ste_compress_rewrite_structural_mix
task087,E:\kagglegolf\data\interim\afr1ste_6335_batchcompress_rewrite\task087.onnx,E:\kagglegolf\data\interim\afr1ste_6335_batchcompress_rewrite\task087.onnx,SRC_KAGGLE_DATASET_AFR1STE_6335,GOLF_20260608_049_afr1ste_compress_rewrite_structural_mix,afr1ste_compress_rewrite_structural_pass,,,1216,,,true,high,82,submit_afr1ste_compress_rewrite_structural_mix
task088,E:\kagglegolf\data\interim\afr1ste_6335_batchcompress_rewrite\task088.onnx,E:\kagglegolf\data\interim\afr1ste_6335_batchcompress_rewrite\task088.onnx,SRC_KAGGLE_DATASET_AFR1STE_6335,GOLF_20260608_049_afr1ste_compress_rewrite_structural_mix,afr1ste_compress_rewrite_structural_pass,,,19575,,,true,high,83,submit_afr1ste_compress_rewrite_structural_mix
task089,E:\kagglegolf\data\interim\afr1ste_6335_batchcompress_rewrite\task089.onnx,E:\kagglegolf\data\interim\afr1ste_6335_batchcompress_rewrite\task089.onnx,SRC_KAGGLE_DATASET_AFR1STE_6335,GOLF_20260608_049_afr1ste_compress_rewrite_structural_mix,afr1ste_compress_rewrite_structural_pass,,,153890,,,true,high,84,submit_afr1ste_compress_rewrite_structural_mix
task090,E:\kagglegolf\data\interim\afr1ste_6335_batchcompress_rewrite\task090.onnx,E:\kagglegolf\data\interim\afr1ste_6335_batchcompress_rewrite\task090.onnx,SRC_KAGGLE_DATASET_AFR1STE_6335,GOLF_20260608_049_afr1ste_compress_rewrite_structural_mix,afr1ste_compress_rewrite_structural_pass,,,20029,,,true,high,85,submit_afr1ste_compress_rewrite_structural_mix
task091,E:\kagglegolf\data\interim\afr1ste_6335_batchcompress_rewrite\task091.onnx,E:\kagglegolf\data\interim\afr1ste_6335_batchcompress_rewrite\task091.onnx,SRC_KAGGLE_DATASET_AFR1STE_6335,GOLF_20260608_049_afr1ste_compress_rewrite_structural_mix,afr1ste_compress_rewrite_structural_pass,,,4977,,,true,high,86,submit_afr1ste_compress_rewrite_structural_mix
task092,E:\kagglegolf\data\interim\afr1ste_6335_batchcompress_rewrite\task092.onnx,E:\kagglegolf\data\interim\afr1ste_6335_batchcompress_rewrite\task092.onnx,SRC_KAGGLE_DATASET_AFR1STE_6335,GOLF_20260608_049_afr1ste_compress_rewrite_structural_mix,afr1ste_compress_rewrite_structural_pass,,,2666,,,true,high,87,submit_afr1ste_compress_rewrite_structural_mix
task093,E:\kagglegolf\data\interim\afr1ste_6335_batchcompress_rewrite\task093.onnx,E:\kagglegolf\data\interim\afr1ste_6335_batchcompress_rewrite\task093.onnx,SRC_KAGGLE_DATASET_AFR1STE_6335,GOLF_20260608_049_afr1ste_compress_rewrite_structural_mix,afr1ste_compress_rewrite_structural_pass,,,4854,,,true,high,88,submit_afr1ste_compress_rewrite_structural_mix
task094,E:\kagglegolf\data\interim\afr1ste_6335_batchcompress_rewrite\task094.onnx,E:\kagglegolf\data\interim\afr1ste_6335_batchcompress_rewrite\task094.onnx,SRC_KAGGLE_DATASET_AFR1STE_6335,GOLF_20260608_049_afr1ste_compress_rewrite_structural_mix,afr1ste_compress_rewrite_structural_pass,,,4770,,,true,high,89,submit_afr1ste_compress_rewrite_structural_mix
task095,E:\kagglegolf\data\interim\afr1ste_6335_batchcompress_rewrite\task095.onnx,E:\kagglegolf\data\interim\afr1ste_6335_batchcompress_rewrite\task095.onnx,SRC_KAGGLE_DATASET_AFR1STE_6335,GOLF_20260608_049_afr1ste_compress_rewrite_structural_mix,afr1ste_compress_rewrite_structural_pass,,,1299,,,true,high,90,submit_afr1ste_compress_rewrite_structural_mix
task096,E:\kagglegolf\data\interim\afr1ste_6335_batchcompress_rewrite\task096.onnx,E:\kagglegolf\data\interim\afr1ste_6335_batchcompress_rewrite\task096.onnx,SRC_KAGGLE_DATASET_AFR1STE_6335,GOLF_20260608_049_afr1ste_compress_rewrite_structural_mix,afr1ste_compress_rewrite_structural_pass,,,19549,,,true,high,91,submit_afr1ste_compress_rewrite_structural_mix
task097,E:\kagglegolf\data\interim\afr1ste_6335_batchcompress_rewrite\task097.onnx,E:\kagglegolf\data\interim\afr1ste_6335_batchcompress_rewrite\task097.onnx,SRC_KAGGLE_DATASET_AFR1STE_6335,GOLF_20260608_049_afr1ste_compress_rewrite_structural_mix,afr1ste_compress_rewrite_structural_pass,,,4402,,,true,high,92,submit_afr1ste_compress_rewrite_structural_mix
task098,E:\kagglegolf\data\interim\afr1ste_6335_batchcompress_rewrite\task098.onnx,E:\kagglegolf\data\interim\afr1ste_6335_batchcompress_rewrite\task098.onnx,SRC_KAGGLE_DATASET_AFR1STE_6335,GOLF_20260608_049_afr1ste_compress_rewrite_structural_mix,afr1ste_compress_rewrite_structural_pass,,,4031,,,true,high,93,submit_afr1ste_compress_rewrite_structural_mix
task099,E:\kagglegolf\data\interim\afr1ste_6335_batchcompress_rewrite\task099.onnx,E:\kagglegolf\data\interim\afr1ste_6335_batchcompress_rewrite\task099.onnx,SRC_KAGGLE_DATASET_AFR1STE_6335,GOLF_20260608_049_afr1ste_compress_rewrite_structural_mix,afr1ste_compress_rewrite_structural_pass,,,9393,,,true,high,94,submit_afr1ste_compress_rewrite_structural_mix
task102,E:\kagglegolf\data\interim\afr1ste_6335_batchcompress_rewrite\task102.onnx,E:\kagglegolf\data\interim\afr1ste_6335_batchcompress_rewrite\task102.onnx,SRC_KAGGLE_DATASET_AFR1STE_6335,GOLF_20260608_049_afr1ste_compress_rewrite_structural_mix,afr1ste_compress_rewrite_structural_pass,,,6269,,,true,high,95,submit_afr1ste_compress_rewrite_structural_mix
task105,E:\kagglegolf\data\interim\afr1ste_6335_batchcompress_rewrite\task105.onnx,E:\kagglegolf\data\interim\afr1ste_6335_batchcompress_rewrite\task105.onnx,SRC_KAGGLE_DATASET_AFR1STE_6335,GOLF_20260608_049_afr1ste_compress_rewrite_structural_mix,afr1ste_compress_rewrite_structural_pass,,,35608,,,true,high,96,submit_afr1ste_compress_rewrite_structural_mix
task106,E:\kagglegolf\data\interim\afr1ste_6335_batchcompress_rewrite\task106.onnx,E:\kagglegolf\data\interim\afr1ste_6335_batchcompress_rewrite\task106.onnx,SRC_KAGGLE_DATASET_AFR1STE_6335,GOLF_20260608_049_afr1ste_compress_rewrite_structural_mix,afr1ste_compress_rewrite_structural_pass,,,2417,,,true,high,97,submit_afr1ste_compress_rewrite_structural_mix
task107,E:\kagglegolf\data\interim\afr1ste_6335_batchcompress_rewrite\task107.onnx,E:\kagglegolf\data\interim\afr1ste_6335_batchcompress_rewrite\task107.onnx,SRC_KAGGLE_DATASET_AFR1STE_6335,GOLF_20260608_049_afr1ste_compress_rewrite_structural_mix,afr1ste_compress_rewrite_structural_pass,,,58097,,,true,high,98,submit_afr1ste_compress_rewrite_structural_mix
task108,E:\kagglegolf\data\interim\afr1ste_6335_batchcompress_rewrite\task108.onnx,E:\kagglegolf\data\interim\afr1ste_6335_batchcompress_rewrite\task108.onnx,SRC_KAGGLE_DATASET_AFR1STE_6335,GOLF_20260608_049_afr1ste_compress_rewrite_structural_mix,afr1ste_compress_rewrite_structural_pass,,,3957,,,true,high,99,submit_afr1ste_compress_rewrite_structural_mix
task109,E:\kagglegolf\data\interim\afr1ste_6335_batchcompress_rewrite\task109.onnx,E:\kagglegolf\data\interim\afr1ste_6335_batchcompress_rewrite\task109.onnx,SRC_KAGGLE_DATASET_AFR1STE_6335,GOLF_20260608_049_afr1ste_compress_rewrite_structural_mix,afr1ste_compress_rewrite_structural_pass,,,3951,,,true,high,100,submit_afr1ste_compress_rewrite_structural_mix
task110,E:\kagglegolf\data\interim\afr1ste_6335_batchcompress_rewrite\task110.onnx,E:\kagglegolf\data\interim\afr1ste_6335_batchcompress_rewrite\task110.onnx,SRC_KAGGLE_DATASET_AFR1STE_6335,GOLF_20260608_049_afr1ste_compress_rewrite_structural_mix,afr1ste_compress_rewrite_structural_pass,,,30711,,,true,high,101,submit_afr1ste_compress_rewrite_structural_mix
task111,E:\kagglegolf\data\interim\afr1ste_6335_batchcompress_rewrite\task111.onnx,E:\kagglegolf\data\interim\afr1ste_6335_batchcompress_rewrite\task111.onnx,SRC_KAGGLE_DATASET_AFR1STE_6335,GOLF_20260608_049_afr1ste_compress_rewrite_structural_mix,afr1ste_compress_rewrite_structural_pass,,,18960,,,true,high,102,submit_afr1ste_compress_rewrite_structural_mix
task112,E:\kagglegolf\data\interim\afr1ste_6335_batchcompress_rewrite\task112.onnx,E:\kagglegolf\data\interim\afr1ste_6335_batchcompress_rewrite\task112.onnx,SRC_KAGGLE_DATASET_AFR1STE_6335,GOLF_20260608_049_afr1ste_compress_rewrite_structural_mix,afr1ste_compress_rewrite_structural_pass,,,2868,,,true,high,103,submit_afr1ste_compress_rewrite_structural_mix
task113,E:\kagglegolf\data\interim\afr1ste_6335_batchcompress_rewrite\task113.onnx,E:\kagglegolf\data\interim\afr1ste_6335_batchcompress_rewrite\task113.onnx,SRC_KAGGLE_DATASET_AFR1STE_6335,GOLF_20260608_049_afr1ste_compress_rewrite_structural_mix,afr1ste_compress_rewrite_structural_pass,,,3957,,,true,high,104,submit_afr1ste_compress_rewrite_structural_mix
task114,E:\kagglegolf\data\interim\afr1ste_6335_batchcompress_rewrite\task114.onnx,E:\kagglegolf\data\interim\afr1ste_6335_batchcompress_rewrite\task114.onnx,SRC_KAGGLE_DATASET_AFR1STE_6335,GOLF_20260608_049_afr1ste_compress_rewrite_structural_mix,afr1ste_compress_rewrite_structural_pass,,,4593,,,true,high,105,submit_afr1ste_compress_rewrite_structural_mix
task115,E:\kagglegolf\data\interim\afr1ste_6335_batchcompress_rewrite\task115.onnx,E:\kagglegolf\data\interim\afr1ste_6335_batchcompress_rewrite\task115.onnx,SRC_KAGGLE_DATASET_AFR1STE_6335,GOLF_20260608_049_afr1ste_compress_rewrite_structural_mix,afr1ste_compress_rewrite_structural_pass,,,3652,,,true,high,106,submit_afr1ste_compress_rewrite_structural_mix
task116,E:\kagglegolf\data\interim\afr1ste_6335_batchcompress_rewrite\task116.onnx,E:\kagglegolf\data\interim\afr1ste_6335_batchcompress_rewrite\task116.onnx,SRC_KAGGLE_DATASET_AFR1STE_6335,GOLF_20260608_049_afr1ste_compress_rewrite_structural_mix,afr1ste_compress_rewrite_structural_pass,,,1325,,,true,high,107,submit_afr1ste_compress_rewrite_structural_mix
task117,E:\kagglegolf\data\interim\afr1ste_6335_batchcompress_rewrite\task117.onnx,E:\kagglegolf\data\interim\afr1ste_6335_batchcompress_rewrite\task117.onnx,SRC_KAGGLE_DATASET_AFR1STE_6335,GOLF_20260608_049_afr1ste_compress_rewrite_structural_mix,afr1ste_compress_rewrite_structural_pass,,,20380,,,true,high,108,submit_afr1ste_compress_rewrite_structural_mix
task118,E:\kagglegolf\data\interim\afr1ste_6335_batchcompress_rewrite\task118.onnx,E:\kagglegolf\data\interim\afr1ste_6335_batchcompress_rewrite\task118.onnx,SRC_KAGGLE_DATASET_AFR1STE_6335,GOLF_20260608_049_afr1ste_compress_rewrite_structural_mix,afr1ste_compress_rewrite_structural_pass,,,19537,,,true,high,109,submit_afr1ste_compress_rewrite_structural_mix
task119,E:\kagglegolf\data\interim\afr1ste_6335_batchcompress_rewrite\task119.onnx,E:\kagglegolf\data\interim\afr1ste_6335_batchcompress_rewrite\task119.onnx,SRC_KAGGLE_DATASET_AFR1STE_6335,GOLF_20260608_049_afr1ste_compress_rewrite_structural_mix,afr1ste_compress_rewrite_structural_pass,,,77807,,,true,high,110,submit_afr1ste_compress_rewrite_structural_mix
task120,E:\kagglegolf\data\interim\afr1ste_6335_batchcompress_rewrite\task120.onnx,E:\kagglegolf\data\interim\afr1ste_6335_batchcompress_rewrite\task120.onnx,SRC_KAGGLE_DATASET_AFR1STE_6335,GOLF_20260608_049_afr1ste_compress_rewrite_structural_mix,afr1ste_compress_rewrite_structural_pass,,,10449,,,true,high,111,submit_afr1ste_compress_rewrite_structural_mix
task121,E:\kagglegolf\data\interim\afr1ste_6335_batchcompress_rewrite\task121.onnx,E:\kagglegolf\data\interim\afr1ste_6335_batchcompress_rewrite\task121.onnx,SRC_KAGGLE_DATASET_AFR1STE_6335,GOLF_20260608_049_afr1ste_compress_rewrite_structural_mix,afr1ste_compress_rewrite_structural_pass,,,1989,,,true,high,112,submit_afr1ste_compress_rewrite_structural_mix
task122,E:\kagglegolf\data\interim\afr1ste_6335_batchcompress_rewrite\task122.onnx,E:\kagglegolf\data\interim\afr1ste_6335_batchcompress_rewrite\task122.onnx,SRC_KAGGLE_DATASET_AFR1STE_6335,GOLF_20260608_049_afr1ste_compress_rewrite_structural_mix,afr1ste_compress_rewrite_structural_pass,,,17371,,,true,high,113,submit_afr1ste_compress_rewrite_structural_mix
task123,E:\kagglegolf\data\interim\afr1ste_6335_batchcompress_rewrite\task123.onnx,E:\kagglegolf\data\interim\afr1ste_6335_batchcompress_rewrite\task123.onnx,SRC_KAGGLE_DATASET_AFR1STE_6335,GOLF_20260608_049_afr1ste_compress_rewrite_structural_mix,afr1ste_compress_rewrite_structural_pass,,,11513,,,true,high,114,submit_afr1ste_compress_rewrite_structural_mix
task124,E:\kagglegolf\data\interim\afr1ste_6335_batchcompress_rewrite\task124.onnx,E:\kagglegolf\data\interim\afr1ste_6335_batchcompress_rewrite\task124.onnx,SRC_KAGGLE_DATASET_AFR1STE_6335,GOLF_20260608_049_afr1ste_compress_rewrite_structural_mix,afr1ste_compress_rewrite_structural_pass,,,18863,,,true,high,115,submit_afr1ste_compress_rewrite_structural_mix
task125,E:\kagglegolf\data\interim\afr1ste_6335_batchcompress_rewrite\task125.onnx,E:\kagglegolf\data\interim\afr1ste_6335_batchcompress_rewrite\task125.onnx,SRC_KAGGLE_DATASET_AFR1STE_6335,GOLF_20260608_049_afr1ste_compress_rewrite_structural_mix,afr1ste_compress_rewrite_structural_pass,,,5998,,,true,high,116,submit_afr1ste_compress_rewrite_structural_mix
task126,E:\kagglegolf\data\interim\afr1ste_6335_batchcompress_rewrite\task126.onnx,E:\kagglegolf\data\interim\afr1ste_6335_batchcompress_rewrite\task126.onnx,SRC_KAGGLE_DATASET_AFR1STE_6335,GOLF_20260608_049_afr1ste_compress_rewrite_structural_mix,afr1ste_compress_rewrite_structural_pass,,,3688,,,true,high,117,submit_afr1ste_compress_rewrite_structural_mix
task127,E:\kagglegolf\data\interim\afr1ste_6335_batchcompress_rewrite\task127.onnx,E:\kagglegolf\data\interim\afr1ste_6335_batchcompress_rewrite\task127.onnx,SRC_KAGGLE_DATASET_AFR1STE_6335,GOLF_20260608_049_afr1ste_compress_rewrite_structural_mix,afr1ste_compress_rewrite_structural_pass,,,2103,,,true,high,118,submit_afr1ste_compress_rewrite_structural_mix
task128,E:\kagglegolf\data\interim\afr1ste_6335_batchcompress_rewrite\task128.onnx,E:\kagglegolf\data\interim\afr1ste_6335_batchcompress_rewrite\task128.onnx,SRC_KAGGLE_DATASET_AFR1STE_6335,GOLF_20260608_049_afr1ste_compress_rewrite_structural_mix,afr1ste_compress_rewrite_structural_pass,,,7367,,,true,high,119,submit_afr1ste_compress_rewrite_structural_mix
task130,E:\kagglegolf\data\interim\afr1ste_6335_batchcompress_rewrite\task130.onnx,E:\kagglegolf\data\interim\afr1ste_6335_batchcompress_rewrite\task130.onnx,SRC_KAGGLE_DATASET_AFR1STE_6335,GOLF_20260608_049_afr1ste_compress_rewrite_structural_mix,afr1ste_compress_rewrite_structural_pass,,,1580,,,true,high,120,submit_afr1ste_compress_rewrite_structural_mix
task131,E:\kagglegolf\data\interim\afr1ste_6335_batchcompress_rewrite\task131.onnx,E:\kagglegolf\data\interim\afr1ste_6335_batchcompress_rewrite\task131.onnx,SRC_KAGGLE_DATASET_AFR1STE_6335,GOLF_20260608_049_afr1ste_compress_rewrite_structural_mix,afr1ste_compress_rewrite_structural_pass,,,11428,,,true,high,121,submit_afr1ste_compress_rewrite_structural_mix
task132,E:\kagglegolf\data\interim\afr1ste_6335_batchcompress_rewrite\task132.onnx,E:\kagglegolf\data\interim\afr1ste_6335_batchcompress_rewrite\task132.onnx,SRC_KAGGLE_DATASET_AFR1STE_6335,GOLF_20260608_049_afr1ste_compress_rewrite_structural_mix,afr1ste_compress_rewrite_structural_pass,,,2605,,,true,high,122,submit_afr1ste_compress_rewrite_structural_mix
task133,E:\kagglegolf\data\interim\afr1ste_6335_batchcompress_rewrite\task133.onnx,E:\kagglegolf\data\interim\afr1ste_6335_batchcompress_rewrite\task133.onnx,SRC_KAGGLE_DATASET_AFR1STE_6335,GOLF_20260608_049_afr1ste_compress_rewrite_structural_mix,afr1ste_compress_rewrite_structural_pass,,,775725,,,true,high,123,submit_afr1ste_compress_rewrite_structural_mix
task134,E:\kagglegolf\data\interim\afr1ste_6335_batchcompress_rewrite\task134.onnx,E:\kagglegolf\data\interim\afr1ste_6335_batchcompress_rewrite\task134.onnx,SRC_KAGGLE_DATASET_AFR1STE_6335,GOLF_20260608_049_afr1ste_compress_rewrite_structural_mix,afr1ste_compress_rewrite_structural_pass,,,7728,,,true,high,124,submit_afr1ste_compress_rewrite_structural_mix
task135,E:\kagglegolf\data\interim\afr1ste_6335_batchcompress_rewrite\task135.onnx,E:\kagglegolf\data\interim\afr1ste_6335_batchcompress_rewrite\task135.onnx,SRC_KAGGLE_DATASET_AFR1STE_6335,GOLF_20260608_049_afr1ste_compress_rewrite_structural_mix,afr1ste_compress_rewrite_structural_pass,,,6743,,,true,high,125,submit_afr1ste_compress_rewrite_structural_mix
task136,E:\kagglegolf\data\interim\afr1ste_6335_batchcompress_rewrite\task136.onnx,E:\kagglegolf\data\interim\afr1ste_6335_batchcompress_rewrite\task136.onnx,SRC_KAGGLE_DATASET_AFR1STE_6335,GOLF_20260608_049_afr1ste_compress_rewrite_structural_mix,afr1ste_compress_rewrite_structural_pass,,,8560,,,true,high,126,submit_afr1ste_compress_rewrite_structural_mix
task137,E:\kagglegolf\data\interim\afr1ste_6335_batchcompress_rewrite\task137.onnx,E:\kagglegolf\data\interim\afr1ste_6335_batchcompress_rewrite\task137.onnx,SRC_KAGGLE_DATASET_AFR1STE_6335,GOLF_20260608_049_afr1ste_compress_rewrite_structural_mix,afr1ste_compress_rewrite_structural_pass,,,2566,,,true,high,127,submit_afr1ste_compress_rewrite_structural_mix
task138,E:\kagglegolf\data\interim\afr1ste_6335_batchcompress_rewrite\task138.onnx,E:\kagglegolf\data\interim\afr1ste_6335_batchcompress_rewrite\task138.onnx,SRC_KAGGLE_DATASET_AFR1STE_6335,GOLF_20260608_049_afr1ste_compress_rewrite_structural_mix,afr1ste_compress_rewrite_structural_pass,,,11292,,,true,high,128,submit_afr1ste_compress_rewrite_structural_mix
task139,E:\kagglegolf\data\interim\afr1ste_6335_batchcompress_rewrite\task139.onnx,E:\kagglegolf\data\interim\afr1ste_6335_batchcompress_rewrite\task139.onnx,SRC_KAGGLE_DATASET_AFR1STE_6335,GOLF_20260608_049_afr1ste_compress_rewrite_structural_mix,afr1ste_compress_rewrite_structural_pass,,,17371,,,true,high,129,submit_afr1ste_compress_rewrite_structural_mix
task140,E:\kagglegolf\data\interim\afr1ste_6335_batchcompress_rewrite\task140.onnx,E:\kagglegolf\data\interim\afr1ste_6335_batchcompress_rewrite\task140.onnx,SRC_KAGGLE_DATASET_AFR1STE_6335,GOLF_20260608_049_afr1ste_compress_rewrite_structural_mix,afr1ste_compress_rewrite_structural_pass,,,1216,,,true,high,130,submit_afr1ste_compress_rewrite_structural_mix
task141,E:\kagglegolf\data\interim\afr1ste_6335_batchcompress_rewrite\task141.onnx,E:\kagglegolf\data\interim\afr1ste_6335_batchcompress_rewrite\task141.onnx,SRC_KAGGLE_DATASET_AFR1STE_6335,GOLF_20260608_049_afr1ste_compress_rewrite_structural_mix,afr1ste_compress_rewrite_structural_pass,,,140688,,,true,high,131,submit_afr1ste_compress_rewrite_structural_mix
task142,E:\kagglegolf\data\interim\afr1ste_6335_batchcompress_rewrite\task142.onnx,E:\kagglegolf\data\interim\afr1ste_6335_batchcompress_rewrite\task142.onnx,SRC_KAGGLE_DATASET_AFR1STE_6335,GOLF_20260608_049_afr1ste_compress_rewrite_structural_mix,afr1ste_compress_rewrite_structural_pass,,,2097,,,true,high,132,submit_afr1ste_compress_rewrite_structural_mix
task143,E:\kagglegolf\data\interim\afr1ste_6335_batchcompress_rewrite\task143.onnx,E:\kagglegolf\data\interim\afr1ste_6335_batchcompress_rewrite\task143.onnx,SRC_KAGGLE_DATASET_AFR1STE_6335,GOLF_20260608_049_afr1ste_compress_rewrite_structural_mix,afr1ste_compress_rewrite_structural_pass,,,1543,,,true,high,133,submit_afr1ste_compress_rewrite_structural_mix
task144,E:\kagglegolf\data\interim\afr1ste_6335_batchcompress_rewrite\task144.onnx,E:\kagglegolf\data\interim\afr1ste_6335_batchcompress_rewrite\task144.onnx,SRC_KAGGLE_DATASET_AFR1STE_6335,GOLF_20260608_049_afr1ste_compress_rewrite_structural_mix,afr1ste_compress_rewrite_structural_pass,,,2089,,,true,high,134,submit_afr1ste_compress_rewrite_structural_mix
task145,E:\kagglegolf\data\interim\afr1ste_6335_batchcompress_rewrite\task145.onnx,E:\kagglegolf\data\interim\afr1ste_6335_batchcompress_rewrite\task145.onnx,SRC_KAGGLE_DATASET_AFR1STE_6335,GOLF_20260608_049_afr1ste_compress_rewrite_structural_mix,afr1ste_compress_rewrite_structural_pass,,,32604,,,true,high,135,submit_afr1ste_compress_rewrite_structural_mix
task146,E:\kagglegolf\data\interim\afr1ste_6335_batchcompress_rewrite\task146.onnx,E:\kagglegolf\data\interim\afr1ste_6335_batchcompress_rewrite\task146.onnx,SRC_KAGGLE_DATASET_AFR1STE_6335,GOLF_20260608_049_afr1ste_compress_rewrite_structural_mix,afr1ste_compress_rewrite_structural_pass,,,2475,,,true,high,136,submit_afr1ste_compress_rewrite_structural_mix
task147,E:\kagglegolf\data\interim\afr1ste_6335_batchcompress_rewrite\task147.onnx,E:\kagglegolf\data\interim\afr1ste_6335_batchcompress_rewrite\task147.onnx,SRC_KAGGLE_DATASET_AFR1STE_6335,GOLF_20260608_049_afr1ste_compress_rewrite_structural_mix,afr1ste_compress_rewrite_structural_pass,,,3897,,,true,high,137,submit_afr1ste_compress_rewrite_structural_mix
task148,E:\kagglegolf\data\interim\afr1ste_6335_batchcompress_rewrite\task148.onnx,E:\kagglegolf\data\interim\afr1ste_6335_batchcompress_rewrite\task148.onnx,SRC_KAGGLE_DATASET_AFR1STE_6335,GOLF_20260608_049_afr1ste_compress_rewrite_structural_mix,afr1ste_compress_rewrite_structural_pass,,,10847,,,true,high,138,submit_afr1ste_compress_rewrite_structural_mix
task149,E:\kagglegolf\data\interim\afr1ste_6335_batchcompress_rewrite\task149.onnx,E:\kagglegolf\data\interim\afr1ste_6335_batchcompress_rewrite\task149.onnx,SRC_KAGGLE_DATASET_AFR1STE_6335,GOLF_20260608_049_afr1ste_compress_rewrite_structural_mix,afr1ste_compress_rewrite_structural_pass,,,1950,,,true,high,139,submit_afr1ste_compress_rewrite_structural_mix
task150,E:\kagglegolf\data\interim\afr1ste_6335_batchcompress_rewrite\task150.onnx,E:\kagglegolf\data\interim\afr1ste_6335_batchcompress_rewrite\task150.onnx,SRC_KAGGLE_DATASET_AFR1STE_6335,GOLF_20260608_049_afr1ste_compress_rewrite_structural_mix,afr1ste_compress_rewrite_structural_pass,,,1491,,,true,high,140,submit_afr1ste_compress_rewrite_structural_mix
task151,E:\kagglegolf\data\interim\afr1ste_6335_batchcompress_rewrite\task151.onnx,E:\kagglegolf\data\interim\afr1ste_6335_batchcompress_rewrite\task151.onnx,SRC_KAGGLE_DATASET_AFR1STE_6335,GOLF_20260608_049_afr1ste_compress_rewrite_structural_mix,afr1ste_compress_rewrite_structural_pass,,,4049,,,true,high,141,submit_afr1ste_compress_rewrite_structural_mix
task152,E:\kagglegolf\data\interim\afr1ste_6335_batchcompress_rewrite\task152.onnx,E:\kagglegolf\data\interim\afr1ste_6335_batchcompress_rewrite\task152.onnx,SRC_KAGGLE_DATASET_AFR1STE_6335,GOLF_20260608_049_afr1ste_compress_rewrite_structural_mix,afr1ste_compress_rewrite_structural_pass,,,2097,,,true,high,142,submit_afr1ste_compress_rewrite_structural_mix
task153,E:\kagglegolf\data\interim\afr1ste_6335_batchcompress_rewrite\task153.onnx,E:\kagglegolf\data\interim\afr1ste_6335_batchcompress_rewrite\task153.onnx,SRC_KAGGLE_DATASET_AFR1STE_6335,GOLF_20260608_049_afr1ste_compress_rewrite_structural_mix,afr1ste_compress_rewrite_structural_pass,,,377889,,,true,high,143,submit_afr1ste_compress_rewrite_structural_mix
task154,E:\kagglegolf\data\interim\afr1ste_6335_batchcompress_rewrite\task154.onnx,E:\kagglegolf\data\interim\afr1ste_6335_batchcompress_rewrite\task154.onnx,SRC_KAGGLE_DATASET_AFR1STE_6335,GOLF_20260608_049_afr1ste_compress_rewrite_structural_mix,afr1ste_compress_rewrite_structural_pass,,,3888,,,true,high,144,submit_afr1ste_compress_rewrite_structural_mix
task155,E:\kagglegolf\data\interim\afr1ste_6335_batchcompress_rewrite\task155.onnx,E:\kagglegolf\data\interim\afr1ste_6335_batchcompress_rewrite\task155.onnx,SRC_KAGGLE_DATASET_AFR1STE_6335,GOLF_20260608_049_afr1ste_compress_rewrite_structural_mix,afr1ste_compress_rewrite_structural_pass,,,1461,,,true,high,145,submit_afr1ste_compress_rewrite_structural_mix
task156,E:\kagglegolf\data\interim\afr1ste_6335_batchcompress_rewrite\task156.onnx,E:\kagglegolf\data\interim\afr1ste_6335_batchcompress_rewrite\task156.onnx,SRC_KAGGLE_DATASET_AFR1STE_6335,GOLF_20260608_049_afr1ste_compress_rewrite_structural_mix,afr1ste_compress_rewrite_structural_pass,,,9218,,,true,high,146,submit_afr1ste_compress_rewrite_structural_mix
task157,E:\kagglegolf\data\interim\afr1ste_6335_batchcompress_rewrite\task157.onnx,E:\kagglegolf\data\interim\afr1ste_6335_batchcompress_rewrite\task157.onnx,SRC_KAGGLE_DATASET_AFR1STE_6335,GOLF_20260608_049_afr1ste_compress_rewrite_structural_mix,afr1ste_compress_rewrite_structural_pass,,,11155,,,true,high,147,submit_afr1ste_compress_rewrite_structural_mix
task158,E:\kagglegolf\data\interim\afr1ste_6335_batchcompress_rewrite\task158.onnx,E:\kagglegolf\data\interim\afr1ste_6335_batchcompress_rewrite\task158.onnx,SRC_KAGGLE_DATASET_AFR1STE_6335,GOLF_20260608_049_afr1ste_compress_rewrite_structural_mix,afr1ste_compress_rewrite_structural_pass,,,76837,,,true,high,148,submit_afr1ste_compress_rewrite_structural_mix
task159,E:\kagglegolf\data\interim\afr1ste_6335_batchcompress_rewrite\task159.onnx,E:\kagglegolf\data\interim\afr1ste_6335_batchcompress_rewrite\task159.onnx,SRC_KAGGLE_DATASET_AFR1STE_6335,GOLF_20260608_049_afr1ste_compress_rewrite_structural_mix,afr1ste_compress_rewrite_structural_pass,,,20204,,,true,high,149,submit_afr1ste_compress_rewrite_structural_mix
task160,E:\kagglegolf\data\interim\afr1ste_6335_batchcompress_rewrite\task160.onnx,E:\kagglegolf\data\interim\afr1ste_6335_batchcompress_rewrite\task160.onnx,SRC_KAGGLE_DATASET_AFR1STE_6335,GOLF_20260608_049_afr1ste_compress_rewrite_structural_mix,afr1ste_compress_rewrite_structural_pass,,,2069,,,true,high,150,submit_afr1ste_compress_rewrite_structural_mix
task161,E:\kagglegolf\data\interim\afr1ste_6335_batchcompress_rewrite\task161.onnx,E:\kagglegolf\data\interim\afr1ste_6335_batchcompress_rewrite\task161.onnx,SRC_KAGGLE_DATASET_AFR1STE_6335,GOLF_20260608_049_afr1ste_compress_rewrite_structural_mix,afr1ste_compress_rewrite_structural_pass,,,3533,,,true,high,151,submit_afr1ste_compress_rewrite_structural_mix
task162,E:\kagglegolf\data\interim\afr1ste_6335_batchcompress_rewrite\task162.onnx,E:\kagglegolf\data\interim\afr1ste_6335_batchcompress_rewrite\task162.onnx,SRC_KAGGLE_DATASET_AFR1STE_6335,GOLF_20260608_049_afr1ste_compress_rewrite_structural_mix,afr1ste_compress_rewrite_structural_pass,,,2451,,,true,high,152,submit_afr1ste_compress_rewrite_structural_mix
task163,E:\kagglegolf\data\interim\afr1ste_6335_batchcompress_rewrite\task163.onnx,E:\kagglegolf\data\interim\afr1ste_6335_batchcompress_rewrite\task163.onnx,SRC_KAGGLE_DATASET_AFR1STE_6335,GOLF_20260608_049_afr1ste_compress_rewrite_structural_mix,afr1ste_compress_rewrite_structural_pass,,,13789,,,true,high,153,submit_afr1ste_compress_rewrite_structural_mix
task164,E:\kagglegolf\data\interim\afr1ste_6335_batchcompress_rewrite\task164.onnx,E:\kagglegolf\data\interim\afr1ste_6335_batchcompress_rewrite\task164.onnx,SRC_KAGGLE_DATASET_AFR1STE_6335,GOLF_20260608_049_afr1ste_compress_rewrite_structural_mix,afr1ste_compress_rewrite_structural_pass,,,1419,,,true,high,154,submit_afr1ste_compress_rewrite_structural_mix
task165,E:\kagglegolf\data\interim\afr1ste_6335_batchcompress_rewrite\task165.onnx,E:\kagglegolf\data\interim\afr1ste_6335_batchcompress_rewrite\task165.onnx,SRC_KAGGLE_DATASET_AFR1STE_6335,GOLF_20260608_049_afr1ste_compress_rewrite_structural_mix,afr1ste_compress_rewrite_structural_pass,,,6765,,,true,high,155,submit_afr1ste_compress_rewrite_structural_mix
task166,E:\kagglegolf\data\interim\afr1ste_6335_batchcompress_rewrite\task166.onnx,E:\kagglegolf\data\interim\afr1ste_6335_batchcompress_rewrite\task166.onnx,SRC_KAGGLE_DATASET_AFR1STE_6335,GOLF_20260608_049_afr1ste_compress_rewrite_structural_mix,afr1ste_compress_rewrite_structural_pass,,,2689,,,true,high,156,submit_afr1ste_compress_rewrite_structural_mix
task168,E:\kagglegolf\data\interim\afr1ste_6335_batchcompress_rewrite\task168.onnx,E:\kagglegolf\data\interim\afr1ste_6335_batchcompress_rewrite\task168.onnx,SRC_KAGGLE_DATASET_AFR1STE_6335,GOLF_20260608_049_afr1ste_compress_rewrite_structural_mix,afr1ste_compress_rewrite_structural_pass,,,20749,,,true,high,157,submit_afr1ste_compress_rewrite_structural_mix
task169,E:\kagglegolf\data\interim\afr1ste_6335_batchcompress_rewrite\task169.onnx,E:\kagglegolf\data\interim\afr1ste_6335_batchcompress_rewrite\task169.onnx,SRC_KAGGLE_DATASET_AFR1STE_6335,GOLF_20260608_049_afr1ste_compress_rewrite_structural_mix,afr1ste_compress_rewrite_structural_pass,,,4378,,,true,high,158,submit_afr1ste_compress_rewrite_structural_mix
task170,E:\kagglegolf\data\interim\afr1ste_6335_batchcompress_rewrite\task170.onnx,E:\kagglegolf\data\interim\afr1ste_6335_batchcompress_rewrite\task170.onnx,SRC_KAGGLE_DATASET_AFR1STE_6335,GOLF_20260608_049_afr1ste_compress_rewrite_structural_mix,afr1ste_compress_rewrite_structural_pass,,,74433,,,true,high,159,submit_afr1ste_compress_rewrite_structural_mix
task172,E:\kagglegolf\data\interim\afr1ste_6335_batchcompress_rewrite\task172.onnx,E:\kagglegolf\data\interim\afr1ste_6335_batchcompress_rewrite\task172.onnx,SRC_KAGGLE_DATASET_AFR1STE_6335,GOLF_20260608_049_afr1ste_compress_rewrite_structural_mix,afr1ste_compress_rewrite_structural_pass,,,1419,,,true,high,160,submit_afr1ste_compress_rewrite_structural_mix
task173,E:\kagglegolf\data\interim\afr1ste_6335_batchcompress_rewrite\task173.onnx,E:\kagglegolf\data\interim\afr1ste_6335_batchcompress_rewrite\task173.onnx,SRC_KAGGLE_DATASET_AFR1STE_6335,GOLF_20260608_049_afr1ste_compress_rewrite_structural_mix,afr1ste_compress_rewrite_structural_pass,,,5511,,,true,high,161,submit_afr1ste_compress_rewrite_structural_mix
task174,E:\kagglegolf\data\interim\afr1ste_6335_batchcompress_rewrite\task174.onnx,E:\kagglegolf\data\interim\afr1ste_6335_batchcompress_rewrite\task174.onnx,SRC_KAGGLE_DATASET_AFR1STE_6335,GOLF_20260608_049_afr1ste_compress_rewrite_structural_mix,afr1ste_compress_rewrite_structural_pass,,,55104,,,true,high,162,submit_afr1ste_compress_rewrite_structural_mix
task177,E:\kagglegolf\data\interim\afr1ste_6335_batchcompress_rewrite\task177.onnx,E:\kagglegolf\data\interim\afr1ste_6335_batchcompress_rewrite\task177.onnx,SRC_KAGGLE_DATASET_AFR1STE_6335,GOLF_20260608_049_afr1ste_compress_rewrite_structural_mix,afr1ste_compress_rewrite_structural_pass,,,2579,,,true,high,163,submit_afr1ste_compress_rewrite_structural_mix
task178,E:\kagglegolf\data\interim\afr1ste_6335_batchcompress_rewrite\task178.onnx,E:\kagglegolf\data\interim\afr1ste_6335_batchcompress_rewrite\task178.onnx,SRC_KAGGLE_DATASET_AFR1STE_6335,GOLF_20260608_049_afr1ste_compress_rewrite_structural_mix,afr1ste_compress_rewrite_structural_pass,,,11218,,,true,high,164,submit_afr1ste_compress_rewrite_structural_mix
task179,E:\kagglegolf\data\interim\afr1ste_6335_batchcompress_rewrite\task179.onnx,E:\kagglegolf\data\interim\afr1ste_6335_batchcompress_rewrite\task179.onnx,SRC_KAGGLE_DATASET_AFR1STE_6335,GOLF_20260608_049_afr1ste_compress_rewrite_structural_mix,afr1ste_compress_rewrite_structural_pass,,,744,,,true,high,165,submit_afr1ste_compress_rewrite_structural_mix
task180,E:\kagglegolf\data\interim\afr1ste_6335_batchcompress_rewrite\task180.onnx,E:\kagglegolf\data\interim\afr1ste_6335_batchcompress_rewrite\task180.onnx,SRC_KAGGLE_DATASET_AFR1STE_6335,GOLF_20260608_049_afr1ste_compress_rewrite_structural_mix,afr1ste_compress_rewrite_structural_pass,,,4031,,,true,high,166,submit_afr1ste_compress_rewrite_structural_mix
task181,E:\kagglegolf\data\interim\afr1ste_6335_batchcompress_rewrite\task181.onnx,E:\kagglegolf\data\interim\afr1ste_6335_batchcompress_rewrite\task181.onnx,SRC_KAGGLE_DATASET_AFR1STE_6335,GOLF_20260608_049_afr1ste_compress_rewrite_structural_mix,afr1ste_compress_rewrite_structural_pass,,,168641,,,true,high,167,submit_afr1ste_compress_rewrite_structural_mix
task182,E:\kagglegolf\data\interim\afr1ste_6335_batchcompress_rewrite\task182.onnx,E:\kagglegolf\data\interim\afr1ste_6335_batchcompress_rewrite\task182.onnx,SRC_KAGGLE_DATASET_AFR1STE_6335,GOLF_20260608_049_afr1ste_compress_rewrite_structural_mix,afr1ste_compress_rewrite_structural_pass,,,57608,,,true,high,168,submit_afr1ste_compress_rewrite_structural_mix
task183,E:\kagglegolf\data\interim\afr1ste_6335_batchcompress_rewrite\task183.onnx,E:\kagglegolf\data\interim\afr1ste_6335_batchcompress_rewrite\task183.onnx,SRC_KAGGLE_DATASET_AFR1STE_6335,GOLF_20260608_049_afr1ste_compress_rewrite_structural_mix,afr1ste_compress_rewrite_structural_pass,,,3348,,,true,high,169,submit_afr1ste_compress_rewrite_structural_mix
task184,E:\kagglegolf\data\interim\afr1ste_6335_batchcompress_rewrite\task184.onnx,E:\kagglegolf\data\interim\afr1ste_6335_batchcompress_rewrite\task184.onnx,SRC_KAGGLE_DATASET_AFR1STE_6335,GOLF_20260608_049_afr1ste_compress_rewrite_structural_mix,afr1ste_compress_rewrite_structural_pass,,,5793,,,true,high,170,submit_afr1ste_compress_rewrite_structural_mix
task185,E:\kagglegolf\data\interim\afr1ste_6335_batchcompress_rewrite\task185.onnx,E:\kagglegolf\data\interim\afr1ste_6335_batchcompress_rewrite\task185.onnx,SRC_KAGGLE_DATASET_AFR1STE_6335,GOLF_20260608_049_afr1ste_compress_rewrite_structural_mix,afr1ste_compress_rewrite_structural_pass,,,20362,,,true,high,171,submit_afr1ste_compress_rewrite_structural_mix
task187,E:\kagglegolf\data\interim\afr1ste_6335_batchcompress_rewrite\task187.onnx,E:\kagglegolf\data\interim\afr1ste_6335_batchcompress_rewrite\task187.onnx,SRC_KAGGLE_DATASET_AFR1STE_6335,GOLF_20260608_049_afr1ste_compress_rewrite_structural_mix,afr1ste_compress_rewrite_structural_pass,,,10898,,,true,high,172,submit_afr1ste_compress_rewrite_structural_mix
task188,E:\kagglegolf\data\interim\afr1ste_6335_batchcompress_rewrite\task188.onnx,E:\kagglegolf\data\interim\afr1ste_6335_batchcompress_rewrite\task188.onnx,SRC_KAGGLE_DATASET_AFR1STE_6335,GOLF_20260608_049_afr1ste_compress_rewrite_structural_mix,afr1ste_compress_rewrite_structural_pass,,,2781,,,true,high,173,submit_afr1ste_compress_rewrite_structural_mix
task189,E:\kagglegolf\data\interim\afr1ste_6335_batchcompress_rewrite\task189.onnx,E:\kagglegolf\data\interim\afr1ste_6335_batchcompress_rewrite\task189.onnx,SRC_KAGGLE_DATASET_AFR1STE_6335,GOLF_20260608_049_afr1ste_compress_rewrite_structural_mix,afr1ste_compress_rewrite_structural_pass,,,10208,,,true,high,174,submit_afr1ste_compress_rewrite_structural_mix
task190,E:\kagglegolf\data\interim\afr1ste_6335_batchcompress_rewrite\task190.onnx,E:\kagglegolf\data\interim\afr1ste_6335_batchcompress_rewrite\task190.onnx,SRC_KAGGLE_DATASET_AFR1STE_6335,GOLF_20260608_049_afr1ste_compress_rewrite_structural_mix,afr1ste_compress_rewrite_structural_pass,,,26037,,,true,high,175,submit_afr1ste_compress_rewrite_structural_mix
task191,E:\kagglegolf\data\interim\afr1ste_6335_batchcompress_rewrite\task191.onnx,E:\kagglegolf\data\interim\afr1ste_6335_batchcompress_rewrite\task191.onnx,SRC_KAGGLE_DATASET_AFR1STE_6335,GOLF_20260608_049_afr1ste_compress_rewrite_structural_mix,afr1ste_compress_rewrite_structural_pass,,,8552,,,true,high,176,submit_afr1ste_compress_rewrite_structural_mix
task192,E:\kagglegolf\data\interim\afr1ste_6335_batchcompress_rewrite\task192.onnx,E:\kagglegolf\data\interim\afr1ste_6335_batchcompress_rewrite\task192.onnx,SRC_KAGGLE_DATASET_AFR1STE_6335,GOLF_20260608_049_afr1ste_compress_rewrite_structural_mix,afr1ste_compress_rewrite_structural_pass,,,2371,,,true,high,177,submit_afr1ste_compress_rewrite_structural_mix
task193,E:\kagglegolf\data\interim\afr1ste_6335_batchcompress_rewrite\task193.onnx,E:\kagglegolf\data\interim\afr1ste_6335_batchcompress_rewrite\task193.onnx,SRC_KAGGLE_DATASET_AFR1STE_6335,GOLF_20260608_049_afr1ste_compress_rewrite_structural_mix,afr1ste_compress_rewrite_structural_pass,,,1923,,,true,high,178,submit_afr1ste_compress_rewrite_structural_mix
task194,E:\kagglegolf\data\interim\afr1ste_6335_batchcompress_rewrite\task194.onnx,E:\kagglegolf\data\interim\afr1ste_6335_batchcompress_rewrite\task194.onnx,SRC_KAGGLE_DATASET_AFR1STE_6335,GOLF_20260608_049_afr1ste_compress_rewrite_structural_mix,afr1ste_compress_rewrite_structural_pass,,,1545,,,true,high,179,submit_afr1ste_compress_rewrite_structural_mix
task195,E:\kagglegolf\data\interim\afr1ste_6335_batchcompress_rewrite\task195.onnx,E:\kagglegolf\data\interim\afr1ste_6335_batchcompress_rewrite\task195.onnx,SRC_KAGGLE_DATASET_AFR1STE_6335,GOLF_20260608_049_afr1ste_compress_rewrite_structural_mix,afr1ste_compress_rewrite_structural_pass,,,6438,,,true,high,180,submit_afr1ste_compress_rewrite_structural_mix
task196,E:\kagglegolf\data\interim\afr1ste_6335_batchcompress_rewrite\task196.onnx,E:\kagglegolf\data\interim\afr1ste_6335_batchcompress_rewrite\task196.onnx,SRC_KAGGLE_DATASET_AFR1STE_6335,GOLF_20260608_049_afr1ste_compress_rewrite_structural_mix,afr1ste_compress_rewrite_structural_pass,,,3031,,,true,high,181,submit_afr1ste_compress_rewrite_structural_mix
task197,E:\kagglegolf\data\interim\afr1ste_6335_batchcompress_rewrite\task197.onnx,E:\kagglegolf\data\interim\afr1ste_6335_batchcompress_rewrite\task197.onnx,SRC_KAGGLE_DATASET_AFR1STE_6335,GOLF_20260608_049_afr1ste_compress_rewrite_structural_mix,afr1ste_compress_rewrite_structural_pass,,,1735,,,true,high,182,submit_afr1ste_compress_rewrite_structural_mix
task198,E:\kagglegolf\data\interim\afr1ste_6335_batchcompress_rewrite\task198.onnx,E:\kagglegolf\data\interim\afr1ste_6335_batchcompress_rewrite\task198.onnx,SRC_KAGGLE_DATASET_AFR1STE_6335,GOLF_20260608_049_afr1ste_compress_rewrite_structural_mix,afr1ste_compress_rewrite_structural_pass,,,8949,,,true,high,183,submit_afr1ste_compress_rewrite_structural_mix
task199,E:\kagglegolf\data\interim\afr1ste_6335_batchcompress_rewrite\task199.onnx,E:\kagglegolf\data\interim\afr1ste_6335_batchcompress_rewrite\task199.onnx,SRC_KAGGLE_DATASET_AFR1STE_6335,GOLF_20260608_049_afr1ste_compress_rewrite_structural_mix,afr1ste_compress_rewrite_structural_pass,,,3463,,,true,high,184,submit_afr1ste_compress_rewrite_structural_mix
task201,E:\kagglegolf\data\interim\afr1ste_6335_batchcompress_rewrite\task201.onnx,E:\kagglegolf\data\interim\afr1ste_6335_batchcompress_rewrite\task201.onnx,SRC_KAGGLE_DATASET_AFR1STE_6335,GOLF_20260608_049_afr1ste_compress_rewrite_structural_mix,afr1ste_compress_rewrite_structural_pass,,,12203,,,true,high,185,submit_afr1ste_compress_rewrite_structural_mix
task202,E:\kagglegolf\data\interim\afr1ste_6335_batchcompress_rewrite\task202.onnx,E:\kagglegolf\data\interim\afr1ste_6335_batchcompress_rewrite\task202.onnx,SRC_KAGGLE_DATASET_AFR1STE_6335,GOLF_20260608_049_afr1ste_compress_rewrite_structural_mix,afr1ste_compress_rewrite_structural_pass,,,15300,,,true,high,186,submit_afr1ste_compress_rewrite_structural_mix
task203,E:\kagglegolf\data\interim\afr1ste_6335_batchcompress_rewrite\task203.onnx,E:\kagglegolf\data\interim\afr1ste_6335_batchcompress_rewrite\task203.onnx,SRC_KAGGLE_DATASET_AFR1STE_6335,GOLF_20260608_049_afr1ste_compress_rewrite_structural_mix,afr1ste_compress_rewrite_structural_pass,,,19351,,,true,high,187,submit_afr1ste_compress_rewrite_structural_mix
task204,E:\kagglegolf\data\interim\afr1ste_6335_batchcompress_rewrite\task204.onnx,E:\kagglegolf\data\interim\afr1ste_6335_batchcompress_rewrite\task204.onnx,SRC_KAGGLE_DATASET_AFR1STE_6335,GOLF_20260608_049_afr1ste_compress_rewrite_structural_mix,afr1ste_compress_rewrite_structural_pass,,,3976,,,true,high,188,submit_afr1ste_compress_rewrite_structural_mix
task205,E:\kagglegolf\data\interim\afr1ste_6335_batchcompress_rewrite\task205.onnx,E:\kagglegolf\data\interim\afr1ste_6335_batchcompress_rewrite\task205.onnx,SRC_KAGGLE_DATASET_AFR1STE_6335,GOLF_20260608_049_afr1ste_compress_rewrite_structural_mix,afr1ste_compress_rewrite_structural_pass,,,28211,,,true,high,189,submit_afr1ste_compress_rewrite_structural_mix
task206,E:\kagglegolf\data\interim\afr1ste_6335_batchcompress_rewrite\task206.onnx,E:\kagglegolf\data\interim\afr1ste_6335_batchcompress_rewrite\task206.onnx,SRC_KAGGLE_DATASET_AFR1STE_6335,GOLF_20260608_049_afr1ste_compress_rewrite_structural_mix,afr1ste_compress_rewrite_structural_pass,,,19497,,,true,high,190,submit_afr1ste_compress_rewrite_structural_mix
task207,E:\kagglegolf\data\interim\afr1ste_6335_batchcompress_rewrite\task207.onnx,E:\kagglegolf\data\interim\afr1ste_6335_batchcompress_rewrite\task207.onnx,SRC_KAGGLE_DATASET_AFR1STE_6335,GOLF_20260608_049_afr1ste_compress_rewrite_structural_mix,afr1ste_compress_rewrite_structural_pass,,,5176,,,true,high,191,submit_afr1ste_compress_rewrite_structural_mix
task208,E:\kagglegolf\data\interim\afr1ste_6335_batchcompress_rewrite\task208.onnx,E:\kagglegolf\data\interim\afr1ste_6335_batchcompress_rewrite\task208.onnx,SRC_KAGGLE_DATASET_AFR1STE_6335,GOLF_20260608_049_afr1ste_compress_rewrite_structural_mix,afr1ste_compress_rewrite_structural_pass,,,44807,,,true,high,192,submit_afr1ste_compress_rewrite_structural_mix
task209,E:\kagglegolf\data\interim\afr1ste_6335_batchcompress_rewrite\task209.onnx,E:\kagglegolf\data\interim\afr1ste_6335_batchcompress_rewrite\task209.onnx,SRC_KAGGLE_DATASET_AFR1STE_6335,GOLF_20260608_049_afr1ste_compress_rewrite_structural_mix,afr1ste_compress_rewrite_structural_pass,,,172853,,,true,high,193,submit_afr1ste_compress_rewrite_structural_mix
task210,E:\kagglegolf\data\interim\afr1ste_6335_batchcompress_rewrite\task210.onnx,E:\kagglegolf\data\interim\afr1ste_6335_batchcompress_rewrite\task210.onnx,SRC_KAGGLE_DATASET_AFR1STE_6335,GOLF_20260608_049_afr1ste_compress_rewrite_structural_mix,afr1ste_compress_rewrite_structural_pass,,,1419,,,true,high,194,submit_afr1ste_compress_rewrite_structural_mix
task211,E:\kagglegolf\data\interim\afr1ste_6335_batchcompress_rewrite\task211.onnx,E:\kagglegolf\data\interim\afr1ste_6335_batchcompress_rewrite\task211.onnx,SRC_KAGGLE_DATASET_AFR1STE_6335,GOLF_20260608_049_afr1ste_compress_rewrite_structural_mix,afr1ste_compress_rewrite_structural_pass,,,3957,,,true,high,195,submit_afr1ste_compress_rewrite_structural_mix
task212,E:\kagglegolf\data\interim\afr1ste_6335_batchcompress_rewrite\task212.onnx,E:\kagglegolf\data\interim\afr1ste_6335_batchcompress_rewrite\task212.onnx,SRC_KAGGLE_DATASET_AFR1STE_6335,GOLF_20260608_049_afr1ste_compress_rewrite_structural_mix,afr1ste_compress_rewrite_structural_pass,,,4742,,,true,high,196,submit_afr1ste_compress_rewrite_structural_mix
task213,E:\kagglegolf\data\interim\afr1ste_6335_batchcompress_rewrite\task213.onnx,E:\kagglegolf\data\interim\afr1ste_6335_batchcompress_rewrite\task213.onnx,SRC_KAGGLE_DATASET_AFR1STE_6335,GOLF_20260608_049_afr1ste_compress_rewrite_structural_mix,afr1ste_compress_rewrite_structural_pass,,,16177,,,true,high,197,submit_afr1ste_compress_rewrite_structural_mix
task214,E:\kagglegolf\data\interim\afr1ste_6335_batchcompress_rewrite\task214.onnx,E:\kagglegolf\data\interim\afr1ste_6335_batchcompress_rewrite\task214.onnx,SRC_KAGGLE_DATASET_AFR1STE_6335,GOLF_20260608_049_afr1ste_compress_rewrite_structural_mix,afr1ste_compress_rewrite_structural_pass,,,1414,,,true,high,198,submit_afr1ste_compress_rewrite_structural_mix
task215,E:\kagglegolf\data\interim\afr1ste_6335_batchcompress_rewrite\task215.onnx,E:\kagglegolf\data\interim\afr1ste_6335_batchcompress_rewrite\task215.onnx,SRC_KAGGLE_DATASET_AFR1STE_6335,GOLF_20260608_049_afr1ste_compress_rewrite_structural_mix,afr1ste_compress_rewrite_structural_pass,,,33149,,,true,high,199,submit_afr1ste_compress_rewrite_structural_mix
task216,E:\kagglegolf\data\interim\afr1ste_6335_batchcompress_rewrite\task216.onnx,E:\kagglegolf\data\interim\afr1ste_6335_batchcompress_rewrite\task216.onnx,SRC_KAGGLE_DATASET_AFR1STE_6335,GOLF_20260608_049_afr1ste_compress_rewrite_structural_mix,afr1ste_compress_rewrite_structural_pass,,,18328,,,true,high,200,submit_afr1ste_compress_rewrite_structural_mix
task217,E:\kagglegolf\data\interim\afr1ste_6335_batchcompress_rewrite\task217.onnx,E:\kagglegolf\data\interim\afr1ste_6335_batchcompress_rewrite\task217.onnx,SRC_KAGGLE_DATASET_AFR1STE_6335,GOLF_20260608_049_afr1ste_compress_rewrite_structural_mix,afr1ste_compress_rewrite_structural_pass,,,4218,,,true,high,201,submit_afr1ste_compress_rewrite_structural_mix
task218,E:\kagglegolf\data\interim\afr1ste_6335_batchcompress_rewrite\task218.onnx,E:\kagglegolf\data\interim\afr1ste_6335_batchcompress_rewrite\task218.onnx,SRC_KAGGLE_DATASET_AFR1STE_6335,GOLF_20260608_049_afr1ste_compress_rewrite_structural_mix,afr1ste_compress_rewrite_structural_pass,,,9764,,,true,high,202,submit_afr1ste_compress_rewrite_structural_mix
task219,E:\kagglegolf\data\interim\afr1ste_6335_batchcompress_rewrite\task219.onnx,E:\kagglegolf\data\interim\afr1ste_6335_batchcompress_rewrite\task219.onnx,SRC_KAGGLE_DATASET_AFR1STE_6335,GOLF_20260608_049_afr1ste_compress_rewrite_structural_mix,afr1ste_compress_rewrite_structural_pass,,,59685,,,true,high,203,submit_afr1ste_compress_rewrite_structural_mix
task220,E:\kagglegolf\data\interim\afr1ste_6335_batchcompress_rewrite\task220.onnx,E:\kagglegolf\data\interim\afr1ste_6335_batchcompress_rewrite\task220.onnx,SRC_KAGGLE_DATASET_AFR1STE_6335,GOLF_20260608_049_afr1ste_compress_rewrite_structural_mix,afr1ste_compress_rewrite_structural_pass,,,2520,,,true,high,204,submit_afr1ste_compress_rewrite_structural_mix
task221,E:\kagglegolf\data\interim\afr1ste_6335_batchcompress_rewrite\task221.onnx,E:\kagglegolf\data\interim\afr1ste_6335_batchcompress_rewrite\task221.onnx,SRC_KAGGLE_DATASET_AFR1STE_6335,GOLF_20260608_049_afr1ste_compress_rewrite_structural_mix,afr1ste_compress_rewrite_structural_pass,,,24027,,,true,high,205,submit_afr1ste_compress_rewrite_structural_mix
task222,E:\kagglegolf\data\interim\afr1ste_6335_batchcompress_rewrite\task222.onnx,E:\kagglegolf\data\interim\afr1ste_6335_batchcompress_rewrite\task222.onnx,SRC_KAGGLE_DATASET_AFR1STE_6335,GOLF_20260608_049_afr1ste_compress_rewrite_structural_mix,afr1ste_compress_rewrite_structural_pass,,,2426,,,true,high,206,submit_afr1ste_compress_rewrite_structural_mix
task223,E:\kagglegolf\data\interim\afr1ste_6335_batchcompress_rewrite\task223.onnx,E:\kagglegolf\data\interim\afr1ste_6335_batchcompress_rewrite\task223.onnx,SRC_KAGGLE_DATASET_AFR1STE_6335,GOLF_20260608_049_afr1ste_compress_rewrite_structural_mix,afr1ste_compress_rewrite_structural_pass,,,1421,,,true,high,207,submit_afr1ste_compress_rewrite_structural_mix
task224,E:\kagglegolf\data\interim\afr1ste_6335_batchcompress_rewrite\task224.onnx,E:\kagglegolf\data\interim\afr1ste_6335_batchcompress_rewrite\task224.onnx,SRC_KAGGLE_DATASET_AFR1STE_6335,GOLF_20260608_049_afr1ste_compress_rewrite_structural_mix,afr1ste_compress_rewrite_structural_pass,,,5656,,,true,high,208,submit_afr1ste_compress_rewrite_structural_mix
task225,E:\kagglegolf\data\interim\afr1ste_6335_batchcompress_rewrite\task225.onnx,E:\kagglegolf\data\interim\afr1ste_6335_batchcompress_rewrite\task225.onnx,SRC_KAGGLE_DATASET_AFR1STE_6335,GOLF_20260608_049_afr1ste_compress_rewrite_structural_mix,afr1ste_compress_rewrite_structural_pass,,,11090,,,true,high,209,submit_afr1ste_compress_rewrite_structural_mix
task226,E:\kagglegolf\data\interim\afr1ste_6335_batchcompress_rewrite\task226.onnx,E:\kagglegolf\data\interim\afr1ste_6335_batchcompress_rewrite\task226.onnx,SRC_KAGGLE_DATASET_AFR1STE_6335,GOLF_20260608_049_afr1ste_compress_rewrite_structural_mix,afr1ste_compress_rewrite_structural_pass,,,4567,,,true,high,210,submit_afr1ste_compress_rewrite_structural_mix
task227,E:\kagglegolf\data\interim\afr1ste_6335_batchcompress_rewrite\task227.onnx,E:\kagglegolf\data\interim\afr1ste_6335_batchcompress_rewrite\task227.onnx,SRC_KAGGLE_DATASET_AFR1STE_6335,GOLF_20260608_049_afr1ste_compress_rewrite_structural_mix,afr1ste_compress_rewrite_structural_pass,,,2042,,,true,high,211,submit_afr1ste_compress_rewrite_structural_mix
task228,E:\kagglegolf\data\interim\afr1ste_6335_batchcompress_rewrite\task228.onnx,E:\kagglegolf\data\interim\afr1ste_6335_batchcompress_rewrite\task228.onnx,SRC_KAGGLE_DATASET_AFR1STE_6335,GOLF_20260608_049_afr1ste_compress_rewrite_structural_mix,afr1ste_compress_rewrite_structural_pass,,,5449,,,true,high,212,submit_afr1ste_compress_rewrite_structural_mix
task229,E:\kagglegolf\data\interim\afr1ste_6335_batchcompress_rewrite\task229.onnx,E:\kagglegolf\data\interim\afr1ste_6335_batchcompress_rewrite\task229.onnx,SRC_KAGGLE_DATASET_AFR1STE_6335,GOLF_20260608_049_afr1ste_compress_rewrite_structural_mix,afr1ste_compress_rewrite_structural_pass,,,1345,,,true,high,213,submit_afr1ste_compress_rewrite_structural_mix
task230,E:\kagglegolf\data\interim\afr1ste_6335_batchcompress_rewrite\task230.onnx,E:\kagglegolf\data\interim\afr1ste_6335_batchcompress_rewrite\task230.onnx,SRC_KAGGLE_DATASET_AFR1STE_6335,GOLF_20260608_049_afr1ste_compress_rewrite_structural_mix,afr1ste_compress_rewrite_structural_pass,,,2871,,,true,high,214,submit_afr1ste_compress_rewrite_structural_mix
task231,E:\kagglegolf\data\interim\afr1ste_6335_batchcompress_rewrite\task231.onnx,E:\kagglegolf\data\interim\afr1ste_6335_batchcompress_rewrite\task231.onnx,SRC_KAGGLE_DATASET_AFR1STE_6335,GOLF_20260608_049_afr1ste_compress_rewrite_structural_mix,afr1ste_compress_rewrite_structural_pass,,,3402,,,true,high,215,submit_afr1ste_compress_rewrite_structural_mix
task232,E:\kagglegolf\data\interim\afr1ste_6335_batchcompress_rewrite\task232.onnx,E:\kagglegolf\data\interim\afr1ste_6335_batchcompress_rewrite\task232.onnx,SRC_KAGGLE_DATASET_AFR1STE_6335,GOLF_20260608_049_afr1ste_compress_rewrite_structural_mix,afr1ste_compress_rewrite_structural_pass,,,4427,,,true,high,216,submit_afr1ste_compress_rewrite_structural_mix
task233,E:\kagglegolf\data\interim\afr1ste_6335_batchcompress_rewrite\task233.onnx,E:\kagglegolf\data\interim\afr1ste_6335_batchcompress_rewrite\task233.onnx,SRC_KAGGLE_DATASET_AFR1STE_6335,GOLF_20260608_049_afr1ste_compress_rewrite_structural_mix,afr1ste_compress_rewrite_structural_pass,,,378176,,,true,high,217,submit_afr1ste_compress_rewrite_structural_mix
task236,E:\kagglegolf\data\interim\afr1ste_6335_batchcompress_rewrite\task236.onnx,E:\kagglegolf\data\interim\afr1ste_6335_batchcompress_rewrite\task236.onnx,SRC_KAGGLE_DATASET_AFR1STE_6335,GOLF_20260608_049_afr1ste_compress_rewrite_structural_mix,afr1ste_compress_rewrite_structural_pass,,,2035,,,true,high,218,submit_afr1ste_compress_rewrite_structural_mix
task237,E:\kagglegolf\data\interim\afr1ste_6335_batchcompress_rewrite\task237.onnx,E:\kagglegolf\data\interim\afr1ste_6335_batchcompress_rewrite\task237.onnx,SRC_KAGGLE_DATASET_AFR1STE_6335,GOLF_20260608_049_afr1ste_compress_rewrite_structural_mix,afr1ste_compress_rewrite_structural_pass,,,2760,,,true,high,219,submit_afr1ste_compress_rewrite_structural_mix
task238,E:\kagglegolf\data\interim\afr1ste_6335_batchcompress_rewrite\task238.onnx,E:\kagglegolf\data\interim\afr1ste_6335_batchcompress_rewrite\task238.onnx,SRC_KAGGLE_DATASET_AFR1STE_6335,GOLF_20260608_049_afr1ste_compress_rewrite_structural_mix,afr1ste_compress_rewrite_structural_pass,,,21391,,,true,high,220,submit_afr1ste_compress_rewrite_structural_mix
task239,E:\kagglegolf\data\interim\afr1ste_6335_batchcompress_rewrite\task239.onnx,E:\kagglegolf\data\interim\afr1ste_6335_batchcompress_rewrite\task239.onnx,SRC_KAGGLE_DATASET_AFR1STE_6335,GOLF_20260608_049_afr1ste_compress_rewrite_structural_mix,afr1ste_compress_rewrite_structural_pass,,,5466,,,true,high,221,submit_afr1ste_compress_rewrite_structural_mix
task240,E:\kagglegolf\data\interim\afr1ste_6335_batchcompress_rewrite\task240.onnx,E:\kagglegolf\data\interim\afr1ste_6335_batchcompress_rewrite\task240.onnx,SRC_KAGGLE_DATASET_AFR1STE_6335,GOLF_20260608_049_afr1ste_compress_rewrite_structural_mix,afr1ste_compress_rewrite_structural_pass,,,4849,,,true,high,222,submit_afr1ste_compress_rewrite_structural_mix
task241,E:\kagglegolf\data\interim\afr1ste_6335_batchcompress_rewrite\task241.onnx,E:\kagglegolf\data\interim\afr1ste_6335_batchcompress_rewrite\task241.onnx,SRC_KAGGLE_DATASET_AFR1STE_6335,GOLF_20260608_049_afr1ste_compress_rewrite_structural_mix,afr1ste_compress_rewrite_structural_pass,,,744,,,true,high,223,submit_afr1ste_compress_rewrite_structural_mix
task242,E:\kagglegolf\data\interim\afr1ste_6335_batchcompress_rewrite\task242.onnx,E:\kagglegolf\data\interim\afr1ste_6335_batchcompress_rewrite\task242.onnx,SRC_KAGGLE_DATASET_AFR1STE_6335,GOLF_20260608_049_afr1ste_compress_rewrite_structural_mix,afr1ste_compress_rewrite_structural_pass,,,18955,,,true,high,224,submit_afr1ste_compress_rewrite_structural_mix
task243,E:\kagglegolf\data\interim\afr1ste_6335_batchcompress_rewrite\task243.onnx,E:\kagglegolf\data\interim\afr1ste_6335_batchcompress_rewrite\task243.onnx,SRC_KAGGLE_DATASET_AFR1STE_6335,GOLF_20260608_049_afr1ste_compress_rewrite_structural_mix,afr1ste_compress_rewrite_structural_pass,,,8457,,,true,high,225,submit_afr1ste_compress_rewrite_structural_mix
task244,E:\kagglegolf\data\interim\afr1ste_6335_batchcompress_rewrite\task244.onnx,E:\kagglegolf\data\interim\afr1ste_6335_batchcompress_rewrite\task244.onnx,SRC_KAGGLE_DATASET_AFR1STE_6335,GOLF_20260608_049_afr1ste_compress_rewrite_structural_mix,afr1ste_compress_rewrite_structural_pass,,,3037,,,true,high,226,submit_afr1ste_compress_rewrite_structural_mix
task245,E:\kagglegolf\data\interim\afr1ste_6335_batchcompress_rewrite\task245.onnx,E:\kagglegolf\data\interim\afr1ste_6335_batchcompress_rewrite\task245.onnx,SRC_KAGGLE_DATASET_AFR1STE_6335,GOLF_20260608_049_afr1ste_compress_rewrite_structural_mix,afr1ste_compress_rewrite_structural_pass,,,4273,,,true,high,227,submit_afr1ste_compress_rewrite_structural_mix
task246,E:\kagglegolf\data\interim\afr1ste_6335_batchcompress_rewrite\task246.onnx,E:\kagglegolf\data\interim\afr1ste_6335_batchcompress_rewrite\task246.onnx,SRC_KAGGLE_DATASET_AFR1STE_6335,GOLF_20260608_049_afr1ste_compress_rewrite_structural_mix,afr1ste_compress_rewrite_structural_pass,,,3307,,,true,high,228,submit_afr1ste_compress_rewrite_structural_mix
task247,E:\kagglegolf\data\interim\afr1ste_6335_batchcompress_rewrite\task247.onnx,E:\kagglegolf\data\interim\afr1ste_6335_batchcompress_rewrite\task247.onnx,SRC_KAGGLE_DATASET_AFR1STE_6335,GOLF_20260608_049_afr1ste_compress_rewrite_structural_mix,afr1ste_compress_rewrite_structural_pass,,,2593,,,true,high,229,submit_afr1ste_compress_rewrite_structural_mix
task249,E:\kagglegolf\data\interim\afr1ste_6335_batchcompress_rewrite\task249.onnx,E:\kagglegolf\data\interim\afr1ste_6335_batchcompress_rewrite\task249.onnx,SRC_KAGGLE_DATASET_AFR1STE_6335,GOLF_20260608_049_afr1ste_compress_rewrite_structural_mix,afr1ste_compress_rewrite_structural_pass,,,1609,,,true,high,230,submit_afr1ste_compress_rewrite_structural_mix
task250,E:\kagglegolf\data\interim\afr1ste_6335_batchcompress_rewrite\task250.onnx,E:\kagglegolf\data\interim\afr1ste_6335_batchcompress_rewrite\task250.onnx,SRC_KAGGLE_DATASET_AFR1STE_6335,GOLF_20260608_049_afr1ste_compress_rewrite_structural_mix,afr1ste_compress_rewrite_structural_pass,,,14367,,,true,high,231,submit_afr1ste_compress_rewrite_structural_mix
task251,E:\kagglegolf\data\interim\afr1ste_6335_batchcompress_rewrite\task251.onnx,E:\kagglegolf\data\interim\afr1ste_6335_batchcompress_rewrite\task251.onnx,SRC_KAGGLE_DATASET_AFR1STE_6335,GOLF_20260608_049_afr1ste_compress_rewrite_structural_mix,afr1ste_compress_rewrite_structural_pass,,,8246,,,true,high,232,submit_afr1ste_compress_rewrite_structural_mix
task252,E:\kagglegolf\data\interim\afr1ste_6335_batchcompress_rewrite\task252.onnx,E:\kagglegolf\data\interim\afr1ste_6335_batchcompress_rewrite\task252.onnx,SRC_KAGGLE_DATASET_AFR1STE_6335,GOLF_20260608_049_afr1ste_compress_rewrite_structural_mix,afr1ste_compress_rewrite_structural_pass,,,9385,,,true,high,233,submit_afr1ste_compress_rewrite_structural_mix
task253,E:\kagglegolf\data\interim\afr1ste_6335_batchcompress_rewrite\task253.onnx,E:\kagglegolf\data\interim\afr1ste_6335_batchcompress_rewrite\task253.onnx,SRC_KAGGLE_DATASET_AFR1STE_6335,GOLF_20260608_049_afr1ste_compress_rewrite_structural_mix,afr1ste_compress_rewrite_structural_pass,,,2592,,,true,high,234,submit_afr1ste_compress_rewrite_structural_mix
task254,E:\kagglegolf\data\interim\afr1ste_6335_batchcompress_rewrite\task254.onnx,E:\kagglegolf\data\interim\afr1ste_6335_batchcompress_rewrite\task254.onnx,SRC_KAGGLE_DATASET_AFR1STE_6335,GOLF_20260608_049_afr1ste_compress_rewrite_structural_mix,afr1ste_compress_rewrite_structural_pass,,,7562,,,true,high,235,submit_afr1ste_compress_rewrite_structural_mix
task255,E:\kagglegolf\data\interim\afr1ste_6335_batchcompress_rewrite\task255.onnx,E:\kagglegolf\data\interim\afr1ste_6335_batchcompress_rewrite\task255.onnx,SRC_KAGGLE_DATASET_AFR1STE_6335,GOLF_20260608_049_afr1ste_compress_rewrite_structural_mix,afr1ste_compress_rewrite_structural_pass,,,34023,,,true,high,236,submit_afr1ste_compress_rewrite_structural_mix
task256,E:\kagglegolf\data\interim\afr1ste_6335_batchcompress_rewrite\task256.onnx,E:\kagglegolf\data\interim\afr1ste_6335_batchcompress_rewrite\task256.onnx,SRC_KAGGLE_DATASET_AFR1STE_6335,GOLF_20260608_049_afr1ste_compress_rewrite_structural_mix,afr1ste_compress_rewrite_structural_pass,,,28528,,,true,high,237,submit_afr1ste_compress_rewrite_structural_mix
task257,E:\kagglegolf\data\interim\afr1ste_6335_batchcompress_rewrite\task257.onnx,E:\kagglegolf\data\interim\afr1ste_6335_batchcompress_rewrite\task257.onnx,SRC_KAGGLE_DATASET_AFR1STE_6335,GOLF_20260608_049_afr1ste_compress_rewrite_structural_mix,afr1ste_compress_rewrite_structural_pass,,,52475,,,true,high,238,submit_afr1ste_compress_rewrite_structural_mix
task258,E:\kagglegolf\data\interim\afr1ste_6335_batchcompress_rewrite\task258.onnx,E:\kagglegolf\data\interim\afr1ste_6335_batchcompress_rewrite\task258.onnx,SRC_KAGGLE_DATASET_AFR1STE_6335,GOLF_20260608_049_afr1ste_compress_rewrite_structural_mix,afr1ste_compress_rewrite_structural_pass,,,4661,,,true,high,239,submit_afr1ste_compress_rewrite_structural_mix
task259,E:\kagglegolf\data\interim\afr1ste_6335_batchcompress_rewrite\task259.onnx,E:\kagglegolf\data\interim\afr1ste_6335_batchcompress_rewrite\task259.onnx,SRC_KAGGLE_DATASET_AFR1STE_6335,GOLF_20260608_049_afr1ste_compress_rewrite_structural_mix,afr1ste_compress_rewrite_structural_pass,,,5248,,,true,high,240,submit_afr1ste_compress_rewrite_structural_mix
task260,E:\kagglegolf\data\interim\afr1ste_6335_batchcompress_rewrite\task260.onnx,E:\kagglegolf\data\interim\afr1ste_6335_batchcompress_rewrite\task260.onnx,SRC_KAGGLE_DATASET_AFR1STE_6335,GOLF_20260608_049_afr1ste_compress_rewrite_structural_mix,afr1ste_compress_rewrite_structural_pass,,,12900,,,true,high,241,submit_afr1ste_compress_rewrite_structural_mix
task261,E:\kagglegolf\data\interim\afr1ste_6335_batchcompress_rewrite\task261.onnx,E:\kagglegolf\data\interim\afr1ste_6335_batchcompress_rewrite\task261.onnx,SRC_KAGGLE_DATASET_AFR1STE_6335,GOLF_20260608_049_afr1ste_compress_rewrite_structural_mix,afr1ste_compress_rewrite_structural_pass,,,1543,,,true,high,242,submit_afr1ste_compress_rewrite_structural_mix
task262,E:\kagglegolf\data\interim\afr1ste_6335_batchcompress_rewrite\task262.onnx,E:\kagglegolf\data\interim\afr1ste_6335_batchcompress_rewrite\task262.onnx,SRC_KAGGLE_DATASET_AFR1STE_6335,GOLF_20260608_049_afr1ste_compress_rewrite_structural_mix,afr1ste_compress_rewrite_structural_pass,,,3898,,,true,high,243,submit_afr1ste_compress_rewrite_structural_mix
task263,E:\kagglegolf\data\interim\afr1ste_6335_batchcompress_rewrite\task263.onnx,E:\kagglegolf\data\interim\afr1ste_6335_batchcompress_rewrite\task263.onnx,SRC_KAGGLE_DATASET_AFR1STE_6335,GOLF_20260608_049_afr1ste_compress_rewrite_structural_mix,afr1ste_compress_rewrite_structural_pass,,,11650,,,true,high,244,submit_afr1ste_compress_rewrite_structural_mix
task264,E:\kagglegolf\data\interim\afr1ste_6335_batchcompress_rewrite\task264.onnx,E:\kagglegolf\data\interim\afr1ste_6335_batchcompress_rewrite\task264.onnx,SRC_KAGGLE_DATASET_AFR1STE_6335,GOLF_20260608_049_afr1ste_compress_rewrite_structural_mix,afr1ste_compress_rewrite_structural_pass,,,11749,,,true,high,245,submit_afr1ste_compress_rewrite_structural_mix
task265,E:\kagglegolf\data\interim\afr1ste_6335_batchcompress_rewrite\task265.onnx,E:\kagglegolf\data\interim\afr1ste_6335_batchcompress_rewrite\task265.onnx,SRC_KAGGLE_DATASET_AFR1STE_6335,GOLF_20260608_049_afr1ste_compress_rewrite_structural_mix,afr1ste_compress_rewrite_structural_pass,,,3417,,,true,high,246,submit_afr1ste_compress_rewrite_structural_mix
task267,E:\kagglegolf\data\interim\afr1ste_6335_batchcompress_rewrite\task267.onnx,E:\kagglegolf\data\interim\afr1ste_6335_batchcompress_rewrite\task267.onnx,SRC_KAGGLE_DATASET_AFR1STE_6335,GOLF_20260608_049_afr1ste_compress_rewrite_structural_mix,afr1ste_compress_rewrite_structural_pass,,,1846,,,true,high,247,submit_afr1ste_compress_rewrite_structural_mix
task268,E:\kagglegolf\data\interim\afr1ste_6335_batchcompress_rewrite\task268.onnx,E:\kagglegolf\data\interim\afr1ste_6335_batchcompress_rewrite\task268.onnx,SRC_KAGGLE_DATASET_AFR1STE_6335,GOLF_20260608_049_afr1ste_compress_rewrite_structural_mix,afr1ste_compress_rewrite_structural_pass,,,10523,,,true,high,248,submit_afr1ste_compress_rewrite_structural_mix
task269,E:\kagglegolf\data\interim\afr1ste_6335_batchcompress_rewrite\task269.onnx,E:\kagglegolf\data\interim\afr1ste_6335_batchcompress_rewrite\task269.onnx,SRC_KAGGLE_DATASET_AFR1STE_6335,GOLF_20260608_049_afr1ste_compress_rewrite_structural_mix,afr1ste_compress_rewrite_structural_pass,,,3049,,,true,high,249,submit_afr1ste_compress_rewrite_structural_mix
task270,E:\kagglegolf\data\interim\afr1ste_6335_batchcompress_rewrite\task270.onnx,E:\kagglegolf\data\interim\afr1ste_6335_batchcompress_rewrite\task270.onnx,SRC_KAGGLE_DATASET_AFR1STE_6335,GOLF_20260608_049_afr1ste_compress_rewrite_structural_mix,afr1ste_compress_rewrite_structural_pass,,,6286,,,true,high,250,submit_afr1ste_compress_rewrite_structural_mix
task271,E:\kagglegolf\data\interim\afr1ste_6335_batchcompress_rewrite\task271.onnx,E:\kagglegolf\data\interim\afr1ste_6335_batchcompress_rewrite\task271.onnx,SRC_KAGGLE_DATASET_AFR1STE_6335,GOLF_20260608_049_afr1ste_compress_rewrite_structural_mix,afr1ste_compress_rewrite_structural_pass,,,2482,,,true,high,251,submit_afr1ste_compress_rewrite_structural_mix
task272,E:\kagglegolf\data\interim\afr1ste_6335_batchcompress_rewrite\task272.onnx,E:\kagglegolf\data\interim\afr1ste_6335_batchcompress_rewrite\task272.onnx,SRC_KAGGLE_DATASET_AFR1STE_6335,GOLF_20260608_049_afr1ste_compress_rewrite_structural_mix,afr1ste_compress_rewrite_structural_pass,,,3897,,,true,high,252,submit_afr1ste_compress_rewrite_structural_mix
task273,E:\kagglegolf\data\interim\afr1ste_6335_batchcompress_rewrite\task273.onnx,E:\kagglegolf\data\interim\afr1ste_6335_batchcompress_rewrite\task273.onnx,SRC_KAGGLE_DATASET_AFR1STE_6335,GOLF_20260608_049_afr1ste_compress_rewrite_structural_mix,afr1ste_compress_rewrite_structural_pass,,,4071,,,true,high,253,submit_afr1ste_compress_rewrite_structural_mix
task275,E:\kagglegolf\data\interim\afr1ste_6335_batchcompress_rewrite\task275.onnx,E:\kagglegolf\data\interim\afr1ste_6335_batchcompress_rewrite\task275.onnx,SRC_KAGGLE_DATASET_AFR1STE_6335,GOLF_20260608_049_afr1ste_compress_rewrite_structural_mix,afr1ste_compress_rewrite_structural_pass,,,29488,,,true,high,254,submit_afr1ste_compress_rewrite_structural_mix
task276,E:\kagglegolf\data\interim\afr1ste_6335_batchcompress_rewrite\task276.onnx,E:\kagglegolf\data\interim\afr1ste_6335_batchcompress_rewrite\task276.onnx,SRC_KAGGLE_DATASET_AFR1STE_6335,GOLF_20260608_049_afr1ste_compress_rewrite_structural_mix,afr1ste_compress_rewrite_structural_pass,,,203,,,true,high,255,submit_afr1ste_compress_rewrite_structural_mix
task277,E:\kagglegolf\data\interim\afr1ste_6335_batchcompress_rewrite\task277.onnx,E:\kagglegolf\data\interim\afr1ste_6335_batchcompress_rewrite\task277.onnx,SRC_KAGGLE_DATASET_AFR1STE_6335,GOLF_20260608_049_afr1ste_compress_rewrite_structural_mix,afr1ste_compress_rewrite_structural_pass,,,6280,,,true,high,256,submit_afr1ste_compress_rewrite_structural_mix
task278,E:\kagglegolf\data\interim\afr1ste_6335_batchcompress_rewrite\task278.onnx,E:\kagglegolf\data\interim\afr1ste_6335_batchcompress_rewrite\task278.onnx,SRC_KAGGLE_DATASET_AFR1STE_6335,GOLF_20260608_049_afr1ste_compress_rewrite_structural_mix,afr1ste_compress_rewrite_structural_pass,,,5644,,,true,high,257,submit_afr1ste_compress_rewrite_structural_mix
task279,E:\kagglegolf\data\interim\afr1ste_6335_batchcompress_rewrite\task279.onnx,E:\kagglegolf\data\interim\afr1ste_6335_batchcompress_rewrite\task279.onnx,SRC_KAGGLE_DATASET_AFR1STE_6335,GOLF_20260608_049_afr1ste_compress_rewrite_structural_mix,afr1ste_compress_rewrite_structural_pass,,,5201,,,true,high,258,submit_afr1ste_compress_rewrite_structural_mix
task280,E:\kagglegolf\data\interim\afr1ste_6335_batchcompress_rewrite\task280.onnx,E:\kagglegolf\data\interim\afr1ste_6335_batchcompress_rewrite\task280.onnx,SRC_KAGGLE_DATASET_AFR1STE_6335,GOLF_20260608_049_afr1ste_compress_rewrite_structural_mix,afr1ste_compress_rewrite_structural_pass,,,9490,,,true,high,259,submit_afr1ste_compress_rewrite_structural_mix
task281,E:\kagglegolf\data\interim\afr1ste_6335_batchcompress_rewrite\task281.onnx,E:\kagglegolf\data\interim\afr1ste_6335_batchcompress_rewrite\task281.onnx,SRC_KAGGLE_DATASET_AFR1STE_6335,GOLF_20260608_049_afr1ste_compress_rewrite_structural_mix,afr1ste_compress_rewrite_structural_pass,,,3900,,,true,high,260,submit_afr1ste_compress_rewrite_structural_mix
task282,E:\kagglegolf\data\interim\afr1ste_6335_batchcompress_rewrite\task282.onnx,E:\kagglegolf\data\interim\afr1ste_6335_batchcompress_rewrite\task282.onnx,SRC_KAGGLE_DATASET_AFR1STE_6335,GOLF_20260608_049_afr1ste_compress_rewrite_structural_mix,afr1ste_compress_rewrite_structural_pass,,,4049,,,true,high,261,submit_afr1ste_compress_rewrite_structural_mix
task283,E:\kagglegolf\data\interim\afr1ste_6335_batchcompress_rewrite\task283.onnx,E:\kagglegolf\data\interim\afr1ste_6335_batchcompress_rewrite\task283.onnx,SRC_KAGGLE_DATASET_AFR1STE_6335,GOLF_20260608_049_afr1ste_compress_rewrite_structural_mix,afr1ste_compress_rewrite_structural_pass,,,3150,,,true,high,262,submit_afr1ste_compress_rewrite_structural_mix
task284,E:\kagglegolf\data\interim\afr1ste_6335_batchcompress_rewrite\task284.onnx,E:\kagglegolf\data\interim\afr1ste_6335_batchcompress_rewrite\task284.onnx,SRC_KAGGLE_DATASET_AFR1STE_6335,GOLF_20260608_049_afr1ste_compress_rewrite_structural_mix,afr1ste_compress_rewrite_structural_pass,,,5572,,,true,high,263,submit_afr1ste_compress_rewrite_structural_mix
task285,E:\kagglegolf\data\interim\afr1ste_6335_batchcompress_rewrite\task285.onnx,E:\kagglegolf\data\interim\afr1ste_6335_batchcompress_rewrite\task285.onnx,SRC_KAGGLE_DATASET_AFR1STE_6335,GOLF_20260608_049_afr1ste_compress_rewrite_structural_mix,afr1ste_compress_rewrite_structural_pass,,,98389,,,true,high,264,submit_afr1ste_compress_rewrite_structural_mix
task286,E:\kagglegolf\data\interim\afr1ste_6335_batchcompress_rewrite\task286.onnx,E:\kagglegolf\data\interim\afr1ste_6335_batchcompress_rewrite\task286.onnx,SRC_KAGGLE_DATASET_AFR1STE_6335,GOLF_20260608_049_afr1ste_compress_rewrite_structural_mix,afr1ste_compress_rewrite_structural_pass,,,14045,,,true,high,265,submit_afr1ste_compress_rewrite_structural_mix
task287,E:\kagglegolf\data\interim\afr1ste_6335_batchcompress_rewrite\task287.onnx,E:\kagglegolf\data\interim\afr1ste_6335_batchcompress_rewrite\task287.onnx,SRC_KAGGLE_DATASET_AFR1STE_6335,GOLF_20260608_049_afr1ste_compress_rewrite_structural_mix,afr1ste_compress_rewrite_structural_pass,,,2094,,,true,high,266,submit_afr1ste_compress_rewrite_structural_mix
task288,E:\kagglegolf\data\interim\afr1ste_6335_batchcompress_rewrite\task288.onnx,E:\kagglegolf\data\interim\afr1ste_6335_batchcompress_rewrite\task288.onnx,SRC_KAGGLE_DATASET_AFR1STE_6335,GOLF_20260608_049_afr1ste_compress_rewrite_structural_mix,afr1ste_compress_rewrite_structural_pass,,,7466,,,true,high,267,submit_afr1ste_compress_rewrite_structural_mix
task289,E:\kagglegolf\data\interim\afr1ste_6335_batchcompress_rewrite\task289.onnx,E:\kagglegolf\data\interim\afr1ste_6335_batchcompress_rewrite\task289.onnx,SRC_KAGGLE_DATASET_AFR1STE_6335,GOLF_20260608_049_afr1ste_compress_rewrite_structural_mix,afr1ste_compress_rewrite_structural_pass,,,2731,,,true,high,268,submit_afr1ste_compress_rewrite_structural_mix
task290,E:\kagglegolf\data\interim\afr1ste_6335_batchcompress_rewrite\task290.onnx,E:\kagglegolf\data\interim\afr1ste_6335_batchcompress_rewrite\task290.onnx,SRC_KAGGLE_DATASET_AFR1STE_6335,GOLF_20260608_049_afr1ste_compress_rewrite_structural_mix,afr1ste_compress_rewrite_structural_pass,,,3108,,,true,high,269,submit_afr1ste_compress_rewrite_structural_mix
task293,E:\kagglegolf\data\interim\afr1ste_6335_batchcompress_rewrite\task293.onnx,E:\kagglegolf\data\interim\afr1ste_6335_batchcompress_rewrite\task293.onnx,SRC_KAGGLE_DATASET_AFR1STE_6335,GOLF_20260608_049_afr1ste_compress_rewrite_structural_mix,afr1ste_compress_rewrite_structural_pass,,,18601,,,true,high,270,submit_afr1ste_compress_rewrite_structural_mix
task294,E:\kagglegolf\data\interim\afr1ste_6335_batchcompress_rewrite\task294.onnx,E:\kagglegolf\data\interim\afr1ste_6335_batchcompress_rewrite\task294.onnx,SRC_KAGGLE_DATASET_AFR1STE_6335,GOLF_20260608_049_afr1ste_compress_rewrite_structural_mix,afr1ste_compress_rewrite_structural_pass,,,987,,,true,high,271,submit_afr1ste_compress_rewrite_structural_mix
task295,E:\kagglegolf\data\interim\afr1ste_6335_batchcompress_rewrite\task295.onnx,E:\kagglegolf\data\interim\afr1ste_6335_batchcompress_rewrite\task295.onnx,SRC_KAGGLE_DATASET_AFR1STE_6335,GOLF_20260608_049_afr1ste_compress_rewrite_structural_mix,afr1ste_compress_rewrite_structural_pass,,,2944,,,true,high,272,submit_afr1ste_compress_rewrite_structural_mix
task296,E:\kagglegolf\data\interim\afr1ste_6335_batchcompress_rewrite\task296.onnx,E:\kagglegolf\data\interim\afr1ste_6335_batchcompress_rewrite\task296.onnx,SRC_KAGGLE_DATASET_AFR1STE_6335,GOLF_20260608_049_afr1ste_compress_rewrite_structural_mix,afr1ste_compress_rewrite_structural_pass,,,34082,,,true,high,273,submit_afr1ste_compress_rewrite_structural_mix
task297,E:\kagglegolf\data\interim\afr1ste_6335_batchcompress_rewrite\task297.onnx,E:\kagglegolf\data\interim\afr1ste_6335_batchcompress_rewrite\task297.onnx,SRC_KAGGLE_DATASET_AFR1STE_6335,GOLF_20260608_049_afr1ste_compress_rewrite_structural_mix,afr1ste_compress_rewrite_structural_pass,,,2141,,,true,high,274,submit_afr1ste_compress_rewrite_structural_mix
task298,E:\kagglegolf\data\interim\afr1ste_6335_batchcompress_rewrite\task298.onnx,E:\kagglegolf\data\interim\afr1ste_6335_batchcompress_rewrite\task298.onnx,SRC_KAGGLE_DATASET_AFR1STE_6335,GOLF_20260608_049_afr1ste_compress_rewrite_structural_mix,afr1ste_compress_rewrite_structural_pass,,,2290,,,true,high,275,submit_afr1ste_compress_rewrite_structural_mix
task299,E:\kagglegolf\data\interim\afr1ste_6335_batchcompress_rewrite\task299.onnx,E:\kagglegolf\data\interim\afr1ste_6335_batchcompress_rewrite\task299.onnx,SRC_KAGGLE_DATASET_AFR1STE_6335,GOLF_20260608_049_afr1ste_compress_rewrite_structural_mix,afr1ste_compress_rewrite_structural_pass,,,1599,,,true,high,276,submit_afr1ste_compress_rewrite_structural_mix
task300,E:\kagglegolf\data\interim\afr1ste_6335_batchcompress_rewrite\task300.onnx,E:\kagglegolf\data\interim\afr1ste_6335_batchcompress_rewrite\task300.onnx,SRC_KAGGLE_DATASET_AFR1STE_6335,GOLF_20260608_049_afr1ste_compress_rewrite_structural_mix,afr1ste_compress_rewrite_structural_pass,,,3584,,,true,high,277,submit_afr1ste_compress_rewrite_structural_mix
task301,E:\kagglegolf\data\interim\afr1ste_6335_batchcompress_rewrite\task301.onnx,E:\kagglegolf\data\interim\afr1ste_6335_batchcompress_rewrite\task301.onnx,SRC_KAGGLE_DATASET_AFR1STE_6335,GOLF_20260608_049_afr1ste_compress_rewrite_structural_mix,afr1ste_compress_rewrite_structural_pass,,,3267,,,true,high,278,submit_afr1ste_compress_rewrite_structural_mix
task302,E:\kagglegolf\data\interim\afr1ste_6335_batchcompress_rewrite\task302.onnx,E:\kagglegolf\data\interim\afr1ste_6335_batchcompress_rewrite\task302.onnx,SRC_KAGGLE_DATASET_AFR1STE_6335,GOLF_20260608_049_afr1ste_compress_rewrite_structural_mix,afr1ste_compress_rewrite_structural_pass,,,2607,,,true,high,279,submit_afr1ste_compress_rewrite_structural_mix
task303,E:\kagglegolf\data\interim\afr1ste_6335_batchcompress_rewrite\task303.onnx,E:\kagglegolf\data\interim\afr1ste_6335_batchcompress_rewrite\task303.onnx,SRC_KAGGLE_DATASET_AFR1STE_6335,GOLF_20260608_049_afr1ste_compress_rewrite_structural_mix,afr1ste_compress_rewrite_structural_pass,,,2663,,,true,high,280,submit_afr1ste_compress_rewrite_structural_mix
task304,E:\kagglegolf\data\interim\afr1ste_6335_batchcompress_rewrite\task304.onnx,E:\kagglegolf\data\interim\afr1ste_6335_batchcompress_rewrite\task304.onnx,SRC_KAGGLE_DATASET_AFR1STE_6335,GOLF_20260608_049_afr1ste_compress_rewrite_structural_mix,afr1ste_compress_rewrite_structural_pass,,,2467,,,true,high,281,submit_afr1ste_compress_rewrite_structural_mix
task306,E:\kagglegolf\data\interim\afr1ste_6335_batchcompress_rewrite\task306.onnx,E:\kagglegolf\data\interim\afr1ste_6335_batchcompress_rewrite\task306.onnx,SRC_KAGGLE_DATASET_AFR1STE_6335,GOLF_20260608_049_afr1ste_compress_rewrite_structural_mix,afr1ste_compress_rewrite_structural_pass,,,3476,,,true,high,282,submit_afr1ste_compress_rewrite_structural_mix
task307,E:\kagglegolf\data\interim\afr1ste_6335_batchcompress_rewrite\task307.onnx,E:\kagglegolf\data\interim\afr1ste_6335_batchcompress_rewrite\task307.onnx,SRC_KAGGLE_DATASET_AFR1STE_6335,GOLF_20260608_049_afr1ste_compress_rewrite_structural_mix,afr1ste_compress_rewrite_structural_pass,,,3434,,,true,high,283,submit_afr1ste_compress_rewrite_structural_mix
task308,E:\kagglegolf\data\interim\afr1ste_6335_batchcompress_rewrite\task308.onnx,E:\kagglegolf\data\interim\afr1ste_6335_batchcompress_rewrite\task308.onnx,SRC_KAGGLE_DATASET_AFR1STE_6335,GOLF_20260608_049_afr1ste_compress_rewrite_structural_mix,afr1ste_compress_rewrite_structural_pass,,,3978,,,true,high,284,submit_afr1ste_compress_rewrite_structural_mix
task309,E:\kagglegolf\data\interim\afr1ste_6335_batchcompress_rewrite\task309.onnx,E:\kagglegolf\data\interim\afr1ste_6335_batchcompress_rewrite\task309.onnx,SRC_KAGGLE_DATASET_AFR1STE_6335,GOLF_20260608_049_afr1ste_compress_rewrite_structural_mix,afr1ste_compress_rewrite_structural_pass,,,203,,,true,high,285,submit_afr1ste_compress_rewrite_structural_mix
task310,E:\kagglegolf\data\interim\afr1ste_6335_batchcompress_rewrite\task310.onnx,E:\kagglegolf\data\interim\afr1ste_6335_batchcompress_rewrite\task310.onnx,SRC_KAGGLE_DATASET_AFR1STE_6335,GOLF_20260608_049_afr1ste_compress_rewrite_structural_mix,afr1ste_compress_rewrite_structural_pass,,,3943,,,true,high,286,submit_afr1ste_compress_rewrite_structural_mix
task311,E:\kagglegolf\data\interim\afr1ste_6335_batchcompress_rewrite\task311.onnx,E:\kagglegolf\data\interim\afr1ste_6335_batchcompress_rewrite\task311.onnx,SRC_KAGGLE_DATASET_AFR1STE_6335,GOLF_20260608_049_afr1ste_compress_rewrite_structural_mix,afr1ste_compress_rewrite_structural_pass,,,1419,,,true,high,287,submit_afr1ste_compress_rewrite_structural_mix
task312,E:\kagglegolf\data\interim\afr1ste_6335_batchcompress_rewrite\task312.onnx,E:\kagglegolf\data\interim\afr1ste_6335_batchcompress_rewrite\task312.onnx,SRC_KAGGLE_DATASET_AFR1STE_6335,GOLF_20260608_049_afr1ste_compress_rewrite_structural_mix,afr1ste_compress_rewrite_structural_pass,,,830,,,true,high,288,submit_afr1ste_compress_rewrite_structural_mix
task313,E:\kagglegolf\data\interim\afr1ste_6335_batchcompress_rewrite\task313.onnx,E:\kagglegolf\data\interim\afr1ste_6335_batchcompress_rewrite\task313.onnx,SRC_KAGGLE_DATASET_AFR1STE_6335,GOLF_20260608_049_afr1ste_compress_rewrite_structural_mix,afr1ste_compress_rewrite_structural_pass,,,39724,,,true,high,289,submit_afr1ste_compress_rewrite_structural_mix
task314,E:\kagglegolf\data\interim\afr1ste_6335_batchcompress_rewrite\task314.onnx,E:\kagglegolf\data\interim\afr1ste_6335_batchcompress_rewrite\task314.onnx,SRC_KAGGLE_DATASET_AFR1STE_6335,GOLF_20260608_049_afr1ste_compress_rewrite_structural_mix,afr1ste_compress_rewrite_structural_pass,,,2823,,,true,high,290,submit_afr1ste_compress_rewrite_structural_mix
task315,E:\kagglegolf\data\interim\afr1ste_6335_batchcompress_rewrite\task315.onnx,E:\kagglegolf\data\interim\afr1ste_6335_batchcompress_rewrite\task315.onnx,SRC_KAGGLE_DATASET_AFR1STE_6335,GOLF_20260608_049_afr1ste_compress_rewrite_structural_mix,afr1ste_compress_rewrite_structural_pass,,,3185,,,true,high,291,submit_afr1ste_compress_rewrite_structural_mix
task316,E:\kagglegolf\data\interim\afr1ste_6335_batchcompress_rewrite\task316.onnx,E:\kagglegolf\data\interim\afr1ste_6335_batchcompress_rewrite\task316.onnx,SRC_KAGGLE_DATASET_AFR1STE_6335,GOLF_20260608_049_afr1ste_compress_rewrite_structural_mix,afr1ste_compress_rewrite_structural_pass,,,44326,,,true,high,292,submit_afr1ste_compress_rewrite_structural_mix
task317,E:\kagglegolf\data\interim\afr1ste_6335_batchcompress_rewrite\task317.onnx,E:\kagglegolf\data\interim\afr1ste_6335_batchcompress_rewrite\task317.onnx,SRC_KAGGLE_DATASET_AFR1STE_6335,GOLF_20260608_049_afr1ste_compress_rewrite_structural_mix,afr1ste_compress_rewrite_structural_pass,,,1266,,,true,high,293,submit_afr1ste_compress_rewrite_structural_mix
task318,E:\kagglegolf\data\interim\afr1ste_6335_batchcompress_rewrite\task318.onnx,E:\kagglegolf\data\interim\afr1ste_6335_batchcompress_rewrite\task318.onnx,SRC_KAGGLE_DATASET_AFR1STE_6335,GOLF_20260608_049_afr1ste_compress_rewrite_structural_mix,afr1ste_compress_rewrite_structural_pass,,,2063,,,true,high,294,submit_afr1ste_compress_rewrite_structural_mix
task319,E:\kagglegolf\data\interim\afr1ste_6335_batchcompress_rewrite\task319.onnx,E:\kagglegolf\data\interim\afr1ste_6335_batchcompress_rewrite\task319.onnx,SRC_KAGGLE_DATASET_AFR1STE_6335,GOLF_20260608_049_afr1ste_compress_rewrite_structural_mix,afr1ste_compress_rewrite_structural_pass,,,11412,,,true,high,295,submit_afr1ste_compress_rewrite_structural_mix
task320,E:\kagglegolf\data\interim\afr1ste_6335_batchcompress_rewrite\task320.onnx,E:\kagglegolf\data\interim\afr1ste_6335_batchcompress_rewrite\task320.onnx,SRC_KAGGLE_DATASET_AFR1STE_6335,GOLF_20260608_049_afr1ste_compress_rewrite_structural_mix,afr1ste_compress_rewrite_structural_pass,,,218402,,,true,high,296,submit_afr1ste_compress_rewrite_structural_mix
task321,E:\kagglegolf\data\interim\afr1ste_6335_batchcompress_rewrite\task321.onnx,E:\kagglegolf\data\interim\afr1ste_6335_batchcompress_rewrite\task321.onnx,SRC_KAGGLE_DATASET_AFR1STE_6335,GOLF_20260608_049_afr1ste_compress_rewrite_structural_mix,afr1ste_compress_rewrite_structural_pass,,,3701,,,true,high,297,submit_afr1ste_compress_rewrite_structural_mix
task322,E:\kagglegolf\data\interim\afr1ste_6335_batchcompress_rewrite\task322.onnx,E:\kagglegolf\data\interim\afr1ste_6335_batchcompress_rewrite\task322.onnx,SRC_KAGGLE_DATASET_AFR1STE_6335,GOLF_20260608_049_afr1ste_compress_rewrite_structural_mix,afr1ste_compress_rewrite_structural_pass,,,2313,,,true,high,298,submit_afr1ste_compress_rewrite_structural_mix
task323,E:\kagglegolf\data\interim\afr1ste_6335_batchcompress_rewrite\task323.onnx,E:\kagglegolf\data\interim\afr1ste_6335_batchcompress_rewrite\task323.onnx,SRC_KAGGLE_DATASET_AFR1STE_6335,GOLF_20260608_049_afr1ste_compress_rewrite_structural_mix,afr1ste_compress_rewrite_structural_pass,,,15746,,,true,high,299,submit_afr1ste_compress_rewrite_structural_mix
task324,E:\kagglegolf\data\interim\afr1ste_6335_batchcompress_rewrite\task324.onnx,E:\kagglegolf\data\interim\afr1ste_6335_batchcompress_rewrite\task324.onnx,SRC_KAGGLE_DATASET_AFR1STE_6335,GOLF_20260608_049_afr1ste_compress_rewrite_structural_mix,afr1ste_compress_rewrite_structural_pass,,,92671,,,true,high,300,submit_afr1ste_compress_rewrite_structural_mix
task326,E:\kagglegolf\data\interim\afr1ste_6335_batchcompress_rewrite\task326.onnx,E:\kagglegolf\data\interim\afr1ste_6335_batchcompress_rewrite\task326.onnx,SRC_KAGGLE_DATASET_AFR1STE_6335,GOLF_20260608_049_afr1ste_compress_rewrite_structural_mix,afr1ste_compress_rewrite_structural_pass,,,983,,,true,high,301,submit_afr1ste_compress_rewrite_structural_mix
task327,E:\kagglegolf\data\interim\afr1ste_6335_batchcompress_rewrite\task327.onnx,E:\kagglegolf\data\interim\afr1ste_6335_batchcompress_rewrite\task327.onnx,SRC_KAGGLE_DATASET_AFR1STE_6335,GOLF_20260608_049_afr1ste_compress_rewrite_structural_mix,afr1ste_compress_rewrite_structural_pass,,,3091,,,true,high,302,submit_afr1ste_compress_rewrite_structural_mix
task328,E:\kagglegolf\data\interim\afr1ste_6335_batchcompress_rewrite\task328.onnx,E:\kagglegolf\data\interim\afr1ste_6335_batchcompress_rewrite\task328.onnx,SRC_KAGGLE_DATASET_AFR1STE_6335,GOLF_20260608_049_afr1ste_compress_rewrite_structural_mix,afr1ste_compress_rewrite_structural_pass,,,35337,,,true,high,303,submit_afr1ste_compress_rewrite_structural_mix
task329,E:\kagglegolf\data\interim\afr1ste_6335_batchcompress_rewrite\task329.onnx,E:\kagglegolf\data\interim\afr1ste_6335_batchcompress_rewrite\task329.onnx,SRC_KAGGLE_DATASET_AFR1STE_6335,GOLF_20260608_049_afr1ste_compress_rewrite_structural_mix,afr1ste_compress_rewrite_structural_pass,,,1311,,,true,high,304,submit_afr1ste_compress_rewrite_structural_mix
task330,E:\kagglegolf\data\interim\afr1ste_6335_batchcompress_rewrite\task330.onnx,E:\kagglegolf\data\interim\afr1ste_6335_batchcompress_rewrite\task330.onnx,SRC_KAGGLE_DATASET_AFR1STE_6335,GOLF_20260608_049_afr1ste_compress_rewrite_structural_mix,afr1ste_compress_rewrite_structural_pass,,,38223,,,true,high,305,submit_afr1ste_compress_rewrite_structural_mix
task331,E:\kagglegolf\data\interim\afr1ste_6335_batchcompress_rewrite\task331.onnx,E:\kagglegolf\data\interim\afr1ste_6335_batchcompress_rewrite\task331.onnx,SRC_KAGGLE_DATASET_AFR1STE_6335,GOLF_20260608_049_afr1ste_compress_rewrite_structural_mix,afr1ste_compress_rewrite_structural_pass,,,2213,,,true,high,306,submit_afr1ste_compress_rewrite_structural_mix
task332,E:\kagglegolf\data\interim\afr1ste_6335_batchcompress_rewrite\task332.onnx,E:\kagglegolf\data\interim\afr1ste_6335_batchcompress_rewrite\task332.onnx,SRC_KAGGLE_DATASET_AFR1STE_6335,GOLF_20260608_049_afr1ste_compress_rewrite_structural_mix,afr1ste_compress_rewrite_structural_pass,,,18732,,,true,high,307,submit_afr1ste_compress_rewrite_structural_mix
task333,E:\kagglegolf\data\interim\afr1ste_6335_batchcompress_rewrite\task333.onnx,E:\kagglegolf\data\interim\afr1ste_6335_batchcompress_rewrite\task333.onnx,SRC_KAGGLE_DATASET_AFR1STE_6335,GOLF_20260608_049_afr1ste_compress_rewrite_structural_mix,afr1ste_compress_rewrite_structural_pass,,,2832,,,true,high,308,submit_afr1ste_compress_rewrite_structural_mix
task335,E:\kagglegolf\data\interim\afr1ste_6335_batchcompress_rewrite\task335.onnx,E:\kagglegolf\data\interim\afr1ste_6335_batchcompress_rewrite\task335.onnx,SRC_KAGGLE_DATASET_AFR1STE_6335,GOLF_20260608_049_afr1ste_compress_rewrite_structural_mix,afr1ste_compress_rewrite_structural_pass,,,2559,,,true,high,309,submit_afr1ste_compress_rewrite_structural_mix
task336,E:\kagglegolf\data\interim\afr1ste_6335_batchcompress_rewrite\task336.onnx,E:\kagglegolf\data\interim\afr1ste_6335_batchcompress_rewrite\task336.onnx,SRC_KAGGLE_DATASET_AFR1STE_6335,GOLF_20260608_049_afr1ste_compress_rewrite_structural_mix,afr1ste_compress_rewrite_structural_pass,,,161396,,,true,high,310,submit_afr1ste_compress_rewrite_structural_mix
task337,E:\kagglegolf\data\interim\afr1ste_6335_batchcompress_rewrite\task337.onnx,E:\kagglegolf\data\interim\afr1ste_6335_batchcompress_rewrite\task337.onnx,SRC_KAGGLE_DATASET_AFR1STE_6335,GOLF_20260608_049_afr1ste_compress_rewrite_structural_mix,afr1ste_compress_rewrite_structural_pass,,,172,,,true,high,311,submit_afr1ste_compress_rewrite_structural_mix
task338,E:\kagglegolf\data\interim\afr1ste_6335_batchcompress_rewrite\task338.onnx,E:\kagglegolf\data\interim\afr1ste_6335_batchcompress_rewrite\task338.onnx,SRC_KAGGLE_DATASET_AFR1STE_6335,GOLF_20260608_049_afr1ste_compress_rewrite_structural_mix,afr1ste_compress_rewrite_structural_pass,,,9007,,,true,high,312,submit_afr1ste_compress_rewrite_structural_mix
task339,E:\kagglegolf\data\interim\afr1ste_6335_batchcompress_rewrite\task339.onnx,E:\kagglegolf\data\interim\afr1ste_6335_batchcompress_rewrite\task339.onnx,SRC_KAGGLE_DATASET_AFR1STE_6335,GOLF_20260608_049_afr1ste_compress_rewrite_structural_mix,afr1ste_compress_rewrite_structural_pass,,,3189,,,true,high,313,submit_afr1ste_compress_rewrite_structural_mix
task340,E:\kagglegolf\data\interim\afr1ste_6335_batchcompress_rewrite\task340.onnx,E:\kagglegolf\data\interim\afr1ste_6335_batchcompress_rewrite\task340.onnx,SRC_KAGGLE_DATASET_AFR1STE_6335,GOLF_20260608_049_afr1ste_compress_rewrite_structural_mix,afr1ste_compress_rewrite_structural_pass,,,4885,,,true,high,314,submit_afr1ste_compress_rewrite_structural_mix
task341,E:\kagglegolf\data\interim\afr1ste_6335_batchcompress_rewrite\task341.onnx,E:\kagglegolf\data\interim\afr1ste_6335_batchcompress_rewrite\task341.onnx,SRC_KAGGLE_DATASET_AFR1STE_6335,GOLF_20260608_049_afr1ste_compress_rewrite_structural_mix,afr1ste_compress_rewrite_structural_pass,,,3047,,,true,high,315,submit_afr1ste_compress_rewrite_structural_mix
task342,E:\kagglegolf\data\interim\afr1ste_6335_batchcompress_rewrite\task342.onnx,E:\kagglegolf\data\interim\afr1ste_6335_batchcompress_rewrite\task342.onnx,SRC_KAGGLE_DATASET_AFR1STE_6335,GOLF_20260608_049_afr1ste_compress_rewrite_structural_mix,afr1ste_compress_rewrite_structural_pass,,,14859,,,true,high,316,submit_afr1ste_compress_rewrite_structural_mix
task343,E:\kagglegolf\data\interim\afr1ste_6335_batchcompress_rewrite\task343.onnx,E:\kagglegolf\data\interim\afr1ste_6335_batchcompress_rewrite\task343.onnx,SRC_KAGGLE_DATASET_AFR1STE_6335,GOLF_20260608_049_afr1ste_compress_rewrite_structural_mix,afr1ste_compress_rewrite_structural_pass,,,28737,,,true,high,317,submit_afr1ste_compress_rewrite_structural_mix
task344,E:\kagglegolf\data\interim\afr1ste_6335_batchcompress_rewrite\task344.onnx,E:\kagglegolf\data\interim\afr1ste_6335_batchcompress_rewrite\task344.onnx,SRC_KAGGLE_DATASET_AFR1STE_6335,GOLF_20260608_049_afr1ste_compress_rewrite_structural_mix,afr1ste_compress_rewrite_structural_pass,,,4049,,,true,high,318,submit_afr1ste_compress_rewrite_structural_mix
task345,E:\kagglegolf\data\interim\afr1ste_6335_batchcompress_rewrite\task345.onnx,E:\kagglegolf\data\interim\afr1ste_6335_batchcompress_rewrite\task345.onnx,SRC_KAGGLE_DATASET_AFR1STE_6335,GOLF_20260608_049_afr1ste_compress_rewrite_structural_mix,afr1ste_compress_rewrite_structural_pass,,,7741,,,true,high,319,submit_afr1ste_compress_rewrite_structural_mix
task346,E:\kagglegolf\data\interim\afr1ste_6335_batchcompress_rewrite\task346.onnx,E:\kagglegolf\data\interim\afr1ste_6335_batchcompress_rewrite\task346.onnx,SRC_KAGGLE_DATASET_AFR1STE_6335,GOLF_20260608_049_afr1ste_compress_rewrite_structural_mix,afr1ste_compress_rewrite_structural_pass,,,5242,,,true,high,320,submit_afr1ste_compress_rewrite_structural_mix
task347,E:\kagglegolf\data\interim\afr1ste_6335_batchcompress_rewrite\task347.onnx,E:\kagglegolf\data\interim\afr1ste_6335_batchcompress_rewrite\task347.onnx,SRC_KAGGLE_DATASET_AFR1STE_6335,GOLF_20260608_049_afr1ste_compress_rewrite_structural_mix,afr1ste_compress_rewrite_structural_pass,,,1940,,,true,high,321,submit_afr1ste_compress_rewrite_structural_mix
task348,E:\kagglegolf\data\interim\afr1ste_6335_batchcompress_rewrite\task348.onnx,E:\kagglegolf\data\interim\afr1ste_6335_batchcompress_rewrite\task348.onnx,SRC_KAGGLE_DATASET_AFR1STE_6335,GOLF_20260608_049_afr1ste_compress_rewrite_structural_mix,afr1ste_compress_rewrite_structural_pass,,,6252,,,true,high,322,submit_afr1ste_compress_rewrite_structural_mix
task349,E:\kagglegolf\data\interim\afr1ste_6335_batchcompress_rewrite\task349.onnx,E:\kagglegolf\data\interim\afr1ste_6335_batchcompress_rewrite\task349.onnx,SRC_KAGGLE_DATASET_AFR1STE_6335,GOLF_20260608_049_afr1ste_compress_rewrite_structural_mix,afr1ste_compress_rewrite_structural_pass,,,8689,,,true,high,323,submit_afr1ste_compress_rewrite_structural_mix
task350,E:\kagglegolf\data\interim\afr1ste_6335_batchcompress_rewrite\task350.onnx,E:\kagglegolf\data\interim\afr1ste_6335_batchcompress_rewrite\task350.onnx,SRC_KAGGLE_DATASET_AFR1STE_6335,GOLF_20260608_049_afr1ste_compress_rewrite_structural_mix,afr1ste_compress_rewrite_structural_pass,,,1770,,,true,high,324,submit_afr1ste_compress_rewrite_structural_mix
task351,E:\kagglegolf\data\interim\afr1ste_6335_batchcompress_rewrite\task351.onnx,E:\kagglegolf\data\interim\afr1ste_6335_batchcompress_rewrite\task351.onnx,SRC_KAGGLE_DATASET_AFR1STE_6335,GOLF_20260608_049_afr1ste_compress_rewrite_structural_mix,afr1ste_compress_rewrite_structural_pass,,,1256,,,true,high,325,submit_afr1ste_compress_rewrite_structural_mix
task352,E:\kagglegolf\data\interim\afr1ste_6335_batchcompress_rewrite\task352.onnx,E:\kagglegolf\data\interim\afr1ste_6335_batchcompress_rewrite\task352.onnx,SRC_KAGGLE_DATASET_AFR1STE_6335,GOLF_20260608_049_afr1ste_compress_rewrite_structural_mix,afr1ste_compress_rewrite_structural_pass,,,4049,,,true,high,326,submit_afr1ste_compress_rewrite_structural_mix
task353,E:\kagglegolf\data\interim\afr1ste_6335_batchcompress_rewrite\task353.onnx,E:\kagglegolf\data\interim\afr1ste_6335_batchcompress_rewrite\task353.onnx,SRC_KAGGLE_DATASET_AFR1STE_6335,GOLF_20260608_049_afr1ste_compress_rewrite_structural_mix,afr1ste_compress_rewrite_structural_pass,,,4215,,,true,high,327,submit_afr1ste_compress_rewrite_structural_mix
task354,E:\kagglegolf\data\interim\afr1ste_6335_batchcompress_rewrite\task354.onnx,E:\kagglegolf\data\interim\afr1ste_6335_batchcompress_rewrite\task354.onnx,SRC_KAGGLE_DATASET_AFR1STE_6335,GOLF_20260608_049_afr1ste_compress_rewrite_structural_mix,afr1ste_compress_rewrite_structural_pass,,,4734,,,true,high,328,submit_afr1ste_compress_rewrite_structural_mix
task355,E:\kagglegolf\data\interim\afr1ste_6335_batchcompress_rewrite\task355.onnx,E:\kagglegolf\data\interim\afr1ste_6335_batchcompress_rewrite\task355.onnx,SRC_KAGGLE_DATASET_AFR1STE_6335,GOLF_20260608_049_afr1ste_compress_rewrite_structural_mix,afr1ste_compress_rewrite_structural_pass,,,5034,,,true,high,329,submit_afr1ste_compress_rewrite_structural_mix
task356,E:\kagglegolf\data\interim\afr1ste_6335_batchcompress_rewrite\task356.onnx,E:\kagglegolf\data\interim\afr1ste_6335_batchcompress_rewrite\task356.onnx,SRC_KAGGLE_DATASET_AFR1STE_6335,GOLF_20260608_049_afr1ste_compress_rewrite_structural_mix,afr1ste_compress_rewrite_structural_pass,,,5438,,,true,high,330,submit_afr1ste_compress_rewrite_structural_mix
task358,E:\kagglegolf\data\interim\afr1ste_6335_batchcompress_rewrite\task358.onnx,E:\kagglegolf\data\interim\afr1ste_6335_batchcompress_rewrite\task358.onnx,SRC_KAGGLE_DATASET_AFR1STE_6335,GOLF_20260608_049_afr1ste_compress_rewrite_structural_mix,afr1ste_compress_rewrite_structural_pass,,,7329,,,true,high,331,submit_afr1ste_compress_rewrite_structural_mix
task359,E:\kagglegolf\data\interim\afr1ste_6335_batchcompress_rewrite\task359.onnx,E:\kagglegolf\data\interim\afr1ste_6335_batchcompress_rewrite\task359.onnx,SRC_KAGGLE_DATASET_AFR1STE_6335,GOLF_20260608_049_afr1ste_compress_rewrite_structural_mix,afr1ste_compress_rewrite_structural_pass,,,3859,,,true,high,332,submit_afr1ste_compress_rewrite_structural_mix
task360,E:\kagglegolf\data\interim\afr1ste_6335_batchcompress_rewrite\task360.onnx,E:\kagglegolf\data\interim\afr1ste_6335_batchcompress_rewrite\task360.onnx,SRC_KAGGLE_DATASET_AFR1STE_6335,GOLF_20260608_049_afr1ste_compress_rewrite_structural_mix,afr1ste_compress_rewrite_structural_pass,,,3373,,,true,high,333,submit_afr1ste_compress_rewrite_structural_mix
task361,E:\kagglegolf\data\interim\afr1ste_6335_batchcompress_rewrite\task361.onnx,E:\kagglegolf\data\interim\afr1ste_6335_batchcompress_rewrite\task361.onnx,SRC_KAGGLE_DATASET_AFR1STE_6335,GOLF_20260608_049_afr1ste_compress_rewrite_structural_mix,afr1ste_compress_rewrite_structural_pass,,,6749,,,true,high,334,submit_afr1ste_compress_rewrite_structural_mix
task362,E:\kagglegolf\data\interim\afr1ste_6335_batchcompress_rewrite\task362.onnx,E:\kagglegolf\data\interim\afr1ste_6335_batchcompress_rewrite\task362.onnx,SRC_KAGGLE_DATASET_AFR1STE_6335,GOLF_20260608_049_afr1ste_compress_rewrite_structural_mix,afr1ste_compress_rewrite_structural_pass,,,2175,,,true,high,335,submit_afr1ste_compress_rewrite_structural_mix
task363,E:\kagglegolf\data\interim\afr1ste_6335_batchcompress_rewrite\task363.onnx,E:\kagglegolf\data\interim\afr1ste_6335_batchcompress_rewrite\task363.onnx,SRC_KAGGLE_DATASET_AFR1STE_6335,GOLF_20260608_049_afr1ste_compress_rewrite_structural_mix,afr1ste_compress_rewrite_structural_pass,,,213576,,,true,high,336,submit_afr1ste_compress_rewrite_structural_mix
task364,E:\kagglegolf\data\interim\afr1ste_6335_batchcompress_rewrite\task364.onnx,E:\kagglegolf\data\interim\afr1ste_6335_batchcompress_rewrite\task364.onnx,SRC_KAGGLE_DATASET_AFR1STE_6335,GOLF_20260608_049_afr1ste_compress_rewrite_structural_mix,afr1ste_compress_rewrite_structural_pass,,,10993,,,true,high,337,submit_afr1ste_compress_rewrite_structural_mix
task365,E:\kagglegolf\data\interim\afr1ste_6335_batchcompress_rewrite\task365.onnx,E:\kagglegolf\data\interim\afr1ste_6335_batchcompress_rewrite\task365.onnx,SRC_KAGGLE_DATASET_AFR1STE_6335,GOLF_20260608_049_afr1ste_compress_rewrite_structural_mix,afr1ste_compress_rewrite_structural_pass,,,15467,,,true,high,338,submit_afr1ste_compress_rewrite_structural_mix
task366,E:\kagglegolf\data\interim\afr1ste_6335_batchcompress_rewrite\task366.onnx,E:\kagglegolf\data\interim\afr1ste_6335_batchcompress_rewrite\task366.onnx,SRC_KAGGLE_DATASET_AFR1STE_6335,GOLF_20260608_049_afr1ste_compress_rewrite_structural_mix,afr1ste_compress_rewrite_structural_pass,,,285823,,,true,high,339,submit_afr1ste_compress_rewrite_structural_mix
task367,E:\kagglegolf\data\interim\afr1ste_6335_batchcompress_rewrite\task367.onnx,E:\kagglegolf\data\interim\afr1ste_6335_batchcompress_rewrite\task367.onnx,SRC_KAGGLE_DATASET_AFR1STE_6335,GOLF_20260608_049_afr1ste_compress_rewrite_structural_mix,afr1ste_compress_rewrite_structural_pass,,,33033,,,true,high,340,submit_afr1ste_compress_rewrite_structural_mix
task368,E:\kagglegolf\data\interim\afr1ste_6335_batchcompress_rewrite\task368.onnx,E:\kagglegolf\data\interim\afr1ste_6335_batchcompress_rewrite\task368.onnx,SRC_KAGGLE_DATASET_AFR1STE_6335,GOLF_20260608_049_afr1ste_compress_rewrite_structural_mix,afr1ste_compress_rewrite_structural_pass,,,14135,,,true,high,341,submit_afr1ste_compress_rewrite_structural_mix
task369,E:\kagglegolf\data\interim\afr1ste_6335_batchcompress_rewrite\task369.onnx,E:\kagglegolf\data\interim\afr1ste_6335_batchcompress_rewrite\task369.onnx,SRC_KAGGLE_DATASET_AFR1STE_6335,GOLF_20260608_049_afr1ste_compress_rewrite_structural_mix,afr1ste_compress_rewrite_structural_pass,,,4940,,,true,high,342,submit_afr1ste_compress_rewrite_structural_mix
task370,E:\kagglegolf\data\interim\afr1ste_6335_batchcompress_rewrite\task370.onnx,E:\kagglegolf\data\interim\afr1ste_6335_batchcompress_rewrite\task370.onnx,SRC_KAGGLE_DATASET_AFR1STE_6335,GOLF_20260608_049_afr1ste_compress_rewrite_structural_mix,afr1ste_compress_rewrite_structural_pass,,,31524,,,true,high,343,submit_afr1ste_compress_rewrite_structural_mix
task371,E:\kagglegolf\data\interim\afr1ste_6335_batchcompress_rewrite\task371.onnx,E:\kagglegolf\data\interim\afr1ste_6335_batchcompress_rewrite\task371.onnx,SRC_KAGGLE_DATASET_AFR1STE_6335,GOLF_20260608_049_afr1ste_compress_rewrite_structural_mix,afr1ste_compress_rewrite_structural_pass,,,8613,,,true,high,344,submit_afr1ste_compress_rewrite_structural_mix
task372,E:\kagglegolf\data\interim\afr1ste_6335_batchcompress_rewrite\task372.onnx,E:\kagglegolf\data\interim\afr1ste_6335_batchcompress_rewrite\task372.onnx,SRC_KAGGLE_DATASET_AFR1STE_6335,GOLF_20260608_049_afr1ste_compress_rewrite_structural_mix,afr1ste_compress_rewrite_structural_pass,,,1984,,,true,high,345,submit_afr1ste_compress_rewrite_structural_mix
task374,E:\kagglegolf\data\interim\afr1ste_6335_batchcompress_rewrite\task374.onnx,E:\kagglegolf\data\interim\afr1ste_6335_batchcompress_rewrite\task374.onnx,SRC_KAGGLE_DATASET_AFR1STE_6335,GOLF_20260608_049_afr1ste_compress_rewrite_structural_mix,afr1ste_compress_rewrite_structural_pass,,,20672,,,true,high,346,submit_afr1ste_compress_rewrite_structural_mix
task377,E:\kagglegolf\data\interim\afr1ste_6335_batchcompress_rewrite\task377.onnx,E:\kagglegolf\data\interim\afr1ste_6335_batchcompress_rewrite\task377.onnx,SRC_KAGGLE_DATASET_AFR1STE_6335,GOLF_20260608_049_afr1ste_compress_rewrite_structural_mix,afr1ste_compress_rewrite_structural_pass,,,17801,,,true,high,347,submit_afr1ste_compress_rewrite_structural_mix
task378,E:\kagglegolf\data\interim\afr1ste_6335_batchcompress_rewrite\task378.onnx,E:\kagglegolf\data\interim\afr1ste_6335_batchcompress_rewrite\task378.onnx,SRC_KAGGLE_DATASET_AFR1STE_6335,GOLF_20260608_049_afr1ste_compress_rewrite_structural_mix,afr1ste_compress_rewrite_structural_pass,,,11781,,,true,high,348,submit_afr1ste_compress_rewrite_structural_mix
task379,E:\kagglegolf\data\interim\afr1ste_6335_batchcompress_rewrite\task379.onnx,E:\kagglegolf\data\interim\afr1ste_6335_batchcompress_rewrite\task379.onnx,SRC_KAGGLE_DATASET_AFR1STE_6335,GOLF_20260608_049_afr1ste_compress_rewrite_structural_mix,afr1ste_compress_rewrite_structural_pass,,,927477,,,true,high,349,submit_afr1ste_compress_rewrite_structural_mix
task380,E:\kagglegolf\data\interim\afr1ste_6335_batchcompress_rewrite\task380.onnx,E:\kagglegolf\data\interim\afr1ste_6335_batchcompress_rewrite\task380.onnx,SRC_KAGGLE_DATASET_AFR1STE_6335,GOLF_20260608_049_afr1ste_compress_rewrite_structural_mix,afr1ste_compress_rewrite_structural_pass,,,1395,,,true,high,350,submit_afr1ste_compress_rewrite_structural_mix
task381,E:\kagglegolf\data\interim\afr1ste_6335_batchcompress_rewrite\task381.onnx,E:\kagglegolf\data\interim\afr1ste_6335_batchcompress_rewrite\task381.onnx,SRC_KAGGLE_DATASET_AFR1STE_6335,GOLF_20260608_049_afr1ste_compress_rewrite_structural_mix,afr1ste_compress_rewrite_structural_pass,,,6808,,,true,high,351,submit_afr1ste_compress_rewrite_structural_mix
task382,E:\kagglegolf\data\interim\afr1ste_6335_batchcompress_rewrite\task382.onnx,E:\kagglegolf\data\interim\afr1ste_6335_batchcompress_rewrite\task382.onnx,SRC_KAGGLE_DATASET_AFR1STE_6335,GOLF_20260608_049_afr1ste_compress_rewrite_structural_mix,afr1ste_compress_rewrite_structural_pass,,,67623,,,true,high,352,submit_afr1ste_compress_rewrite_structural_mix
task383,E:\kagglegolf\data\interim\afr1ste_6335_batchcompress_rewrite\task383.onnx,E:\kagglegolf\data\interim\afr1ste_6335_batchcompress_rewrite\task383.onnx,SRC_KAGGLE_DATASET_AFR1STE_6335,GOLF_20260608_049_afr1ste_compress_rewrite_structural_mix,afr1ste_compress_rewrite_structural_pass,,,15519,,,true,high,353,submit_afr1ste_compress_rewrite_structural_mix
task384,E:\kagglegolf\data\interim\afr1ste_6335_batchcompress_rewrite\task384.onnx,E:\kagglegolf\data\interim\afr1ste_6335_batchcompress_rewrite\task384.onnx,SRC_KAGGLE_DATASET_AFR1STE_6335,GOLF_20260608_049_afr1ste_compress_rewrite_structural_mix,afr1ste_compress_rewrite_structural_pass,,,3216,,,true,high,354,submit_afr1ste_compress_rewrite_structural_mix
task385,E:\kagglegolf\data\interim\afr1ste_6335_batchcompress_rewrite\task385.onnx,E:\kagglegolf\data\interim\afr1ste_6335_batchcompress_rewrite\task385.onnx,SRC_KAGGLE_DATASET_AFR1STE_6335,GOLF_20260608_049_afr1ste_compress_rewrite_structural_mix,afr1ste_compress_rewrite_structural_pass,,,167,,,true,high,355,submit_afr1ste_compress_rewrite_structural_mix
task386,E:\kagglegolf\data\interim\afr1ste_6335_batchcompress_rewrite\task386.onnx,E:\kagglegolf\data\interim\afr1ste_6335_batchcompress_rewrite\task386.onnx,SRC_KAGGLE_DATASET_AFR1STE_6335,GOLF_20260608_049_afr1ste_compress_rewrite_structural_mix,afr1ste_compress_rewrite_structural_pass,,,2034,,,true,high,356,submit_afr1ste_compress_rewrite_structural_mix
task387,E:\kagglegolf\data\interim\afr1ste_6335_batchcompress_rewrite\task387.onnx,E:\kagglegolf\data\interim\afr1ste_6335_batchcompress_rewrite\task387.onnx,SRC_KAGGLE_DATASET_AFR1STE_6335,GOLF_20260608_049_afr1ste_compress_rewrite_structural_mix,afr1ste_compress_rewrite_structural_pass,,,9893,,,true,high,357,submit_afr1ste_compress_rewrite_structural_mix
task388,E:\kagglegolf\data\interim\afr1ste_6335_batchcompress_rewrite\task388.onnx,E:\kagglegolf\data\interim\afr1ste_6335_batchcompress_rewrite\task388.onnx,SRC_KAGGLE_DATASET_AFR1STE_6335,GOLF_20260608_049_afr1ste_compress_rewrite_structural_mix,afr1ste_compress_rewrite_structural_pass,,,5330,,,true,high,358,submit_afr1ste_compress_rewrite_structural_mix
task389,E:\kagglegolf\data\interim\afr1ste_6335_batchcompress_rewrite\task389.onnx,E:\kagglegolf\data\interim\afr1ste_6335_batchcompress_rewrite\task389.onnx,SRC_KAGGLE_DATASET_AFR1STE_6335,GOLF_20260608_049_afr1ste_compress_rewrite_structural_mix,afr1ste_compress_rewrite_structural_pass,,,1745,,,true,high,359,submit_afr1ste_compress_rewrite_structural_mix
task390,E:\kagglegolf\data\interim\afr1ste_6335_batchcompress_rewrite\task390.onnx,E:\kagglegolf\data\interim\afr1ste_6335_batchcompress_rewrite\task390.onnx,SRC_KAGGLE_DATASET_AFR1STE_6335,GOLF_20260608_049_afr1ste_compress_rewrite_structural_mix,afr1ste_compress_rewrite_structural_pass,,,8469,,,true,high,360,submit_afr1ste_compress_rewrite_structural_mix
task391,E:\kagglegolf\data\interim\afr1ste_6335_batchcompress_rewrite\task391.onnx,E:\kagglegolf\data\interim\afr1ste_6335_batchcompress_rewrite\task391.onnx,SRC_KAGGLE_DATASET_AFR1STE_6335,GOLF_20260608_049_afr1ste_compress_rewrite_structural_mix,afr1ste_compress_rewrite_structural_pass,,,2612,,,true,high,361,submit_afr1ste_compress_rewrite_structural_mix
task392,E:\kagglegolf\data\interim\afr1ste_6335_batchcompress_rewrite\task392.onnx,E:\kagglegolf\data\interim\afr1ste_6335_batchcompress_rewrite\task392.onnx,SRC_KAGGLE_DATASET_AFR1STE_6335,GOLF_20260608_049_afr1ste_compress_rewrite_structural_mix,afr1ste_compress_rewrite_structural_pass,,,12856,,,true,high,362,submit_afr1ste_compress_rewrite_structural_mix
task393,E:\kagglegolf\data\interim\afr1ste_6335_batchcompress_rewrite\task393.onnx,E:\kagglegolf\data\interim\afr1ste_6335_batchcompress_rewrite\task393.onnx,SRC_KAGGLE_DATASET_AFR1STE_6335,GOLF_20260608_049_afr1ste_compress_rewrite_structural_mix,afr1ste_compress_rewrite_structural_pass,,,1888,,,true,high,363,submit_afr1ste_compress_rewrite_structural_mix
task394,E:\kagglegolf\data\interim\afr1ste_6335_batchcompress_rewrite\task394.onnx,E:\kagglegolf\data\interim\afr1ste_6335_batchcompress_rewrite\task394.onnx,SRC_KAGGLE_DATASET_AFR1STE_6335,GOLF_20260608_049_afr1ste_compress_rewrite_structural_mix,afr1ste_compress_rewrite_structural_pass,,,5232,,,true,high,364,submit_afr1ste_compress_rewrite_structural_mix
task395,E:\kagglegolf\data\interim\afr1ste_6335_batchcompress_rewrite\task395.onnx,E:\kagglegolf\data\interim\afr1ste_6335_batchcompress_rewrite\task395.onnx,SRC_KAGGLE_DATASET_AFR1STE_6335,GOLF_20260608_049_afr1ste_compress_rewrite_structural_mix,afr1ste_compress_rewrite_structural_pass,,,2042,,,true,high,365,submit_afr1ste_compress_rewrite_structural_mix
task396,E:\kagglegolf\data\interim\afr1ste_6335_batchcompress_rewrite\task396.onnx,E:\kagglegolf\data\interim\afr1ste_6335_batchcompress_rewrite\task396.onnx,SRC_KAGGLE_DATASET_AFR1STE_6335,GOLF_20260608_049_afr1ste_compress_rewrite_structural_mix,afr1ste_compress_rewrite_structural_pass,,,54678,,,true,high,366,submit_afr1ste_compress_rewrite_structural_mix
task397,E:\kagglegolf\data\interim\afr1ste_6335_batchcompress_rewrite\task397.onnx,E:\kagglegolf\data\interim\afr1ste_6335_batchcompress_rewrite\task397.onnx,SRC_KAGGLE_DATASET_AFR1STE_6335,GOLF_20260608_049_afr1ste_compress_rewrite_structural_mix,afr1ste_compress_rewrite_structural_pass,,,3886,,,true,high,367,submit_afr1ste_compress_rewrite_structural_mix
task398,E:\kagglegolf\data\interim\afr1ste_6335_batchcompress_rewrite\task398.onnx,E:\kagglegolf\data\interim\afr1ste_6335_batchcompress_rewrite\task398.onnx,SRC_KAGGLE_DATASET_AFR1STE_6335,GOLF_20260608_049_afr1ste_compress_rewrite_structural_mix,afr1ste_compress_rewrite_structural_pass,,,13396,,,true,high,368,submit_afr1ste_compress_rewrite_structural_mix
task400,E:\kagglegolf\data\interim\afr1ste_6335_batchcompress_rewrite\task400.onnx,E:\kagglegolf\data\interim\afr1ste_6335_batchcompress_rewrite\task400.onnx,SRC_KAGGLE_DATASET_AFR1STE_6335,GOLF_20260608_049_afr1ste_compress_rewrite_structural_mix,afr1ste_compress_rewrite_structural_pass,,,3878,,,true,high,369,submit_afr1ste_compress_rewrite_structural_mix
