"task_id","candidate_model_path","source_id","source_exp_id","method_family","memory_footprint","parameter_count","file_size","cost_proxy","utility_proxy","local_valid","risk","candidate_rank","recommended_action"
"task001","E:\kagglegolf\submissions\candidates\GOLF_20260608_030_beicicc_inline_full\onnx\task001.onnx","SRC_KAGGLE_NOTEBOOK_BEICICC_6645","GOLF_20260608_031_beicicc_inline_396_mix","beicicc_inline_function_normalized","","","1156","","","true","medium","1","submit_inline_396_mix"
"task002","E:\kagglegolf\submissions\candidates\GOLF_20260608_030_beicicc_inline_full\onnx\task002.onnx","SRC_KAGGLE_NOTEBOOK_BEICICC_6645","GOLF_20260608_031_beicicc_inline_396_mix","beicicc_inline_function_normalized","","","16888","","","true","medium","2","submit_inline_396_mix"
"task003","E:\kagglegolf\submissions\candidates\GOLF_20260608_030_beicicc_inline_full\onnx\task003.onnx","SRC_KAGGLE_NOTEBOOK_BEICICC_6645","GOLF_20260608_031_beicicc_inline_396_mix","beicicc_inline_function_normalized","","","6084","","","true","medium","3","submit_inline_396_mix"
"task004","E:\kagglegolf\submissions\candidates\GOLF_20260608_030_beicicc_inline_full\onnx\task004.onnx","SRC_KAGGLE_NOTEBOOK_BEICICC_6645","GOLF_20260608_031_beicicc_inline_396_mix","beicicc_inline_function_normalized","","","5884","","","true","medium","4","submit_inline_396_mix"
"task005","E:\kagglegolf\submissions\candidates\GOLF_20260608_030_beicicc_inline_full\onnx\task005.onnx","SRC_KAGGLE_NOTEBOOK_BEICICC_6645","GOLF_20260608_031_beicicc_inline_396_mix","beicicc_inline_function_normalized","","","21540","","","true","medium","5","submit_inline_396_mix"
"task006","E:\kagglegolf\submissions\candidates\GOLF_20260608_030_beicicc_inline_full\onnx\task006.onnx","SRC_KAGGLE_NOTEBOOK_BEICICC_6645","GOLF_20260608_031_beicicc_inline_396_mix","beicicc_inline_function_normalized","","","1614","","","true","medium","6","submit_inline_396_mix"
"task007","E:\kagglegolf\submissions\candidates\GOLF_20260608_030_beicicc_inline_full\onnx\task007.onnx","SRC_KAGGLE_NOTEBOOK_BEICICC_6645","GOLF_20260608_031_beicicc_inline_396_mix","beicicc_inline_function_normalized","","","2182","","","true","medium","7","submit_inline_396_mix"
"task008","E:\kagglegolf\submissions\candidates\GOLF_20260608_030_beicicc_inline_full\onnx\task008.onnx","SRC_KAGGLE_NOTEBOOK_BEICICC_6645","GOLF_20260608_031_beicicc_inline_396_mix","beicicc_inline_function_normalized","","","132594","","","true","medium","8","submit_inline_396_mix"
"task009","E:\kagglegolf\submissions\candidates\GOLF_20260608_030_beicicc_inline_full\onnx\task009.onnx","SRC_KAGGLE_NOTEBOOK_BEICICC_6645","GOLF_20260608_031_beicicc_inline_396_mix","beicicc_inline_function_normalized","","","32090","","","true","medium","9","submit_inline_396_mix"
"task010","E:\kagglegolf\submissions\candidates\GOLF_20260608_030_beicicc_inline_full\onnx\task010.onnx","SRC_KAGGLE_NOTEBOOK_BEICICC_6645","GOLF_20260608_031_beicicc_inline_396_mix","beicicc_inline_function_normalized","","","8747","","","true","medium","10","submit_inline_396_mix"
"task011","E:\kagglegolf\submissions\candidates\GOLF_20260608_030_beicicc_inline_full\onnx\task011.onnx","SRC_KAGGLE_NOTEBOOK_BEICICC_6645","GOLF_20260608_031_beicicc_inline_396_mix","beicicc_inline_function_normalized","","","10404","","","true","medium","11","submit_inline_396_mix"
"task012","E:\kagglegolf\submissions\candidates\GOLF_20260608_030_beicicc_inline_full\onnx\task012.onnx","SRC_KAGGLE_NOTEBOOK_BEICICC_6645","GOLF_20260608_031_beicicc_inline_396_mix","beicicc_inline_function_normalized","","","2645","","","true","medium","12","submit_inline_396_mix"
"task013","E:\kagglegolf\submissions\candidates\GOLF_20260608_030_beicicc_inline_full\onnx\task013.onnx","SRC_KAGGLE_NOTEBOOK_BEICICC_6645","GOLF_20260608_031_beicicc_inline_396_mix","beicicc_inline_function_normalized","","","7913","","","true","medium","13","submit_inline_396_mix"
"task014","E:\kagglegolf\submissions\candidates\GOLF_20260608_030_beicicc_inline_full\onnx\task014.onnx","SRC_KAGGLE_NOTEBOOK_BEICICC_6645","GOLF_20260608_031_beicicc_inline_396_mix","beicicc_inline_function_normalized","","","6274","","","true","medium","14","submit_inline_396_mix"
"task015","E:\kagglegolf\submissions\candidates\GOLF_20260608_030_beicicc_inline_full\onnx\task015.onnx","SRC_KAGGLE_NOTEBOOK_BEICICC_6645","GOLF_20260608_031_beicicc_inline_396_mix","beicicc_inline_function_normalized","","","2375","","","true","medium","15","submit_inline_396_mix"
"task016","E:\kagglegolf\submissions\candidates\GOLF_20260608_030_beicicc_inline_full\onnx\task016.onnx","SRC_KAGGLE_NOTEBOOK_BEICICC_6645","GOLF_20260608_031_beicicc_inline_396_mix","beicicc_inline_function_normalized","","","223","","","true","medium","16","submit_inline_396_mix"
"task017","E:\kagglegolf\submissions\candidates\GOLF_20260608_030_beicicc_inline_full\onnx\task017.onnx","SRC_KAGGLE_NOTEBOOK_BEICICC_6645","GOLF_20260608_031_beicicc_inline_396_mix","beicicc_inline_function_normalized","","","36264","","","true","medium","17","submit_inline_396_mix"
"task018","E:\kagglegolf\submissions\candidates\GOLF_20260608_030_beicicc_inline_full\onnx\task018.onnx","SRC_KAGGLE_NOTEBOOK_BEICICC_6645","GOLF_20260608_031_beicicc_inline_396_mix","beicicc_inline_function_normalized","","","29665","","","true","medium","18","submit_inline_396_mix"
"task019","E:\kagglegolf\submissions\candidates\GOLF_20260608_030_beicicc_inline_full\onnx\task019.onnx","SRC_KAGGLE_NOTEBOOK_BEICICC_6645","GOLF_20260608_031_beicicc_inline_396_mix","beicicc_inline_function_normalized","","","5836","","","true","medium","19","submit_inline_396_mix"
"task020","E:\kagglegolf\submissions\candidates\GOLF_20260608_030_beicicc_inline_full\onnx\task020.onnx","SRC_KAGGLE_NOTEBOOK_BEICICC_6645","GOLF_20260608_031_beicicc_inline_396_mix","beicicc_inline_function_normalized","","","10136","","","true","medium","20","submit_inline_396_mix"
"task021","E:\kagglegolf\submissions\candidates\GOLF_20260608_030_beicicc_inline_full\onnx\task021.onnx","SRC_KAGGLE_NOTEBOOK_BEICICC_6645","GOLF_20260608_031_beicicc_inline_396_mix","beicicc_inline_function_normalized","","","83290","","","true","medium","21","submit_inline_396_mix"
"task022","E:\kagglegolf\submissions\candidates\GOLF_20260608_030_beicicc_inline_full\onnx\task022.onnx","SRC_KAGGLE_NOTEBOOK_BEICICC_6645","GOLF_20260608_031_beicicc_inline_396_mix","beicicc_inline_function_normalized","","","60713","","","true","medium","22","submit_inline_396_mix"
"task023","E:\kagglegolf\submissions\candidates\GOLF_20260608_030_beicicc_inline_full\onnx\task023.onnx","SRC_KAGGLE_NOTEBOOK_BEICICC_6645","GOLF_20260608_031_beicicc_inline_396_mix","beicicc_inline_function_normalized","","","3764","","","true","medium","23","submit_inline_396_mix"
"task024","E:\kagglegolf\submissions\candidates\GOLF_20260608_030_beicicc_inline_full\onnx\task024.onnx","SRC_KAGGLE_NOTEBOOK_BEICICC_6645","GOLF_20260608_031_beicicc_inline_396_mix","beicicc_inline_function_normalized","","","6565","","","true","medium","24","submit_inline_396_mix"
"task025","E:\kagglegolf\submissions\candidates\GOLF_20260608_030_beicicc_inline_full\onnx\task025.onnx","SRC_KAGGLE_NOTEBOOK_BEICICC_6645","GOLF_20260608_031_beicicc_inline_396_mix","beicicc_inline_function_normalized","","","62109","","","true","medium","25","submit_inline_396_mix"
"task026","E:\kagglegolf\submissions\candidates\GOLF_20260608_030_beicicc_inline_full\onnx\task026.onnx","SRC_KAGGLE_NOTEBOOK_BEICICC_6645","GOLF_20260608_031_beicicc_inline_396_mix","beicicc_inline_function_normalized","","","1551","","","true","medium","26","submit_inline_396_mix"
"task027","E:\kagglegolf\submissions\candidates\GOLF_20260608_030_beicicc_inline_full\onnx\task027.onnx","SRC_KAGGLE_NOTEBOOK_BEICICC_6645","GOLF_20260608_031_beicicc_inline_396_mix","beicicc_inline_function_normalized","","","32042","","","true","medium","27","submit_inline_396_mix"
"task028","E:\kagglegolf\submissions\candidates\GOLF_20260608_030_beicicc_inline_full\onnx\task028.onnx","SRC_KAGGLE_NOTEBOOK_BEICICC_6645","GOLF_20260608_031_beicicc_inline_396_mix","beicicc_inline_function_normalized","","","3838","","","true","medium","28","submit_inline_396_mix"
"task029","E:\kagglegolf\submissions\candidates\GOLF_20260608_030_beicicc_inline_full\onnx\task029.onnx","SRC_KAGGLE_NOTEBOOK_BEICICC_6645","GOLF_20260608_031_beicicc_inline_396_mix","beicicc_inline_function_normalized","","","14289","","","true","medium","29","submit_inline_396_mix"
"task030","E:\kagglegolf\submissions\candidates\GOLF_20260608_030_beicicc_inline_full\onnx\task030.onnx","SRC_KAGGLE_NOTEBOOK_BEICICC_6645","GOLF_20260608_031_beicicc_inline_396_mix","beicicc_inline_function_normalized","","","5960","","","true","medium","30","submit_inline_396_mix"
"task031","E:\kagglegolf\submissions\candidates\GOLF_20260608_030_beicicc_inline_full\onnx\task031.onnx","SRC_KAGGLE_NOTEBOOK_BEICICC_6645","GOLF_20260608_031_beicicc_inline_396_mix","beicicc_inline_function_normalized","","","4937","","","true","medium","31","submit_inline_396_mix"
"task032","E:\kagglegolf\submissions\candidates\GOLF_20260608_030_beicicc_inline_full\onnx\task032.onnx","SRC_KAGGLE_NOTEBOOK_BEICICC_6645","GOLF_20260608_031_beicicc_inline_396_mix","beicicc_inline_function_normalized","","","3379","","","true","medium","32","submit_inline_396_mix"
"task033","E:\kagglegolf\submissions\candidates\GOLF_20260608_030_beicicc_inline_full\onnx\task033.onnx","SRC_KAGGLE_NOTEBOOK_BEICICC_6645","GOLF_20260608_031_beicicc_inline_396_mix","beicicc_inline_function_normalized","","","1942","","","true","medium","33","submit_inline_396_mix"
"task034","E:\kagglegolf\submissions\candidates\GOLF_20260608_030_beicicc_inline_full\onnx\task034.onnx","SRC_KAGGLE_NOTEBOOK_BEICICC_6645","GOLF_20260608_031_beicicc_inline_396_mix","beicicc_inline_function_normalized","","","12755","","","true","medium","34","submit_inline_396_mix"
"task035","E:\kagglegolf\submissions\candidates\GOLF_20260608_030_beicicc_inline_full\onnx\task035.onnx","SRC_KAGGLE_NOTEBOOK_BEICICC_6645","GOLF_20260608_031_beicicc_inline_396_mix","beicicc_inline_function_normalized","","","15867","","","true","medium","35","submit_inline_396_mix"
"task036","E:\kagglegolf\submissions\candidates\GOLF_20260608_030_beicicc_inline_full\onnx\task036.onnx","SRC_KAGGLE_NOTEBOOK_BEICICC_6645","GOLF_20260608_031_beicicc_inline_396_mix","beicicc_inline_function_normalized","","","8177","","","true","medium","36","submit_inline_396_mix"
"task038","E:\kagglegolf\submissions\candidates\GOLF_20260608_030_beicicc_inline_full\onnx\task038.onnx","SRC_KAGGLE_NOTEBOOK_BEICICC_6645","GOLF_20260608_031_beicicc_inline_396_mix","beicicc_inline_function_normalized","","","2473","","","true","medium","37","submit_inline_396_mix"
"task039","E:\kagglegolf\submissions\candidates\GOLF_20260608_030_beicicc_inline_full\onnx\task039.onnx","SRC_KAGGLE_NOTEBOOK_BEICICC_6645","GOLF_20260608_031_beicicc_inline_396_mix","beicicc_inline_function_normalized","","","21536","","","true","medium","38","submit_inline_396_mix"
"task040","E:\kagglegolf\submissions\candidates\GOLF_20260608_030_beicicc_inline_full\onnx\task040.onnx","SRC_KAGGLE_NOTEBOOK_BEICICC_6645","GOLF_20260608_031_beicicc_inline_396_mix","beicicc_inline_function_normalized","","","7499","","","true","medium","39","submit_inline_396_mix"
"task041","E:\kagglegolf\submissions\candidates\GOLF_20260608_030_beicicc_inline_full\onnx\task041.onnx","SRC_KAGGLE_NOTEBOOK_BEICICC_6645","GOLF_20260608_031_beicicc_inline_396_mix","beicicc_inline_function_normalized","","","62851","","","true","medium","40","submit_inline_396_mix"
"task042","E:\kagglegolf\submissions\candidates\GOLF_20260608_030_beicicc_inline_full\onnx\task042.onnx","SRC_KAGGLE_NOTEBOOK_BEICICC_6645","GOLF_20260608_031_beicicc_inline_396_mix","beicicc_inline_function_normalized","","","15173","","","true","medium","41","submit_inline_396_mix"
"task043","E:\kagglegolf\submissions\candidates\GOLF_20260608_030_beicicc_inline_full\onnx\task043.onnx","SRC_KAGGLE_NOTEBOOK_BEICICC_6645","GOLF_20260608_031_beicicc_inline_396_mix","beicicc_inline_function_normalized","","","1184","","","true","medium","42","submit_inline_396_mix"
"task044","E:\kagglegolf\submissions\candidates\GOLF_20260608_030_beicicc_inline_full\onnx\task044.onnx","SRC_KAGGLE_NOTEBOOK_BEICICC_6645","GOLF_20260608_031_beicicc_inline_396_mix","beicicc_inline_function_normalized","","","26288","","","true","medium","43","submit_inline_396_mix"
"task045","E:\kagglegolf\submissions\candidates\GOLF_20260608_030_beicicc_inline_full\onnx\task045.onnx","SRC_KAGGLE_NOTEBOOK_BEICICC_6645","GOLF_20260608_031_beicicc_inline_396_mix","beicicc_inline_function_normalized","","","1858","","","true","medium","44","submit_inline_396_mix"
"task046","E:\kagglegolf\submissions\candidates\GOLF_20260608_030_beicicc_inline_full\onnx\task046.onnx","SRC_KAGGLE_NOTEBOOK_BEICICC_6645","GOLF_20260608_031_beicicc_inline_396_mix","beicicc_inline_function_normalized","","","12244","","","true","medium","45","submit_inline_396_mix"
"task047","E:\kagglegolf\submissions\candidates\GOLF_20260608_030_beicicc_inline_full\onnx\task047.onnx","SRC_KAGGLE_NOTEBOOK_BEICICC_6645","GOLF_20260608_031_beicicc_inline_396_mix","beicicc_inline_function_normalized","","","2423","","","true","medium","46","submit_inline_396_mix"
"task048","E:\kagglegolf\submissions\candidates\GOLF_20260608_030_beicicc_inline_full\onnx\task048.onnx","SRC_KAGGLE_NOTEBOOK_BEICICC_6645","GOLF_20260608_031_beicicc_inline_396_mix","beicicc_inline_function_normalized","","","79733","","","true","medium","47","submit_inline_396_mix"
"task049","E:\kagglegolf\submissions\candidates\GOLF_20260608_030_beicicc_inline_full\onnx\task049.onnx","SRC_KAGGLE_NOTEBOOK_BEICICC_6645","GOLF_20260608_031_beicicc_inline_396_mix","beicicc_inline_function_normalized","","","4509","","","true","medium","48","submit_inline_396_mix"
"task050","E:\kagglegolf\submissions\candidates\GOLF_20260608_030_beicicc_inline_full\onnx\task050.onnx","SRC_KAGGLE_NOTEBOOK_BEICICC_6645","GOLF_20260608_031_beicicc_inline_396_mix","beicicc_inline_function_normalized","","","2033","","","true","medium","49","submit_inline_396_mix"
"task051","E:\kagglegolf\submissions\candidates\GOLF_20260608_030_beicicc_inline_full\onnx\task051.onnx","SRC_KAGGLE_NOTEBOOK_BEICICC_6645","GOLF_20260608_031_beicicc_inline_396_mix","beicicc_inline_function_normalized","","","11070","","","true","medium","50","submit_inline_396_mix"
"task052","E:\kagglegolf\submissions\candidates\GOLF_20260608_030_beicicc_inline_full\onnx\task052.onnx","SRC_KAGGLE_NOTEBOOK_BEICICC_6645","GOLF_20260608_031_beicicc_inline_396_mix","beicicc_inline_function_normalized","","","1251","","","true","medium","51","submit_inline_396_mix"
"task053","E:\kagglegolf\submissions\candidates\GOLF_20260608_030_beicicc_inline_full\onnx\task053.onnx","SRC_KAGGLE_NOTEBOOK_BEICICC_6645","GOLF_20260608_031_beicicc_inline_396_mix","beicicc_inline_function_normalized","","","243","","","true","medium","52","submit_inline_396_mix"
"task054","E:\kagglegolf\submissions\candidates\GOLF_20260608_030_beicicc_inline_full\onnx\task054.onnx","SRC_KAGGLE_NOTEBOOK_BEICICC_6645","GOLF_20260608_031_beicicc_inline_396_mix","beicicc_inline_function_normalized","","","14107","","","true","medium","53","submit_inline_396_mix"
"task055","E:\kagglegolf\submissions\candidates\GOLF_20260608_030_beicicc_inline_full\onnx\task055.onnx","SRC_KAGGLE_NOTEBOOK_BEICICC_6645","GOLF_20260608_031_beicicc_inline_396_mix","beicicc_inline_function_normalized","","","27002","","","true","medium","54","submit_inline_396_mix"
"task056","E:\kagglegolf\submissions\candidates\GOLF_20260608_030_beicicc_inline_full\onnx\task056.onnx","SRC_KAGGLE_NOTEBOOK_BEICICC_6645","GOLF_20260608_031_beicicc_inline_396_mix","beicicc_inline_function_normalized","","","10191","","","true","medium","55","submit_inline_396_mix"
"task057","E:\kagglegolf\submissions\candidates\GOLF_20260608_030_beicicc_inline_full\onnx\task057.onnx","SRC_KAGGLE_NOTEBOOK_BEICICC_6645","GOLF_20260608_031_beicicc_inline_396_mix","beicicc_inline_function_normalized","","","1974","","","true","medium","56","submit_inline_396_mix"
"task058","E:\kagglegolf\submissions\candidates\GOLF_20260608_030_beicicc_inline_full\onnx\task058.onnx","SRC_KAGGLE_NOTEBOOK_BEICICC_6645","GOLF_20260608_031_beicicc_inline_396_mix","beicicc_inline_function_normalized","","","62439","","","true","medium","57","submit_inline_396_mix"
"task059","E:\kagglegolf\submissions\candidates\GOLF_20260608_030_beicicc_inline_full\onnx\task059.onnx","SRC_KAGGLE_NOTEBOOK_BEICICC_6645","GOLF_20260608_031_beicicc_inline_396_mix","beicicc_inline_function_normalized","","","75448","","","true","medium","58","submit_inline_396_mix"
"task060","E:\kagglegolf\submissions\candidates\GOLF_20260608_030_beicicc_inline_full\onnx\task060.onnx","SRC_KAGGLE_NOTEBOOK_BEICICC_6645","GOLF_20260608_031_beicicc_inline_396_mix","beicicc_inline_function_normalized","","","31661","","","true","medium","59","submit_inline_396_mix"
"task062","E:\kagglegolf\submissions\candidates\GOLF_20260608_030_beicicc_inline_full\onnx\task062.onnx","SRC_KAGGLE_NOTEBOOK_BEICICC_6645","GOLF_20260608_031_beicicc_inline_396_mix","beicicc_inline_function_normalized","","","16462","","","true","medium","60","submit_inline_396_mix"
"task063","E:\kagglegolf\submissions\candidates\GOLF_20260608_030_beicicc_inline_full\onnx\task063.onnx","SRC_KAGGLE_NOTEBOOK_BEICICC_6645","GOLF_20260608_031_beicicc_inline_396_mix","beicicc_inline_function_normalized","","","2197","","","true","medium","61","submit_inline_396_mix"
"task064","E:\kagglegolf\submissions\candidates\GOLF_20260608_030_beicicc_inline_full\onnx\task064.onnx","SRC_KAGGLE_NOTEBOOK_BEICICC_6645","GOLF_20260608_031_beicicc_inline_396_mix","beicicc_inline_function_normalized","","","6372","","","true","medium","62","submit_inline_396_mix"
"task065","E:\kagglegolf\submissions\candidates\GOLF_20260608_030_beicicc_inline_full\onnx\task065.onnx","SRC_KAGGLE_NOTEBOOK_BEICICC_6645","GOLF_20260608_031_beicicc_inline_396_mix","beicicc_inline_function_normalized","","","4337","","","true","medium","63","submit_inline_396_mix"
"task066","E:\kagglegolf\submissions\candidates\GOLF_20260608_030_beicicc_inline_full\onnx\task066.onnx","SRC_KAGGLE_NOTEBOOK_BEICICC_6645","GOLF_20260608_031_beicicc_inline_396_mix","beicicc_inline_function_normalized","","","25344","","","true","medium","64","submit_inline_396_mix"
"task067","E:\kagglegolf\submissions\candidates\GOLF_20260608_030_beicicc_inline_full\onnx\task067.onnx","SRC_KAGGLE_NOTEBOOK_BEICICC_6645","GOLF_20260608_031_beicicc_inline_396_mix","beicicc_inline_function_normalized","","","1147","","","true","medium","65","submit_inline_396_mix"
"task068","E:\kagglegolf\submissions\candidates\GOLF_20260608_030_beicicc_inline_full\onnx\task068.onnx","SRC_KAGGLE_NOTEBOOK_BEICICC_6645","GOLF_20260608_031_beicicc_inline_396_mix","beicicc_inline_function_normalized","","","4206","","","true","medium","66","submit_inline_396_mix"
"task069","E:\kagglegolf\submissions\candidates\GOLF_20260608_030_beicicc_inline_full\onnx\task069.onnx","SRC_KAGGLE_NOTEBOOK_BEICICC_6645","GOLF_20260608_031_beicicc_inline_396_mix","beicicc_inline_function_normalized","","","53148","","","true","medium","67","submit_inline_396_mix"
"task070","E:\kagglegolf\submissions\candidates\GOLF_20260608_030_beicicc_inline_full\onnx\task070.onnx","SRC_KAGGLE_NOTEBOOK_BEICICC_6645","GOLF_20260608_031_beicicc_inline_396_mix","beicicc_inline_function_normalized","","","7235","","","true","medium","68","submit_inline_396_mix"
"task071","E:\kagglegolf\submissions\candidates\GOLF_20260608_030_beicicc_inline_full\onnx\task071.onnx","SRC_KAGGLE_NOTEBOOK_BEICICC_6645","GOLF_20260608_031_beicicc_inline_396_mix","beicicc_inline_function_normalized","","","6720","","","true","medium","69","submit_inline_396_mix"
"task072","E:\kagglegolf\submissions\candidates\GOLF_20260608_030_beicicc_inline_full\onnx\task072.onnx","SRC_KAGGLE_NOTEBOOK_BEICICC_6645","GOLF_20260608_031_beicicc_inline_396_mix","beicicc_inline_function_normalized","","","1623","","","true","medium","70","submit_inline_396_mix"
"task073","E:\kagglegolf\submissions\candidates\GOLF_20260608_030_beicicc_inline_full\onnx\task073.onnx","SRC_KAGGLE_NOTEBOOK_BEICICC_6645","GOLF_20260608_031_beicicc_inline_396_mix","beicicc_inline_function_normalized","","","2339","","","true","medium","71","submit_inline_396_mix"
"task074","E:\kagglegolf\submissions\candidates\GOLF_20260608_030_beicicc_inline_full\onnx\task074.onnx","SRC_KAGGLE_NOTEBOOK_BEICICC_6645","GOLF_20260608_031_beicicc_inline_396_mix","beicicc_inline_function_normalized","","","2456","","","true","medium","72","submit_inline_396_mix"
"task075","E:\kagglegolf\submissions\candidates\GOLF_20260608_030_beicicc_inline_full\onnx\task075.onnx","SRC_KAGGLE_NOTEBOOK_BEICICC_6645","GOLF_20260608_031_beicicc_inline_396_mix","beicicc_inline_function_normalized","","","9237","","","true","medium","73","submit_inline_396_mix"
"task076","E:\kagglegolf\submissions\candidates\GOLF_20260608_030_beicicc_inline_full\onnx\task076.onnx","SRC_KAGGLE_NOTEBOOK_BEICICC_6645","GOLF_20260608_031_beicicc_inline_396_mix","beicicc_inline_function_normalized","","","21250","","","true","medium","74","submit_inline_396_mix"
"task077","E:\kagglegolf\submissions\candidates\GOLF_20260608_030_beicicc_inline_full\onnx\task077.onnx","SRC_KAGGLE_NOTEBOOK_BEICICC_6645","GOLF_20260608_031_beicicc_inline_396_mix","beicicc_inline_function_normalized","","","11451","","","true","medium","75","submit_inline_396_mix"
"task078","E:\kagglegolf\submissions\candidates\GOLF_20260608_030_beicicc_inline_full\onnx\task078.onnx","SRC_KAGGLE_NOTEBOOK_BEICICC_6645","GOLF_20260608_031_beicicc_inline_396_mix","beicicc_inline_function_normalized","","","3925","","","true","medium","76","submit_inline_396_mix"
"task079","E:\kagglegolf\submissions\candidates\GOLF_20260608_030_beicicc_inline_full\onnx\task079.onnx","SRC_KAGGLE_NOTEBOOK_BEICICC_6645","GOLF_20260608_031_beicicc_inline_396_mix","beicicc_inline_function_normalized","","","3499","","","true","medium","77","submit_inline_396_mix"
"task080","E:\kagglegolf\submissions\candidates\GOLF_20260608_030_beicicc_inline_full\onnx\task080.onnx","SRC_KAGGLE_NOTEBOOK_BEICICC_6645","GOLF_20260608_031_beicicc_inline_396_mix","beicicc_inline_function_normalized","","","33734","","","true","medium","78","submit_inline_396_mix"
"task081","E:\kagglegolf\submissions\candidates\GOLF_20260608_030_beicicc_inline_full\onnx\task081.onnx","SRC_KAGGLE_NOTEBOOK_BEICICC_6645","GOLF_20260608_031_beicicc_inline_396_mix","beicicc_inline_function_normalized","","","2688","","","true","medium","79","submit_inline_396_mix"
"task082","E:\kagglegolf\submissions\candidates\GOLF_20260608_030_beicicc_inline_full\onnx\task082.onnx","SRC_KAGGLE_NOTEBOOK_BEICICC_6645","GOLF_20260608_031_beicicc_inline_396_mix","beicicc_inline_function_normalized","","","3907","","","true","medium","80","submit_inline_396_mix"
"task083","E:\kagglegolf\submissions\candidates\GOLF_20260608_030_beicicc_inline_full\onnx\task083.onnx","SRC_KAGGLE_NOTEBOOK_BEICICC_6645","GOLF_20260608_031_beicicc_inline_396_mix","beicicc_inline_function_normalized","","","923","","","true","medium","81","submit_inline_396_mix"
"task084","E:\kagglegolf\submissions\candidates\GOLF_20260608_030_beicicc_inline_full\onnx\task084.onnx","SRC_KAGGLE_NOTEBOOK_BEICICC_6645","GOLF_20260608_031_beicicc_inline_396_mix","beicicc_inline_function_normalized","","","5807","","","true","medium","82","submit_inline_396_mix"
"task085","E:\kagglegolf\submissions\candidates\GOLF_20260608_030_beicicc_inline_full\onnx\task085.onnx","SRC_KAGGLE_NOTEBOOK_BEICICC_6645","GOLF_20260608_031_beicicc_inline_396_mix","beicicc_inline_function_normalized","","","2593","","","true","medium","83","submit_inline_396_mix"
"task086","E:\kagglegolf\submissions\candidates\GOLF_20260608_030_beicicc_inline_full\onnx\task086.onnx","SRC_KAGGLE_NOTEBOOK_BEICICC_6645","GOLF_20260608_031_beicicc_inline_396_mix","beicicc_inline_function_normalized","","","6266","","","true","medium","84","submit_inline_396_mix"
"task087","E:\kagglegolf\submissions\candidates\GOLF_20260608_030_beicicc_inline_full\onnx\task087.onnx","SRC_KAGGLE_NOTEBOOK_BEICICC_6645","GOLF_20260608_031_beicicc_inline_396_mix","beicicc_inline_function_normalized","","","611","","","true","medium","85","submit_inline_396_mix"
"task088","E:\kagglegolf\submissions\candidates\GOLF_20260608_030_beicicc_inline_full\onnx\task088.onnx","SRC_KAGGLE_NOTEBOOK_BEICICC_6645","GOLF_20260608_031_beicicc_inline_396_mix","beicicc_inline_function_normalized","","","21349","","","true","medium","86","submit_inline_396_mix"
"task089","E:\kagglegolf\submissions\candidates\GOLF_20260608_030_beicicc_inline_full\onnx\task089.onnx","SRC_KAGGLE_NOTEBOOK_BEICICC_6645","GOLF_20260608_031_beicicc_inline_396_mix","beicicc_inline_function_normalized","","","184536","","","true","medium","87","submit_inline_396_mix"
"task090","E:\kagglegolf\submissions\candidates\GOLF_20260608_030_beicicc_inline_full\onnx\task090.onnx","SRC_KAGGLE_NOTEBOOK_BEICICC_6645","GOLF_20260608_031_beicicc_inline_396_mix","beicicc_inline_function_normalized","","","28399","","","true","medium","88","submit_inline_396_mix"
"task091","E:\kagglegolf\submissions\candidates\GOLF_20260608_030_beicicc_inline_full\onnx\task091.onnx","SRC_KAGGLE_NOTEBOOK_BEICICC_6645","GOLF_20260608_031_beicicc_inline_396_mix","beicicc_inline_function_normalized","","","5763","","","true","medium","89","submit_inline_396_mix"
"task092","E:\kagglegolf\submissions\candidates\GOLF_20260608_030_beicicc_inline_full\onnx\task092.onnx","SRC_KAGGLE_NOTEBOOK_BEICICC_6645","GOLF_20260608_031_beicicc_inline_396_mix","beicicc_inline_function_normalized","","","2049","","","true","medium","90","submit_inline_396_mix"
"task093","E:\kagglegolf\submissions\candidates\GOLF_20260608_030_beicicc_inline_full\onnx\task093.onnx","SRC_KAGGLE_NOTEBOOK_BEICICC_6645","GOLF_20260608_031_beicicc_inline_396_mix","beicicc_inline_function_normalized","","","7025","","","true","medium","91","submit_inline_396_mix"
"task094","E:\kagglegolf\submissions\candidates\GOLF_20260608_030_beicicc_inline_full\onnx\task094.onnx","SRC_KAGGLE_NOTEBOOK_BEICICC_6645","GOLF_20260608_031_beicicc_inline_396_mix","beicicc_inline_function_normalized","","","4434","","","true","medium","92","submit_inline_396_mix"
"task095","E:\kagglegolf\submissions\candidates\GOLF_20260608_030_beicicc_inline_full\onnx\task095.onnx","SRC_KAGGLE_NOTEBOOK_BEICICC_6645","GOLF_20260608_031_beicicc_inline_396_mix","beicicc_inline_function_normalized","","","729","","","true","medium","93","submit_inline_396_mix"
"task096","E:\kagglegolf\submissions\candidates\GOLF_20260608_030_beicicc_inline_full\onnx\task096.onnx","SRC_KAGGLE_NOTEBOOK_BEICICC_6645","GOLF_20260608_031_beicicc_inline_396_mix","beicicc_inline_function_normalized","","","20986","","","true","medium","94","submit_inline_396_mix"
"task097","E:\kagglegolf\submissions\candidates\GOLF_20260608_030_beicicc_inline_full\onnx\task097.onnx","SRC_KAGGLE_NOTEBOOK_BEICICC_6645","GOLF_20260608_031_beicicc_inline_396_mix","beicicc_inline_function_normalized","","","3984","","","true","medium","95","submit_inline_396_mix"
"task098","E:\kagglegolf\submissions\candidates\GOLF_20260608_030_beicicc_inline_full\onnx\task098.onnx","SRC_KAGGLE_NOTEBOOK_BEICICC_6645","GOLF_20260608_031_beicicc_inline_396_mix","beicicc_inline_function_normalized","","","1253","","","true","medium","96","submit_inline_396_mix"
"task099","E:\kagglegolf\submissions\candidates\GOLF_20260608_030_beicicc_inline_full\onnx\task099.onnx","SRC_KAGGLE_NOTEBOOK_BEICICC_6645","GOLF_20260608_031_beicicc_inline_396_mix","beicicc_inline_function_normalized","","","8904","","","true","medium","97","submit_inline_396_mix"
"task100","E:\kagglegolf\submissions\candidates\GOLF_20260608_030_beicicc_inline_full\onnx\task100.onnx","SRC_KAGGLE_NOTEBOOK_BEICICC_6645","GOLF_20260608_031_beicicc_inline_396_mix","beicicc_inline_function_normalized","","","5697","","","true","medium","98","submit_inline_396_mix"
"task101","E:\kagglegolf\submissions\candidates\GOLF_20260608_030_beicicc_inline_full\onnx\task101.onnx","SRC_KAGGLE_NOTEBOOK_BEICICC_6645","GOLF_20260608_031_beicicc_inline_396_mix","beicicc_inline_function_normalized","","","34866","","","true","medium","99","submit_inline_396_mix"
"task102","E:\kagglegolf\submissions\candidates\GOLF_20260608_030_beicicc_inline_full\onnx\task102.onnx","SRC_KAGGLE_NOTEBOOK_BEICICC_6645","GOLF_20260608_031_beicicc_inline_396_mix","beicicc_inline_function_normalized","","","7334","","","true","medium","100","submit_inline_396_mix"
"task104","E:\kagglegolf\submissions\candidates\GOLF_20260608_030_beicicc_inline_full\onnx\task104.onnx","SRC_KAGGLE_NOTEBOOK_BEICICC_6645","GOLF_20260608_031_beicicc_inline_396_mix","beicicc_inline_function_normalized","","","8058","","","true","medium","101","submit_inline_396_mix"
"task105","E:\kagglegolf\submissions\candidates\GOLF_20260608_030_beicicc_inline_full\onnx\task105.onnx","SRC_KAGGLE_NOTEBOOK_BEICICC_6645","GOLF_20260608_031_beicicc_inline_396_mix","beicicc_inline_function_normalized","","","37178","","","true","medium","102","submit_inline_396_mix"
"task106","E:\kagglegolf\submissions\candidates\GOLF_20260608_030_beicicc_inline_full\onnx\task106.onnx","SRC_KAGGLE_NOTEBOOK_BEICICC_6645","GOLF_20260608_031_beicicc_inline_396_mix","beicicc_inline_function_normalized","","","24714","","","true","medium","103","submit_inline_396_mix"
"task107","E:\kagglegolf\submissions\candidates\GOLF_20260608_030_beicicc_inline_full\onnx\task107.onnx","SRC_KAGGLE_NOTEBOOK_BEICICC_6645","GOLF_20260608_031_beicicc_inline_396_mix","beicicc_inline_function_normalized","","","61620","","","true","medium","104","submit_inline_396_mix"
"task108","E:\kagglegolf\submissions\candidates\GOLF_20260608_030_beicicc_inline_full\onnx\task108.onnx","SRC_KAGGLE_NOTEBOOK_BEICICC_6645","GOLF_20260608_031_beicicc_inline_396_mix","beicicc_inline_function_normalized","","","4047","","","true","medium","105","submit_inline_396_mix"
"task109","E:\kagglegolf\submissions\candidates\GOLF_20260608_030_beicicc_inline_full\onnx\task109.onnx","SRC_KAGGLE_NOTEBOOK_BEICICC_6645","GOLF_20260608_031_beicicc_inline_396_mix","beicicc_inline_function_normalized","","","5096","","","true","medium","106","submit_inline_396_mix"
"task110","E:\kagglegolf\submissions\candidates\GOLF_20260608_030_beicicc_inline_full\onnx\task110.onnx","SRC_KAGGLE_NOTEBOOK_BEICICC_6645","GOLF_20260608_031_beicicc_inline_396_mix","beicicc_inline_function_normalized","","","28724","","","true","medium","107","submit_inline_396_mix"
"task111","E:\kagglegolf\submissions\candidates\GOLF_20260608_030_beicicc_inline_full\onnx\task111.onnx","SRC_KAGGLE_NOTEBOOK_BEICICC_6645","GOLF_20260608_031_beicicc_inline_396_mix","beicicc_inline_function_normalized","","","21446","","","true","medium","108","submit_inline_396_mix"
"task112","E:\kagglegolf\submissions\candidates\GOLF_20260608_030_beicicc_inline_full\onnx\task112.onnx","SRC_KAGGLE_NOTEBOOK_BEICICC_6645","GOLF_20260608_031_beicicc_inline_396_mix","beicicc_inline_function_normalized","","","5487","","","true","medium","109","submit_inline_396_mix"
"task113","E:\kagglegolf\submissions\candidates\GOLF_20260608_030_beicicc_inline_full\onnx\task113.onnx","SRC_KAGGLE_NOTEBOOK_BEICICC_6645","GOLF_20260608_031_beicicc_inline_396_mix","beicicc_inline_function_normalized","","","3957","","","true","medium","110","submit_inline_396_mix"
"task114","E:\kagglegolf\submissions\candidates\GOLF_20260608_030_beicicc_inline_full\onnx\task114.onnx","SRC_KAGGLE_NOTEBOOK_BEICICC_6645","GOLF_20260608_031_beicicc_inline_396_mix","beicicc_inline_function_normalized","","","3193","","","true","medium","111","submit_inline_396_mix"
"task115","E:\kagglegolf\submissions\candidates\GOLF_20260608_030_beicicc_inline_full\onnx\task115.onnx","SRC_KAGGLE_NOTEBOOK_BEICICC_6645","GOLF_20260608_031_beicicc_inline_396_mix","beicicc_inline_function_normalized","","","6908","","","true","medium","112","submit_inline_396_mix"
"task116","E:\kagglegolf\submissions\candidates\GOLF_20260608_030_beicicc_inline_full\onnx\task116.onnx","SRC_KAGGLE_NOTEBOOK_BEICICC_6645","GOLF_20260608_031_beicicc_inline_396_mix","beicicc_inline_function_normalized","","","741","","","true","medium","113","submit_inline_396_mix"
"task117","E:\kagglegolf\submissions\candidates\GOLF_20260608_030_beicicc_inline_full\onnx\task117.onnx","SRC_KAGGLE_NOTEBOOK_BEICICC_6645","GOLF_20260608_031_beicicc_inline_396_mix","beicicc_inline_function_normalized","","","30006","","","true","medium","114","submit_inline_396_mix"
"task118","E:\kagglegolf\submissions\candidates\GOLF_20260608_030_beicicc_inline_full\onnx\task118.onnx","SRC_KAGGLE_NOTEBOOK_BEICICC_6645","GOLF_20260608_031_beicicc_inline_396_mix","beicicc_inline_function_normalized","","","20197","","","true","medium","115","submit_inline_396_mix"
"task119","E:\kagglegolf\submissions\candidates\GOLF_20260608_030_beicicc_inline_full\onnx\task119.onnx","SRC_KAGGLE_NOTEBOOK_BEICICC_6645","GOLF_20260608_031_beicicc_inline_396_mix","beicicc_inline_function_normalized","","","72648","","","true","medium","116","submit_inline_396_mix"
"task120","E:\kagglegolf\submissions\candidates\GOLF_20260608_030_beicicc_inline_full\onnx\task120.onnx","SRC_KAGGLE_NOTEBOOK_BEICICC_6645","GOLF_20260608_031_beicicc_inline_396_mix","beicicc_inline_function_normalized","","","2397","","","true","medium","117","submit_inline_396_mix"
"task121","E:\kagglegolf\submissions\candidates\GOLF_20260608_030_beicicc_inline_full\onnx\task121.onnx","SRC_KAGGLE_NOTEBOOK_BEICICC_6645","GOLF_20260608_031_beicicc_inline_396_mix","beicicc_inline_function_normalized","","","3132","","","true","medium","118","submit_inline_396_mix"
"task122","E:\kagglegolf\submissions\candidates\GOLF_20260608_030_beicicc_inline_full\onnx\task122.onnx","SRC_KAGGLE_NOTEBOOK_BEICICC_6645","GOLF_20260608_031_beicicc_inline_396_mix","beicicc_inline_function_normalized","","","5287","","","true","medium","119","submit_inline_396_mix"
"task123","E:\kagglegolf\submissions\candidates\GOLF_20260608_030_beicicc_inline_full\onnx\task123.onnx","SRC_KAGGLE_NOTEBOOK_BEICICC_6645","GOLF_20260608_031_beicicc_inline_396_mix","beicicc_inline_function_normalized","","","9395","","","true","medium","120","submit_inline_396_mix"
"task124","E:\kagglegolf\submissions\candidates\GOLF_20260608_030_beicicc_inline_full\onnx\task124.onnx","SRC_KAGGLE_NOTEBOOK_BEICICC_6645","GOLF_20260608_031_beicicc_inline_396_mix","beicicc_inline_function_normalized","","","6755","","","true","medium","121","submit_inline_396_mix"
"task125","E:\kagglegolf\submissions\candidates\GOLF_20260608_030_beicicc_inline_full\onnx\task125.onnx","SRC_KAGGLE_NOTEBOOK_BEICICC_6645","GOLF_20260608_031_beicicc_inline_396_mix","beicicc_inline_function_normalized","","","5636","","","true","medium","122","submit_inline_396_mix"
"task126","E:\kagglegolf\submissions\candidates\GOLF_20260608_030_beicicc_inline_full\onnx\task126.onnx","SRC_KAGGLE_NOTEBOOK_BEICICC_6645","GOLF_20260608_031_beicicc_inline_396_mix","beicicc_inline_function_normalized","","","3668","","","true","medium","123","submit_inline_396_mix"
"task127","E:\kagglegolf\submissions\candidates\GOLF_20260608_030_beicicc_inline_full\onnx\task127.onnx","SRC_KAGGLE_NOTEBOOK_BEICICC_6645","GOLF_20260608_031_beicicc_inline_396_mix","beicicc_inline_function_normalized","","","3422","","","true","medium","124","submit_inline_396_mix"
"task128","E:\kagglegolf\submissions\candidates\GOLF_20260608_030_beicicc_inline_full\onnx\task128.onnx","SRC_KAGGLE_NOTEBOOK_BEICICC_6645","GOLF_20260608_031_beicicc_inline_396_mix","beicicc_inline_function_normalized","","","4246","","","true","medium","125","submit_inline_396_mix"
"task129","E:\kagglegolf\submissions\candidates\GOLF_20260608_030_beicicc_inline_full\onnx\task129.onnx","SRC_KAGGLE_NOTEBOOK_BEICICC_6645","GOLF_20260608_031_beicicc_inline_396_mix","beicicc_inline_function_normalized","","","4362","","","true","medium","126","submit_inline_396_mix"
"task130","E:\kagglegolf\submissions\candidates\GOLF_20260608_030_beicicc_inline_full\onnx\task130.onnx","SRC_KAGGLE_NOTEBOOK_BEICICC_6645","GOLF_20260608_031_beicicc_inline_396_mix","beicicc_inline_function_normalized","","","1670","","","true","medium","127","submit_inline_396_mix"
"task131","E:\kagglegolf\submissions\candidates\GOLF_20260608_030_beicicc_inline_full\onnx\task131.onnx","SRC_KAGGLE_NOTEBOOK_BEICICC_6645","GOLF_20260608_031_beicicc_inline_396_mix","beicicc_inline_function_normalized","","","18163","","","true","medium","128","submit_inline_396_mix"
"task132","E:\kagglegolf\submissions\candidates\GOLF_20260608_030_beicicc_inline_full\onnx\task132.onnx","SRC_KAGGLE_NOTEBOOK_BEICICC_6645","GOLF_20260608_031_beicicc_inline_396_mix","beicicc_inline_function_normalized","","","1988","","","true","medium","129","submit_inline_396_mix"
"task133","E:\kagglegolf\submissions\candidates\GOLF_20260608_030_beicicc_inline_full\onnx\task133.onnx","SRC_KAGGLE_NOTEBOOK_BEICICC_6645","GOLF_20260608_031_beicicc_inline_396_mix","beicicc_inline_function_normalized","","","190931","","","true","medium","130","submit_inline_396_mix"
"task134","E:\kagglegolf\submissions\candidates\GOLF_20260608_030_beicicc_inline_full\onnx\task134.onnx","SRC_KAGGLE_NOTEBOOK_BEICICC_6645","GOLF_20260608_031_beicicc_inline_396_mix","beicicc_inline_function_normalized","","","10317","","","true","medium","131","submit_inline_396_mix"
"task135","E:\kagglegolf\submissions\candidates\GOLF_20260608_030_beicicc_inline_full\onnx\task135.onnx","SRC_KAGGLE_NOTEBOOK_BEICICC_6645","GOLF_20260608_031_beicicc_inline_396_mix","beicicc_inline_function_normalized","","","453","","","true","medium","132","submit_inline_396_mix"
"task136","E:\kagglegolf\submissions\candidates\GOLF_20260608_030_beicicc_inline_full\onnx\task136.onnx","SRC_KAGGLE_NOTEBOOK_BEICICC_6645","GOLF_20260608_031_beicicc_inline_396_mix","beicicc_inline_function_normalized","","","7970","","","true","medium","133","submit_inline_396_mix"
"task137","E:\kagglegolf\submissions\candidates\GOLF_20260608_030_beicicc_inline_full\onnx\task137.onnx","SRC_KAGGLE_NOTEBOOK_BEICICC_6645","GOLF_20260608_031_beicicc_inline_396_mix","beicicc_inline_function_normalized","","","3771","","","true","medium","134","submit_inline_396_mix"
"task138","E:\kagglegolf\submissions\candidates\GOLF_20260608_030_beicicc_inline_full\onnx\task138.onnx","SRC_KAGGLE_NOTEBOOK_BEICICC_6645","GOLF_20260608_031_beicicc_inline_396_mix","beicicc_inline_function_normalized","","","18374","","","true","medium","135","submit_inline_396_mix"
"task139","E:\kagglegolf\submissions\candidates\GOLF_20260608_030_beicicc_inline_full\onnx\task139.onnx","SRC_KAGGLE_NOTEBOOK_BEICICC_6645","GOLF_20260608_031_beicicc_inline_396_mix","beicicc_inline_function_normalized","","","2816","","","true","medium","136","submit_inline_396_mix"
"task140","E:\kagglegolf\submissions\candidates\GOLF_20260608_030_beicicc_inline_full\onnx\task140.onnx","SRC_KAGGLE_NOTEBOOK_BEICICC_6645","GOLF_20260608_031_beicicc_inline_396_mix","beicicc_inline_function_normalized","","","611","","","true","medium","137","submit_inline_396_mix"
"task141","E:\kagglegolf\submissions\candidates\GOLF_20260608_030_beicicc_inline_full\onnx\task141.onnx","SRC_KAGGLE_NOTEBOOK_BEICICC_6645","GOLF_20260608_031_beicicc_inline_396_mix","beicicc_inline_function_normalized","","","18347","","","true","medium","138","submit_inline_396_mix"
"task142","E:\kagglegolf\submissions\candidates\GOLF_20260608_030_beicicc_inline_full\onnx\task142.onnx","SRC_KAGGLE_NOTEBOOK_BEICICC_6645","GOLF_20260608_031_beicicc_inline_396_mix","beicicc_inline_function_normalized","","","915","","","true","medium","139","submit_inline_396_mix"
"task143","E:\kagglegolf\submissions\candidates\GOLF_20260608_030_beicicc_inline_full\onnx\task143.onnx","SRC_KAGGLE_NOTEBOOK_BEICICC_6645","GOLF_20260608_031_beicicc_inline_396_mix","beicicc_inline_function_normalized","","","3235","","","true","medium","140","submit_inline_396_mix"
"task144","E:\kagglegolf\submissions\candidates\GOLF_20260608_030_beicicc_inline_full\onnx\task144.onnx","SRC_KAGGLE_NOTEBOOK_BEICICC_6645","GOLF_20260608_031_beicicc_inline_396_mix","beicicc_inline_function_normalized","","","1559","","","true","medium","141","submit_inline_396_mix"
"task145","E:\kagglegolf\submissions\candidates\GOLF_20260608_030_beicicc_inline_full\onnx\task145.onnx","SRC_KAGGLE_NOTEBOOK_BEICICC_6645","GOLF_20260608_031_beicicc_inline_396_mix","beicicc_inline_function_normalized","","","42563","","","true","medium","142","submit_inline_396_mix"
"task146","E:\kagglegolf\submissions\candidates\GOLF_20260608_030_beicicc_inline_full\onnx\task146.onnx","SRC_KAGGLE_NOTEBOOK_BEICICC_6645","GOLF_20260608_031_beicicc_inline_396_mix","beicicc_inline_function_normalized","","","1905","","","true","medium","143","submit_inline_396_mix"
"task147","E:\kagglegolf\submissions\candidates\GOLF_20260608_030_beicicc_inline_full\onnx\task147.onnx","SRC_KAGGLE_NOTEBOOK_BEICICC_6645","GOLF_20260608_031_beicicc_inline_396_mix","beicicc_inline_function_normalized","","","1949","","","true","medium","144","submit_inline_396_mix"
"task148","E:\kagglegolf\submissions\candidates\GOLF_20260608_030_beicicc_inline_full\onnx\task148.onnx","SRC_KAGGLE_NOTEBOOK_BEICICC_6645","GOLF_20260608_031_beicicc_inline_396_mix","beicicc_inline_function_normalized","","","15673","","","true","medium","145","submit_inline_396_mix"
"task149","E:\kagglegolf\submissions\candidates\GOLF_20260608_030_beicicc_inline_full\onnx\task149.onnx","SRC_KAGGLE_NOTEBOOK_BEICICC_6645","GOLF_20260608_031_beicicc_inline_396_mix","beicicc_inline_function_normalized","","","2009","","","true","medium","146","submit_inline_396_mix"
"task150","E:\kagglegolf\submissions\candidates\GOLF_20260608_030_beicicc_inline_full\onnx\task150.onnx","SRC_KAGGLE_NOTEBOOK_BEICICC_6645","GOLF_20260608_031_beicicc_inline_396_mix","beicicc_inline_function_normalized","","","16964","","","true","medium","147","submit_inline_396_mix"
"task151","E:\kagglegolf\submissions\candidates\GOLF_20260608_030_beicicc_inline_full\onnx\task151.onnx","SRC_KAGGLE_NOTEBOOK_BEICICC_6645","GOLF_20260608_031_beicicc_inline_396_mix","beicicc_inline_function_normalized","","","2680","","","true","medium","148","submit_inline_396_mix"
"task152","E:\kagglegolf\submissions\candidates\GOLF_20260608_030_beicicc_inline_full\onnx\task152.onnx","SRC_KAGGLE_NOTEBOOK_BEICICC_6645","GOLF_20260608_031_beicicc_inline_396_mix","beicicc_inline_function_normalized","","","915","","","true","medium","149","submit_inline_396_mix"
"task153","E:\kagglegolf\submissions\candidates\GOLF_20260608_030_beicicc_inline_full\onnx\task153.onnx","SRC_KAGGLE_NOTEBOOK_BEICICC_6645","GOLF_20260608_031_beicicc_inline_396_mix","beicicc_inline_function_normalized","","","6064","","","true","medium","150","submit_inline_396_mix"
"task154","E:\kagglegolf\submissions\candidates\GOLF_20260608_030_beicicc_inline_full\onnx\task154.onnx","SRC_KAGGLE_NOTEBOOK_BEICICC_6645","GOLF_20260608_031_beicicc_inline_396_mix","beicicc_inline_function_normalized","","","6135","","","true","medium","151","submit_inline_396_mix"
"task155","E:\kagglegolf\submissions\candidates\GOLF_20260608_030_beicicc_inline_full\onnx\task155.onnx","SRC_KAGGLE_NOTEBOOK_BEICICC_6645","GOLF_20260608_031_beicicc_inline_396_mix","beicicc_inline_function_normalized","","","16966","","","true","medium","152","submit_inline_396_mix"
"task156","E:\kagglegolf\submissions\candidates\GOLF_20260608_030_beicicc_inline_full\onnx\task156.onnx","SRC_KAGGLE_NOTEBOOK_BEICICC_6645","GOLF_20260608_031_beicicc_inline_396_mix","beicicc_inline_function_normalized","","","11738","","","true","medium","153","submit_inline_396_mix"
"task157","E:\kagglegolf\submissions\candidates\GOLF_20260608_030_beicicc_inline_full\onnx\task157.onnx","SRC_KAGGLE_NOTEBOOK_BEICICC_6645","GOLF_20260608_031_beicicc_inline_396_mix","beicicc_inline_function_normalized","","","51438","","","true","medium","154","submit_inline_396_mix"
"task158","E:\kagglegolf\submissions\candidates\GOLF_20260608_030_beicicc_inline_full\onnx\task158.onnx","SRC_KAGGLE_NOTEBOOK_BEICICC_6645","GOLF_20260608_031_beicicc_inline_396_mix","beicicc_inline_function_normalized","","","192720","","","true","medium","155","submit_inline_396_mix"
"task159","E:\kagglegolf\submissions\candidates\GOLF_20260608_030_beicicc_inline_full\onnx\task159.onnx","SRC_KAGGLE_NOTEBOOK_BEICICC_6645","GOLF_20260608_031_beicicc_inline_396_mix","beicicc_inline_function_normalized","","","22491","","","true","medium","156","submit_inline_396_mix"
"task160","E:\kagglegolf\submissions\candidates\GOLF_20260608_030_beicicc_inline_full\onnx\task160.onnx","SRC_KAGGLE_NOTEBOOK_BEICICC_6645","GOLF_20260608_031_beicicc_inline_396_mix","beicicc_inline_function_normalized","","","2793","","","true","medium","157","submit_inline_396_mix"
"task161","E:\kagglegolf\submissions\candidates\GOLF_20260608_030_beicicc_inline_full\onnx\task161.onnx","SRC_KAGGLE_NOTEBOOK_BEICICC_6645","GOLF_20260608_031_beicicc_inline_396_mix","beicicc_inline_function_normalized","","","4961","","","true","medium","158","submit_inline_396_mix"
"task162","E:\kagglegolf\submissions\candidates\GOLF_20260608_030_beicicc_inline_full\onnx\task162.onnx","SRC_KAGGLE_NOTEBOOK_BEICICC_6645","GOLF_20260608_031_beicicc_inline_396_mix","beicicc_inline_function_normalized","","","2501","","","true","medium","159","submit_inline_396_mix"
"task163","E:\kagglegolf\submissions\candidates\GOLF_20260608_030_beicicc_inline_full\onnx\task163.onnx","SRC_KAGGLE_NOTEBOOK_BEICICC_6645","GOLF_20260608_031_beicicc_inline_396_mix","beicicc_inline_function_normalized","","","16226","","","true","medium","160","submit_inline_396_mix"
"task164","E:\kagglegolf\submissions\candidates\GOLF_20260608_030_beicicc_inline_full\onnx\task164.onnx","SRC_KAGGLE_NOTEBOOK_BEICICC_6645","GOLF_20260608_031_beicicc_inline_396_mix","beicicc_inline_function_normalized","","","725","","","true","medium","161","submit_inline_396_mix"
"task165","E:\kagglegolf\submissions\candidates\GOLF_20260608_030_beicicc_inline_full\onnx\task165.onnx","SRC_KAGGLE_NOTEBOOK_BEICICC_6645","GOLF_20260608_031_beicicc_inline_396_mix","beicicc_inline_function_normalized","","","7245","","","true","medium","162","submit_inline_396_mix"
"task166","E:\kagglegolf\submissions\candidates\GOLF_20260608_030_beicicc_inline_full\onnx\task166.onnx","SRC_KAGGLE_NOTEBOOK_BEICICC_6645","GOLF_20260608_031_beicicc_inline_396_mix","beicicc_inline_function_normalized","","","999","","","true","medium","163","submit_inline_396_mix"
"task167","E:\kagglegolf\submissions\candidates\GOLF_20260608_030_beicicc_inline_full\onnx\task167.onnx","SRC_KAGGLE_NOTEBOOK_BEICICC_6645","GOLF_20260608_031_beicicc_inline_396_mix","beicicc_inline_function_normalized","","","17656","","","true","medium","164","submit_inline_396_mix"
"task168","E:\kagglegolf\submissions\candidates\GOLF_20260608_030_beicicc_inline_full\onnx\task168.onnx","SRC_KAGGLE_NOTEBOOK_BEICICC_6645","GOLF_20260608_031_beicicc_inline_396_mix","beicicc_inline_function_normalized","","","13502","","","true","medium","165","submit_inline_396_mix"
"task169","E:\kagglegolf\submissions\candidates\GOLF_20260608_030_beicicc_inline_full\onnx\task169.onnx","SRC_KAGGLE_NOTEBOOK_BEICICC_6645","GOLF_20260608_031_beicicc_inline_396_mix","beicicc_inline_function_normalized","","","3828","","","true","medium","166","submit_inline_396_mix"
"task170","E:\kagglegolf\submissions\candidates\GOLF_20260608_030_beicicc_inline_full\onnx\task170.onnx","SRC_KAGGLE_NOTEBOOK_BEICICC_6645","GOLF_20260608_031_beicicc_inline_396_mix","beicicc_inline_function_normalized","","","128499","","","true","medium","167","submit_inline_396_mix"
"task171","E:\kagglegolf\submissions\candidates\GOLF_20260608_030_beicicc_inline_full\onnx\task171.onnx","SRC_KAGGLE_NOTEBOOK_BEICICC_6645","GOLF_20260608_031_beicicc_inline_396_mix","beicicc_inline_function_normalized","","","2018","","","true","medium","168","submit_inline_396_mix"
"task172","E:\kagglegolf\submissions\candidates\GOLF_20260608_030_beicicc_inline_full\onnx\task172.onnx","SRC_KAGGLE_NOTEBOOK_BEICICC_6645","GOLF_20260608_031_beicicc_inline_396_mix","beicicc_inline_function_normalized","","","725","","","true","medium","169","submit_inline_396_mix"
"task173","E:\kagglegolf\submissions\candidates\GOLF_20260608_030_beicicc_inline_full\onnx\task173.onnx","SRC_KAGGLE_NOTEBOOK_BEICICC_6645","GOLF_20260608_031_beicicc_inline_396_mix","beicicc_inline_function_normalized","","","8341","","","true","medium","170","submit_inline_396_mix"
"task174","E:\kagglegolf\submissions\candidates\GOLF_20260608_030_beicicc_inline_full\onnx\task174.onnx","SRC_KAGGLE_NOTEBOOK_BEICICC_6645","GOLF_20260608_031_beicicc_inline_396_mix","beicicc_inline_function_normalized","","","98164","","","true","medium","171","submit_inline_396_mix"
"task175","E:\kagglegolf\submissions\candidates\GOLF_20260608_030_beicicc_inline_full\onnx\task175.onnx","SRC_KAGGLE_NOTEBOOK_BEICICC_6645","GOLF_20260608_031_beicicc_inline_396_mix","beicicc_inline_function_normalized","","","6058","","","true","medium","172","submit_inline_396_mix"
"task176","E:\kagglegolf\submissions\candidates\GOLF_20260608_030_beicicc_inline_full\onnx\task176.onnx","SRC_KAGGLE_NOTEBOOK_BEICICC_6645","GOLF_20260608_031_beicicc_inline_396_mix","beicicc_inline_function_normalized","","","4385","","","true","medium","173","submit_inline_396_mix"
"task177","E:\kagglegolf\submissions\candidates\GOLF_20260608_030_beicicc_inline_full\onnx\task177.onnx","SRC_KAGGLE_NOTEBOOK_BEICICC_6645","GOLF_20260608_031_beicicc_inline_396_mix","beicicc_inline_function_normalized","","","4959","","","true","medium","174","submit_inline_396_mix"
"task178","E:\kagglegolf\submissions\candidates\GOLF_20260608_030_beicicc_inline_full\onnx\task178.onnx","SRC_KAGGLE_NOTEBOOK_BEICICC_6645","GOLF_20260608_031_beicicc_inline_396_mix","beicicc_inline_function_normalized","","","16878","","","true","medium","175","submit_inline_396_mix"
"task179","E:\kagglegolf\submissions\candidates\GOLF_20260608_030_beicicc_inline_full\onnx\task179.onnx","SRC_KAGGLE_NOTEBOOK_BEICICC_6645","GOLF_20260608_031_beicicc_inline_396_mix","beicicc_inline_function_normalized","","","497","","","true","medium","176","submit_inline_396_mix"
"task180","E:\kagglegolf\submissions\candidates\GOLF_20260608_030_beicicc_inline_full\onnx\task180.onnx","SRC_KAGGLE_NOTEBOOK_BEICICC_6645","GOLF_20260608_031_beicicc_inline_396_mix","beicicc_inline_function_normalized","","","3461","","","true","medium","177","submit_inline_396_mix"
"task181","E:\kagglegolf\submissions\candidates\GOLF_20260608_030_beicicc_inline_full\onnx\task181.onnx","SRC_KAGGLE_NOTEBOOK_BEICICC_6645","GOLF_20260608_031_beicicc_inline_396_mix","beicicc_inline_function_normalized","","","2146","","","true","medium","178","submit_inline_396_mix"
"task182","E:\kagglegolf\submissions\candidates\GOLF_20260608_030_beicicc_inline_full\onnx\task182.onnx","SRC_KAGGLE_NOTEBOOK_BEICICC_6645","GOLF_20260608_031_beicicc_inline_396_mix","beicicc_inline_function_normalized","","","463323","","","true","medium","179","submit_inline_396_mix"
"task183","E:\kagglegolf\submissions\candidates\GOLF_20260608_030_beicicc_inline_full\onnx\task183.onnx","SRC_KAGGLE_NOTEBOOK_BEICICC_6645","GOLF_20260608_031_beicicc_inline_396_mix","beicicc_inline_function_normalized","","","5277","","","true","medium","180","submit_inline_396_mix"
"task184","E:\kagglegolf\submissions\candidates\GOLF_20260608_030_beicicc_inline_full\onnx\task184.onnx","SRC_KAGGLE_NOTEBOOK_BEICICC_6645","GOLF_20260608_031_beicicc_inline_396_mix","beicicc_inline_function_normalized","","","11762","","","true","medium","181","submit_inline_396_mix"
"task185","E:\kagglegolf\submissions\candidates\GOLF_20260608_030_beicicc_inline_full\onnx\task185.onnx","SRC_KAGGLE_NOTEBOOK_BEICICC_6645","GOLF_20260608_031_beicicc_inline_396_mix","beicicc_inline_function_normalized","","","33755","","","true","medium","182","submit_inline_396_mix"
"task186","E:\kagglegolf\submissions\candidates\GOLF_20260608_030_beicicc_inline_full\onnx\task186.onnx","SRC_KAGGLE_NOTEBOOK_BEICICC_6645","GOLF_20260608_031_beicicc_inline_396_mix","beicicc_inline_function_normalized","","","23643","","","true","medium","183","submit_inline_396_mix"
"task187","E:\kagglegolf\submissions\candidates\GOLF_20260608_030_beicicc_inline_full\onnx\task187.onnx","SRC_KAGGLE_NOTEBOOK_BEICICC_6645","GOLF_20260608_031_beicicc_inline_396_mix","beicicc_inline_function_normalized","","","15189","","","true","medium","184","submit_inline_396_mix"
"task188","E:\kagglegolf\submissions\candidates\GOLF_20260608_030_beicicc_inline_full\onnx\task188.onnx","SRC_KAGGLE_NOTEBOOK_BEICICC_6645","GOLF_20260608_031_beicicc_inline_396_mix","beicicc_inline_function_normalized","","","2831","","","true","medium","185","submit_inline_396_mix"
"task189","E:\kagglegolf\submissions\candidates\GOLF_20260608_030_beicicc_inline_full\onnx\task189.onnx","SRC_KAGGLE_NOTEBOOK_BEICICC_6645","GOLF_20260608_031_beicicc_inline_396_mix","beicicc_inline_function_normalized","","","12445","","","true","medium","186","submit_inline_396_mix"
"task190","E:\kagglegolf\submissions\candidates\GOLF_20260608_030_beicicc_inline_full\onnx\task190.onnx","SRC_KAGGLE_NOTEBOOK_BEICICC_6645","GOLF_20260608_031_beicicc_inline_396_mix","beicicc_inline_function_normalized","","","20433","","","true","medium","187","submit_inline_396_mix"
"task191","E:\kagglegolf\submissions\candidates\GOLF_20260608_030_beicicc_inline_full\onnx\task191.onnx","SRC_KAGGLE_NOTEBOOK_BEICICC_6645","GOLF_20260608_031_beicicc_inline_396_mix","beicicc_inline_function_normalized","","","46560","","","true","medium","188","submit_inline_396_mix"
"task192","E:\kagglegolf\submissions\candidates\GOLF_20260608_030_beicicc_inline_full\onnx\task192.onnx","SRC_KAGGLE_NOTEBOOK_BEICICC_6645","GOLF_20260608_031_beicicc_inline_396_mix","beicicc_inline_function_normalized","","","2579","","","true","medium","189","submit_inline_396_mix"
"task193","E:\kagglegolf\submissions\candidates\GOLF_20260608_030_beicicc_inline_full\onnx\task193.onnx","SRC_KAGGLE_NOTEBOOK_BEICICC_6645","GOLF_20260608_031_beicicc_inline_396_mix","beicicc_inline_function_normalized","","","1742","","","true","medium","190","submit_inline_396_mix"
"task194","E:\kagglegolf\submissions\candidates\GOLF_20260608_030_beicicc_inline_full\onnx\task194.onnx","SRC_KAGGLE_NOTEBOOK_BEICICC_6645","GOLF_20260608_031_beicicc_inline_396_mix","beicicc_inline_function_normalized","","","1419","","","true","medium","191","submit_inline_396_mix"
"task195","E:\kagglegolf\submissions\candidates\GOLF_20260608_030_beicicc_inline_full\onnx\task195.onnx","SRC_KAGGLE_NOTEBOOK_BEICICC_6645","GOLF_20260608_031_beicicc_inline_396_mix","beicicc_inline_function_normalized","","","7925","","","true","medium","192","submit_inline_396_mix"
"task196","E:\kagglegolf\submissions\candidates\GOLF_20260608_030_beicicc_inline_full\onnx\task196.onnx","SRC_KAGGLE_NOTEBOOK_BEICICC_6645","GOLF_20260608_031_beicicc_inline_396_mix","beicicc_inline_function_normalized","","","4456","","","true","medium","193","submit_inline_396_mix"
"task197","E:\kagglegolf\submissions\candidates\GOLF_20260608_030_beicicc_inline_full\onnx\task197.onnx","SRC_KAGGLE_NOTEBOOK_BEICICC_6645","GOLF_20260608_031_beicicc_inline_396_mix","beicicc_inline_function_normalized","","","32441","","","true","medium","194","submit_inline_396_mix"
"task198","E:\kagglegolf\submissions\candidates\GOLF_20260608_030_beicicc_inline_full\onnx\task198.onnx","SRC_KAGGLE_NOTEBOOK_BEICICC_6645","GOLF_20260608_031_beicicc_inline_396_mix","beicicc_inline_function_normalized","","","10802","","","true","medium","195","submit_inline_396_mix"
"task199","E:\kagglegolf\submissions\candidates\GOLF_20260608_030_beicicc_inline_full\onnx\task199.onnx","SRC_KAGGLE_NOTEBOOK_BEICICC_6645","GOLF_20260608_031_beicicc_inline_396_mix","beicicc_inline_function_normalized","","","6055","","","true","medium","196","submit_inline_396_mix"
"task200","E:\kagglegolf\submissions\candidates\GOLF_20260608_030_beicicc_inline_full\onnx\task200.onnx","SRC_KAGGLE_NOTEBOOK_BEICICC_6645","GOLF_20260608_031_beicicc_inline_396_mix","beicicc_inline_function_normalized","","","11447","","","true","medium","197","submit_inline_396_mix"
"task201","E:\kagglegolf\submissions\candidates\GOLF_20260608_030_beicicc_inline_full\onnx\task201.onnx","SRC_KAGGLE_NOTEBOOK_BEICICC_6645","GOLF_20260608_031_beicicc_inline_396_mix","beicicc_inline_function_normalized","","","17904","","","true","medium","198","submit_inline_396_mix"
"task202","E:\kagglegolf\submissions\candidates\GOLF_20260608_030_beicicc_inline_full\onnx\task202.onnx","SRC_KAGGLE_NOTEBOOK_BEICICC_6645","GOLF_20260608_031_beicicc_inline_396_mix","beicicc_inline_function_normalized","","","16441","","","true","medium","199","submit_inline_396_mix"
"task203","E:\kagglegolf\submissions\candidates\GOLF_20260608_030_beicicc_inline_full\onnx\task203.onnx","SRC_KAGGLE_NOTEBOOK_BEICICC_6645","GOLF_20260608_031_beicicc_inline_396_mix","beicicc_inline_function_normalized","","","22390","","","true","medium","200","submit_inline_396_mix"
"task204","E:\kagglegolf\submissions\candidates\GOLF_20260608_030_beicicc_inline_full\onnx\task204.onnx","SRC_KAGGLE_NOTEBOOK_BEICICC_6645","GOLF_20260608_031_beicicc_inline_396_mix","beicicc_inline_function_normalized","","","5594","","","true","medium","201","submit_inline_396_mix"
"task205","E:\kagglegolf\submissions\candidates\GOLF_20260608_030_beicicc_inline_full\onnx\task205.onnx","SRC_KAGGLE_NOTEBOOK_BEICICC_6645","GOLF_20260608_031_beicicc_inline_396_mix","beicicc_inline_function_normalized","","","85678","","","true","medium","202","submit_inline_396_mix"
"task206","E:\kagglegolf\submissions\candidates\GOLF_20260608_030_beicicc_inline_full\onnx\task206.onnx","SRC_KAGGLE_NOTEBOOK_BEICICC_6645","GOLF_20260608_031_beicicc_inline_396_mix","beicicc_inline_function_normalized","","","31942","","","true","medium","203","submit_inline_396_mix"
"task207","E:\kagglegolf\submissions\candidates\GOLF_20260608_030_beicicc_inline_full\onnx\task207.onnx","SRC_KAGGLE_NOTEBOOK_BEICICC_6645","GOLF_20260608_031_beicicc_inline_396_mix","beicicc_inline_function_normalized","","","2351","","","true","medium","204","submit_inline_396_mix"
"task208","E:\kagglegolf\submissions\candidates\GOLF_20260608_030_beicicc_inline_full\onnx\task208.onnx","SRC_KAGGLE_NOTEBOOK_BEICICC_6645","GOLF_20260608_031_beicicc_inline_396_mix","beicicc_inline_function_normalized","","","39526","","","true","medium","205","submit_inline_396_mix"
"task209","E:\kagglegolf\submissions\candidates\GOLF_20260608_030_beicicc_inline_full\onnx\task209.onnx","SRC_KAGGLE_NOTEBOOK_BEICICC_6645","GOLF_20260608_031_beicicc_inline_396_mix","beicicc_inline_function_normalized","","","61961","","","true","medium","206","submit_inline_396_mix"
"task210","E:\kagglegolf\submissions\candidates\GOLF_20260608_030_beicicc_inline_full\onnx\task210.onnx","SRC_KAGGLE_NOTEBOOK_BEICICC_6645","GOLF_20260608_031_beicicc_inline_396_mix","beicicc_inline_function_normalized","","","634","","","true","medium","207","submit_inline_396_mix"
"task211","E:\kagglegolf\submissions\candidates\GOLF_20260608_030_beicicc_inline_full\onnx\task211.onnx","SRC_KAGGLE_NOTEBOOK_BEICICC_6645","GOLF_20260608_031_beicicc_inline_396_mix","beicicc_inline_function_normalized","","","4047","","","true","medium","208","submit_inline_396_mix"
"task212","E:\kagglegolf\submissions\candidates\GOLF_20260608_030_beicicc_inline_full\onnx\task212.onnx","SRC_KAGGLE_NOTEBOOK_BEICICC_6645","GOLF_20260608_031_beicicc_inline_396_mix","beicicc_inline_function_normalized","","","6662","","","true","medium","209","submit_inline_396_mix"
"task213","E:\kagglegolf\submissions\candidates\GOLF_20260608_030_beicicc_inline_full\onnx\task213.onnx","SRC_KAGGLE_NOTEBOOK_BEICICC_6645","GOLF_20260608_031_beicicc_inline_396_mix","beicicc_inline_function_normalized","","","45818","","","true","medium","210","submit_inline_396_mix"
"task214","E:\kagglegolf\submissions\candidates\GOLF_20260608_030_beicicc_inline_full\onnx\task214.onnx","SRC_KAGGLE_NOTEBOOK_BEICICC_6645","GOLF_20260608_031_beicicc_inline_396_mix","beicicc_inline_function_normalized","","","1337","","","true","medium","211","submit_inline_396_mix"
"task215","E:\kagglegolf\submissions\candidates\GOLF_20260608_030_beicicc_inline_full\onnx\task215.onnx","SRC_KAGGLE_NOTEBOOK_BEICICC_6645","GOLF_20260608_031_beicicc_inline_396_mix","beicicc_inline_function_normalized","","","35711","","","true","medium","212","submit_inline_396_mix"
"task216","E:\kagglegolf\submissions\candidates\GOLF_20260608_030_beicicc_inline_full\onnx\task216.onnx","SRC_KAGGLE_NOTEBOOK_BEICICC_6645","GOLF_20260608_031_beicicc_inline_396_mix","beicicc_inline_function_normalized","","","28966","","","true","medium","213","submit_inline_396_mix"
"task217","E:\kagglegolf\submissions\candidates\GOLF_20260608_030_beicicc_inline_full\onnx\task217.onnx","SRC_KAGGLE_NOTEBOOK_BEICICC_6645","GOLF_20260608_031_beicicc_inline_396_mix","beicicc_inline_function_normalized","","","8362","","","true","medium","214","submit_inline_396_mix"
"task218","E:\kagglegolf\submissions\candidates\GOLF_20260608_030_beicicc_inline_full\onnx\task218.onnx","SRC_KAGGLE_NOTEBOOK_BEICICC_6645","GOLF_20260608_031_beicicc_inline_396_mix","beicicc_inline_function_normalized","","","16104","","","true","medium","215","submit_inline_396_mix"
"task219","E:\kagglegolf\submissions\candidates\GOLF_20260608_030_beicicc_inline_full\onnx\task219.onnx","SRC_KAGGLE_NOTEBOOK_BEICICC_6645","GOLF_20260608_031_beicicc_inline_396_mix","beicicc_inline_function_normalized","","","60889","","","true","medium","216","submit_inline_396_mix"
"task220","E:\kagglegolf\submissions\candidates\GOLF_20260608_030_beicicc_inline_full\onnx\task220.onnx","SRC_KAGGLE_NOTEBOOK_BEICICC_6645","GOLF_20260608_031_beicicc_inline_396_mix","beicicc_inline_function_normalized","","","2362","","","true","medium","217","submit_inline_396_mix"
"task221","E:\kagglegolf\submissions\candidates\GOLF_20260608_030_beicicc_inline_full\onnx\task221.onnx","SRC_KAGGLE_NOTEBOOK_BEICICC_6645","GOLF_20260608_031_beicicc_inline_396_mix","beicicc_inline_function_normalized","","","9746","","","true","medium","218","submit_inline_396_mix"
"task222","E:\kagglegolf\submissions\candidates\GOLF_20260608_030_beicicc_inline_full\onnx\task222.onnx","SRC_KAGGLE_NOTEBOOK_BEICICC_6645","GOLF_20260608_031_beicicc_inline_396_mix","beicicc_inline_function_normalized","","","2742","","","true","medium","219","submit_inline_396_mix"
"task223","E:\kagglegolf\submissions\candidates\GOLF_20260608_030_beicicc_inline_full\onnx\task223.onnx","SRC_KAGGLE_NOTEBOOK_BEICICC_6645","GOLF_20260608_031_beicicc_inline_396_mix","beicicc_inline_function_normalized","","","825","","","true","medium","220","submit_inline_396_mix"
"task224","E:\kagglegolf\submissions\candidates\GOLF_20260608_030_beicicc_inline_full\onnx\task224.onnx","SRC_KAGGLE_NOTEBOOK_BEICICC_6645","GOLF_20260608_031_beicicc_inline_396_mix","beicicc_inline_function_normalized","","","8190","","","true","medium","221","submit_inline_396_mix"
"task225","E:\kagglegolf\submissions\candidates\GOLF_20260608_030_beicicc_inline_full\onnx\task225.onnx","SRC_KAGGLE_NOTEBOOK_BEICICC_6645","GOLF_20260608_031_beicicc_inline_396_mix","beicicc_inline_function_normalized","","","7875","","","true","medium","222","submit_inline_396_mix"
"task226","E:\kagglegolf\submissions\candidates\GOLF_20260608_030_beicicc_inline_full\onnx\task226.onnx","SRC_KAGGLE_NOTEBOOK_BEICICC_6645","GOLF_20260608_031_beicicc_inline_396_mix","beicicc_inline_function_normalized","","","8102","","","true","medium","223","submit_inline_396_mix"
"task227","E:\kagglegolf\submissions\candidates\GOLF_20260608_030_beicicc_inline_full\onnx\task227.onnx","SRC_KAGGLE_NOTEBOOK_BEICICC_6645","GOLF_20260608_031_beicicc_inline_396_mix","beicicc_inline_function_normalized","","","1782","","","true","medium","224","submit_inline_396_mix"
"task228","E:\kagglegolf\submissions\candidates\GOLF_20260608_030_beicicc_inline_full\onnx\task228.onnx","SRC_KAGGLE_NOTEBOOK_BEICICC_6645","GOLF_20260608_031_beicicc_inline_396_mix","beicicc_inline_function_normalized","","","8421","","","true","medium","225","submit_inline_396_mix"
"task229","E:\kagglegolf\submissions\candidates\GOLF_20260608_030_beicicc_inline_full\onnx\task229.onnx","SRC_KAGGLE_NOTEBOOK_BEICICC_6645","GOLF_20260608_031_beicicc_inline_396_mix","beicicc_inline_function_normalized","","","1700","","","true","medium","226","submit_inline_396_mix"
"task230","E:\kagglegolf\submissions\candidates\GOLF_20260608_030_beicicc_inline_full\onnx\task230.onnx","SRC_KAGGLE_NOTEBOOK_BEICICC_6645","GOLF_20260608_031_beicicc_inline_396_mix","beicicc_inline_function_normalized","","","2599","","","true","medium","227","submit_inline_396_mix"
"task231","E:\kagglegolf\submissions\candidates\GOLF_20260608_030_beicicc_inline_full\onnx\task231.onnx","SRC_KAGGLE_NOTEBOOK_BEICICC_6645","GOLF_20260608_031_beicicc_inline_396_mix","beicicc_inline_function_normalized","","","5190","","","true","medium","228","submit_inline_396_mix"
"task232","E:\kagglegolf\submissions\candidates\GOLF_20260608_030_beicicc_inline_full\onnx\task232.onnx","SRC_KAGGLE_NOTEBOOK_BEICICC_6645","GOLF_20260608_031_beicicc_inline_396_mix","beicicc_inline_function_normalized","","","3678","","","true","medium","229","submit_inline_396_mix"
"task233","E:\kagglegolf\submissions\candidates\GOLF_20260608_030_beicicc_inline_full\onnx\task233.onnx","SRC_KAGGLE_NOTEBOOK_BEICICC_6645","GOLF_20260608_031_beicicc_inline_396_mix","beicicc_inline_function_normalized","","","41864","","","true","medium","230","submit_inline_396_mix"
"task234","E:\kagglegolf\submissions\candidates\GOLF_20260608_030_beicicc_inline_full\onnx\task234.onnx","SRC_KAGGLE_NOTEBOOK_BEICICC_6645","GOLF_20260608_031_beicicc_inline_396_mix","beicicc_inline_function_normalized","","","18540","","","true","medium","231","submit_inline_396_mix"
"task235","E:\kagglegolf\submissions\candidates\GOLF_20260608_030_beicicc_inline_full\onnx\task235.onnx","SRC_KAGGLE_NOTEBOOK_BEICICC_6645","GOLF_20260608_031_beicicc_inline_396_mix","beicicc_inline_function_normalized","","","22508","","","true","medium","232","submit_inline_396_mix"
"task236","E:\kagglegolf\submissions\candidates\GOLF_20260608_030_beicicc_inline_full\onnx\task236.onnx","SRC_KAGGLE_NOTEBOOK_BEICICC_6645","GOLF_20260608_031_beicicc_inline_396_mix","beicicc_inline_function_normalized","","","1505","","","true","medium","233","submit_inline_396_mix"
"task237","E:\kagglegolf\submissions\candidates\GOLF_20260608_030_beicicc_inline_full\onnx\task237.onnx","SRC_KAGGLE_NOTEBOOK_BEICICC_6645","GOLF_20260608_031_beicicc_inline_396_mix","beicicc_inline_function_normalized","","","3207","","","true","medium","234","submit_inline_396_mix"
"task238","E:\kagglegolf\submissions\candidates\GOLF_20260608_030_beicicc_inline_full\onnx\task238.onnx","SRC_KAGGLE_NOTEBOOK_BEICICC_6645","GOLF_20260608_031_beicicc_inline_396_mix","beicicc_inline_function_normalized","","","32792","","","true","medium","235","submit_inline_396_mix"
"task239","E:\kagglegolf\submissions\candidates\GOLF_20260608_030_beicicc_inline_full\onnx\task239.onnx","SRC_KAGGLE_NOTEBOOK_BEICICC_6645","GOLF_20260608_031_beicicc_inline_396_mix","beicicc_inline_function_normalized","","","6228","","","true","medium","236","submit_inline_396_mix"
"task240","E:\kagglegolf\submissions\candidates\GOLF_20260608_030_beicicc_inline_full\onnx\task240.onnx","SRC_KAGGLE_NOTEBOOK_BEICICC_6645","GOLF_20260608_031_beicicc_inline_396_mix","beicicc_inline_function_normalized","","","4726","","","true","medium","237","submit_inline_396_mix"
"task241","E:\kagglegolf\submissions\candidates\GOLF_20260608_030_beicicc_inline_full\onnx\task241.onnx","SRC_KAGGLE_NOTEBOOK_BEICICC_6645","GOLF_20260608_031_beicicc_inline_396_mix","beicicc_inline_function_normalized","","","170","","","true","medium","238","submit_inline_396_mix"
"task242","E:\kagglegolf\submissions\candidates\GOLF_20260608_030_beicicc_inline_full\onnx\task242.onnx","SRC_KAGGLE_NOTEBOOK_BEICICC_6645","GOLF_20260608_031_beicicc_inline_396_mix","beicicc_inline_function_normalized","","","21309","","","true","medium","239","submit_inline_396_mix"
"task243","E:\kagglegolf\submissions\candidates\GOLF_20260608_030_beicicc_inline_full\onnx\task243.onnx","SRC_KAGGLE_NOTEBOOK_BEICICC_6645","GOLF_20260608_031_beicicc_inline_396_mix","beicicc_inline_function_normalized","","","19168","","","true","medium","240","submit_inline_396_mix"
"task244","E:\kagglegolf\submissions\candidates\GOLF_20260608_030_beicicc_inline_full\onnx\task244.onnx","SRC_KAGGLE_NOTEBOOK_BEICICC_6645","GOLF_20260608_031_beicicc_inline_396_mix","beicicc_inline_function_normalized","","","7289","","","true","medium","241","submit_inline_396_mix"
"task245","E:\kagglegolf\submissions\candidates\GOLF_20260608_030_beicicc_inline_full\onnx\task245.onnx","SRC_KAGGLE_NOTEBOOK_BEICICC_6645","GOLF_20260608_031_beicicc_inline_396_mix","beicicc_inline_function_normalized","","","4273","","","true","medium","242","submit_inline_396_mix"
"task246","E:\kagglegolf\submissions\candidates\GOLF_20260608_030_beicicc_inline_full\onnx\task246.onnx","SRC_KAGGLE_NOTEBOOK_BEICICC_6645","GOLF_20260608_031_beicicc_inline_396_mix","beicicc_inline_function_normalized","","","2207","","","true","medium","243","submit_inline_396_mix"
"task247","E:\kagglegolf\submissions\candidates\GOLF_20260608_030_beicicc_inline_full\onnx\task247.onnx","SRC_KAGGLE_NOTEBOOK_BEICICC_6645","GOLF_20260608_031_beicicc_inline_396_mix","beicicc_inline_function_normalized","","","3109","","","true","medium","244","submit_inline_396_mix"
"task248","E:\kagglegolf\submissions\candidates\GOLF_20260608_030_beicicc_inline_full\onnx\task248.onnx","SRC_KAGGLE_NOTEBOOK_BEICICC_6645","GOLF_20260608_031_beicicc_inline_396_mix","beicicc_inline_function_normalized","","","30844","","","true","medium","245","submit_inline_396_mix"
"task249","E:\kagglegolf\submissions\candidates\GOLF_20260608_030_beicicc_inline_full\onnx\task249.onnx","SRC_KAGGLE_NOTEBOOK_BEICICC_6645","GOLF_20260608_031_beicicc_inline_396_mix","beicicc_inline_function_normalized","","","1662","","","true","medium","246","submit_inline_396_mix"
"task250","E:\kagglegolf\submissions\candidates\GOLF_20260608_030_beicicc_inline_full\onnx\task250.onnx","SRC_KAGGLE_NOTEBOOK_BEICICC_6645","GOLF_20260608_031_beicicc_inline_396_mix","beicicc_inline_function_normalized","","","3929","","","true","medium","247","submit_inline_396_mix"
"task251","E:\kagglegolf\submissions\candidates\GOLF_20260608_030_beicicc_inline_full\onnx\task251.onnx","SRC_KAGGLE_NOTEBOOK_BEICICC_6645","GOLF_20260608_031_beicicc_inline_396_mix","beicicc_inline_function_normalized","","","13134","","","true","medium","248","submit_inline_396_mix"
"task252","E:\kagglegolf\submissions\candidates\GOLF_20260608_030_beicicc_inline_full\onnx\task252.onnx","SRC_KAGGLE_NOTEBOOK_BEICICC_6645","GOLF_20260608_031_beicicc_inline_396_mix","beicicc_inline_function_normalized","","","10545","","","true","medium","249","submit_inline_396_mix"
"task253","E:\kagglegolf\submissions\candidates\GOLF_20260608_030_beicicc_inline_full\onnx\task253.onnx","SRC_KAGGLE_NOTEBOOK_BEICICC_6645","GOLF_20260608_031_beicicc_inline_396_mix","beicicc_inline_function_normalized","","","3573","","","true","medium","250","submit_inline_396_mix"
"task254","E:\kagglegolf\submissions\candidates\GOLF_20260608_030_beicicc_inline_full\onnx\task254.onnx","SRC_KAGGLE_NOTEBOOK_BEICICC_6645","GOLF_20260608_031_beicicc_inline_396_mix","beicicc_inline_function_normalized","","","8396","","","true","medium","251","submit_inline_396_mix"
"task255","E:\kagglegolf\submissions\candidates\GOLF_20260608_030_beicicc_inline_full\onnx\task255.onnx","SRC_KAGGLE_NOTEBOOK_BEICICC_6645","GOLF_20260608_031_beicicc_inline_396_mix","beicicc_inline_function_normalized","","","38265","","","true","medium","252","submit_inline_396_mix"
"task256","E:\kagglegolf\submissions\candidates\GOLF_20260608_030_beicicc_inline_full\onnx\task256.onnx","SRC_KAGGLE_NOTEBOOK_BEICICC_6645","GOLF_20260608_031_beicicc_inline_396_mix","beicicc_inline_function_normalized","","","27978","","","true","medium","253","submit_inline_396_mix"
"task257","E:\kagglegolf\submissions\candidates\GOLF_20260608_030_beicicc_inline_full\onnx\task257.onnx","SRC_KAGGLE_NOTEBOOK_BEICICC_6645","GOLF_20260608_031_beicicc_inline_396_mix","beicicc_inline_function_normalized","","","2228","","","true","medium","254","submit_inline_396_mix"
"task258","E:\kagglegolf\submissions\candidates\GOLF_20260608_030_beicicc_inline_full\onnx\task258.onnx","SRC_KAGGLE_NOTEBOOK_BEICICC_6645","GOLF_20260608_031_beicicc_inline_396_mix","beicicc_inline_function_normalized","","","6176","","","true","medium","255","submit_inline_396_mix"
"task259","E:\kagglegolf\submissions\candidates\GOLF_20260608_030_beicicc_inline_full\onnx\task259.onnx","SRC_KAGGLE_NOTEBOOK_BEICICC_6645","GOLF_20260608_031_beicicc_inline_396_mix","beicicc_inline_function_normalized","","","5591","","","true","medium","256","submit_inline_396_mix"
"task260","E:\kagglegolf\submissions\candidates\GOLF_20260608_030_beicicc_inline_full\onnx\task260.onnx","SRC_KAGGLE_NOTEBOOK_BEICICC_6645","GOLF_20260608_031_beicicc_inline_396_mix","beicicc_inline_function_normalized","","","4815","","","true","medium","257","submit_inline_396_mix"
"task261","E:\kagglegolf\submissions\candidates\GOLF_20260608_030_beicicc_inline_full\onnx\task261.onnx","SRC_KAGGLE_NOTEBOOK_BEICICC_6645","GOLF_20260608_031_beicicc_inline_396_mix","beicicc_inline_function_normalized","","","973","","","true","medium","258","submit_inline_396_mix"
"task262","E:\kagglegolf\submissions\candidates\GOLF_20260608_030_beicicc_inline_full\onnx\task262.onnx","SRC_KAGGLE_NOTEBOOK_BEICICC_6645","GOLF_20260608_031_beicicc_inline_396_mix","beicicc_inline_function_normalized","","","16428","","","true","medium","259","submit_inline_396_mix"
"task263","E:\kagglegolf\submissions\candidates\GOLF_20260608_030_beicicc_inline_full\onnx\task263.onnx","SRC_KAGGLE_NOTEBOOK_BEICICC_6645","GOLF_20260608_031_beicicc_inline_396_mix","beicicc_inline_function_normalized","","","18632","","","true","medium","260","submit_inline_396_mix"
"task264","E:\kagglegolf\submissions\candidates\GOLF_20260608_030_beicicc_inline_full\onnx\task264.onnx","SRC_KAGGLE_NOTEBOOK_BEICICC_6645","GOLF_20260608_031_beicicc_inline_396_mix","beicicc_inline_function_normalized","","","18227","","","true","medium","261","submit_inline_396_mix"
"task265","E:\kagglegolf\submissions\candidates\GOLF_20260608_030_beicicc_inline_full\onnx\task265.onnx","SRC_KAGGLE_NOTEBOOK_BEICICC_6645","GOLF_20260608_031_beicicc_inline_396_mix","beicicc_inline_function_normalized","","","4217","","","true","medium","262","submit_inline_396_mix"
"task266","E:\kagglegolf\submissions\candidates\GOLF_20260608_030_beicicc_inline_full\onnx\task266.onnx","SRC_KAGGLE_NOTEBOOK_BEICICC_6645","GOLF_20260608_031_beicicc_inline_396_mix","beicicc_inline_function_normalized","","","1985","","","true","medium","263","submit_inline_396_mix"
"task267","E:\kagglegolf\submissions\candidates\GOLF_20260608_030_beicicc_inline_full\onnx\task267.onnx","SRC_KAGGLE_NOTEBOOK_BEICICC_6645","GOLF_20260608_031_beicicc_inline_396_mix","beicicc_inline_function_normalized","","","16021","","","true","medium","264","submit_inline_396_mix"
"task268","E:\kagglegolf\submissions\candidates\GOLF_20260608_030_beicicc_inline_full\onnx\task268.onnx","SRC_KAGGLE_NOTEBOOK_BEICICC_6645","GOLF_20260608_031_beicicc_inline_396_mix","beicicc_inline_function_normalized","","","21778","","","true","medium","265","submit_inline_396_mix"
"task269","E:\kagglegolf\submissions\candidates\GOLF_20260608_030_beicicc_inline_full\onnx\task269.onnx","SRC_KAGGLE_NOTEBOOK_BEICICC_6645","GOLF_20260608_031_beicicc_inline_396_mix","beicicc_inline_function_normalized","","","24242","","","true","medium","266","submit_inline_396_mix"
"task270","E:\kagglegolf\submissions\candidates\GOLF_20260608_030_beicicc_inline_full\onnx\task270.onnx","SRC_KAGGLE_NOTEBOOK_BEICICC_6645","GOLF_20260608_031_beicicc_inline_396_mix","beicicc_inline_function_normalized","","","6897","","","true","medium","267","submit_inline_396_mix"
"task271","E:\kagglegolf\submissions\candidates\GOLF_20260608_030_beicicc_inline_full\onnx\task271.onnx","SRC_KAGGLE_NOTEBOOK_BEICICC_6645","GOLF_20260608_031_beicicc_inline_396_mix","beicicc_inline_function_normalized","","","2873","","","true","medium","268","submit_inline_396_mix"
"task272","E:\kagglegolf\submissions\candidates\GOLF_20260608_030_beicicc_inline_full\onnx\task272.onnx","SRC_KAGGLE_NOTEBOOK_BEICICC_6645","GOLF_20260608_031_beicicc_inline_396_mix","beicicc_inline_function_normalized","","","1899","","","true","medium","269","submit_inline_396_mix"
"task273","E:\kagglegolf\submissions\candidates\GOLF_20260608_030_beicicc_inline_full\onnx\task273.onnx","SRC_KAGGLE_NOTEBOOK_BEICICC_6645","GOLF_20260608_031_beicicc_inline_396_mix","beicicc_inline_function_normalized","","","3521","","","true","medium","270","submit_inline_396_mix"
"task274","E:\kagglegolf\submissions\candidates\GOLF_20260608_030_beicicc_inline_full\onnx\task274.onnx","SRC_KAGGLE_NOTEBOOK_BEICICC_6645","GOLF_20260608_031_beicicc_inline_396_mix","beicicc_inline_function_normalized","","","32449","","","true","medium","271","submit_inline_396_mix"
"task275","E:\kagglegolf\submissions\candidates\GOLF_20260608_030_beicicc_inline_full\onnx\task275.onnx","SRC_KAGGLE_NOTEBOOK_BEICICC_6645","GOLF_20260608_031_beicicc_inline_396_mix","beicicc_inline_function_normalized","","","39114","","","true","medium","272","submit_inline_396_mix"
"task276","E:\kagglegolf\submissions\candidates\GOLF_20260608_030_beicicc_inline_full\onnx\task276.onnx","SRC_KAGGLE_NOTEBOOK_BEICICC_6645","GOLF_20260608_031_beicicc_inline_396_mix","beicicc_inline_function_normalized","","","211","","","true","medium","273","submit_inline_396_mix"
"task277","E:\kagglegolf\submissions\candidates\GOLF_20260608_030_beicicc_inline_full\onnx\task277.onnx","SRC_KAGGLE_NOTEBOOK_BEICICC_6645","GOLF_20260608_031_beicicc_inline_396_mix","beicicc_inline_function_normalized","","","147534","","","true","medium","274","submit_inline_396_mix"
"task278","E:\kagglegolf\submissions\candidates\GOLF_20260608_030_beicicc_inline_full\onnx\task278.onnx","SRC_KAGGLE_NOTEBOOK_BEICICC_6645","GOLF_20260608_031_beicicc_inline_396_mix","beicicc_inline_function_normalized","","","5537","","","true","medium","275","submit_inline_396_mix"
"task279","E:\kagglegolf\submissions\candidates\GOLF_20260608_030_beicicc_inline_full\onnx\task279.onnx","SRC_KAGGLE_NOTEBOOK_BEICICC_6645","GOLF_20260608_031_beicicc_inline_396_mix","beicicc_inline_function_normalized","","","6559","","","true","medium","276","submit_inline_396_mix"
"task280","E:\kagglegolf\submissions\candidates\GOLF_20260608_030_beicicc_inline_full\onnx\task280.onnx","SRC_KAGGLE_NOTEBOOK_BEICICC_6645","GOLF_20260608_031_beicicc_inline_396_mix","beicicc_inline_function_normalized","","","29743","","","true","medium","277","submit_inline_396_mix"
"task281","E:\kagglegolf\submissions\candidates\GOLF_20260608_030_beicicc_inline_full\onnx\task281.onnx","SRC_KAGGLE_NOTEBOOK_BEICICC_6645","GOLF_20260608_031_beicicc_inline_396_mix","beicicc_inline_function_normalized","","","5165","","","true","medium","278","submit_inline_396_mix"
"task282","E:\kagglegolf\submissions\candidates\GOLF_20260608_030_beicicc_inline_full\onnx\task282.onnx","SRC_KAGGLE_NOTEBOOK_BEICICC_6645","GOLF_20260608_031_beicicc_inline_396_mix","beicicc_inline_function_normalized","","","4826","","","true","medium","279","submit_inline_396_mix"
"task283","E:\kagglegolf\submissions\candidates\GOLF_20260608_030_beicicc_inline_full\onnx\task283.onnx","SRC_KAGGLE_NOTEBOOK_BEICICC_6645","GOLF_20260608_031_beicicc_inline_396_mix","beicicc_inline_function_normalized","","","9675","","","true","medium","280","submit_inline_396_mix"
"task284","E:\kagglegolf\submissions\candidates\GOLF_20260608_030_beicicc_inline_full\onnx\task284.onnx","SRC_KAGGLE_NOTEBOOK_BEICICC_6645","GOLF_20260608_031_beicicc_inline_396_mix","beicicc_inline_function_normalized","","","16021","","","true","medium","281","submit_inline_396_mix"
"task285","E:\kagglegolf\submissions\candidates\GOLF_20260608_030_beicicc_inline_full\onnx\task285.onnx","SRC_KAGGLE_NOTEBOOK_BEICICC_6645","GOLF_20260608_031_beicicc_inline_396_mix","beicicc_inline_function_normalized","","","99593","","","true","medium","282","submit_inline_396_mix"
"task286","E:\kagglegolf\submissions\candidates\GOLF_20260608_030_beicicc_inline_full\onnx\task286.onnx","SRC_KAGGLE_NOTEBOOK_BEICICC_6645","GOLF_20260608_031_beicicc_inline_396_mix","beicicc_inline_function_normalized","","","23476","","","true","medium","283","submit_inline_396_mix"
"task287","E:\kagglegolf\submissions\candidates\GOLF_20260608_030_beicicc_inline_full\onnx\task287.onnx","SRC_KAGGLE_NOTEBOOK_BEICICC_6645","GOLF_20260608_031_beicicc_inline_396_mix","beicicc_inline_function_normalized","","","1535","","","true","medium","284","submit_inline_396_mix"
"task288","E:\kagglegolf\submissions\candidates\GOLF_20260608_030_beicicc_inline_full\onnx\task288.onnx","SRC_KAGGLE_NOTEBOOK_BEICICC_6645","GOLF_20260608_031_beicicc_inline_396_mix","beicicc_inline_function_normalized","","","9308","","","true","medium","285","submit_inline_396_mix"
"task289","E:\kagglegolf\submissions\candidates\GOLF_20260608_030_beicicc_inline_full\onnx\task289.onnx","SRC_KAGGLE_NOTEBOOK_BEICICC_6645","GOLF_20260608_031_beicicc_inline_396_mix","beicicc_inline_function_normalized","","","3246","","","true","medium","286","submit_inline_396_mix"
"task290","E:\kagglegolf\submissions\candidates\GOLF_20260608_030_beicicc_inline_full\onnx\task290.onnx","SRC_KAGGLE_NOTEBOOK_BEICICC_6645","GOLF_20260608_031_beicicc_inline_396_mix","beicicc_inline_function_normalized","","","3067","","","true","medium","287","submit_inline_396_mix"
"task291","E:\kagglegolf\submissions\candidates\GOLF_20260608_030_beicicc_inline_full\onnx\task291.onnx","SRC_KAGGLE_NOTEBOOK_BEICICC_6645","GOLF_20260608_031_beicicc_inline_396_mix","beicicc_inline_function_normalized","","","5900","","","true","medium","288","submit_inline_396_mix"
"task292","E:\kagglegolf\submissions\candidates\GOLF_20260608_030_beicicc_inline_full\onnx\task292.onnx","SRC_KAGGLE_NOTEBOOK_BEICICC_6645","GOLF_20260608_031_beicicc_inline_396_mix","beicicc_inline_function_normalized","","","4294","","","true","medium","289","submit_inline_396_mix"
"task293","E:\kagglegolf\submissions\candidates\GOLF_20260608_030_beicicc_inline_full\onnx\task293.onnx","SRC_KAGGLE_NOTEBOOK_BEICICC_6645","GOLF_20260608_031_beicicc_inline_396_mix","beicicc_inline_function_normalized","","","21409","","","true","medium","290","submit_inline_396_mix"
"task294","E:\kagglegolf\submissions\candidates\GOLF_20260608_030_beicicc_inline_full\onnx\task294.onnx","SRC_KAGGLE_NOTEBOOK_BEICICC_6645","GOLF_20260608_031_beicicc_inline_396_mix","beicicc_inline_function_normalized","","","9791","","","true","medium","291","submit_inline_396_mix"
"task295","E:\kagglegolf\submissions\candidates\GOLF_20260608_030_beicicc_inline_full\onnx\task295.onnx","SRC_KAGGLE_NOTEBOOK_BEICICC_6645","GOLF_20260608_031_beicicc_inline_396_mix","beicicc_inline_function_normalized","","","3322","","","true","medium","292","submit_inline_396_mix"
"task296","E:\kagglegolf\submissions\candidates\GOLF_20260608_030_beicicc_inline_full\onnx\task296.onnx","SRC_KAGGLE_NOTEBOOK_BEICICC_6645","GOLF_20260608_031_beicicc_inline_396_mix","beicicc_inline_function_normalized","","","3568","","","true","medium","293","submit_inline_396_mix"
"task297","E:\kagglegolf\submissions\candidates\GOLF_20260608_030_beicicc_inline_full\onnx\task297.onnx","SRC_KAGGLE_NOTEBOOK_BEICICC_6645","GOLF_20260608_031_beicicc_inline_396_mix","beicicc_inline_function_normalized","","","19277","","","true","medium","294","submit_inline_396_mix"
"task298","E:\kagglegolf\submissions\candidates\GOLF_20260608_030_beicicc_inline_full\onnx\task298.onnx","SRC_KAGGLE_NOTEBOOK_BEICICC_6645","GOLF_20260608_031_beicicc_inline_396_mix","beicicc_inline_function_normalized","","","25710","","","true","medium","295","submit_inline_396_mix"
"task299","E:\kagglegolf\submissions\candidates\GOLF_20260608_030_beicicc_inline_full\onnx\task299.onnx","SRC_KAGGLE_NOTEBOOK_BEICICC_6645","GOLF_20260608_031_beicicc_inline_396_mix","beicicc_inline_function_normalized","","","1037","","","true","medium","296","submit_inline_396_mix"
"task300","E:\kagglegolf\submissions\candidates\GOLF_20260608_030_beicicc_inline_full\onnx\task300.onnx","SRC_KAGGLE_NOTEBOOK_BEICICC_6645","GOLF_20260608_031_beicicc_inline_396_mix","beicicc_inline_function_normalized","","","6217","","","true","medium","297","submit_inline_396_mix"
"task301","E:\kagglegolf\submissions\candidates\GOLF_20260608_030_beicicc_inline_full\onnx\task301.onnx","SRC_KAGGLE_NOTEBOOK_BEICICC_6645","GOLF_20260608_031_beicicc_inline_396_mix","beicicc_inline_function_normalized","","","24518","","","true","medium","298","submit_inline_396_mix"
"task302","E:\kagglegolf\submissions\candidates\GOLF_20260608_030_beicicc_inline_full\onnx\task302.onnx","SRC_KAGGLE_NOTEBOOK_BEICICC_6645","GOLF_20260608_031_beicicc_inline_396_mix","beicicc_inline_function_normalized","","","1943","","","true","medium","299","submit_inline_396_mix"
"task303","E:\kagglegolf\submissions\candidates\GOLF_20260608_030_beicicc_inline_full\onnx\task303.onnx","SRC_KAGGLE_NOTEBOOK_BEICICC_6645","GOLF_20260608_031_beicicc_inline_396_mix","beicicc_inline_function_normalized","","","2165","","","true","medium","300","submit_inline_396_mix"
"task304","E:\kagglegolf\submissions\candidates\GOLF_20260608_030_beicicc_inline_full\onnx\task304.onnx","SRC_KAGGLE_NOTEBOOK_BEICICC_6645","GOLF_20260608_031_beicicc_inline_396_mix","beicicc_inline_function_normalized","","","3705","","","true","medium","301","submit_inline_396_mix"
"task305","E:\kagglegolf\submissions\candidates\GOLF_20260608_030_beicicc_inline_full\onnx\task305.onnx","SRC_KAGGLE_NOTEBOOK_BEICICC_6645","GOLF_20260608_031_beicicc_inline_396_mix","beicicc_inline_function_normalized","","","183863","","","true","medium","302","submit_inline_396_mix"
"task306","E:\kagglegolf\submissions\candidates\GOLF_20260608_030_beicicc_inline_full\onnx\task306.onnx","SRC_KAGGLE_NOTEBOOK_BEICICC_6645","GOLF_20260608_031_beicicc_inline_396_mix","beicicc_inline_function_normalized","","","4508","","","true","medium","303","submit_inline_396_mix"
"task307","E:\kagglegolf\submissions\candidates\GOLF_20260608_030_beicicc_inline_full\onnx\task307.onnx","SRC_KAGGLE_NOTEBOOK_BEICICC_6645","GOLF_20260608_031_beicicc_inline_396_mix","beicicc_inline_function_normalized","","","388","","","true","medium","304","submit_inline_396_mix"
"task308","E:\kagglegolf\submissions\candidates\GOLF_20260608_030_beicicc_inline_full\onnx\task308.onnx","SRC_KAGGLE_NOTEBOOK_BEICICC_6645","GOLF_20260608_031_beicicc_inline_396_mix","beicicc_inline_function_normalized","","","17724","","","true","medium","305","submit_inline_396_mix"
"task309","E:\kagglegolf\submissions\candidates\GOLF_20260608_030_beicicc_inline_full\onnx\task309.onnx","SRC_KAGGLE_NOTEBOOK_BEICICC_6645","GOLF_20260608_031_beicicc_inline_396_mix","beicicc_inline_function_normalized","","","211","","","true","medium","306","submit_inline_396_mix"
"task310","E:\kagglegolf\submissions\candidates\GOLF_20260608_030_beicicc_inline_full\onnx\task310.onnx","SRC_KAGGLE_NOTEBOOK_BEICICC_6645","GOLF_20260608_031_beicicc_inline_396_mix","beicicc_inline_function_normalized","","","5868","","","true","medium","307","submit_inline_396_mix"
"task311","E:\kagglegolf\submissions\candidates\GOLF_20260608_030_beicicc_inline_full\onnx\task311.onnx","SRC_KAGGLE_NOTEBOOK_BEICICC_6645","GOLF_20260608_031_beicicc_inline_396_mix","beicicc_inline_function_normalized","","","634","","","true","medium","308","submit_inline_396_mix"
"task312","E:\kagglegolf\submissions\candidates\GOLF_20260608_030_beicicc_inline_full\onnx\task312.onnx","SRC_KAGGLE_NOTEBOOK_BEICICC_6645","GOLF_20260608_031_beicicc_inline_396_mix","beicicc_inline_function_normalized","","","4702","","","true","medium","309","submit_inline_396_mix"
"task313","E:\kagglegolf\submissions\candidates\GOLF_20260608_030_beicicc_inline_full\onnx\task313.onnx","SRC_KAGGLE_NOTEBOOK_BEICICC_6645","GOLF_20260608_031_beicicc_inline_396_mix","beicicc_inline_function_normalized","","","40776","","","true","medium","310","submit_inline_396_mix"
"task314","E:\kagglegolf\submissions\candidates\GOLF_20260608_030_beicicc_inline_full\onnx\task314.onnx","SRC_KAGGLE_NOTEBOOK_BEICICC_6645","GOLF_20260608_031_beicicc_inline_396_mix","beicicc_inline_function_normalized","","","2810","","","true","medium","311","submit_inline_396_mix"
"task315","E:\kagglegolf\submissions\candidates\GOLF_20260608_030_beicicc_inline_full\onnx\task315.onnx","SRC_KAGGLE_NOTEBOOK_BEICICC_6645","GOLF_20260608_031_beicicc_inline_396_mix","beicicc_inline_function_normalized","","","2874","","","true","medium","312","submit_inline_396_mix"
"task316","E:\kagglegolf\submissions\candidates\GOLF_20260608_030_beicicc_inline_full\onnx\task316.onnx","SRC_KAGGLE_NOTEBOOK_BEICICC_6645","GOLF_20260608_031_beicicc_inline_396_mix","beicicc_inline_function_normalized","","","48270","","","true","medium","313","submit_inline_396_mix"
"task317","E:\kagglegolf\submissions\candidates\GOLF_20260608_030_beicicc_inline_full\onnx\task317.onnx","SRC_KAGGLE_NOTEBOOK_BEICICC_6645","GOLF_20260608_031_beicicc_inline_396_mix","beicicc_inline_function_normalized","","","696","","","true","medium","314","submit_inline_396_mix"
"task318","E:\kagglegolf\submissions\candidates\GOLF_20260608_030_beicicc_inline_full\onnx\task318.onnx","SRC_KAGGLE_NOTEBOOK_BEICICC_6645","GOLF_20260608_031_beicicc_inline_396_mix","beicicc_inline_function_normalized","","","1533","","","true","medium","315","submit_inline_396_mix"
"task319","E:\kagglegolf\submissions\candidates\GOLF_20260608_030_beicicc_inline_full\onnx\task319.onnx","SRC_KAGGLE_NOTEBOOK_BEICICC_6645","GOLF_20260608_031_beicicc_inline_396_mix","beicicc_inline_function_normalized","","","12561","","","true","medium","316","submit_inline_396_mix"
"task320","E:\kagglegolf\submissions\candidates\GOLF_20260608_030_beicicc_inline_full\onnx\task320.onnx","SRC_KAGGLE_NOTEBOOK_BEICICC_6645","GOLF_20260608_031_beicicc_inline_396_mix","beicicc_inline_function_normalized","","","1582","","","true","medium","317","submit_inline_396_mix"
"task321","E:\kagglegolf\submissions\candidates\GOLF_20260608_030_beicicc_inline_full\onnx\task321.onnx","SRC_KAGGLE_NOTEBOOK_BEICICC_6645","GOLF_20260608_031_beicicc_inline_396_mix","beicicc_inline_function_normalized","","","3024","","","true","medium","318","submit_inline_396_mix"
"task322","E:\kagglegolf\submissions\candidates\GOLF_20260608_030_beicicc_inline_full\onnx\task322.onnx","SRC_KAGGLE_NOTEBOOK_BEICICC_6645","GOLF_20260608_031_beicicc_inline_396_mix","beicicc_inline_function_normalized","","","1235","","","true","medium","319","submit_inline_396_mix"
"task323","E:\kagglegolf\submissions\candidates\GOLF_20260608_030_beicicc_inline_full\onnx\task323.onnx","SRC_KAGGLE_NOTEBOOK_BEICICC_6645","GOLF_20260608_031_beicicc_inline_396_mix","beicicc_inline_function_normalized","","","16914","","","true","medium","320","submit_inline_396_mix"
"task324","E:\kagglegolf\submissions\candidates\GOLF_20260608_030_beicicc_inline_full\onnx\task324.onnx","SRC_KAGGLE_NOTEBOOK_BEICICC_6645","GOLF_20260608_031_beicicc_inline_396_mix","beicicc_inline_function_normalized","","","93918","","","true","medium","321","submit_inline_396_mix"
"task325","E:\kagglegolf\submissions\candidates\GOLF_20260608_030_beicicc_inline_full\onnx\task325.onnx","SRC_KAGGLE_NOTEBOOK_BEICICC_6645","GOLF_20260608_031_beicicc_inline_396_mix","beicicc_inline_function_normalized","","","17234","","","true","medium","322","submit_inline_396_mix"
"task326","E:\kagglegolf\submissions\candidates\GOLF_20260608_030_beicicc_inline_full\onnx\task326.onnx","SRC_KAGGLE_NOTEBOOK_BEICICC_6645","GOLF_20260608_031_beicicc_inline_396_mix","beicicc_inline_function_normalized","","","453","","","true","medium","323","submit_inline_396_mix"
"task327","E:\kagglegolf\submissions\candidates\GOLF_20260608_030_beicicc_inline_full\onnx\task327.onnx","SRC_KAGGLE_NOTEBOOK_BEICICC_6645","GOLF_20260608_031_beicicc_inline_396_mix","beicicc_inline_function_normalized","","","3099","","","true","medium","324","submit_inline_396_mix"
"task328","E:\kagglegolf\submissions\candidates\GOLF_20260608_030_beicicc_inline_full\onnx\task328.onnx","SRC_KAGGLE_NOTEBOOK_BEICICC_6645","GOLF_20260608_031_beicicc_inline_396_mix","beicicc_inline_function_normalized","","","39867","","","true","medium","325","submit_inline_396_mix"
"task329","E:\kagglegolf\submissions\candidates\GOLF_20260608_030_beicicc_inline_full\onnx\task329.onnx","SRC_KAGGLE_NOTEBOOK_BEICICC_6645","GOLF_20260608_031_beicicc_inline_396_mix","beicicc_inline_function_normalized","","","2543","","","true","medium","326","submit_inline_396_mix"
"task330","E:\kagglegolf\submissions\candidates\GOLF_20260608_030_beicicc_inline_full\onnx\task330.onnx","SRC_KAGGLE_NOTEBOOK_BEICICC_6645","GOLF_20260608_031_beicicc_inline_396_mix","beicicc_inline_function_normalized","","","70588","","","true","medium","327","submit_inline_396_mix"
"task331","E:\kagglegolf\submissions\candidates\GOLF_20260608_030_beicicc_inline_full\onnx\task331.onnx","SRC_KAGGLE_NOTEBOOK_BEICICC_6645","GOLF_20260608_031_beicicc_inline_396_mix","beicicc_inline_function_normalized","","","2212","","","true","medium","328","submit_inline_396_mix"
"task332","E:\kagglegolf\submissions\candidates\GOLF_20260608_030_beicicc_inline_full\onnx\task332.onnx","SRC_KAGGLE_NOTEBOOK_BEICICC_6645","GOLF_20260608_031_beicicc_inline_396_mix","beicicc_inline_function_normalized","","","21663","","","true","medium","329","submit_inline_396_mix"
"task333","E:\kagglegolf\submissions\candidates\GOLF_20260608_030_beicicc_inline_full\onnx\task333.onnx","SRC_KAGGLE_NOTEBOOK_BEICICC_6645","GOLF_20260608_031_beicicc_inline_396_mix","beicicc_inline_function_normalized","","","6916","","","true","medium","330","submit_inline_396_mix"
"task334","E:\kagglegolf\submissions\candidates\GOLF_20260608_030_beicicc_inline_full\onnx\task334.onnx","SRC_KAGGLE_NOTEBOOK_BEICICC_6645","GOLF_20260608_031_beicicc_inline_396_mix","beicicc_inline_function_normalized","","","19986","","","true","medium","331","submit_inline_396_mix"
"task335","E:\kagglegolf\submissions\candidates\GOLF_20260608_030_beicicc_inline_full\onnx\task335.onnx","SRC_KAGGLE_NOTEBOOK_BEICICC_6645","GOLF_20260608_031_beicicc_inline_396_mix","beicicc_inline_function_normalized","","","2262","","","true","medium","332","submit_inline_396_mix"
"task336","E:\kagglegolf\submissions\candidates\GOLF_20260608_030_beicicc_inline_full\onnx\task336.onnx","SRC_KAGGLE_NOTEBOOK_BEICICC_6645","GOLF_20260608_031_beicicc_inline_396_mix","beicicc_inline_function_normalized","","","11014","","","true","medium","333","submit_inline_396_mix"
"task337","E:\kagglegolf\submissions\candidates\GOLF_20260608_030_beicicc_inline_full\onnx\task337.onnx","SRC_KAGGLE_NOTEBOOK_BEICICC_6645","GOLF_20260608_031_beicicc_inline_396_mix","beicicc_inline_function_normalized","","","223","","","true","medium","334","submit_inline_396_mix"
"task338","E:\kagglegolf\submissions\candidates\GOLF_20260608_030_beicicc_inline_full\onnx\task338.onnx","SRC_KAGGLE_NOTEBOOK_BEICICC_6645","GOLF_20260608_031_beicicc_inline_396_mix","beicicc_inline_function_normalized","","","15106","","","true","medium","335","submit_inline_396_mix"
"task339","E:\kagglegolf\submissions\candidates\GOLF_20260608_030_beicicc_inline_full\onnx\task339.onnx","SRC_KAGGLE_NOTEBOOK_BEICICC_6645","GOLF_20260608_031_beicicc_inline_396_mix","beicicc_inline_function_normalized","","","1570","","","true","medium","336","submit_inline_396_mix"
"task340","E:\kagglegolf\submissions\candidates\GOLF_20260608_030_beicicc_inline_full\onnx\task340.onnx","SRC_KAGGLE_NOTEBOOK_BEICICC_6645","GOLF_20260608_031_beicicc_inline_396_mix","beicicc_inline_function_normalized","","","9758","","","true","medium","337","submit_inline_396_mix"
"task341","E:\kagglegolf\submissions\candidates\GOLF_20260608_030_beicicc_inline_full\onnx\task341.onnx","SRC_KAGGLE_NOTEBOOK_BEICICC_6645","GOLF_20260608_031_beicicc_inline_396_mix","beicicc_inline_function_normalized","","","12601","","","true","medium","338","submit_inline_396_mix"
"task342","E:\kagglegolf\submissions\candidates\GOLF_20260608_030_beicicc_inline_full\onnx\task342.onnx","SRC_KAGGLE_NOTEBOOK_BEICICC_6645","GOLF_20260608_031_beicicc_inline_396_mix","beicicc_inline_function_normalized","","","30075","","","true","medium","339","submit_inline_396_mix"
"task343","E:\kagglegolf\submissions\candidates\GOLF_20260608_030_beicicc_inline_full\onnx\task343.onnx","SRC_KAGGLE_NOTEBOOK_BEICICC_6645","GOLF_20260608_031_beicicc_inline_396_mix","beicicc_inline_function_normalized","","","11618","","","true","medium","340","submit_inline_396_mix"
"task344","E:\kagglegolf\submissions\candidates\GOLF_20260608_030_beicicc_inline_full\onnx\task344.onnx","SRC_KAGGLE_NOTEBOOK_BEICICC_6645","GOLF_20260608_031_beicicc_inline_396_mix","beicicc_inline_function_normalized","","","3011","","","true","medium","341","submit_inline_396_mix"
"task345","E:\kagglegolf\submissions\candidates\GOLF_20260608_030_beicicc_inline_full\onnx\task345.onnx","SRC_KAGGLE_NOTEBOOK_BEICICC_6645","GOLF_20260608_031_beicicc_inline_396_mix","beicicc_inline_function_normalized","","","8046","","","true","medium","342","submit_inline_396_mix"
"task346","E:\kagglegolf\submissions\candidates\GOLF_20260608_030_beicicc_inline_full\onnx\task346.onnx","SRC_KAGGLE_NOTEBOOK_BEICICC_6645","GOLF_20260608_031_beicicc_inline_396_mix","beicicc_inline_function_normalized","","","5255","","","true","medium","343","submit_inline_396_mix"
"task347","E:\kagglegolf\submissions\candidates\GOLF_20260608_030_beicicc_inline_full\onnx\task347.onnx","SRC_KAGGLE_NOTEBOOK_BEICICC_6645","GOLF_20260608_031_beicicc_inline_396_mix","beicicc_inline_function_normalized","","","1614","","","true","medium","344","submit_inline_396_mix"
"task348","E:\kagglegolf\submissions\candidates\GOLF_20260608_030_beicicc_inline_full\onnx\task348.onnx","SRC_KAGGLE_NOTEBOOK_BEICICC_6645","GOLF_20260608_031_beicicc_inline_396_mix","beicicc_inline_function_normalized","","","6618","","","true","medium","345","submit_inline_396_mix"
"task349","E:\kagglegolf\submissions\candidates\GOLF_20260608_030_beicicc_inline_full\onnx\task349.onnx","SRC_KAGGLE_NOTEBOOK_BEICICC_6645","GOLF_20260608_031_beicicc_inline_396_mix","beicicc_inline_function_normalized","","","12356","","","true","medium","346","submit_inline_396_mix"
"task350","E:\kagglegolf\submissions\candidates\GOLF_20260608_030_beicicc_inline_full\onnx\task350.onnx","SRC_KAGGLE_NOTEBOOK_BEICICC_6645","GOLF_20260608_031_beicicc_inline_396_mix","beicicc_inline_function_normalized","","","1200","","","true","medium","347","submit_inline_396_mix"
"task351","E:\kagglegolf\submissions\candidates\GOLF_20260608_030_beicicc_inline_full\onnx\task351.onnx","SRC_KAGGLE_NOTEBOOK_BEICICC_6645","GOLF_20260608_031_beicicc_inline_396_mix","beicicc_inline_function_normalized","","","196253","","","true","medium","348","submit_inline_396_mix"
"task352","E:\kagglegolf\submissions\candidates\GOLF_20260608_030_beicicc_inline_full\onnx\task352.onnx","SRC_KAGGLE_NOTEBOOK_BEICICC_6645","GOLF_20260608_031_beicicc_inline_396_mix","beicicc_inline_function_normalized","","","771","","","true","medium","349","submit_inline_396_mix"
"task353","E:\kagglegolf\submissions\candidates\GOLF_20260608_030_beicicc_inline_full\onnx\task353.onnx","SRC_KAGGLE_NOTEBOOK_BEICICC_6645","GOLF_20260608_031_beicicc_inline_396_mix","beicicc_inline_function_normalized","","","8764","","","true","medium","350","submit_inline_396_mix"
"task354","E:\kagglegolf\submissions\candidates\GOLF_20260608_030_beicicc_inline_full\onnx\task354.onnx","SRC_KAGGLE_NOTEBOOK_BEICICC_6645","GOLF_20260608_031_beicicc_inline_396_mix","beicicc_inline_function_normalized","","","6421","","","true","medium","351","submit_inline_396_mix"
"task355","E:\kagglegolf\submissions\candidates\GOLF_20260608_030_beicicc_inline_full\onnx\task355.onnx","SRC_KAGGLE_NOTEBOOK_BEICICC_6645","GOLF_20260608_031_beicicc_inline_396_mix","beicicc_inline_function_normalized","","","6415","","","true","medium","352","submit_inline_396_mix"
"task356","E:\kagglegolf\submissions\candidates\GOLF_20260608_030_beicicc_inline_full\onnx\task356.onnx","SRC_KAGGLE_NOTEBOOK_BEICICC_6645","GOLF_20260608_031_beicicc_inline_396_mix","beicicc_inline_function_normalized","","","5381","","","true","medium","353","submit_inline_396_mix"
"task357","E:\kagglegolf\submissions\candidates\GOLF_20260608_030_beicicc_inline_full\onnx\task357.onnx","SRC_KAGGLE_NOTEBOOK_BEICICC_6645","GOLF_20260608_031_beicicc_inline_396_mix","beicicc_inline_function_normalized","","","70317","","","true","medium","354","submit_inline_396_mix"
"task358","E:\kagglegolf\submissions\candidates\GOLF_20260608_030_beicicc_inline_full\onnx\task358.onnx","SRC_KAGGLE_NOTEBOOK_BEICICC_6645","GOLF_20260608_031_beicicc_inline_396_mix","beicicc_inline_function_normalized","","","16990","","","true","medium","355","submit_inline_396_mix"
"task359","E:\kagglegolf\submissions\candidates\GOLF_20260608_030_beicicc_inline_full\onnx\task359.onnx","SRC_KAGGLE_NOTEBOOK_BEICICC_6645","GOLF_20260608_031_beicicc_inline_396_mix","beicicc_inline_function_normalized","","","3234","","","true","medium","356","submit_inline_396_mix"
"task360","E:\kagglegolf\submissions\candidates\GOLF_20260608_030_beicicc_inline_full\onnx\task360.onnx","SRC_KAGGLE_NOTEBOOK_BEICICC_6645","GOLF_20260608_031_beicicc_inline_396_mix","beicicc_inline_function_normalized","","","1640","","","true","medium","357","submit_inline_396_mix"
"task361","E:\kagglegolf\submissions\candidates\GOLF_20260608_030_beicicc_inline_full\onnx\task361.onnx","SRC_KAGGLE_NOTEBOOK_BEICICC_6645","GOLF_20260608_031_beicicc_inline_396_mix","beicicc_inline_function_normalized","","","8925","","","true","medium","358","submit_inline_396_mix"
"task362","E:\kagglegolf\submissions\candidates\GOLF_20260608_030_beicicc_inline_full\onnx\task362.onnx","SRC_KAGGLE_NOTEBOOK_BEICICC_6645","GOLF_20260608_031_beicicc_inline_396_mix","beicicc_inline_function_normalized","","","3859","","","true","medium","359","submit_inline_396_mix"
"task363","E:\kagglegolf\submissions\candidates\GOLF_20260608_030_beicicc_inline_full\onnx\task363.onnx","SRC_KAGGLE_NOTEBOOK_BEICICC_6645","GOLF_20260608_031_beicicc_inline_396_mix","beicicc_inline_function_normalized","","","28861","","","true","medium","360","submit_inline_396_mix"
"task364","E:\kagglegolf\submissions\candidates\GOLF_20260608_030_beicicc_inline_full\onnx\task364.onnx","SRC_KAGGLE_NOTEBOOK_BEICICC_6645","GOLF_20260608_031_beicicc_inline_396_mix","beicicc_inline_function_normalized","","","16581","","","true","medium","361","submit_inline_396_mix"
"task365","E:\kagglegolf\submissions\candidates\GOLF_20260608_030_beicicc_inline_full\onnx\task365.onnx","SRC_KAGGLE_NOTEBOOK_BEICICC_6645","GOLF_20260608_031_beicicc_inline_396_mix","beicicc_inline_function_normalized","","","23998","","","true","medium","362","submit_inline_396_mix"
"task366","E:\kagglegolf\submissions\candidates\GOLF_20260608_030_beicicc_inline_full\onnx\task366.onnx","SRC_KAGGLE_NOTEBOOK_BEICICC_6645","GOLF_20260608_031_beicicc_inline_396_mix","beicicc_inline_function_normalized","","","285823","","","true","medium","363","submit_inline_396_mix"
"task367","E:\kagglegolf\submissions\candidates\GOLF_20260608_030_beicicc_inline_full\onnx\task367.onnx","SRC_KAGGLE_NOTEBOOK_BEICICC_6645","GOLF_20260608_031_beicicc_inline_396_mix","beicicc_inline_function_normalized","","","37542","","","true","medium","364","submit_inline_396_mix"
"task368","E:\kagglegolf\submissions\candidates\GOLF_20260608_030_beicicc_inline_full\onnx\task368.onnx","SRC_KAGGLE_NOTEBOOK_BEICICC_6645","GOLF_20260608_031_beicicc_inline_396_mix","beicicc_inline_function_normalized","","","21499","","","true","medium","365","submit_inline_396_mix"
"task369","E:\kagglegolf\submissions\candidates\GOLF_20260608_030_beicicc_inline_full\onnx\task369.onnx","SRC_KAGGLE_NOTEBOOK_BEICICC_6645","GOLF_20260608_031_beicicc_inline_396_mix","beicicc_inline_function_normalized","","","7041","","","true","medium","366","submit_inline_396_mix"
"task370","E:\kagglegolf\submissions\candidates\GOLF_20260608_030_beicicc_inline_full\onnx\task370.onnx","SRC_KAGGLE_NOTEBOOK_BEICICC_6645","GOLF_20260608_031_beicicc_inline_396_mix","beicicc_inline_function_normalized","","","84270","","","true","medium","367","submit_inline_396_mix"
"task371","E:\kagglegolf\submissions\candidates\GOLF_20260608_030_beicicc_inline_full\onnx\task371.onnx","SRC_KAGGLE_NOTEBOOK_BEICICC_6645","GOLF_20260608_031_beicicc_inline_396_mix","beicicc_inline_function_normalized","","","1365","","","true","medium","368","submit_inline_396_mix"
"task372","E:\kagglegolf\submissions\candidates\GOLF_20260608_030_beicicc_inline_full\onnx\task372.onnx","SRC_KAGGLE_NOTEBOOK_BEICICC_6645","GOLF_20260608_031_beicicc_inline_396_mix","beicicc_inline_function_normalized","","","1434","","","true","medium","369","submit_inline_396_mix"
"task373","E:\kagglegolf\submissions\candidates\GOLF_20260608_030_beicicc_inline_full\onnx\task373.onnx","SRC_KAGGLE_NOTEBOOK_BEICICC_6645","GOLF_20260608_031_beicicc_inline_396_mix","beicicc_inline_function_normalized","","","1218","","","true","medium","370","submit_inline_396_mix"
"task374","E:\kagglegolf\submissions\candidates\GOLF_20260608_030_beicicc_inline_full\onnx\task374.onnx","SRC_KAGGLE_NOTEBOOK_BEICICC_6645","GOLF_20260608_031_beicicc_inline_396_mix","beicicc_inline_function_normalized","","","20142","","","true","medium","371","submit_inline_396_mix"
"task375","E:\kagglegolf\submissions\candidates\GOLF_20260608_030_beicicc_inline_full\onnx\task375.onnx","SRC_KAGGLE_NOTEBOOK_BEICICC_6645","GOLF_20260608_031_beicicc_inline_396_mix","beicicc_inline_function_normalized","","","4374","","","true","medium","372","submit_inline_396_mix"
"task376","E:\kagglegolf\submissions\candidates\GOLF_20260608_030_beicicc_inline_full\onnx\task376.onnx","SRC_KAGGLE_NOTEBOOK_BEICICC_6645","GOLF_20260608_031_beicicc_inline_396_mix","beicicc_inline_function_normalized","","","3386","","","true","medium","373","submit_inline_396_mix"
"task377","E:\kagglegolf\submissions\candidates\GOLF_20260608_030_beicicc_inline_full\onnx\task377.onnx","SRC_KAGGLE_NOTEBOOK_BEICICC_6645","GOLF_20260608_031_beicicc_inline_396_mix","beicicc_inline_function_normalized","","","32252","","","true","medium","374","submit_inline_396_mix"
"task378","E:\kagglegolf\submissions\candidates\GOLF_20260608_030_beicicc_inline_full\onnx\task378.onnx","SRC_KAGGLE_NOTEBOOK_BEICICC_6645","GOLF_20260608_031_beicicc_inline_396_mix","beicicc_inline_function_normalized","","","15499","","","true","medium","375","submit_inline_396_mix"
"task379","E:\kagglegolf\submissions\candidates\GOLF_20260608_030_beicicc_inline_full\onnx\task379.onnx","SRC_KAGGLE_NOTEBOOK_BEICICC_6645","GOLF_20260608_031_beicicc_inline_396_mix","beicicc_inline_function_normalized","","","28129","","","true","medium","376","submit_inline_396_mix"
"task380","E:\kagglegolf\submissions\candidates\GOLF_20260608_030_beicicc_inline_full\onnx\task380.onnx","SRC_KAGGLE_NOTEBOOK_BEICICC_6645","GOLF_20260608_031_beicicc_inline_396_mix","beicicc_inline_function_normalized","","","729","","","true","medium","377","submit_inline_396_mix"
"task381","E:\kagglegolf\submissions\candidates\GOLF_20260608_030_beicicc_inline_full\onnx\task381.onnx","SRC_KAGGLE_NOTEBOOK_BEICICC_6645","GOLF_20260608_031_beicicc_inline_396_mix","beicicc_inline_function_normalized","","","6644","","","true","medium","378","submit_inline_396_mix"
"task382","E:\kagglegolf\submissions\candidates\GOLF_20260608_030_beicicc_inline_full\onnx\task382.onnx","SRC_KAGGLE_NOTEBOOK_BEICICC_6645","GOLF_20260608_031_beicicc_inline_396_mix","beicicc_inline_function_normalized","","","527003","","","true","medium","379","submit_inline_396_mix"
"task383","E:\kagglegolf\submissions\candidates\GOLF_20260608_030_beicicc_inline_full\onnx\task383.onnx","SRC_KAGGLE_NOTEBOOK_BEICICC_6645","GOLF_20260608_031_beicicc_inline_396_mix","beicicc_inline_function_normalized","","","13268","","","true","medium","380","submit_inline_396_mix"
"task384","E:\kagglegolf\submissions\candidates\GOLF_20260608_030_beicicc_inline_full\onnx\task384.onnx","SRC_KAGGLE_NOTEBOOK_BEICICC_6645","GOLF_20260608_031_beicicc_inline_396_mix","beicicc_inline_function_normalized","","","5404","","","true","medium","381","submit_inline_396_mix"
"task385","E:\kagglegolf\submissions\candidates\GOLF_20260608_030_beicicc_inline_full\onnx\task385.onnx","SRC_KAGGLE_NOTEBOOK_BEICICC_6645","GOLF_20260608_031_beicicc_inline_396_mix","beicicc_inline_function_normalized","","","243","","","true","medium","382","submit_inline_396_mix"
"task386","E:\kagglegolf\submissions\candidates\GOLF_20260608_030_beicicc_inline_full\onnx\task386.onnx","SRC_KAGGLE_NOTEBOOK_BEICICC_6645","GOLF_20260608_031_beicicc_inline_396_mix","beicicc_inline_function_normalized","","","1782","","","true","medium","383","submit_inline_396_mix"
"task387","E:\kagglegolf\submissions\candidates\GOLF_20260608_030_beicicc_inline_full\onnx\task387.onnx","SRC_KAGGLE_NOTEBOOK_BEICICC_6645","GOLF_20260608_031_beicicc_inline_396_mix","beicicc_inline_function_normalized","","","102112","","","true","medium","384","submit_inline_396_mix"
"task388","E:\kagglegolf\submissions\candidates\GOLF_20260608_030_beicicc_inline_full\onnx\task388.onnx","SRC_KAGGLE_NOTEBOOK_BEICICC_6645","GOLF_20260608_031_beicicc_inline_396_mix","beicicc_inline_function_normalized","","","4720","","","true","medium","385","submit_inline_396_mix"
"task389","E:\kagglegolf\submissions\candidates\GOLF_20260608_030_beicicc_inline_full\onnx\task389.onnx","SRC_KAGGLE_NOTEBOOK_BEICICC_6645","GOLF_20260608_031_beicicc_inline_396_mix","beicicc_inline_function_normalized","","","1104","","","true","medium","386","submit_inline_396_mix"
"task390","E:\kagglegolf\submissions\candidates\GOLF_20260608_030_beicicc_inline_full\onnx\task390.onnx","SRC_KAGGLE_NOTEBOOK_BEICICC_6645","GOLF_20260608_031_beicicc_inline_396_mix","beicicc_inline_function_normalized","","","9733","","","true","medium","387","submit_inline_396_mix"
"task391","E:\kagglegolf\submissions\candidates\GOLF_20260608_030_beicicc_inline_full\onnx\task391.onnx","SRC_KAGGLE_NOTEBOOK_BEICICC_6645","GOLF_20260608_031_beicicc_inline_396_mix","beicicc_inline_function_normalized","","","3885","","","true","medium","388","submit_inline_396_mix"
"task392","E:\kagglegolf\submissions\candidates\GOLF_20260608_030_beicicc_inline_full\onnx\task392.onnx","SRC_KAGGLE_NOTEBOOK_BEICICC_6645","GOLF_20260608_031_beicicc_inline_396_mix","beicicc_inline_function_normalized","","","15940","","","true","medium","389","submit_inline_396_mix"
"task393","E:\kagglegolf\submissions\candidates\GOLF_20260608_030_beicicc_inline_full\onnx\task393.onnx","SRC_KAGGLE_NOTEBOOK_BEICICC_6645","GOLF_20260608_031_beicicc_inline_396_mix","beicicc_inline_function_normalized","","","3212","","","true","medium","390","submit_inline_396_mix"
"task394","E:\kagglegolf\submissions\candidates\GOLF_20260608_030_beicicc_inline_full\onnx\task394.onnx","SRC_KAGGLE_NOTEBOOK_BEICICC_6645","GOLF_20260608_031_beicicc_inline_396_mix","beicicc_inline_function_normalized","","","9019","","","true","medium","391","submit_inline_396_mix"
"task395","E:\kagglegolf\submissions\candidates\GOLF_20260608_030_beicicc_inline_full\onnx\task395.onnx","SRC_KAGGLE_NOTEBOOK_BEICICC_6645","GOLF_20260608_031_beicicc_inline_396_mix","beicicc_inline_function_normalized","","","1782","","","true","medium","392","submit_inline_396_mix"
"task396","E:\kagglegolf\submissions\candidates\GOLF_20260608_030_beicicc_inline_full\onnx\task396.onnx","SRC_KAGGLE_NOTEBOOK_BEICICC_6645","GOLF_20260608_031_beicicc_inline_396_mix","beicicc_inline_function_normalized","","","142458","","","true","medium","393","submit_inline_396_mix"
"task397","E:\kagglegolf\submissions\candidates\GOLF_20260608_030_beicicc_inline_full\onnx\task397.onnx","SRC_KAGGLE_NOTEBOOK_BEICICC_6645","GOLF_20260608_031_beicicc_inline_396_mix","beicicc_inline_function_normalized","","","6607","","","true","medium","394","submit_inline_396_mix"
"task398","E:\kagglegolf\submissions\candidates\GOLF_20260608_030_beicicc_inline_full\onnx\task398.onnx","SRC_KAGGLE_NOTEBOOK_BEICICC_6645","GOLF_20260608_031_beicicc_inline_396_mix","beicicc_inline_function_normalized","","","12577","","","true","medium","395","submit_inline_396_mix"
"task400","E:\kagglegolf\submissions\candidates\GOLF_20260608_030_beicicc_inline_full\onnx\task400.onnx","SRC_KAGGLE_NOTEBOOK_BEICICC_6645","GOLF_20260608_031_beicicc_inline_396_mix","beicicc_inline_function_normalized","","","2490","","","true","medium","396","submit_inline_396_mix"
