task_id,candidate_model_path,source_id,source_exp_id,method_family,memory_footprint,parameter_count,file_size,cost_proxy,utility_proxy,local_valid,risk,candidate_rank,recommended_action
task001,data\external\public_kernel_outputs\jonathan_zip\official_001_400\task001.onnx,SRC_KAGGLE_NOTEBOOK_JONATHAN_CONSTRAINT_MIX,GOLF_20260608_008_jonathan_constraint_logic_mix,jonathan_structural_pass_mix,,,1001,1001,public_constraint_mix,true,medium,1,submit_mix
task002,data\external\public_kernel_outputs\jonathan_zip\official_001_400\task002.onnx,SRC_KAGGLE_NOTEBOOK_JONATHAN_CONSTRAINT_MIX,GOLF_20260608_008_jonathan_constraint_logic_mix,jonathan_structural_pass_mix,,,28687,28687,public_constraint_mix,true,medium,2,submit_mix
task003,data\external\public_kernel_outputs\jonathan_zip\official_001_400\task003.onnx,SRC_KAGGLE_NOTEBOOK_JONATHAN_CONSTRAINT_MIX,GOLF_20260608_008_jonathan_constraint_logic_mix,jonathan_structural_pass_mix,,,3904,3904,public_constraint_mix,true,medium,3,submit_mix
task004,data\external\public_kernel_outputs\jonathan_zip\official_001_400\task004.onnx,SRC_KAGGLE_NOTEBOOK_JONATHAN_CONSTRAINT_MIX,GOLF_20260608_008_jonathan_constraint_logic_mix,jonathan_structural_pass_mix,,,4505,4505,public_constraint_mix,true,medium,4,submit_mix
task005,data\external\public_kernel_outputs\jonathan_zip\official_001_400\task005.onnx,SRC_KAGGLE_NOTEBOOK_JONATHAN_CONSTRAINT_MIX,GOLF_20260608_008_jonathan_constraint_logic_mix,jonathan_structural_pass_mix,,,14885,14885,public_constraint_mix,true,medium,5,submit_mix
task006,data\external\public_kernel_outputs\jonathan_zip\official_001_400\task006.onnx,SRC_KAGGLE_NOTEBOOK_JONATHAN_CONSTRAINT_MIX,GOLF_20260608_008_jonathan_constraint_logic_mix,jonathan_structural_pass_mix,,,1310,1310,public_constraint_mix,true,medium,6,submit_mix
task007,data\external\public_kernel_outputs\jonathan_zip\official_001_400\task007.onnx,SRC_KAGGLE_NOTEBOOK_JONATHAN_CONSTRAINT_MIX,GOLF_20260608_008_jonathan_constraint_logic_mix,jonathan_structural_pass_mix,,,1385,1385,public_constraint_mix,true,medium,7,submit_mix
task008,data\external\public_kernel_outputs\jonathan_zip\official_001_400\task008.onnx,SRC_KAGGLE_NOTEBOOK_JONATHAN_CONSTRAINT_MIX,GOLF_20260608_008_jonathan_constraint_logic_mix,jonathan_structural_pass_mix,,,4647,4647,public_constraint_mix,true,medium,8,submit_mix
task009,data\external\public_kernel_outputs\jonathan_zip\official_001_400\task009.onnx,SRC_KAGGLE_NOTEBOOK_JONATHAN_CONSTRAINT_MIX,GOLF_20260608_008_jonathan_constraint_logic_mix,jonathan_structural_pass_mix,,,30710,30710,public_constraint_mix,true,medium,9,submit_mix
task010,data\external\public_kernel_outputs\jonathan_zip\official_001_400\task010.onnx,SRC_KAGGLE_NOTEBOOK_JONATHAN_CONSTRAINT_MIX,GOLF_20260608_008_jonathan_constraint_logic_mix,jonathan_structural_pass_mix,,,6061,6061,public_constraint_mix,true,medium,10,submit_mix
task011,data\external\public_kernel_outputs\jonathan_zip\official_001_400\task011.onnx,SRC_KAGGLE_NOTEBOOK_JONATHAN_CONSTRAINT_MIX,GOLF_20260608_008_jonathan_constraint_logic_mix,jonathan_structural_pass_mix,,,10283,10283,public_constraint_mix,true,medium,11,submit_mix
task012,data\external\public_kernel_outputs\jonathan_zip\official_001_400\task012.onnx,SRC_KAGGLE_NOTEBOOK_JONATHAN_CONSTRAINT_MIX,GOLF_20260608_008_jonathan_constraint_logic_mix,jonathan_structural_pass_mix,,,1546,1546,public_constraint_mix,true,medium,12,submit_mix
task013,data\external\public_kernel_outputs\jonathan_zip\official_001_400\task013.onnx,SRC_KAGGLE_NOTEBOOK_JONATHAN_CONSTRAINT_MIX,GOLF_20260608_008_jonathan_constraint_logic_mix,jonathan_structural_pass_mix,,,22727,22727,public_constraint_mix,true,medium,13,submit_mix
task014,data\external\public_kernel_outputs\jonathan_zip\official_001_400\task014.onnx,SRC_KAGGLE_NOTEBOOK_JONATHAN_CONSTRAINT_MIX,GOLF_20260608_008_jonathan_constraint_logic_mix,jonathan_structural_pass_mix,,,3676,3676,public_constraint_mix,true,medium,14,submit_mix
task015,data\external\public_kernel_outputs\jonathan_zip\official_001_400\task015.onnx,SRC_KAGGLE_NOTEBOOK_JONATHAN_CONSTRAINT_MIX,GOLF_20260608_008_jonathan_constraint_logic_mix,jonathan_structural_pass_mix,,,3834,3834,public_constraint_mix,true,medium,15,submit_mix
task016,data\external\public_kernel_outputs\jonathan_zip\official_001_400\task016.onnx,SRC_KAGGLE_NOTEBOOK_JONATHAN_CONSTRAINT_MIX,GOLF_20260608_008_jonathan_constraint_logic_mix,jonathan_structural_pass_mix,,,158,158,public_constraint_mix,true,medium,16,submit_mix
task017,data\external\public_kernel_outputs\jonathan_zip\official_001_400\task017.onnx,SRC_KAGGLE_NOTEBOOK_JONATHAN_CONSTRAINT_MIX,GOLF_20260608_008_jonathan_constraint_logic_mix,jonathan_structural_pass_mix,,,10880,10880,public_constraint_mix,true,medium,17,submit_mix
task018,data\external\public_kernel_outputs\jonathan_zip\official_001_400\task018.onnx,SRC_KAGGLE_NOTEBOOK_JONATHAN_CONSTRAINT_MIX,GOLF_20260608_008_jonathan_constraint_logic_mix,jonathan_structural_pass_mix,,,28217,28217,public_constraint_mix,true,medium,18,submit_mix
task019,data\external\public_kernel_outputs\jonathan_zip\official_001_400\task019.onnx,SRC_KAGGLE_NOTEBOOK_JONATHAN_CONSTRAINT_MIX,GOLF_20260608_008_jonathan_constraint_logic_mix,jonathan_structural_pass_mix,,,3021,3021,public_constraint_mix,true,medium,19,submit_mix
task020,data\external\public_kernel_outputs\jonathan_zip\official_001_400\task020.onnx,SRC_KAGGLE_NOTEBOOK_JONATHAN_CONSTRAINT_MIX,GOLF_20260608_008_jonathan_constraint_logic_mix,jonathan_structural_pass_mix,,,14783,14783,public_constraint_mix,true,medium,20,submit_mix
task021,data\external\public_kernel_outputs\jonathan_zip\official_001_400\task021.onnx,SRC_KAGGLE_NOTEBOOK_JONATHAN_CONSTRAINT_MIX,GOLF_20260608_008_jonathan_constraint_logic_mix,jonathan_structural_pass_mix,,,29463,29463,public_constraint_mix,true,medium,21,submit_mix
task022,data\external\public_kernel_outputs\jonathan_zip\official_001_400\task022.onnx,SRC_KAGGLE_NOTEBOOK_JONATHAN_CONSTRAINT_MIX,GOLF_20260608_008_jonathan_constraint_logic_mix,jonathan_structural_pass_mix,,,29851,29851,public_constraint_mix,true,medium,22,submit_mix
task023,data\external\public_kernel_outputs\jonathan_zip\official_001_400\task023.onnx,SRC_KAGGLE_NOTEBOOK_JONATHAN_CONSTRAINT_MIX,GOLF_20260608_008_jonathan_constraint_logic_mix,jonathan_structural_pass_mix,,,2803,2803,public_constraint_mix,true,medium,23,submit_mix
task024,data\external\public_kernel_outputs\jonathan_zip\official_001_400\task024.onnx,SRC_KAGGLE_NOTEBOOK_JONATHAN_CONSTRAINT_MIX,GOLF_20260608_008_jonathan_constraint_logic_mix,jonathan_structural_pass_mix,,,2232,2232,public_constraint_mix,true,medium,24,submit_mix
task025,data\external\public_kernel_outputs\jonathan_zip\official_001_400\task025.onnx,SRC_KAGGLE_NOTEBOOK_JONATHAN_CONSTRAINT_MIX,GOLF_20260608_008_jonathan_constraint_logic_mix,jonathan_structural_pass_mix,,,61508,61508,public_constraint_mix,true,medium,25,submit_mix
task026,data\external\public_kernel_outputs\jonathan_zip\official_001_400\task026.onnx,SRC_KAGGLE_NOTEBOOK_JONATHAN_CONSTRAINT_MIX,GOLF_20260608_008_jonathan_constraint_logic_mix,jonathan_structural_pass_mix,,,1613,1613,public_constraint_mix,true,medium,26,submit_mix
task027,data\external\public_kernel_outputs\jonathan_zip\official_001_400\task027.onnx,SRC_KAGGLE_NOTEBOOK_JONATHAN_CONSTRAINT_MIX,GOLF_20260608_008_jonathan_constraint_logic_mix,jonathan_structural_pass_mix,,,31059,31059,public_constraint_mix,true,medium,27,submit_mix
task028,data\external\public_kernel_outputs\jonathan_zip\official_001_400\task028.onnx,SRC_KAGGLE_NOTEBOOK_JONATHAN_CONSTRAINT_MIX,GOLF_20260608_008_jonathan_constraint_logic_mix,jonathan_structural_pass_mix,,,2539,2539,public_constraint_mix,true,medium,28,submit_mix
task029,data\external\public_kernel_outputs\jonathan_zip\official_001_400\task029.onnx,SRC_KAGGLE_NOTEBOOK_JONATHAN_CONSTRAINT_MIX,GOLF_20260608_008_jonathan_constraint_logic_mix,jonathan_structural_pass_mix,,,12469,12469,public_constraint_mix,true,medium,29,submit_mix
task030,data\external\public_kernel_outputs\jonathan_zip\official_001_400\task030.onnx,SRC_KAGGLE_NOTEBOOK_JONATHAN_CONSTRAINT_MIX,GOLF_20260608_008_jonathan_constraint_logic_mix,jonathan_structural_pass_mix,,,9573,9573,public_constraint_mix,true,medium,30,submit_mix
task031,data\external\public_kernel_outputs\jonathan_zip\official_001_400\task031.onnx,SRC_KAGGLE_NOTEBOOK_JONATHAN_CONSTRAINT_MIX,GOLF_20260608_008_jonathan_constraint_logic_mix,jonathan_structural_pass_mix,,,3612,3612,public_constraint_mix,true,medium,31,submit_mix
task032,data\external\public_kernel_outputs\jonathan_zip\official_001_400\task032.onnx,SRC_KAGGLE_NOTEBOOK_JONATHAN_CONSTRAINT_MIX,GOLF_20260608_008_jonathan_constraint_logic_mix,jonathan_structural_pass_mix,,,1654,1654,public_constraint_mix,true,medium,32,submit_mix
task033,data\external\public_kernel_outputs\jonathan_zip\official_001_400\task033.onnx,SRC_KAGGLE_NOTEBOOK_JONATHAN_CONSTRAINT_MIX,GOLF_20260608_008_jonathan_constraint_logic_mix,jonathan_structural_pass_mix,,,1311,1311,public_constraint_mix,true,medium,33,submit_mix
task034,data\external\public_kernel_outputs\jonathan_zip\official_001_400\task034.onnx,SRC_KAGGLE_NOTEBOOK_JONATHAN_CONSTRAINT_MIX,GOLF_20260608_008_jonathan_constraint_logic_mix,jonathan_structural_pass_mix,,,13730,13730,public_constraint_mix,true,medium,34,submit_mix
task035,data\external\public_kernel_outputs\jonathan_zip\official_001_400\task035.onnx,SRC_KAGGLE_NOTEBOOK_JONATHAN_CONSTRAINT_MIX,GOLF_20260608_008_jonathan_constraint_logic_mix,jonathan_structural_pass_mix,,,9679,9679,public_constraint_mix,true,medium,35,submit_mix
task036,data\external\public_kernel_outputs\jonathan_zip\official_001_400\task036.onnx,SRC_KAGGLE_NOTEBOOK_JONATHAN_CONSTRAINT_MIX,GOLF_20260608_008_jonathan_constraint_logic_mix,jonathan_structural_pass_mix,,,4194,4194,public_constraint_mix,true,medium,36,submit_mix
task037,data\external\public_kernel_outputs\jonathan_zip\official_001_400\task037.onnx,SRC_KAGGLE_NOTEBOOK_JONATHAN_CONSTRAINT_MIX,GOLF_20260608_008_jonathan_constraint_logic_mix,jonathan_structural_pass_mix,,,10137,10137,public_constraint_mix,true,medium,37,submit_mix
task038,data\external\public_kernel_outputs\jonathan_zip\official_001_400\task038.onnx,SRC_KAGGLE_NOTEBOOK_JONATHAN_CONSTRAINT_MIX,GOLF_20260608_008_jonathan_constraint_logic_mix,jonathan_structural_pass_mix,,,1812,1812,public_constraint_mix,true,medium,38,submit_mix
task039,data\external\public_kernel_outputs\jonathan_zip\official_001_400\task039.onnx,SRC_KAGGLE_NOTEBOOK_JONATHAN_CONSTRAINT_MIX,GOLF_20260608_008_jonathan_constraint_logic_mix,jonathan_structural_pass_mix,,,2209,2209,public_constraint_mix,true,medium,39,submit_mix
task040,data\external\public_kernel_outputs\jonathan_zip\official_001_400\task040.onnx,SRC_KAGGLE_NOTEBOOK_JONATHAN_CONSTRAINT_MIX,GOLF_20260608_008_jonathan_constraint_logic_mix,jonathan_structural_pass_mix,,,3111,3111,public_constraint_mix,true,medium,40,submit_mix
task041,data\external\public_kernel_outputs\jonathan_zip\official_001_400\task041.onnx,SRC_KAGGLE_NOTEBOOK_JONATHAN_CONSTRAINT_MIX,GOLF_20260608_008_jonathan_constraint_logic_mix,jonathan_structural_pass_mix,,,1313,1313,public_constraint_mix,true,medium,41,submit_mix
task042,data\external\public_kernel_outputs\jonathan_zip\official_001_400\task042.onnx,SRC_KAGGLE_NOTEBOOK_JONATHAN_CONSTRAINT_MIX,GOLF_20260608_008_jonathan_constraint_logic_mix,jonathan_structural_pass_mix,,,9477,9477,public_constraint_mix,true,medium,42,submit_mix
task043,data\external\public_kernel_outputs\jonathan_zip\official_001_400\task043.onnx,SRC_KAGGLE_NOTEBOOK_JONATHAN_CONSTRAINT_MIX,GOLF_20260608_008_jonathan_constraint_logic_mix,jonathan_structural_pass_mix,,,1181,1181,public_constraint_mix,true,medium,43,submit_mix
task044,data\external\public_kernel_outputs\jonathan_zip\official_001_400\task044.onnx,SRC_KAGGLE_NOTEBOOK_JONATHAN_CONSTRAINT_MIX,GOLF_20260608_008_jonathan_constraint_logic_mix,jonathan_structural_pass_mix,,,25407,25407,public_constraint_mix,true,medium,44,submit_mix
task045,data\external\public_kernel_outputs\jonathan_zip\official_001_400\task045.onnx,SRC_KAGGLE_NOTEBOOK_JONATHAN_CONSTRAINT_MIX,GOLF_20260608_008_jonathan_constraint_logic_mix,jonathan_structural_pass_mix,,,955,955,public_constraint_mix,true,medium,45,submit_mix
task046,data\external\public_kernel_outputs\jonathan_zip\official_001_400\task046.onnx,SRC_KAGGLE_NOTEBOOK_JONATHAN_CONSTRAINT_MIX,GOLF_20260608_008_jonathan_constraint_logic_mix,jonathan_structural_pass_mix,,,9068,9068,public_constraint_mix,true,medium,46,submit_mix
task047,data\external\public_kernel_outputs\jonathan_zip\official_001_400\task047.onnx,SRC_KAGGLE_NOTEBOOK_JONATHAN_CONSTRAINT_MIX,GOLF_20260608_008_jonathan_constraint_logic_mix,jonathan_structural_pass_mix,,,2117,2117,public_constraint_mix,true,medium,47,submit_mix
task048,data\external\public_kernel_outputs\jonathan_zip\official_001_400\task048.onnx,SRC_KAGGLE_NOTEBOOK_JONATHAN_CONSTRAINT_MIX,GOLF_20260608_008_jonathan_constraint_logic_mix,jonathan_structural_pass_mix,,,5977,5977,public_constraint_mix,true,medium,48,submit_mix
task049,data\external\public_kernel_outputs\jonathan_zip\official_001_400\task049.onnx,SRC_KAGGLE_NOTEBOOK_JONATHAN_CONSTRAINT_MIX,GOLF_20260608_008_jonathan_constraint_logic_mix,jonathan_structural_pass_mix,,,2631,2631,public_constraint_mix,true,medium,49,submit_mix
task050,data\external\public_kernel_outputs\jonathan_zip\official_001_400\task050.onnx,SRC_KAGGLE_NOTEBOOK_JONATHAN_CONSTRAINT_MIX,GOLF_20260608_008_jonathan_constraint_logic_mix,jonathan_structural_pass_mix,,,1776,1776,public_constraint_mix,true,medium,50,submit_mix
task051,data\external\public_kernel_outputs\jonathan_zip\official_001_400\task051.onnx,SRC_KAGGLE_NOTEBOOK_JONATHAN_CONSTRAINT_MIX,GOLF_20260608_008_jonathan_constraint_logic_mix,jonathan_structural_pass_mix,,,8106,8106,public_constraint_mix,true,medium,51,submit_mix
task052,data\external\public_kernel_outputs\jonathan_zip\official_001_400\task052.onnx,SRC_KAGGLE_NOTEBOOK_JONATHAN_CONSTRAINT_MIX,GOLF_20260608_008_jonathan_constraint_logic_mix,jonathan_structural_pass_mix,,,918,918,public_constraint_mix,true,medium,52,submit_mix
task053,data\external\public_kernel_outputs\jonathan_zip\official_001_400\task053.onnx,SRC_KAGGLE_NOTEBOOK_JONATHAN_CONSTRAINT_MIX,GOLF_20260608_008_jonathan_constraint_logic_mix,jonathan_structural_pass_mix,,,183,183,public_constraint_mix,true,medium,53,submit_mix
task054,data\external\public_kernel_outputs\jonathan_zip\official_001_400\task054.onnx,SRC_KAGGLE_NOTEBOOK_JONATHAN_CONSTRAINT_MIX,GOLF_20260608_008_jonathan_constraint_logic_mix,jonathan_structural_pass_mix,,,8955,8955,public_constraint_mix,true,medium,54,submit_mix
task055,data\external\public_kernel_outputs\jonathan_zip\official_001_400\task055.onnx,SRC_KAGGLE_NOTEBOOK_JONATHAN_CONSTRAINT_MIX,GOLF_20260608_008_jonathan_constraint_logic_mix,jonathan_structural_pass_mix,,,14976,14976,public_constraint_mix,true,medium,55,submit_mix
task056,data\external\public_kernel_outputs\jonathan_zip\official_001_400\task056.onnx,SRC_KAGGLE_NOTEBOOK_JONATHAN_CONSTRAINT_MIX,GOLF_20260608_008_jonathan_constraint_logic_mix,jonathan_structural_pass_mix,,,1471,1471,public_constraint_mix,true,medium,56,submit_mix
task057,data\external\public_kernel_outputs\jonathan_zip\official_001_400\task057.onnx,SRC_KAGGLE_NOTEBOOK_JONATHAN_CONSTRAINT_MIX,GOLF_20260608_008_jonathan_constraint_logic_mix,jonathan_structural_pass_mix,,,1453,1453,public_constraint_mix,true,medium,57,submit_mix
task058,data\external\public_kernel_outputs\jonathan_zip\official_001_400\task058.onnx,SRC_KAGGLE_NOTEBOOK_JONATHAN_CONSTRAINT_MIX,GOLF_20260608_008_jonathan_constraint_logic_mix,jonathan_structural_pass_mix,,,26982,26982,public_constraint_mix,true,medium,58,submit_mix
task059,data\external\public_kernel_outputs\jonathan_zip\official_001_400\task059.onnx,SRC_KAGGLE_NOTEBOOK_JONATHAN_CONSTRAINT_MIX,GOLF_20260608_008_jonathan_constraint_logic_mix,jonathan_structural_pass_mix,,,12046,12046,public_constraint_mix,true,medium,59,submit_mix
task060,data\external\public_kernel_outputs\jonathan_zip\official_001_400\task060.onnx,SRC_KAGGLE_NOTEBOOK_JONATHAN_CONSTRAINT_MIX,GOLF_20260608_008_jonathan_constraint_logic_mix,jonathan_structural_pass_mix,,,2234,2234,public_constraint_mix,true,medium,60,submit_mix
task061,data\external\public_kernel_outputs\jonathan_zip\official_001_400\task061.onnx,SRC_KAGGLE_NOTEBOOK_JONATHAN_CONSTRAINT_MIX,GOLF_20260608_008_jonathan_constraint_logic_mix,jonathan_structural_pass_mix,,,16988,16988,public_constraint_mix,true,medium,61,submit_mix
task062,data\external\public_kernel_outputs\jonathan_zip\official_001_400\task062.onnx,SRC_KAGGLE_NOTEBOOK_JONATHAN_CONSTRAINT_MIX,GOLF_20260608_008_jonathan_constraint_logic_mix,jonathan_structural_pass_mix,,,14803,14803,public_constraint_mix,true,medium,62,submit_mix
task063,data\external\public_kernel_outputs\jonathan_zip\official_001_400\task063.onnx,SRC_KAGGLE_NOTEBOOK_JONATHAN_CONSTRAINT_MIX,GOLF_20260608_008_jonathan_constraint_logic_mix,jonathan_structural_pass_mix,,,2387,2387,public_constraint_mix,true,medium,63,submit_mix
task064,data\external\public_kernel_outputs\jonathan_zip\official_001_400\task064.onnx,SRC_KAGGLE_NOTEBOOK_JONATHAN_CONSTRAINT_MIX,GOLF_20260608_008_jonathan_constraint_logic_mix,jonathan_structural_pass_mix,,,4579,4579,public_constraint_mix,true,medium,64,submit_mix
task065,data\external\public_kernel_outputs\jonathan_zip\official_001_400\task065.onnx,SRC_KAGGLE_NOTEBOOK_JONATHAN_CONSTRAINT_MIX,GOLF_20260608_008_jonathan_constraint_logic_mix,jonathan_structural_pass_mix,,,1908,1908,public_constraint_mix,true,medium,65,submit_mix
task066,data\external\public_kernel_outputs\jonathan_zip\official_001_400\task066.onnx,SRC_KAGGLE_NOTEBOOK_JONATHAN_CONSTRAINT_MIX,GOLF_20260608_008_jonathan_constraint_logic_mix,jonathan_structural_pass_mix,,,22387,22387,public_constraint_mix,true,medium,66,submit_mix
task067,data\external\public_kernel_outputs\jonathan_zip\official_001_400\task067.onnx,SRC_KAGGLE_NOTEBOOK_JONATHAN_CONSTRAINT_MIX,GOLF_20260608_008_jonathan_constraint_logic_mix,jonathan_structural_pass_mix,,,630,630,public_constraint_mix,true,medium,67,submit_mix
task068,data\external\public_kernel_outputs\jonathan_zip\official_001_400\task068.onnx,SRC_KAGGLE_NOTEBOOK_JONATHAN_CONSTRAINT_MIX,GOLF_20260608_008_jonathan_constraint_logic_mix,jonathan_structural_pass_mix,,,1520,1520,public_constraint_mix,true,medium,68,submit_mix
task069,data\external\public_kernel_outputs\jonathan_zip\official_001_400\task069.onnx,SRC_KAGGLE_NOTEBOOK_JONATHAN_CONSTRAINT_MIX,GOLF_20260608_008_jonathan_constraint_logic_mix,jonathan_structural_pass_mix,,,36582,36582,public_constraint_mix,true,medium,69,submit_mix
task070,data\external\public_kernel_outputs\jonathan_zip\official_001_400\task070.onnx,SRC_KAGGLE_NOTEBOOK_JONATHAN_CONSTRAINT_MIX,GOLF_20260608_008_jonathan_constraint_logic_mix,jonathan_structural_pass_mix,,,6744,6744,public_constraint_mix,true,medium,70,submit_mix
task071,data\external\public_kernel_outputs\jonathan_zip\official_001_400\task071.onnx,SRC_KAGGLE_NOTEBOOK_JONATHAN_CONSTRAINT_MIX,GOLF_20260608_008_jonathan_constraint_logic_mix,jonathan_structural_pass_mix,,,11757,11757,public_constraint_mix,true,medium,71,submit_mix
task072,data\external\public_kernel_outputs\jonathan_zip\official_001_400\task072.onnx,SRC_KAGGLE_NOTEBOOK_JONATHAN_CONSTRAINT_MIX,GOLF_20260608_008_jonathan_constraint_logic_mix,jonathan_structural_pass_mix,,,1625,1625,public_constraint_mix,true,medium,72,submit_mix
task073,data\external\public_kernel_outputs\jonathan_zip\official_001_400\task073.onnx,SRC_KAGGLE_NOTEBOOK_JONATHAN_CONSTRAINT_MIX,GOLF_20260608_008_jonathan_constraint_logic_mix,jonathan_structural_pass_mix,,,1388,1388,public_constraint_mix,true,medium,73,submit_mix
task074,data\external\public_kernel_outputs\jonathan_zip\official_001_400\task074.onnx,SRC_KAGGLE_NOTEBOOK_JONATHAN_CONSTRAINT_MIX,GOLF_20260608_008_jonathan_constraint_logic_mix,jonathan_structural_pass_mix,,,2235,2235,public_constraint_mix,true,medium,74,submit_mix
task075,data\external\public_kernel_outputs\jonathan_zip\official_001_400\task075.onnx,SRC_KAGGLE_NOTEBOOK_JONATHAN_CONSTRAINT_MIX,GOLF_20260608_008_jonathan_constraint_logic_mix,jonathan_structural_pass_mix,,,7717,7717,public_constraint_mix,true,medium,75,submit_mix
task077,data\external\public_kernel_outputs\jonathan_zip\official_001_400\task077.onnx,SRC_KAGGLE_NOTEBOOK_JONATHAN_CONSTRAINT_MIX,GOLF_20260608_008_jonathan_constraint_logic_mix,jonathan_structural_pass_mix,,,11626,11626,public_constraint_mix,true,medium,76,submit_mix
task078,data\external\public_kernel_outputs\jonathan_zip\official_001_400\task078.onnx,SRC_KAGGLE_NOTEBOOK_JONATHAN_CONSTRAINT_MIX,GOLF_20260608_008_jonathan_constraint_logic_mix,jonathan_structural_pass_mix,,,2575,2575,public_constraint_mix,true,medium,77,submit_mix
task079,data\external\public_kernel_outputs\jonathan_zip\official_001_400\task079.onnx,SRC_KAGGLE_NOTEBOOK_JONATHAN_CONSTRAINT_MIX,GOLF_20260608_008_jonathan_constraint_logic_mix,jonathan_structural_pass_mix,,,2233,2233,public_constraint_mix,true,medium,78,submit_mix
task080,data\external\public_kernel_outputs\jonathan_zip\official_001_400\task080.onnx,SRC_KAGGLE_NOTEBOOK_JONATHAN_CONSTRAINT_MIX,GOLF_20260608_008_jonathan_constraint_logic_mix,jonathan_structural_pass_mix,,,22186,22186,public_constraint_mix,true,medium,79,submit_mix
task081,data\external\public_kernel_outputs\jonathan_zip\official_001_400\task081.onnx,SRC_KAGGLE_NOTEBOOK_JONATHAN_CONSTRAINT_MIX,GOLF_20260608_008_jonathan_constraint_logic_mix,jonathan_structural_pass_mix,,,3537,3537,public_constraint_mix,true,medium,80,submit_mix
task082,data\external\public_kernel_outputs\jonathan_zip\official_001_400\task082.onnx,SRC_KAGGLE_NOTEBOOK_JONATHAN_CONSTRAINT_MIX,GOLF_20260608_008_jonathan_constraint_logic_mix,jonathan_structural_pass_mix,,,1755,1755,public_constraint_mix,true,medium,81,submit_mix
task083,data\external\public_kernel_outputs\jonathan_zip\official_001_400\task083.onnx,SRC_KAGGLE_NOTEBOOK_JONATHAN_CONSTRAINT_MIX,GOLF_20260608_008_jonathan_constraint_logic_mix,jonathan_structural_pass_mix,,,923,923,public_constraint_mix,true,medium,82,submit_mix
task084,data\external\public_kernel_outputs\jonathan_zip\official_001_400\task084.onnx,SRC_KAGGLE_NOTEBOOK_JONATHAN_CONSTRAINT_MIX,GOLF_20260608_008_jonathan_constraint_logic_mix,jonathan_structural_pass_mix,,,1945,1945,public_constraint_mix,true,medium,83,submit_mix
task085,data\external\public_kernel_outputs\jonathan_zip\official_001_400\task085.onnx,SRC_KAGGLE_NOTEBOOK_JONATHAN_CONSTRAINT_MIX,GOLF_20260608_008_jonathan_constraint_logic_mix,jonathan_structural_pass_mix,,,2013,2013,public_constraint_mix,true,medium,84,submit_mix
task086,data\external\public_kernel_outputs\jonathan_zip\official_001_400\task086.onnx,SRC_KAGGLE_NOTEBOOK_JONATHAN_CONSTRAINT_MIX,GOLF_20260608_008_jonathan_constraint_logic_mix,jonathan_structural_pass_mix,,,3406,3406,public_constraint_mix,true,medium,85,submit_mix
task087,data\external\public_kernel_outputs\jonathan_zip\official_001_400\task087.onnx,SRC_KAGGLE_NOTEBOOK_JONATHAN_CONSTRAINT_MIX,GOLF_20260608_008_jonathan_constraint_logic_mix,jonathan_structural_pass_mix,,,435,435,public_constraint_mix,true,medium,86,submit_mix
task088,data\external\public_kernel_outputs\jonathan_zip\official_001_400\task088.onnx,SRC_KAGGLE_NOTEBOOK_JONATHAN_CONSTRAINT_MIX,GOLF_20260608_008_jonathan_constraint_logic_mix,jonathan_structural_pass_mix,,,12966,12966,public_constraint_mix,true,medium,87,submit_mix
task089,data\external\public_kernel_outputs\jonathan_zip\official_001_400\task089.onnx,SRC_KAGGLE_NOTEBOOK_JONATHAN_CONSTRAINT_MIX,GOLF_20260608_008_jonathan_constraint_logic_mix,jonathan_structural_pass_mix,,,110495,110495,public_constraint_mix,true,medium,88,submit_mix
task090,data\external\public_kernel_outputs\jonathan_zip\official_001_400\task090.onnx,SRC_KAGGLE_NOTEBOOK_JONATHAN_CONSTRAINT_MIX,GOLF_20260608_008_jonathan_constraint_logic_mix,jonathan_structural_pass_mix,,,19479,19479,public_constraint_mix,true,medium,89,submit_mix
task091,data\external\public_kernel_outputs\jonathan_zip\official_001_400\task091.onnx,SRC_KAGGLE_NOTEBOOK_JONATHAN_CONSTRAINT_MIX,GOLF_20260608_008_jonathan_constraint_logic_mix,jonathan_structural_pass_mix,,,2988,2988,public_constraint_mix,true,medium,90,submit_mix
task092,data\external\public_kernel_outputs\jonathan_zip\official_001_400\task092.onnx,SRC_KAGGLE_NOTEBOOK_JONATHAN_CONSTRAINT_MIX,GOLF_20260608_008_jonathan_constraint_logic_mix,jonathan_structural_pass_mix,,,3290,3290,public_constraint_mix,true,medium,91,submit_mix
task093,data\external\public_kernel_outputs\jonathan_zip\official_001_400\task093.onnx,SRC_KAGGLE_NOTEBOOK_JONATHAN_CONSTRAINT_MIX,GOLF_20260608_008_jonathan_constraint_logic_mix,jonathan_structural_pass_mix,,,3751,3751,public_constraint_mix,true,medium,92,submit_mix
task094,data\external\public_kernel_outputs\jonathan_zip\official_001_400\task094.onnx,SRC_KAGGLE_NOTEBOOK_JONATHAN_CONSTRAINT_MIX,GOLF_20260608_008_jonathan_constraint_logic_mix,jonathan_structural_pass_mix,,,2051,2051,public_constraint_mix,true,medium,93,submit_mix
task095,data\external\public_kernel_outputs\jonathan_zip\official_001_400\task095.onnx,SRC_KAGGLE_NOTEBOOK_JONATHAN_CONSTRAINT_MIX,GOLF_20260608_008_jonathan_constraint_logic_mix,jonathan_structural_pass_mix,,,3888,3888,public_constraint_mix,true,medium,94,submit_mix
task096,data\external\public_kernel_outputs\jonathan_zip\official_001_400\task096.onnx,SRC_KAGGLE_NOTEBOOK_JONATHAN_CONSTRAINT_MIX,GOLF_20260608_008_jonathan_constraint_logic_mix,jonathan_structural_pass_mix,,,19557,19557,public_constraint_mix,true,medium,95,submit_mix
task097,data\external\public_kernel_outputs\jonathan_zip\official_001_400\task097.onnx,SRC_KAGGLE_NOTEBOOK_JONATHAN_CONSTRAINT_MIX,GOLF_20260608_008_jonathan_constraint_logic_mix,jonathan_structural_pass_mix,,,2695,2695,public_constraint_mix,true,medium,96,submit_mix
task098,data\external\public_kernel_outputs\jonathan_zip\official_001_400\task098.onnx,SRC_KAGGLE_NOTEBOOK_JONATHAN_CONSTRAINT_MIX,GOLF_20260608_008_jonathan_constraint_logic_mix,jonathan_structural_pass_mix,,,3888,3888,public_constraint_mix,true,medium,97,submit_mix
task099,data\external\public_kernel_outputs\jonathan_zip\official_001_400\task099.onnx,SRC_KAGGLE_NOTEBOOK_JONATHAN_CONSTRAINT_MIX,GOLF_20260608_008_jonathan_constraint_logic_mix,jonathan_structural_pass_mix,,,6509,6509,public_constraint_mix,true,medium,98,submit_mix
task100,data\external\public_kernel_outputs\jonathan_zip\official_001_400\task100.onnx,SRC_KAGGLE_NOTEBOOK_JONATHAN_CONSTRAINT_MIX,GOLF_20260608_008_jonathan_constraint_logic_mix,jonathan_structural_pass_mix,,,5315,5315,public_constraint_mix,true,medium,99,submit_mix
task101,data\external\public_kernel_outputs\jonathan_zip\official_001_400\task101.onnx,SRC_KAGGLE_NOTEBOOK_JONATHAN_CONSTRAINT_MIX,GOLF_20260608_008_jonathan_constraint_logic_mix,jonathan_structural_pass_mix,,,32893,32893,public_constraint_mix,true,medium,100,submit_mix
task103,data\external\public_kernel_outputs\jonathan_zip\official_001_400\task103.onnx,SRC_KAGGLE_NOTEBOOK_JONATHAN_CONSTRAINT_MIX,GOLF_20260608_008_jonathan_constraint_logic_mix,jonathan_structural_pass_mix,,,1582,1582,public_constraint_mix,true,medium,101,submit_mix
task104,data\external\public_kernel_outputs\jonathan_zip\official_001_400\task104.onnx,SRC_KAGGLE_NOTEBOOK_JONATHAN_CONSTRAINT_MIX,GOLF_20260608_008_jonathan_constraint_logic_mix,jonathan_structural_pass_mix,,,5723,5723,public_constraint_mix,true,medium,102,submit_mix
task105,data\external\public_kernel_outputs\jonathan_zip\official_001_400\task105.onnx,SRC_KAGGLE_NOTEBOOK_JONATHAN_CONSTRAINT_MIX,GOLF_20260608_008_jonathan_constraint_logic_mix,jonathan_structural_pass_mix,,,35077,35077,public_constraint_mix,true,medium,103,submit_mix
task106,data\external\public_kernel_outputs\jonathan_zip\official_001_400\task106.onnx,SRC_KAGGLE_NOTEBOOK_JONATHAN_CONSTRAINT_MIX,GOLF_20260608_008_jonathan_constraint_logic_mix,jonathan_structural_pass_mix,,,2939,2939,public_constraint_mix,true,medium,104,submit_mix
task107,data\external\public_kernel_outputs\jonathan_zip\official_001_400\task107.onnx,SRC_KAGGLE_NOTEBOOK_JONATHAN_CONSTRAINT_MIX,GOLF_20260608_008_jonathan_constraint_logic_mix,jonathan_structural_pass_mix,,,58321,58321,public_constraint_mix,true,medium,105,submit_mix
task108,data\external\public_kernel_outputs\jonathan_zip\official_001_400\task108.onnx,SRC_KAGGLE_NOTEBOOK_JONATHAN_CONSTRAINT_MIX,GOLF_20260608_008_jonathan_constraint_logic_mix,jonathan_structural_pass_mix,,,7454,7454,public_constraint_mix,true,medium,106,submit_mix
task109,data\external\public_kernel_outputs\jonathan_zip\official_001_400\task109.onnx,SRC_KAGGLE_NOTEBOOK_JONATHAN_CONSTRAINT_MIX,GOLF_20260608_008_jonathan_constraint_logic_mix,jonathan_structural_pass_mix,,,3836,3836,public_constraint_mix,true,medium,107,submit_mix
task110,data\external\public_kernel_outputs\jonathan_zip\official_001_400\task110.onnx,SRC_KAGGLE_NOTEBOOK_JONATHAN_CONSTRAINT_MIX,GOLF_20260608_008_jonathan_constraint_logic_mix,jonathan_structural_pass_mix,,,16176,16176,public_constraint_mix,true,medium,108,submit_mix
task111,data\external\public_kernel_outputs\jonathan_zip\official_001_400\task111.onnx,SRC_KAGGLE_NOTEBOOK_JONATHAN_CONSTRAINT_MIX,GOLF_20260608_008_jonathan_constraint_logic_mix,jonathan_structural_pass_mix,,,1893,1893,public_constraint_mix,true,medium,109,submit_mix
task112,data\external\public_kernel_outputs\jonathan_zip\official_001_400\task112.onnx,SRC_KAGGLE_NOTEBOOK_JONATHAN_CONSTRAINT_MIX,GOLF_20260608_008_jonathan_constraint_logic_mix,jonathan_structural_pass_mix,,,3852,3852,public_constraint_mix,true,medium,110,submit_mix
task113,data\external\public_kernel_outputs\jonathan_zip\official_001_400\task113.onnx,SRC_KAGGLE_NOTEBOOK_JONATHAN_CONSTRAINT_MIX,GOLF_20260608_008_jonathan_constraint_logic_mix,jonathan_structural_pass_mix,,,499,499,public_constraint_mix,true,medium,111,submit_mix
task114,data\external\public_kernel_outputs\jonathan_zip\official_001_400\task114.onnx,SRC_KAGGLE_NOTEBOOK_JONATHAN_CONSTRAINT_MIX,GOLF_20260608_008_jonathan_constraint_logic_mix,jonathan_structural_pass_mix,,,4719,4719,public_constraint_mix,true,medium,112,submit_mix
task115,data\external\public_kernel_outputs\jonathan_zip\official_001_400\task115.onnx,SRC_KAGGLE_NOTEBOOK_JONATHAN_CONSTRAINT_MIX,GOLF_20260608_008_jonathan_constraint_logic_mix,jonathan_structural_pass_mix,,,5069,5069,public_constraint_mix,true,medium,113,submit_mix
task116,data\external\public_kernel_outputs\jonathan_zip\official_001_400\task116.onnx,SRC_KAGGLE_NOTEBOOK_JONATHAN_CONSTRAINT_MIX,GOLF_20260608_008_jonathan_constraint_logic_mix,jonathan_structural_pass_mix,,,479,479,public_constraint_mix,true,medium,114,submit_mix
task117,data\external\public_kernel_outputs\jonathan_zip\official_001_400\task117.onnx,SRC_KAGGLE_NOTEBOOK_JONATHAN_CONSTRAINT_MIX,GOLF_20260608_008_jonathan_constraint_logic_mix,jonathan_structural_pass_mix,,,10682,10682,public_constraint_mix,true,medium,115,submit_mix
task118,data\external\public_kernel_outputs\jonathan_zip\official_001_400\task118.onnx,SRC_KAGGLE_NOTEBOOK_JONATHAN_CONSTRAINT_MIX,GOLF_20260608_008_jonathan_constraint_logic_mix,jonathan_structural_pass_mix,,,18987,18987,public_constraint_mix,true,medium,116,submit_mix
task119,data\external\public_kernel_outputs\jonathan_zip\official_001_400\task119.onnx,SRC_KAGGLE_NOTEBOOK_JONATHAN_CONSTRAINT_MIX,GOLF_20260608_008_jonathan_constraint_logic_mix,jonathan_structural_pass_mix,,,48756,48756,public_constraint_mix,true,medium,117,submit_mix
task120,data\external\public_kernel_outputs\jonathan_zip\official_001_400\task120.onnx,SRC_KAGGLE_NOTEBOOK_JONATHAN_CONSTRAINT_MIX,GOLF_20260608_008_jonathan_constraint_logic_mix,jonathan_structural_pass_mix,,,4834,4834,public_constraint_mix,true,medium,118,submit_mix
task121,data\external\public_kernel_outputs\jonathan_zip\official_001_400\task121.onnx,SRC_KAGGLE_NOTEBOOK_JONATHAN_CONSTRAINT_MIX,GOLF_20260608_008_jonathan_constraint_logic_mix,jonathan_structural_pass_mix,,,3993,3993,public_constraint_mix,true,medium,119,submit_mix
task122,data\external\public_kernel_outputs\jonathan_zip\official_001_400\task122.onnx,SRC_KAGGLE_NOTEBOOK_JONATHAN_CONSTRAINT_MIX,GOLF_20260608_008_jonathan_constraint_logic_mix,jonathan_structural_pass_mix,,,3438,3438,public_constraint_mix,true,medium,120,submit_mix
task123,data\external\public_kernel_outputs\jonathan_zip\official_001_400\task123.onnx,SRC_KAGGLE_NOTEBOOK_JONATHAN_CONSTRAINT_MIX,GOLF_20260608_008_jonathan_constraint_logic_mix,jonathan_structural_pass_mix,,,8565,8565,public_constraint_mix,true,medium,121,submit_mix
task124,data\external\public_kernel_outputs\jonathan_zip\official_001_400\task124.onnx,SRC_KAGGLE_NOTEBOOK_JONATHAN_CONSTRAINT_MIX,GOLF_20260608_008_jonathan_constraint_logic_mix,jonathan_structural_pass_mix,,,2871,2871,public_constraint_mix,true,medium,122,submit_mix
task125,data\external\public_kernel_outputs\jonathan_zip\official_001_400\task125.onnx,SRC_KAGGLE_NOTEBOOK_JONATHAN_CONSTRAINT_MIX,GOLF_20260608_008_jonathan_constraint_logic_mix,jonathan_structural_pass_mix,,,2003,2003,public_constraint_mix,true,medium,123,submit_mix
task126,data\external\public_kernel_outputs\jonathan_zip\official_001_400\task126.onnx,SRC_KAGGLE_NOTEBOOK_JONATHAN_CONSTRAINT_MIX,GOLF_20260608_008_jonathan_constraint_logic_mix,jonathan_structural_pass_mix,,,2488,2488,public_constraint_mix,true,medium,124,submit_mix
task127,data\external\public_kernel_outputs\jonathan_zip\official_001_400\task127.onnx,SRC_KAGGLE_NOTEBOOK_JONATHAN_CONSTRAINT_MIX,GOLF_20260608_008_jonathan_constraint_logic_mix,jonathan_structural_pass_mix,,,3772,3772,public_constraint_mix,true,medium,125,submit_mix
task128,data\external\public_kernel_outputs\jonathan_zip\official_001_400\task128.onnx,SRC_KAGGLE_NOTEBOOK_JONATHAN_CONSTRAINT_MIX,GOLF_20260608_008_jonathan_constraint_logic_mix,jonathan_structural_pass_mix,,,3650,3650,public_constraint_mix,true,medium,126,submit_mix
task129,data\external\public_kernel_outputs\jonathan_zip\official_001_400\task129.onnx,SRC_KAGGLE_NOTEBOOK_JONATHAN_CONSTRAINT_MIX,GOLF_20260608_008_jonathan_constraint_logic_mix,jonathan_structural_pass_mix,,,1196,1196,public_constraint_mix,true,medium,127,submit_mix
task130,data\external\public_kernel_outputs\jonathan_zip\official_001_400\task130.onnx,SRC_KAGGLE_NOTEBOOK_JONATHAN_CONSTRAINT_MIX,GOLF_20260608_008_jonathan_constraint_logic_mix,jonathan_structural_pass_mix,,,1050,1050,public_constraint_mix,true,medium,128,submit_mix
task131,data\external\public_kernel_outputs\jonathan_zip\official_001_400\task131.onnx,SRC_KAGGLE_NOTEBOOK_JONATHAN_CONSTRAINT_MIX,GOLF_20260608_008_jonathan_constraint_logic_mix,jonathan_structural_pass_mix,,,12240,12240,public_constraint_mix,true,medium,129,submit_mix
task132,data\external\public_kernel_outputs\jonathan_zip\official_001_400\task132.onnx,SRC_KAGGLE_NOTEBOOK_JONATHAN_CONSTRAINT_MIX,GOLF_20260608_008_jonathan_constraint_logic_mix,jonathan_structural_pass_mix,,,2287,2287,public_constraint_mix,true,medium,130,submit_mix
task133,data\external\public_kernel_outputs\jonathan_zip\official_001_400\task133.onnx,SRC_KAGGLE_NOTEBOOK_JONATHAN_CONSTRAINT_MIX,GOLF_20260608_008_jonathan_constraint_logic_mix,jonathan_structural_pass_mix,,,189849,189849,public_constraint_mix,true,medium,131,submit_mix
task134,data\external\public_kernel_outputs\jonathan_zip\official_001_400\task134.onnx,SRC_KAGGLE_NOTEBOOK_JONATHAN_CONSTRAINT_MIX,GOLF_20260608_008_jonathan_constraint_logic_mix,jonathan_structural_pass_mix,,,7188,7188,public_constraint_mix,true,medium,132,submit_mix
task135,data\external\public_kernel_outputs\jonathan_zip\official_001_400\task135.onnx,SRC_KAGGLE_NOTEBOOK_JONATHAN_CONSTRAINT_MIX,GOLF_20260608_008_jonathan_constraint_logic_mix,jonathan_structural_pass_mix,,,346,346,public_constraint_mix,true,medium,133,submit_mix
task136,data\external\public_kernel_outputs\jonathan_zip\official_001_400\task136.onnx,SRC_KAGGLE_NOTEBOOK_JONATHAN_CONSTRAINT_MIX,GOLF_20260608_008_jonathan_constraint_logic_mix,jonathan_structural_pass_mix,,,8371,8371,public_constraint_mix,true,medium,134,submit_mix
task137,data\external\public_kernel_outputs\jonathan_zip\official_001_400\task137.onnx,SRC_KAGGLE_NOTEBOOK_JONATHAN_CONSTRAINT_MIX,GOLF_20260608_008_jonathan_constraint_logic_mix,jonathan_structural_pass_mix,,,2340,2340,public_constraint_mix,true,medium,135,submit_mix
task138,data\external\public_kernel_outputs\jonathan_zip\official_001_400\task138.onnx,SRC_KAGGLE_NOTEBOOK_JONATHAN_CONSTRAINT_MIX,GOLF_20260608_008_jonathan_constraint_logic_mix,jonathan_structural_pass_mix,,,10853,10853,public_constraint_mix,true,medium,136,submit_mix
task139,data\external\public_kernel_outputs\jonathan_zip\official_001_400\task139.onnx,SRC_KAGGLE_NOTEBOOK_JONATHAN_CONSTRAINT_MIX,GOLF_20260608_008_jonathan_constraint_logic_mix,jonathan_structural_pass_mix,,,1588,1588,public_constraint_mix,true,medium,137,submit_mix
task140,data\external\public_kernel_outputs\jonathan_zip\official_001_400\task140.onnx,SRC_KAGGLE_NOTEBOOK_JONATHAN_CONSTRAINT_MIX,GOLF_20260608_008_jonathan_constraint_logic_mix,jonathan_structural_pass_mix,,,435,435,public_constraint_mix,true,medium,138,submit_mix
task141,data\external\public_kernel_outputs\jonathan_zip\official_001_400\task141.onnx,SRC_KAGGLE_NOTEBOOK_JONATHAN_CONSTRAINT_MIX,GOLF_20260608_008_jonathan_constraint_logic_mix,jonathan_structural_pass_mix,,,1743,1743,public_constraint_mix,true,medium,139,submit_mix
task142,data\external\public_kernel_outputs\jonathan_zip\official_001_400\task142.onnx,SRC_KAGGLE_NOTEBOOK_JONATHAN_CONSTRAINT_MIX,GOLF_20260608_008_jonathan_constraint_logic_mix,jonathan_structural_pass_mix,,,915,915,public_constraint_mix,true,medium,140,submit_mix
task143,data\external\public_kernel_outputs\jonathan_zip\official_001_400\task143.onnx,SRC_KAGGLE_NOTEBOOK_JONATHAN_CONSTRAINT_MIX,GOLF_20260608_008_jonathan_constraint_logic_mix,jonathan_structural_pass_mix,,,2099,2099,public_constraint_mix,true,medium,141,submit_mix
task144,data\external\public_kernel_outputs\jonathan_zip\official_001_400\task144.onnx,SRC_KAGGLE_NOTEBOOK_JONATHAN_CONSTRAINT_MIX,GOLF_20260608_008_jonathan_constraint_logic_mix,jonathan_structural_pass_mix,,,1626,1626,public_constraint_mix,true,medium,142,submit_mix
task145,data\external\public_kernel_outputs\jonathan_zip\official_001_400\task145.onnx,SRC_KAGGLE_NOTEBOOK_JONATHAN_CONSTRAINT_MIX,GOLF_20260608_008_jonathan_constraint_logic_mix,jonathan_structural_pass_mix,,,32048,32048,public_constraint_mix,true,medium,143,submit_mix
task146,data\external\public_kernel_outputs\jonathan_zip\official_001_400\task146.onnx,SRC_KAGGLE_NOTEBOOK_JONATHAN_CONSTRAINT_MIX,GOLF_20260608_008_jonathan_constraint_logic_mix,jonathan_structural_pass_mix,,,1351,1351,public_constraint_mix,true,medium,144,submit_mix
task147,data\external\public_kernel_outputs\jonathan_zip\official_001_400\task147.onnx,SRC_KAGGLE_NOTEBOOK_JONATHAN_CONSTRAINT_MIX,GOLF_20260608_008_jonathan_constraint_logic_mix,jonathan_structural_pass_mix,,,1306,1306,public_constraint_mix,true,medium,145,submit_mix
task148,data\external\public_kernel_outputs\jonathan_zip\official_001_400\task148.onnx,SRC_KAGGLE_NOTEBOOK_JONATHAN_CONSTRAINT_MIX,GOLF_20260608_008_jonathan_constraint_logic_mix,jonathan_structural_pass_mix,,,10335,10335,public_constraint_mix,true,medium,146,submit_mix
task149,data\external\public_kernel_outputs\jonathan_zip\official_001_400\task149.onnx,SRC_KAGGLE_NOTEBOOK_JONATHAN_CONSTRAINT_MIX,GOLF_20260608_008_jonathan_constraint_logic_mix,jonathan_structural_pass_mix,,,1420,1420,public_constraint_mix,true,medium,147,submit_mix
task150,data\external\public_kernel_outputs\jonathan_zip\official_001_400\task150.onnx,SRC_KAGGLE_NOTEBOOK_JONATHAN_CONSTRAINT_MIX,GOLF_20260608_008_jonathan_constraint_logic_mix,jonathan_structural_pass_mix,,,1054,1054,public_constraint_mix,true,medium,148,submit_mix
task151,data\external\public_kernel_outputs\jonathan_zip\official_001_400\task151.onnx,SRC_KAGGLE_NOTEBOOK_JONATHAN_CONSTRAINT_MIX,GOLF_20260608_008_jonathan_constraint_logic_mix,jonathan_structural_pass_mix,,,3949,3949,public_constraint_mix,true,medium,149,submit_mix
task152,data\external\public_kernel_outputs\jonathan_zip\official_001_400\task152.onnx,SRC_KAGGLE_NOTEBOOK_JONATHAN_CONSTRAINT_MIX,GOLF_20260608_008_jonathan_constraint_logic_mix,jonathan_structural_pass_mix,,,915,915,public_constraint_mix,true,medium,150,submit_mix
task153,data\external\public_kernel_outputs\jonathan_zip\official_001_400\task153.onnx,SRC_KAGGLE_NOTEBOOK_JONATHAN_CONSTRAINT_MIX,GOLF_20260608_008_jonathan_constraint_logic_mix,jonathan_structural_pass_mix,,,4975,4975,public_constraint_mix,true,medium,151,submit_mix
task154,data\external\public_kernel_outputs\jonathan_zip\official_001_400\task154.onnx,SRC_KAGGLE_NOTEBOOK_JONATHAN_CONSTRAINT_MIX,GOLF_20260608_008_jonathan_constraint_logic_mix,jonathan_structural_pass_mix,,,2826,2826,public_constraint_mix,true,medium,152,submit_mix
task155,data\external\public_kernel_outputs\jonathan_zip\official_001_400\task155.onnx,SRC_KAGGLE_NOTEBOOK_JONATHAN_CONSTRAINT_MIX,GOLF_20260608_008_jonathan_constraint_logic_mix,jonathan_structural_pass_mix,,,1054,1054,public_constraint_mix,true,medium,153,submit_mix
task156,data\external\public_kernel_outputs\jonathan_zip\official_001_400\task156.onnx,SRC_KAGGLE_NOTEBOOK_JONATHAN_CONSTRAINT_MIX,GOLF_20260608_008_jonathan_constraint_logic_mix,jonathan_structural_pass_mix,,,9218,9218,public_constraint_mix,true,medium,154,submit_mix
task157,data\external\public_kernel_outputs\jonathan_zip\official_001_400\task157.onnx,SRC_KAGGLE_NOTEBOOK_JONATHAN_CONSTRAINT_MIX,GOLF_20260608_008_jonathan_constraint_logic_mix,jonathan_structural_pass_mix,,,49526,49526,public_constraint_mix,true,medium,155,submit_mix
task158,data\external\public_kernel_outputs\jonathan_zip\official_001_400\task158.onnx,SRC_KAGGLE_NOTEBOOK_JONATHAN_CONSTRAINT_MIX,GOLF_20260608_008_jonathan_constraint_logic_mix,jonathan_structural_pass_mix,,,159472,159472,public_constraint_mix,true,medium,156,submit_mix
task159,data\external\public_kernel_outputs\jonathan_zip\official_001_400\task159.onnx,SRC_KAGGLE_NOTEBOOK_JONATHAN_CONSTRAINT_MIX,GOLF_20260608_008_jonathan_constraint_logic_mix,jonathan_structural_pass_mix,,,20168,20168,public_constraint_mix,true,medium,157,submit_mix
task160,data\external\public_kernel_outputs\jonathan_zip\official_001_400\task160.onnx,SRC_KAGGLE_NOTEBOOK_JONATHAN_CONSTRAINT_MIX,GOLF_20260608_008_jonathan_constraint_logic_mix,jonathan_structural_pass_mix,,,1914,1914,public_constraint_mix,true,medium,158,submit_mix
task161,data\external\public_kernel_outputs\jonathan_zip\official_001_400\task161.onnx,SRC_KAGGLE_NOTEBOOK_JONATHAN_CONSTRAINT_MIX,GOLF_20260608_008_jonathan_constraint_logic_mix,jonathan_structural_pass_mix,,,5813,5813,public_constraint_mix,true,medium,159,submit_mix
task162,data\external\public_kernel_outputs\jonathan_zip\official_001_400\task162.onnx,SRC_KAGGLE_NOTEBOOK_JONATHAN_CONSTRAINT_MIX,GOLF_20260608_008_jonathan_constraint_logic_mix,jonathan_structural_pass_mix,,,2103,2103,public_constraint_mix,true,medium,160,submit_mix
task163,data\external\public_kernel_outputs\jonathan_zip\official_001_400\task163.onnx,SRC_KAGGLE_NOTEBOOK_JONATHAN_CONSTRAINT_MIX,GOLF_20260608_008_jonathan_constraint_logic_mix,jonathan_structural_pass_mix,,,13789,13789,public_constraint_mix,true,medium,161,submit_mix
task164,data\external\public_kernel_outputs\jonathan_zip\official_001_400\task164.onnx,SRC_KAGGLE_NOTEBOOK_JONATHAN_CONSTRAINT_MIX,GOLF_20260608_008_jonathan_constraint_logic_mix,jonathan_structural_pass_mix,,,479,479,public_constraint_mix,true,medium,162,submit_mix
task165,data\external\public_kernel_outputs\jonathan_zip\official_001_400\task165.onnx,SRC_KAGGLE_NOTEBOOK_JONATHAN_CONSTRAINT_MIX,GOLF_20260608_008_jonathan_constraint_logic_mix,jonathan_structural_pass_mix,,,6369,6369,public_constraint_mix,true,medium,163,submit_mix
task166,data\external\public_kernel_outputs\jonathan_zip\official_001_400\task166.onnx,SRC_KAGGLE_NOTEBOOK_JONATHAN_CONSTRAINT_MIX,GOLF_20260608_008_jonathan_constraint_logic_mix,jonathan_structural_pass_mix,,,1246,1246,public_constraint_mix,true,medium,164,submit_mix
task167,data\external\public_kernel_outputs\jonathan_zip\official_001_400\task167.onnx,SRC_KAGGLE_NOTEBOOK_JONATHAN_CONSTRAINT_MIX,GOLF_20260608_008_jonathan_constraint_logic_mix,jonathan_structural_pass_mix,,,2375,2375,public_constraint_mix,true,medium,165,submit_mix
task168,data\external\public_kernel_outputs\jonathan_zip\official_001_400\task168.onnx,SRC_KAGGLE_NOTEBOOK_JONATHAN_CONSTRAINT_MIX,GOLF_20260608_008_jonathan_constraint_logic_mix,jonathan_structural_pass_mix,,,8303,8303,public_constraint_mix,true,medium,166,submit_mix
task169,data\external\public_kernel_outputs\jonathan_zip\official_001_400\task169.onnx,SRC_KAGGLE_NOTEBOOK_JONATHAN_CONSTRAINT_MIX,GOLF_20260608_008_jonathan_constraint_logic_mix,jonathan_structural_pass_mix,,,3846,3846,public_constraint_mix,true,medium,167,submit_mix
task170,data\external\public_kernel_outputs\jonathan_zip\official_001_400\task170.onnx,SRC_KAGGLE_NOTEBOOK_JONATHAN_CONSTRAINT_MIX,GOLF_20260608_008_jonathan_constraint_logic_mix,jonathan_structural_pass_mix,,,47329,47329,public_constraint_mix,true,medium,168,submit_mix
task171,data\external\public_kernel_outputs\jonathan_zip\official_001_400\task171.onnx,SRC_KAGGLE_NOTEBOOK_JONATHAN_CONSTRAINT_MIX,GOLF_20260608_008_jonathan_constraint_logic_mix,jonathan_structural_pass_mix,,,1636,1636,public_constraint_mix,true,medium,169,submit_mix
task172,data\external\public_kernel_outputs\jonathan_zip\official_001_400\task172.onnx,SRC_KAGGLE_NOTEBOOK_JONATHAN_CONSTRAINT_MIX,GOLF_20260608_008_jonathan_constraint_logic_mix,jonathan_structural_pass_mix,,,479,479,public_constraint_mix,true,medium,170,submit_mix
task173,data\external\public_kernel_outputs\jonathan_zip\official_001_400\task173.onnx,SRC_KAGGLE_NOTEBOOK_JONATHAN_CONSTRAINT_MIX,GOLF_20260608_008_jonathan_constraint_logic_mix,jonathan_structural_pass_mix,,,5856,5856,public_constraint_mix,true,medium,171,submit_mix
task174,data\external\public_kernel_outputs\jonathan_zip\official_001_400\task174.onnx,SRC_KAGGLE_NOTEBOOK_JONATHAN_CONSTRAINT_MIX,GOLF_20260608_008_jonathan_constraint_logic_mix,jonathan_structural_pass_mix,,,55104,55104,public_constraint_mix,true,medium,172,submit_mix
task175,data\external\public_kernel_outputs\jonathan_zip\official_001_400\task175.onnx,SRC_KAGGLE_NOTEBOOK_JONATHAN_CONSTRAINT_MIX,GOLF_20260608_008_jonathan_constraint_logic_mix,jonathan_structural_pass_mix,,,5068,5068,public_constraint_mix,true,medium,173,submit_mix
task176,data\external\public_kernel_outputs\jonathan_zip\official_001_400\task176.onnx,SRC_KAGGLE_NOTEBOOK_JONATHAN_CONSTRAINT_MIX,GOLF_20260608_008_jonathan_constraint_logic_mix,jonathan_structural_pass_mix,,,1218,1218,public_constraint_mix,true,medium,174,submit_mix
task177,data\external\public_kernel_outputs\jonathan_zip\official_001_400\task177.onnx,SRC_KAGGLE_NOTEBOOK_JONATHAN_CONSTRAINT_MIX,GOLF_20260608_008_jonathan_constraint_logic_mix,jonathan_structural_pass_mix,,,2698,2698,public_constraint_mix,true,medium,175,submit_mix
task178,data\external\public_kernel_outputs\jonathan_zip\official_001_400\task178.onnx,SRC_KAGGLE_NOTEBOOK_JONATHAN_CONSTRAINT_MIX,GOLF_20260608_008_jonathan_constraint_logic_mix,jonathan_structural_pass_mix,,,11442,11442,public_constraint_mix,true,medium,176,submit_mix
task179,data\external\public_kernel_outputs\jonathan_zip\official_001_400\task179.onnx,SRC_KAGGLE_NOTEBOOK_JONATHAN_CONSTRAINT_MIX,GOLF_20260608_008_jonathan_constraint_logic_mix,jonathan_structural_pass_mix,,,170,170,public_constraint_mix,true,medium,177,submit_mix
task180,data\external\public_kernel_outputs\jonathan_zip\official_001_400\task180.onnx,SRC_KAGGLE_NOTEBOOK_JONATHAN_CONSTRAINT_MIX,GOLF_20260608_008_jonathan_constraint_logic_mix,jonathan_structural_pass_mix,,,1458,1458,public_constraint_mix,true,medium,178,submit_mix
task181,data\external\public_kernel_outputs\jonathan_zip\official_001_400\task181.onnx,SRC_KAGGLE_NOTEBOOK_JONATHAN_CONSTRAINT_MIX,GOLF_20260608_008_jonathan_constraint_logic_mix,jonathan_structural_pass_mix,,,1230,1230,public_constraint_mix,true,medium,179,submit_mix
task182,data\external\public_kernel_outputs\jonathan_zip\official_001_400\task182.onnx,SRC_KAGGLE_NOTEBOOK_JONATHAN_CONSTRAINT_MIX,GOLF_20260608_008_jonathan_constraint_logic_mix,jonathan_structural_pass_mix,,,462321,462321,public_constraint_mix,true,medium,180,submit_mix
task183,data\external\public_kernel_outputs\jonathan_zip\official_001_400\task183.onnx,SRC_KAGGLE_NOTEBOOK_JONATHAN_CONSTRAINT_MIX,GOLF_20260608_008_jonathan_constraint_logic_mix,jonathan_structural_pass_mix,,,3364,3364,public_constraint_mix,true,medium,181,submit_mix
task184,data\external\public_kernel_outputs\jonathan_zip\official_001_400\task184.onnx,SRC_KAGGLE_NOTEBOOK_JONATHAN_CONSTRAINT_MIX,GOLF_20260608_008_jonathan_constraint_logic_mix,jonathan_structural_pass_mix,,,6823,6823,public_constraint_mix,true,medium,182,submit_mix
task185,data\external\public_kernel_outputs\jonathan_zip\official_001_400\task185.onnx,SRC_KAGGLE_NOTEBOOK_JONATHAN_CONSTRAINT_MIX,GOLF_20260608_008_jonathan_constraint_logic_mix,jonathan_structural_pass_mix,,,16320,16320,public_constraint_mix,true,medium,183,submit_mix
task186,data\external\public_kernel_outputs\jonathan_zip\official_001_400\task186.onnx,SRC_KAGGLE_NOTEBOOK_JONATHAN_CONSTRAINT_MIX,GOLF_20260608_008_jonathan_constraint_logic_mix,jonathan_structural_pass_mix,,,2418,2418,public_constraint_mix,true,medium,184,submit_mix
task187,data\external\public_kernel_outputs\jonathan_zip\official_001_400\task187.onnx,SRC_KAGGLE_NOTEBOOK_JONATHAN_CONSTRAINT_MIX,GOLF_20260608_008_jonathan_constraint_logic_mix,jonathan_structural_pass_mix,,,6346,6346,public_constraint_mix,true,medium,185,submit_mix
task188,data\external\public_kernel_outputs\jonathan_zip\official_001_400\task188.onnx,SRC_KAGGLE_NOTEBOOK_JONATHAN_CONSTRAINT_MIX,GOLF_20260608_008_jonathan_constraint_logic_mix,jonathan_structural_pass_mix,,,2963,2963,public_constraint_mix,true,medium,186,submit_mix
task189,data\external\public_kernel_outputs\jonathan_zip\official_001_400\task189.onnx,SRC_KAGGLE_NOTEBOOK_JONATHAN_CONSTRAINT_MIX,GOLF_20260608_008_jonathan_constraint_logic_mix,jonathan_structural_pass_mix,,,9288,9288,public_constraint_mix,true,medium,187,submit_mix
task190,data\external\public_kernel_outputs\jonathan_zip\official_001_400\task190.onnx,SRC_KAGGLE_NOTEBOOK_JONATHAN_CONSTRAINT_MIX,GOLF_20260608_008_jonathan_constraint_logic_mix,jonathan_structural_pass_mix,,,7038,7038,public_constraint_mix,true,medium,188,submit_mix
task191,data\external\public_kernel_outputs\jonathan_zip\official_001_400\task191.onnx,SRC_KAGGLE_NOTEBOOK_JONATHAN_CONSTRAINT_MIX,GOLF_20260608_008_jonathan_constraint_logic_mix,jonathan_structural_pass_mix,,,8552,8552,public_constraint_mix,true,medium,189,submit_mix
task192,data\external\public_kernel_outputs\jonathan_zip\official_001_400\task192.onnx,SRC_KAGGLE_NOTEBOOK_JONATHAN_CONSTRAINT_MIX,GOLF_20260608_008_jonathan_constraint_logic_mix,jonathan_structural_pass_mix,,,1760,1760,public_constraint_mix,true,medium,190,submit_mix
task193,data\external\public_kernel_outputs\jonathan_zip\official_001_400\task193.onnx,SRC_KAGGLE_NOTEBOOK_JONATHAN_CONSTRAINT_MIX,GOLF_20260608_008_jonathan_constraint_logic_mix,jonathan_structural_pass_mix,,,1530,1530,public_constraint_mix,true,medium,191,submit_mix
task194,data\external\public_kernel_outputs\jonathan_zip\official_001_400\task194.onnx,SRC_KAGGLE_NOTEBOOK_JONATHAN_CONSTRAINT_MIX,GOLF_20260608_008_jonathan_constraint_logic_mix,jonathan_structural_pass_mix,,,7454,7454,public_constraint_mix,true,medium,192,submit_mix
task195,data\external\public_kernel_outputs\jonathan_zip\official_001_400\task195.onnx,SRC_KAGGLE_NOTEBOOK_JONATHAN_CONSTRAINT_MIX,GOLF_20260608_008_jonathan_constraint_logic_mix,jonathan_structural_pass_mix,,,6814,6814,public_constraint_mix,true,medium,193,submit_mix
task196,data\external\public_kernel_outputs\jonathan_zip\official_001_400\task196.onnx,SRC_KAGGLE_NOTEBOOK_JONATHAN_CONSTRAINT_MIX,GOLF_20260608_008_jonathan_constraint_logic_mix,jonathan_structural_pass_mix,,,2477,2477,public_constraint_mix,true,medium,194,submit_mix
task197,data\external\public_kernel_outputs\jonathan_zip\official_001_400\task197.onnx,SRC_KAGGLE_NOTEBOOK_JONATHAN_CONSTRAINT_MIX,GOLF_20260608_008_jonathan_constraint_logic_mix,jonathan_structural_pass_mix,,,1165,1165,public_constraint_mix,true,medium,195,submit_mix
task198,data\external\public_kernel_outputs\jonathan_zip\official_001_400\task198.onnx,SRC_KAGGLE_NOTEBOOK_JONATHAN_CONSTRAINT_MIX,GOLF_20260608_008_jonathan_constraint_logic_mix,jonathan_structural_pass_mix,,,8467,8467,public_constraint_mix,true,medium,196,submit_mix
task199,data\external\public_kernel_outputs\jonathan_zip\official_001_400\task199.onnx,SRC_KAGGLE_NOTEBOOK_JONATHAN_CONSTRAINT_MIX,GOLF_20260608_008_jonathan_constraint_logic_mix,jonathan_structural_pass_mix,,,2222,2222,public_constraint_mix,true,medium,197,submit_mix
task200,data\external\public_kernel_outputs\jonathan_zip\official_001_400\task200.onnx,SRC_KAGGLE_NOTEBOOK_JONATHAN_CONSTRAINT_MIX,GOLF_20260608_008_jonathan_constraint_logic_mix,jonathan_structural_pass_mix,,,2442,2442,public_constraint_mix,true,medium,198,submit_mix
task201,data\external\public_kernel_outputs\jonathan_zip\official_001_400\task201.onnx,SRC_KAGGLE_NOTEBOOK_JONATHAN_CONSTRAINT_MIX,GOLF_20260608_008_jonathan_constraint_logic_mix,jonathan_structural_pass_mix,,,12203,12203,public_constraint_mix,true,medium,199,submit_mix
task202,data\external\public_kernel_outputs\jonathan_zip\official_001_400\task202.onnx,SRC_KAGGLE_NOTEBOOK_JONATHAN_CONSTRAINT_MIX,GOLF_20260608_008_jonathan_constraint_logic_mix,jonathan_structural_pass_mix,,,5974,5974,public_constraint_mix,true,medium,200,submit_mix
task203,data\external\public_kernel_outputs\jonathan_zip\official_001_400\task203.onnx,SRC_KAGGLE_NOTEBOOK_JONATHAN_CONSTRAINT_MIX,GOLF_20260608_008_jonathan_constraint_logic_mix,jonathan_structural_pass_mix,,,7997,7997,public_constraint_mix,true,medium,201,submit_mix
task204,data\external\public_kernel_outputs\jonathan_zip\official_001_400\task204.onnx,SRC_KAGGLE_NOTEBOOK_JONATHAN_CONSTRAINT_MIX,GOLF_20260608_008_jonathan_constraint_logic_mix,jonathan_structural_pass_mix,,,2713,2713,public_constraint_mix,true,medium,202,submit_mix
task205,data\external\public_kernel_outputs\jonathan_zip\official_001_400\task205.onnx,SRC_KAGGLE_NOTEBOOK_JONATHAN_CONSTRAINT_MIX,GOLF_20260608_008_jonathan_constraint_logic_mix,jonathan_structural_pass_mix,,,53591,53591,public_constraint_mix,true,medium,203,submit_mix
task206,data\external\public_kernel_outputs\jonathan_zip\official_001_400\task206.onnx,SRC_KAGGLE_NOTEBOOK_JONATHAN_CONSTRAINT_MIX,GOLF_20260608_008_jonathan_constraint_logic_mix,jonathan_structural_pass_mix,,,19041,19041,public_constraint_mix,true,medium,204,submit_mix
task207,data\external\public_kernel_outputs\jonathan_zip\official_001_400\task207.onnx,SRC_KAGGLE_NOTEBOOK_JONATHAN_CONSTRAINT_MIX,GOLF_20260608_008_jonathan_constraint_logic_mix,jonathan_structural_pass_mix,,,1759,1759,public_constraint_mix,true,medium,205,submit_mix
task208,data\external\public_kernel_outputs\jonathan_zip\official_001_400\task208.onnx,SRC_KAGGLE_NOTEBOOK_JONATHAN_CONSTRAINT_MIX,GOLF_20260608_008_jonathan_constraint_logic_mix,jonathan_structural_pass_mix,,,19596,19596,public_constraint_mix,true,medium,206,submit_mix
task209,data\external\public_kernel_outputs\jonathan_zip\official_001_400\task209.onnx,SRC_KAGGLE_NOTEBOOK_JONATHAN_CONSTRAINT_MIX,GOLF_20260608_008_jonathan_constraint_logic_mix,jonathan_structural_pass_mix,,,60514,60514,public_constraint_mix,true,medium,207,submit_mix
task210,data\external\public_kernel_outputs\jonathan_zip\official_001_400\task210.onnx,SRC_KAGGLE_NOTEBOOK_JONATHAN_CONSTRAINT_MIX,GOLF_20260608_008_jonathan_constraint_logic_mix,jonathan_structural_pass_mix,,,479,479,public_constraint_mix,true,medium,208,submit_mix
task211,data\external\public_kernel_outputs\jonathan_zip\official_001_400\task211.onnx,SRC_KAGGLE_NOTEBOOK_JONATHAN_CONSTRAINT_MIX,GOLF_20260608_008_jonathan_constraint_logic_mix,jonathan_structural_pass_mix,,,7454,7454,public_constraint_mix,true,medium,209,submit_mix
task212,data\external\public_kernel_outputs\jonathan_zip\official_001_400\task212.onnx,SRC_KAGGLE_NOTEBOOK_JONATHAN_CONSTRAINT_MIX,GOLF_20260608_008_jonathan_constraint_logic_mix,jonathan_structural_pass_mix,,,6074,6074,public_constraint_mix,true,medium,210,submit_mix
task213,data\external\public_kernel_outputs\jonathan_zip\official_001_400\task213.onnx,SRC_KAGGLE_NOTEBOOK_JONATHAN_CONSTRAINT_MIX,GOLF_20260608_008_jonathan_constraint_logic_mix,jonathan_structural_pass_mix,,,16265,16265,public_constraint_mix,true,medium,211,submit_mix
task214,data\external\public_kernel_outputs\jonathan_zip\official_001_400\task214.onnx,SRC_KAGGLE_NOTEBOOK_JONATHAN_CONSTRAINT_MIX,GOLF_20260608_008_jonathan_constraint_logic_mix,jonathan_structural_pass_mix,,,7454,7454,public_constraint_mix,true,medium,212,submit_mix
task215,data\external\public_kernel_outputs\jonathan_zip\official_001_400\task215.onnx,SRC_KAGGLE_NOTEBOOK_JONATHAN_CONSTRAINT_MIX,GOLF_20260608_008_jonathan_constraint_logic_mix,jonathan_structural_pass_mix,,,3024,3024,public_constraint_mix,true,medium,213,submit_mix
task216,data\external\public_kernel_outputs\jonathan_zip\official_001_400\task216.onnx,SRC_KAGGLE_NOTEBOOK_JONATHAN_CONSTRAINT_MIX,GOLF_20260608_008_jonathan_constraint_logic_mix,jonathan_structural_pass_mix,,,17269,17269,public_constraint_mix,true,medium,214,submit_mix
task217,data\external\public_kernel_outputs\jonathan_zip\official_001_400\task217.onnx,SRC_KAGGLE_NOTEBOOK_JONATHAN_CONSTRAINT_MIX,GOLF_20260608_008_jonathan_constraint_logic_mix,jonathan_structural_pass_mix,,,7326,7326,public_constraint_mix,true,medium,215,submit_mix
task218,data\external\public_kernel_outputs\jonathan_zip\official_001_400\task218.onnx,SRC_KAGGLE_NOTEBOOK_JONATHAN_CONSTRAINT_MIX,GOLF_20260608_008_jonathan_constraint_logic_mix,jonathan_structural_pass_mix,,,9764,9764,public_constraint_mix,true,medium,216,submit_mix
task219,data\external\public_kernel_outputs\jonathan_zip\official_001_400\task219.onnx,SRC_KAGGLE_NOTEBOOK_JONATHAN_CONSTRAINT_MIX,GOLF_20260608_008_jonathan_constraint_logic_mix,jonathan_structural_pass_mix,,,59685,59685,public_constraint_mix,true,medium,217,submit_mix
task220,data\external\public_kernel_outputs\jonathan_zip\official_001_400\task220.onnx,SRC_KAGGLE_NOTEBOOK_JONATHAN_CONSTRAINT_MIX,GOLF_20260608_008_jonathan_constraint_logic_mix,jonathan_structural_pass_mix,,,3888,3888,public_constraint_mix,true,medium,218,submit_mix
task221,data\external\public_kernel_outputs\jonathan_zip\official_001_400\task221.onnx,SRC_KAGGLE_NOTEBOOK_JONATHAN_CONSTRAINT_MIX,GOLF_20260608_008_jonathan_constraint_logic_mix,jonathan_structural_pass_mix,,,21930,21930,public_constraint_mix,true,medium,219,submit_mix
task222,data\external\public_kernel_outputs\jonathan_zip\official_001_400\task222.onnx,SRC_KAGGLE_NOTEBOOK_JONATHAN_CONSTRAINT_MIX,GOLF_20260608_008_jonathan_constraint_logic_mix,jonathan_structural_pass_mix,,,1889,1889,public_constraint_mix,true,medium,220,submit_mix
task223,data\external\public_kernel_outputs\jonathan_zip\official_001_400\task223.onnx,SRC_KAGGLE_NOTEBOOK_JONATHAN_CONSTRAINT_MIX,GOLF_20260608_008_jonathan_constraint_logic_mix,jonathan_structural_pass_mix,,,7454,7454,public_constraint_mix,true,medium,221,submit_mix
task224,data\external\public_kernel_outputs\jonathan_zip\official_001_400\task224.onnx,SRC_KAGGLE_NOTEBOOK_JONATHAN_CONSTRAINT_MIX,GOLF_20260608_008_jonathan_constraint_logic_mix,jonathan_structural_pass_mix,,,4784,4784,public_constraint_mix,true,medium,222,submit_mix
task225,data\external\public_kernel_outputs\jonathan_zip\official_001_400\task225.onnx,SRC_KAGGLE_NOTEBOOK_JONATHAN_CONSTRAINT_MIX,GOLF_20260608_008_jonathan_constraint_logic_mix,jonathan_structural_pass_mix,,,5386,5386,public_constraint_mix,true,medium,223,submit_mix
task226,data\external\public_kernel_outputs\jonathan_zip\official_001_400\task226.onnx,SRC_KAGGLE_NOTEBOOK_JONATHAN_CONSTRAINT_MIX,GOLF_20260608_008_jonathan_constraint_logic_mix,jonathan_structural_pass_mix,,,4853,4853,public_constraint_mix,true,medium,224,submit_mix
task227,data\external\public_kernel_outputs\jonathan_zip\official_001_400\task227.onnx,SRC_KAGGLE_NOTEBOOK_JONATHAN_CONSTRAINT_MIX,GOLF_20260608_008_jonathan_constraint_logic_mix,jonathan_structural_pass_mix,,,1417,1417,public_constraint_mix,true,medium,225,submit_mix
task228,data\external\public_kernel_outputs\jonathan_zip\official_001_400\task228.onnx,SRC_KAGGLE_NOTEBOOK_JONATHAN_CONSTRAINT_MIX,GOLF_20260608_008_jonathan_constraint_logic_mix,jonathan_structural_pass_mix,,,4899,4899,public_constraint_mix,true,medium,226,submit_mix
task229,data\external\public_kernel_outputs\jonathan_zip\official_001_400\task229.onnx,SRC_KAGGLE_NOTEBOOK_JONATHAN_CONSTRAINT_MIX,GOLF_20260608_008_jonathan_constraint_logic_mix,jonathan_structural_pass_mix,,,1294,1294,public_constraint_mix,true,medium,227,submit_mix
task230,data\external\public_kernel_outputs\jonathan_zip\official_001_400\task230.onnx,SRC_KAGGLE_NOTEBOOK_JONATHAN_CONSTRAINT_MIX,GOLF_20260608_008_jonathan_constraint_logic_mix,jonathan_structural_pass_mix,,,3888,3888,public_constraint_mix,true,medium,228,submit_mix
task231,data\external\public_kernel_outputs\jonathan_zip\official_001_400\task231.onnx,SRC_KAGGLE_NOTEBOOK_JONATHAN_CONSTRAINT_MIX,GOLF_20260608_008_jonathan_constraint_logic_mix,jonathan_structural_pass_mix,,,3418,3418,public_constraint_mix,true,medium,229,submit_mix
task232,data\external\public_kernel_outputs\jonathan_zip\official_001_400\task232.onnx,SRC_KAGGLE_NOTEBOOK_JONATHAN_CONSTRAINT_MIX,GOLF_20260608_008_jonathan_constraint_logic_mix,jonathan_structural_pass_mix,,,1684,1684,public_constraint_mix,true,medium,230,submit_mix
task233,data\external\public_kernel_outputs\jonathan_zip\official_001_400\task233.onnx,SRC_KAGGLE_NOTEBOOK_JONATHAN_CONSTRAINT_MIX,GOLF_20260608_008_jonathan_constraint_logic_mix,jonathan_structural_pass_mix,,,39834,39834,public_constraint_mix,true,medium,231,submit_mix
task234,data\external\public_kernel_outputs\jonathan_zip\official_001_400\task234.onnx,SRC_KAGGLE_NOTEBOOK_JONATHAN_CONSTRAINT_MIX,GOLF_20260608_008_jonathan_constraint_logic_mix,jonathan_structural_pass_mix,,,13394,13394,public_constraint_mix,true,medium,232,submit_mix
task235,data\external\public_kernel_outputs\jonathan_zip\official_001_400\task235.onnx,SRC_KAGGLE_NOTEBOOK_JONATHAN_CONSTRAINT_MIX,GOLF_20260608_008_jonathan_constraint_logic_mix,jonathan_structural_pass_mix,,,3900,3900,public_constraint_mix,true,medium,233,submit_mix
task236,data\external\public_kernel_outputs\jonathan_zip\official_001_400\task236.onnx,SRC_KAGGLE_NOTEBOOK_JONATHAN_CONSTRAINT_MIX,GOLF_20260608_008_jonathan_constraint_logic_mix,jonathan_structural_pass_mix,,,1511,1511,public_constraint_mix,true,medium,234,submit_mix
task237,data\external\public_kernel_outputs\jonathan_zip\official_001_400\task237.onnx,SRC_KAGGLE_NOTEBOOK_JONATHAN_CONSTRAINT_MIX,GOLF_20260608_008_jonathan_constraint_logic_mix,jonathan_structural_pass_mix,,,2210,2210,public_constraint_mix,true,medium,235,submit_mix
task238,data\external\public_kernel_outputs\jonathan_zip\official_001_400\task238.onnx,SRC_KAGGLE_NOTEBOOK_JONATHAN_CONSTRAINT_MIX,GOLF_20260608_008_jonathan_constraint_logic_mix,jonathan_structural_pass_mix,,,21391,21391,public_constraint_mix,true,medium,236,submit_mix
task239,data\external\public_kernel_outputs\jonathan_zip\official_001_400\task239.onnx,SRC_KAGGLE_NOTEBOOK_JONATHAN_CONSTRAINT_MIX,GOLF_20260608_008_jonathan_constraint_logic_mix,jonathan_structural_pass_mix,,,3938,3938,public_constraint_mix,true,medium,237,submit_mix
task240,data\external\public_kernel_outputs\jonathan_zip\official_001_400\task240.onnx,SRC_KAGGLE_NOTEBOOK_JONATHAN_CONSTRAINT_MIX,GOLF_20260608_008_jonathan_constraint_logic_mix,jonathan_structural_pass_mix,,,3841,3841,public_constraint_mix,true,medium,238,submit_mix
task241,data\external\public_kernel_outputs\jonathan_zip\official_001_400\task241.onnx,SRC_KAGGLE_NOTEBOOK_JONATHAN_CONSTRAINT_MIX,GOLF_20260608_008_jonathan_constraint_logic_mix,jonathan_structural_pass_mix,,,170,170,public_constraint_mix,true,medium,239,submit_mix
task242,data\external\public_kernel_outputs\jonathan_zip\official_001_400\task242.onnx,SRC_KAGGLE_NOTEBOOK_JONATHAN_CONSTRAINT_MIX,GOLF_20260608_008_jonathan_constraint_logic_mix,jonathan_structural_pass_mix,,,1251,1251,public_constraint_mix,true,medium,240,submit_mix
task244,data\external\public_kernel_outputs\jonathan_zip\official_001_400\task244.onnx,SRC_KAGGLE_NOTEBOOK_JONATHAN_CONSTRAINT_MIX,GOLF_20260608_008_jonathan_constraint_logic_mix,jonathan_structural_pass_mix,,,5006,5006,public_constraint_mix,true,medium,241,submit_mix
task245,data\external\public_kernel_outputs\jonathan_zip\official_001_400\task245.onnx,SRC_KAGGLE_NOTEBOOK_JONATHAN_CONSTRAINT_MIX,GOLF_20260608_008_jonathan_constraint_logic_mix,jonathan_structural_pass_mix,,,3138,3138,public_constraint_mix,true,medium,242,submit_mix
task246,data\external\public_kernel_outputs\jonathan_zip\official_001_400\task246.onnx,SRC_KAGGLE_NOTEBOOK_JONATHAN_CONSTRAINT_MIX,GOLF_20260608_008_jonathan_constraint_logic_mix,jonathan_structural_pass_mix,,,2621,2621,public_constraint_mix,true,medium,243,submit_mix
task247,data\external\public_kernel_outputs\jonathan_zip\official_001_400\task247.onnx,SRC_KAGGLE_NOTEBOOK_JONATHAN_CONSTRAINT_MIX,GOLF_20260608_008_jonathan_constraint_logic_mix,jonathan_structural_pass_mix,,,2063,2063,public_constraint_mix,true,medium,244,submit_mix
task248,data\external\public_kernel_outputs\jonathan_zip\official_001_400\task248.onnx,SRC_KAGGLE_NOTEBOOK_JONATHAN_CONSTRAINT_MIX,GOLF_20260608_008_jonathan_constraint_logic_mix,jonathan_structural_pass_mix,,,1636,1636,public_constraint_mix,true,medium,245,submit_mix
task249,data\external\public_kernel_outputs\jonathan_zip\official_001_400\task249.onnx,SRC_KAGGLE_NOTEBOOK_JONATHAN_CONSTRAINT_MIX,GOLF_20260608_008_jonathan_constraint_logic_mix,jonathan_structural_pass_mix,,,1635,1635,public_constraint_mix,true,medium,246,submit_mix
task250,data\external\public_kernel_outputs\jonathan_zip\official_001_400\task250.onnx,SRC_KAGGLE_NOTEBOOK_JONATHAN_CONSTRAINT_MIX,GOLF_20260608_008_jonathan_constraint_logic_mix,jonathan_structural_pass_mix,,,7717,7717,public_constraint_mix,true,medium,247,submit_mix
task251,data\external\public_kernel_outputs\jonathan_zip\official_001_400\task251.onnx,SRC_KAGGLE_NOTEBOOK_JONATHAN_CONSTRAINT_MIX,GOLF_20260608_008_jonathan_constraint_logic_mix,jonathan_structural_pass_mix,,,6992,6992,public_constraint_mix,true,medium,248,submit_mix
task252,data\external\public_kernel_outputs\jonathan_zip\official_001_400\task252.onnx,SRC_KAGGLE_NOTEBOOK_JONATHAN_CONSTRAINT_MIX,GOLF_20260608_008_jonathan_constraint_logic_mix,jonathan_structural_pass_mix,,,3972,3972,public_constraint_mix,true,medium,249,submit_mix
task253,data\external\public_kernel_outputs\jonathan_zip\official_001_400\task253.onnx,SRC_KAGGLE_NOTEBOOK_JONATHAN_CONSTRAINT_MIX,GOLF_20260608_008_jonathan_constraint_logic_mix,jonathan_structural_pass_mix,,,3015,3015,public_constraint_mix,true,medium,250,submit_mix
task254,data\external\public_kernel_outputs\jonathan_zip\official_001_400\task254.onnx,SRC_KAGGLE_NOTEBOOK_JONATHAN_CONSTRAINT_MIX,GOLF_20260608_008_jonathan_constraint_logic_mix,jonathan_structural_pass_mix,,,5954,5954,public_constraint_mix,true,medium,251,submit_mix
task255,data\external\public_kernel_outputs\jonathan_zip\official_001_400\task255.onnx,SRC_KAGGLE_NOTEBOOK_JONATHAN_CONSTRAINT_MIX,GOLF_20260608_008_jonathan_constraint_logic_mix,jonathan_structural_pass_mix,,,34023,34023,public_constraint_mix,true,medium,252,submit_mix
task256,data\external\public_kernel_outputs\jonathan_zip\official_001_400\task256.onnx,SRC_KAGGLE_NOTEBOOK_JONATHAN_CONSTRAINT_MIX,GOLF_20260608_008_jonathan_constraint_logic_mix,jonathan_structural_pass_mix,,,7365,7365,public_constraint_mix,true,medium,253,submit_mix
task257,data\external\public_kernel_outputs\jonathan_zip\official_001_400\task257.onnx,SRC_KAGGLE_NOTEBOOK_JONATHAN_CONSTRAINT_MIX,GOLF_20260608_008_jonathan_constraint_logic_mix,jonathan_structural_pass_mix,,,1096,1096,public_constraint_mix,true,medium,254,submit_mix
task258,data\external\public_kernel_outputs\jonathan_zip\official_001_400\task258.onnx,SRC_KAGGLE_NOTEBOOK_JONATHAN_CONSTRAINT_MIX,GOLF_20260608_008_jonathan_constraint_logic_mix,jonathan_structural_pass_mix,,,3888,3888,public_constraint_mix,true,medium,255,submit_mix
task259,data\external\public_kernel_outputs\jonathan_zip\official_001_400\task259.onnx,SRC_KAGGLE_NOTEBOOK_JONATHAN_CONSTRAINT_MIX,GOLF_20260608_008_jonathan_constraint_logic_mix,jonathan_structural_pass_mix,,,4306,4306,public_constraint_mix,true,medium,256,submit_mix
task260,data\external\public_kernel_outputs\jonathan_zip\official_001_400\task260.onnx,SRC_KAGGLE_NOTEBOOK_JONATHAN_CONSTRAINT_MIX,GOLF_20260608_008_jonathan_constraint_logic_mix,jonathan_structural_pass_mix,,,2466,2466,public_constraint_mix,true,medium,257,submit_mix
task261,data\external\public_kernel_outputs\jonathan_zip\official_001_400\task261.onnx,SRC_KAGGLE_NOTEBOOK_JONATHAN_CONSTRAINT_MIX,GOLF_20260608_008_jonathan_constraint_logic_mix,jonathan_structural_pass_mix,,,3888,3888,public_constraint_mix,true,medium,258,submit_mix
task262,data\external\public_kernel_outputs\jonathan_zip\official_001_400\task262.onnx,SRC_KAGGLE_NOTEBOOK_JONATHAN_CONSTRAINT_MIX,GOLF_20260608_008_jonathan_constraint_logic_mix,jonathan_structural_pass_mix,,,1950,1950,public_constraint_mix,true,medium,259,submit_mix
task263,data\external\public_kernel_outputs\jonathan_zip\official_001_400\task263.onnx,SRC_KAGGLE_NOTEBOOK_JONATHAN_CONSTRAINT_MIX,GOLF_20260608_008_jonathan_constraint_logic_mix,jonathan_structural_pass_mix,,,11453,11453,public_constraint_mix,true,medium,260,submit_mix
task264,data\external\public_kernel_outputs\jonathan_zip\official_001_400\task264.onnx,SRC_KAGGLE_NOTEBOOK_JONATHAN_CONSTRAINT_MIX,GOLF_20260608_008_jonathan_constraint_logic_mix,jonathan_structural_pass_mix,,,11409,11409,public_constraint_mix,true,medium,261,submit_mix
task265,data\external\public_kernel_outputs\jonathan_zip\official_001_400\task265.onnx,SRC_KAGGLE_NOTEBOOK_JONATHAN_CONSTRAINT_MIX,GOLF_20260608_008_jonathan_constraint_logic_mix,jonathan_structural_pass_mix,,,2945,2945,public_constraint_mix,true,medium,262,submit_mix
task266,data\external\public_kernel_outputs\jonathan_zip\official_001_400\task266.onnx,SRC_KAGGLE_NOTEBOOK_JONATHAN_CONSTRAINT_MIX,GOLF_20260608_008_jonathan_constraint_logic_mix,jonathan_structural_pass_mix,,,2465,2465,public_constraint_mix,true,medium,263,submit_mix
task267,data\external\public_kernel_outputs\jonathan_zip\official_001_400\task267.onnx,SRC_KAGGLE_NOTEBOOK_JONATHAN_CONSTRAINT_MIX,GOLF_20260608_008_jonathan_constraint_logic_mix,jonathan_structural_pass_mix,,,1321,1321,public_constraint_mix,true,medium,264,submit_mix
task268,data\external\public_kernel_outputs\jonathan_zip\official_001_400\task268.onnx,SRC_KAGGLE_NOTEBOOK_JONATHAN_CONSTRAINT_MIX,GOLF_20260608_008_jonathan_constraint_logic_mix,jonathan_structural_pass_mix,,,18815,18815,public_constraint_mix,true,medium,265,submit_mix
task269,data\external\public_kernel_outputs\jonathan_zip\official_001_400\task269.onnx,SRC_KAGGLE_NOTEBOOK_JONATHAN_CONSTRAINT_MIX,GOLF_20260608_008_jonathan_constraint_logic_mix,jonathan_structural_pass_mix,,,2387,2387,public_constraint_mix,true,medium,266,submit_mix
task270,data\external\public_kernel_outputs\jonathan_zip\official_001_400\task270.onnx,SRC_KAGGLE_NOTEBOOK_JONATHAN_CONSTRAINT_MIX,GOLF_20260608_008_jonathan_constraint_logic_mix,jonathan_structural_pass_mix,,,10862,10862,public_constraint_mix,true,medium,267,submit_mix
task271,data\external\public_kernel_outputs\jonathan_zip\official_001_400\task271.onnx,SRC_KAGGLE_NOTEBOOK_JONATHAN_CONSTRAINT_MIX,GOLF_20260608_008_jonathan_constraint_logic_mix,jonathan_structural_pass_mix,,,1432,1432,public_constraint_mix,true,medium,268,submit_mix
task272,data\external\public_kernel_outputs\jonathan_zip\official_001_400\task272.onnx,SRC_KAGGLE_NOTEBOOK_JONATHAN_CONSTRAINT_MIX,GOLF_20260608_008_jonathan_constraint_logic_mix,jonathan_structural_pass_mix,,,1297,1297,public_constraint_mix,true,medium,269,submit_mix
task273,data\external\public_kernel_outputs\jonathan_zip\official_001_400\task273.onnx,SRC_KAGGLE_NOTEBOOK_JONATHAN_CONSTRAINT_MIX,GOLF_20260608_008_jonathan_constraint_logic_mix,jonathan_structural_pass_mix,,,1601,1601,public_constraint_mix,true,medium,270,submit_mix
task274,data\external\public_kernel_outputs\jonathan_zip\official_001_400\task274.onnx,SRC_KAGGLE_NOTEBOOK_JONATHAN_CONSTRAINT_MIX,GOLF_20260608_008_jonathan_constraint_logic_mix,jonathan_structural_pass_mix,,,3619,3619,public_constraint_mix,true,medium,271,submit_mix
task275,data\external\public_kernel_outputs\jonathan_zip\official_001_400\task275.onnx,SRC_KAGGLE_NOTEBOOK_JONATHAN_CONSTRAINT_MIX,GOLF_20260608_008_jonathan_constraint_logic_mix,jonathan_structural_pass_mix,,,29488,29488,public_constraint_mix,true,medium,272,submit_mix
task276,data\external\public_kernel_outputs\jonathan_zip\official_001_400\task276.onnx,SRC_KAGGLE_NOTEBOOK_JONATHAN_CONSTRAINT_MIX,GOLF_20260608_008_jonathan_constraint_logic_mix,jonathan_structural_pass_mix,,,217,217,public_constraint_mix,true,medium,273,submit_mix
task277,data\external\public_kernel_outputs\jonathan_zip\official_001_400\task277.onnx,SRC_KAGGLE_NOTEBOOK_JONATHAN_CONSTRAINT_MIX,GOLF_20260608_008_jonathan_constraint_logic_mix,jonathan_structural_pass_mix,,,146695,146695,public_constraint_mix,true,medium,274,submit_mix
task278,data\external\public_kernel_outputs\jonathan_zip\official_001_400\task278.onnx,SRC_KAGGLE_NOTEBOOK_JONATHAN_CONSTRAINT_MIX,GOLF_20260608_008_jonathan_constraint_logic_mix,jonathan_structural_pass_mix,,,5032,5032,public_constraint_mix,true,medium,275,submit_mix
task279,data\external\public_kernel_outputs\jonathan_zip\official_001_400\task279.onnx,SRC_KAGGLE_NOTEBOOK_JONATHAN_CONSTRAINT_MIX,GOLF_20260608_008_jonathan_constraint_logic_mix,jonathan_structural_pass_mix,,,4651,4651,public_constraint_mix,true,medium,276,submit_mix
task280,data\external\public_kernel_outputs\jonathan_zip\official_001_400\task280.onnx,SRC_KAGGLE_NOTEBOOK_JONATHAN_CONSTRAINT_MIX,GOLF_20260608_008_jonathan_constraint_logic_mix,jonathan_structural_pass_mix,,,11540,11540,public_constraint_mix,true,medium,277,submit_mix
task281,data\external\public_kernel_outputs\jonathan_zip\official_001_400\task281.onnx,SRC_KAGGLE_NOTEBOOK_JONATHAN_CONSTRAINT_MIX,GOLF_20260608_008_jonathan_constraint_logic_mix,jonathan_structural_pass_mix,,,4029,4029,public_constraint_mix,true,medium,278,submit_mix
task282,data\external\public_kernel_outputs\jonathan_zip\official_001_400\task282.onnx,SRC_KAGGLE_NOTEBOOK_JONATHAN_CONSTRAINT_MIX,GOLF_20260608_008_jonathan_constraint_logic_mix,jonathan_structural_pass_mix,,,3834,3834,public_constraint_mix,true,medium,279,submit_mix
task283,data\external\public_kernel_outputs\jonathan_zip\official_001_400\task283.onnx,SRC_KAGGLE_NOTEBOOK_JONATHAN_CONSTRAINT_MIX,GOLF_20260608_008_jonathan_constraint_logic_mix,jonathan_structural_pass_mix,,,2116,2116,public_constraint_mix,true,medium,280,submit_mix
task284,data\external\public_kernel_outputs\jonathan_zip\official_001_400\task284.onnx,SRC_KAGGLE_NOTEBOOK_JONATHAN_CONSTRAINT_MIX,GOLF_20260608_008_jonathan_constraint_logic_mix,jonathan_structural_pass_mix,,,5203,5203,public_constraint_mix,true,medium,281,submit_mix
task285,data\external\public_kernel_outputs\jonathan_zip\official_001_400\task285.onnx,SRC_KAGGLE_NOTEBOOK_JONATHAN_CONSTRAINT_MIX,GOLF_20260608_008_jonathan_constraint_logic_mix,jonathan_structural_pass_mix,,,98389,98389,public_constraint_mix,true,medium,282,submit_mix
task286,data\external\public_kernel_outputs\jonathan_zip\official_001_400\task286.onnx,SRC_KAGGLE_NOTEBOOK_JONATHAN_CONSTRAINT_MIX,GOLF_20260608_008_jonathan_constraint_logic_mix,jonathan_structural_pass_mix,,,14243,14243,public_constraint_mix,true,medium,283,submit_mix
task287,data\external\public_kernel_outputs\jonathan_zip\official_001_400\task287.onnx,SRC_KAGGLE_NOTEBOOK_JONATHAN_CONSTRAINT_MIX,GOLF_20260608_008_jonathan_constraint_logic_mix,jonathan_structural_pass_mix,,,1011,1011,public_constraint_mix,true,medium,284,submit_mix
task288,data\external\public_kernel_outputs\jonathan_zip\official_001_400\task288.onnx,SRC_KAGGLE_NOTEBOOK_JONATHAN_CONSTRAINT_MIX,GOLF_20260608_008_jonathan_constraint_logic_mix,jonathan_structural_pass_mix,,,7578,7578,public_constraint_mix,true,medium,285,submit_mix
task289,data\external\public_kernel_outputs\jonathan_zip\official_001_400\task289.onnx,SRC_KAGGLE_NOTEBOOK_JONATHAN_CONSTRAINT_MIX,GOLF_20260608_008_jonathan_constraint_logic_mix,jonathan_structural_pass_mix,,,2005,2005,public_constraint_mix,true,medium,286,submit_mix
task290,data\external\public_kernel_outputs\jonathan_zip\official_001_400\task290.onnx,SRC_KAGGLE_NOTEBOOK_JONATHAN_CONSTRAINT_MIX,GOLF_20260608_008_jonathan_constraint_logic_mix,jonathan_structural_pass_mix,,,1778,1778,public_constraint_mix,true,medium,287,submit_mix
task291,data\external\public_kernel_outputs\jonathan_zip\official_001_400\task291.onnx,SRC_KAGGLE_NOTEBOOK_JONATHAN_CONSTRAINT_MIX,GOLF_20260608_008_jonathan_constraint_logic_mix,jonathan_structural_pass_mix,,,5900,5900,public_constraint_mix,true,medium,288,submit_mix
task292,data\external\public_kernel_outputs\jonathan_zip\official_001_400\task292.onnx,SRC_KAGGLE_NOTEBOOK_JONATHAN_CONSTRAINT_MIX,GOLF_20260608_008_jonathan_constraint_logic_mix,jonathan_structural_pass_mix,,,1209,1209,public_constraint_mix,true,medium,289,submit_mix
task293,data\external\public_kernel_outputs\jonathan_zip\official_001_400\task293.onnx,SRC_KAGGLE_NOTEBOOK_JONATHAN_CONSTRAINT_MIX,GOLF_20260608_008_jonathan_constraint_logic_mix,jonathan_structural_pass_mix,,,7175,7175,public_constraint_mix,true,medium,290,submit_mix
task294,data\external\public_kernel_outputs\jonathan_zip\official_001_400\task294.onnx,SRC_KAGGLE_NOTEBOOK_JONATHAN_CONSTRAINT_MIX,GOLF_20260608_008_jonathan_constraint_logic_mix,jonathan_structural_pass_mix,,,1220,1220,public_constraint_mix,true,medium,291,submit_mix
task295,data\external\public_kernel_outputs\jonathan_zip\official_001_400\task295.onnx,SRC_KAGGLE_NOTEBOOK_JONATHAN_CONSTRAINT_MIX,GOLF_20260608_008_jonathan_constraint_logic_mix,jonathan_structural_pass_mix,,,1994,1994,public_constraint_mix,true,medium,292,submit_mix
task296,data\external\public_kernel_outputs\jonathan_zip\official_001_400\task296.onnx,SRC_KAGGLE_NOTEBOOK_JONATHAN_CONSTRAINT_MIX,GOLF_20260608_008_jonathan_constraint_logic_mix,jonathan_structural_pass_mix,,,2704,2704,public_constraint_mix,true,medium,293,submit_mix
task297,data\external\public_kernel_outputs\jonathan_zip\official_001_400\task297.onnx,SRC_KAGGLE_NOTEBOOK_JONATHAN_CONSTRAINT_MIX,GOLF_20260608_008_jonathan_constraint_logic_mix,jonathan_structural_pass_mix,,,2296,2296,public_constraint_mix,true,medium,294,submit_mix
task298,data\external\public_kernel_outputs\jonathan_zip\official_001_400\task298.onnx,SRC_KAGGLE_NOTEBOOK_JONATHAN_CONSTRAINT_MIX,GOLF_20260608_008_jonathan_constraint_logic_mix,jonathan_structural_pass_mix,,,4216,4216,public_constraint_mix,true,medium,295,submit_mix
task299,data\external\public_kernel_outputs\jonathan_zip\official_001_400\task299.onnx,SRC_KAGGLE_NOTEBOOK_JONATHAN_CONSTRAINT_MIX,GOLF_20260608_008_jonathan_constraint_logic_mix,jonathan_structural_pass_mix,,,1387,1387,public_constraint_mix,true,medium,296,submit_mix
task300,data\external\public_kernel_outputs\jonathan_zip\official_001_400\task300.onnx,SRC_KAGGLE_NOTEBOOK_JONATHAN_CONSTRAINT_MIX,GOLF_20260608_008_jonathan_constraint_logic_mix,jonathan_structural_pass_mix,,,3308,3308,public_constraint_mix,true,medium,297,submit_mix
task301,data\external\public_kernel_outputs\jonathan_zip\official_001_400\task301.onnx,SRC_KAGGLE_NOTEBOOK_JONATHAN_CONSTRAINT_MIX,GOLF_20260608_008_jonathan_constraint_logic_mix,jonathan_structural_pass_mix,,,19286,19286,public_constraint_mix,true,medium,298,submit_mix
task302,data\external\public_kernel_outputs\jonathan_zip\official_001_400\task302.onnx,SRC_KAGGLE_NOTEBOOK_JONATHAN_CONSTRAINT_MIX,GOLF_20260608_008_jonathan_constraint_logic_mix,jonathan_structural_pass_mix,,,2439,2439,public_constraint_mix,true,medium,299,submit_mix
task303,data\external\public_kernel_outputs\jonathan_zip\official_001_400\task303.onnx,SRC_KAGGLE_NOTEBOOK_JONATHAN_CONSTRAINT_MIX,GOLF_20260608_008_jonathan_constraint_logic_mix,jonathan_structural_pass_mix,,,1855,1855,public_constraint_mix,true,medium,300,submit_mix
task304,data\external\public_kernel_outputs\jonathan_zip\official_001_400\task304.onnx,SRC_KAGGLE_NOTEBOOK_JONATHAN_CONSTRAINT_MIX,GOLF_20260608_008_jonathan_constraint_logic_mix,jonathan_structural_pass_mix,,,1547,1547,public_constraint_mix,true,medium,301,submit_mix
task305,data\external\public_kernel_outputs\jonathan_zip\official_001_400\task305.onnx,SRC_KAGGLE_NOTEBOOK_JONATHAN_CONSTRAINT_MIX,GOLF_20260608_008_jonathan_constraint_logic_mix,jonathan_structural_pass_mix,,,1683,1683,public_constraint_mix,true,medium,302,submit_mix
task306,data\external\public_kernel_outputs\jonathan_zip\official_001_400\task306.onnx,SRC_KAGGLE_NOTEBOOK_JONATHAN_CONSTRAINT_MIX,GOLF_20260608_008_jonathan_constraint_logic_mix,jonathan_structural_pass_mix,,,2992,2992,public_constraint_mix,true,medium,303,submit_mix
task307,data\external\public_kernel_outputs\jonathan_zip\official_001_400\task307.onnx,SRC_KAGGLE_NOTEBOOK_JONATHAN_CONSTRAINT_MIX,GOLF_20260608_008_jonathan_constraint_logic_mix,jonathan_structural_pass_mix,,,7454,7454,public_constraint_mix,true,medium,304,submit_mix
task308,data\external\public_kernel_outputs\jonathan_zip\official_001_400\task308.onnx,SRC_KAGGLE_NOTEBOOK_JONATHAN_CONSTRAINT_MIX,GOLF_20260608_008_jonathan_constraint_logic_mix,jonathan_structural_pass_mix,,,4034,4034,public_constraint_mix,true,medium,305,submit_mix
task309,data\external\public_kernel_outputs\jonathan_zip\official_001_400\task309.onnx,SRC_KAGGLE_NOTEBOOK_JONATHAN_CONSTRAINT_MIX,GOLF_20260608_008_jonathan_constraint_logic_mix,jonathan_structural_pass_mix,,,217,217,public_constraint_mix,true,medium,306,submit_mix
task310,data\external\public_kernel_outputs\jonathan_zip\official_001_400\task310.onnx,SRC_KAGGLE_NOTEBOOK_JONATHAN_CONSTRAINT_MIX,GOLF_20260608_008_jonathan_constraint_logic_mix,jonathan_structural_pass_mix,,,4108,4108,public_constraint_mix,true,medium,307,submit_mix
task311,data\external\public_kernel_outputs\jonathan_zip\official_001_400\task311.onnx,SRC_KAGGLE_NOTEBOOK_JONATHAN_CONSTRAINT_MIX,GOLF_20260608_008_jonathan_constraint_logic_mix,jonathan_structural_pass_mix,,,479,479,public_constraint_mix,true,medium,308,submit_mix
task312,data\external\public_kernel_outputs\jonathan_zip\official_001_400\task312.onnx,SRC_KAGGLE_NOTEBOOK_JONATHAN_CONSTRAINT_MIX,GOLF_20260608_008_jonathan_constraint_logic_mix,jonathan_structural_pass_mix,,,788,788,public_constraint_mix,true,medium,309,submit_mix
task313,data\external\public_kernel_outputs\jonathan_zip\official_001_400\task313.onnx,SRC_KAGGLE_NOTEBOOK_JONATHAN_CONSTRAINT_MIX,GOLF_20260608_008_jonathan_constraint_logic_mix,jonathan_structural_pass_mix,,,39724,39724,public_constraint_mix,true,medium,310,submit_mix
task314,data\external\public_kernel_outputs\jonathan_zip\official_001_400\task314.onnx,SRC_KAGGLE_NOTEBOOK_JONATHAN_CONSTRAINT_MIX,GOLF_20260608_008_jonathan_constraint_logic_mix,jonathan_structural_pass_mix,,,28158,28158,public_constraint_mix,true,medium,311,submit_mix
task315,data\external\public_kernel_outputs\jonathan_zip\official_001_400\task315.onnx,SRC_KAGGLE_NOTEBOOK_JONATHAN_CONSTRAINT_MIX,GOLF_20260608_008_jonathan_constraint_logic_mix,jonathan_structural_pass_mix,,,1209,1209,public_constraint_mix,true,medium,312,submit_mix
task316,data\external\public_kernel_outputs\jonathan_zip\official_001_400\task316.onnx,SRC_KAGGLE_NOTEBOOK_JONATHAN_CONSTRAINT_MIX,GOLF_20260608_008_jonathan_constraint_logic_mix,jonathan_structural_pass_mix,,,3697,3697,public_constraint_mix,true,medium,313,submit_mix
task317,data\external\public_kernel_outputs\jonathan_zip\official_001_400\task317.onnx,SRC_KAGGLE_NOTEBOOK_JONATHAN_CONSTRAINT_MIX,GOLF_20260608_008_jonathan_constraint_logic_mix,jonathan_structural_pass_mix,,,3888,3888,public_constraint_mix,true,medium,314,submit_mix
task318,data\external\public_kernel_outputs\jonathan_zip\official_001_400\task318.onnx,SRC_KAGGLE_NOTEBOOK_JONATHAN_CONSTRAINT_MIX,GOLF_20260608_008_jonathan_constraint_logic_mix,jonathan_structural_pass_mix,,,1560,1560,public_constraint_mix,true,medium,315,submit_mix
task319,data\external\public_kernel_outputs\jonathan_zip\official_001_400\task319.onnx,SRC_KAGGLE_NOTEBOOK_JONATHAN_CONSTRAINT_MIX,GOLF_20260608_008_jonathan_constraint_logic_mix,jonathan_structural_pass_mix,,,11412,11412,public_constraint_mix,true,medium,316,submit_mix
task320,data\external\public_kernel_outputs\jonathan_zip\official_001_400\task320.onnx,SRC_KAGGLE_NOTEBOOK_JONATHAN_CONSTRAINT_MIX,GOLF_20260608_008_jonathan_constraint_logic_mix,jonathan_structural_pass_mix,,,1491,1491,public_constraint_mix,true,medium,317,submit_mix
task321,data\external\public_kernel_outputs\jonathan_zip\official_001_400\task321.onnx,SRC_KAGGLE_NOTEBOOK_JONATHAN_CONSTRAINT_MIX,GOLF_20260608_008_jonathan_constraint_logic_mix,jonathan_structural_pass_mix,,,1931,1931,public_constraint_mix,true,medium,318,submit_mix
task322,data\external\public_kernel_outputs\jonathan_zip\official_001_400\task322.onnx,SRC_KAGGLE_NOTEBOOK_JONATHAN_CONSTRAINT_MIX,GOLF_20260608_008_jonathan_constraint_logic_mix,jonathan_structural_pass_mix,,,968,968,public_constraint_mix,true,medium,319,submit_mix
task323,data\external\public_kernel_outputs\jonathan_zip\official_001_400\task323.onnx,SRC_KAGGLE_NOTEBOOK_JONATHAN_CONSTRAINT_MIX,GOLF_20260608_008_jonathan_constraint_logic_mix,jonathan_structural_pass_mix,,,9125,9125,public_constraint_mix,true,medium,320,submit_mix
task324,data\external\public_kernel_outputs\jonathan_zip\official_001_400\task324.onnx,SRC_KAGGLE_NOTEBOOK_JONATHAN_CONSTRAINT_MIX,GOLF_20260608_008_jonathan_constraint_logic_mix,jonathan_structural_pass_mix,,,92671,92671,public_constraint_mix,true,medium,321,submit_mix
task325,data\external\public_kernel_outputs\jonathan_zip\official_001_400\task325.onnx,SRC_KAGGLE_NOTEBOOK_JONATHAN_CONSTRAINT_MIX,GOLF_20260608_008_jonathan_constraint_logic_mix,jonathan_structural_pass_mix,,,4463,4463,public_constraint_mix,true,medium,322,submit_mix
task326,data\external\public_kernel_outputs\jonathan_zip\official_001_400\task326.onnx,SRC_KAGGLE_NOTEBOOK_JONATHAN_CONSTRAINT_MIX,GOLF_20260608_008_jonathan_constraint_logic_mix,jonathan_structural_pass_mix,,,346,346,public_constraint_mix,true,medium,323,submit_mix
task327,data\external\public_kernel_outputs\jonathan_zip\official_001_400\task327.onnx,SRC_KAGGLE_NOTEBOOK_JONATHAN_CONSTRAINT_MIX,GOLF_20260608_008_jonathan_constraint_logic_mix,jonathan_structural_pass_mix,,,2356,2356,public_constraint_mix,true,medium,324,submit_mix
task328,data\external\public_kernel_outputs\jonathan_zip\official_001_400\task328.onnx,SRC_KAGGLE_NOTEBOOK_JONATHAN_CONSTRAINT_MIX,GOLF_20260608_008_jonathan_constraint_logic_mix,jonathan_structural_pass_mix,,,14856,14856,public_constraint_mix,true,medium,325,submit_mix
task329,data\external\public_kernel_outputs\jonathan_zip\official_001_400\task329.onnx,SRC_KAGGLE_NOTEBOOK_JONATHAN_CONSTRAINT_MIX,GOLF_20260608_008_jonathan_constraint_logic_mix,jonathan_structural_pass_mix,,,1574,1574,public_constraint_mix,true,medium,326,submit_mix
task330,data\external\public_kernel_outputs\jonathan_zip\official_001_400\task330.onnx,SRC_KAGGLE_NOTEBOOK_JONATHAN_CONSTRAINT_MIX,GOLF_20260608_008_jonathan_constraint_logic_mix,jonathan_structural_pass_mix,,,37731,37731,public_constraint_mix,true,medium,327,submit_mix
task331,data\external\public_kernel_outputs\jonathan_zip\official_001_400\task331.onnx,SRC_KAGGLE_NOTEBOOK_JONATHAN_CONSTRAINT_MIX,GOLF_20260608_008_jonathan_constraint_logic_mix,jonathan_structural_pass_mix,,,3888,3888,public_constraint_mix,true,medium,328,submit_mix
task332,data\external\public_kernel_outputs\jonathan_zip\official_001_400\task332.onnx,SRC_KAGGLE_NOTEBOOK_JONATHAN_CONSTRAINT_MIX,GOLF_20260608_008_jonathan_constraint_logic_mix,jonathan_structural_pass_mix,,,4191,4191,public_constraint_mix,true,medium,329,submit_mix
task333,data\external\public_kernel_outputs\jonathan_zip\official_001_400\task333.onnx,SRC_KAGGLE_NOTEBOOK_JONATHAN_CONSTRAINT_MIX,GOLF_20260608_008_jonathan_constraint_logic_mix,jonathan_structural_pass_mix,,,4530,4530,public_constraint_mix,true,medium,330,submit_mix
task334,data\external\public_kernel_outputs\jonathan_zip\official_001_400\task334.onnx,SRC_KAGGLE_NOTEBOOK_JONATHAN_CONSTRAINT_MIX,GOLF_20260608_008_jonathan_constraint_logic_mix,jonathan_structural_pass_mix,,,2063,2063,public_constraint_mix,true,medium,331,submit_mix
task335,data\external\public_kernel_outputs\jonathan_zip\official_001_400\task335.onnx,SRC_KAGGLE_NOTEBOOK_JONATHAN_CONSTRAINT_MIX,GOLF_20260608_008_jonathan_constraint_logic_mix,jonathan_structural_pass_mix,,,2262,2262,public_constraint_mix,true,medium,332,submit_mix
task336,data\external\public_kernel_outputs\jonathan_zip\official_001_400\task336.onnx,SRC_KAGGLE_NOTEBOOK_JONATHAN_CONSTRAINT_MIX,GOLF_20260608_008_jonathan_constraint_logic_mix,jonathan_structural_pass_mix,,,4934,4934,public_constraint_mix,true,medium,333,submit_mix
task337,data\external\public_kernel_outputs\jonathan_zip\official_001_400\task337.onnx,SRC_KAGGLE_NOTEBOOK_JONATHAN_CONSTRAINT_MIX,GOLF_20260608_008_jonathan_constraint_logic_mix,jonathan_structural_pass_mix,,,159,159,public_constraint_mix,true,medium,334,submit_mix
task338,data\external\public_kernel_outputs\jonathan_zip\official_001_400\task338.onnx,SRC_KAGGLE_NOTEBOOK_JONATHAN_CONSTRAINT_MIX,GOLF_20260608_008_jonathan_constraint_logic_mix,jonathan_structural_pass_mix,,,5514,5514,public_constraint_mix,true,medium,335,submit_mix
task339,data\external\public_kernel_outputs\jonathan_zip\official_001_400\task339.onnx,SRC_KAGGLE_NOTEBOOK_JONATHAN_CONSTRAINT_MIX,GOLF_20260608_008_jonathan_constraint_logic_mix,jonathan_structural_pass_mix,,,2038,2038,public_constraint_mix,true,medium,336,submit_mix
task340,data\external\public_kernel_outputs\jonathan_zip\official_001_400\task340.onnx,SRC_KAGGLE_NOTEBOOK_JONATHAN_CONSTRAINT_MIX,GOLF_20260608_008_jonathan_constraint_logic_mix,jonathan_structural_pass_mix,,,3695,3695,public_constraint_mix,true,medium,337,submit_mix
task341,data\external\public_kernel_outputs\jonathan_zip\official_001_400\task341.onnx,SRC_KAGGLE_NOTEBOOK_JONATHAN_CONSTRAINT_MIX,GOLF_20260608_008_jonathan_constraint_logic_mix,jonathan_structural_pass_mix,,,8614,8614,public_constraint_mix,true,medium,338,submit_mix
task342,data\external\public_kernel_outputs\jonathan_zip\official_001_400\task342.onnx,SRC_KAGGLE_NOTEBOOK_JONATHAN_CONSTRAINT_MIX,GOLF_20260608_008_jonathan_constraint_logic_mix,jonathan_structural_pass_mix,,,3679,3679,public_constraint_mix,true,medium,339,submit_mix
task343,data\external\public_kernel_outputs\jonathan_zip\official_001_400\task343.onnx,SRC_KAGGLE_NOTEBOOK_JONATHAN_CONSTRAINT_MIX,GOLF_20260608_008_jonathan_constraint_logic_mix,jonathan_structural_pass_mix,,,7380,7380,public_constraint_mix,true,medium,340,submit_mix
task344,data\external\public_kernel_outputs\jonathan_zip\official_001_400\task344.onnx,SRC_KAGGLE_NOTEBOOK_JONATHAN_CONSTRAINT_MIX,GOLF_20260608_008_jonathan_constraint_logic_mix,jonathan_structural_pass_mix,,,10288,10288,public_constraint_mix,true,medium,341,submit_mix
task345,data\external\public_kernel_outputs\jonathan_zip\official_001_400\task345.onnx,SRC_KAGGLE_NOTEBOOK_JONATHAN_CONSTRAINT_MIX,GOLF_20260608_008_jonathan_constraint_logic_mix,jonathan_structural_pass_mix,,,6657,6657,public_constraint_mix,true,medium,342,submit_mix
task346,data\external\public_kernel_outputs\jonathan_zip\official_001_400\task346.onnx,SRC_KAGGLE_NOTEBOOK_JONATHAN_CONSTRAINT_MIX,GOLF_20260608_008_jonathan_constraint_logic_mix,jonathan_structural_pass_mix,,,2959,2959,public_constraint_mix,true,medium,343,submit_mix
task347,data\external\public_kernel_outputs\jonathan_zip\official_001_400\task347.onnx,SRC_KAGGLE_NOTEBOOK_JONATHAN_CONSTRAINT_MIX,GOLF_20260608_008_jonathan_constraint_logic_mix,jonathan_structural_pass_mix,,,1315,1315,public_constraint_mix,true,medium,344,submit_mix
task348,data\external\public_kernel_outputs\jonathan_zip\official_001_400\task348.onnx,SRC_KAGGLE_NOTEBOOK_JONATHAN_CONSTRAINT_MIX,GOLF_20260608_008_jonathan_constraint_logic_mix,jonathan_structural_pass_mix,,,1959,1959,public_constraint_mix,true,medium,345,submit_mix
task349,data\external\public_kernel_outputs\jonathan_zip\official_001_400\task349.onnx,SRC_KAGGLE_NOTEBOOK_JONATHAN_CONSTRAINT_MIX,GOLF_20260608_008_jonathan_constraint_logic_mix,jonathan_structural_pass_mix,,,8197,8197,public_constraint_mix,true,medium,346,submit_mix
task350,data\external\public_kernel_outputs\jonathan_zip\official_001_400\task350.onnx,SRC_KAGGLE_NOTEBOOK_JONATHAN_CONSTRAINT_MIX,GOLF_20260608_008_jonathan_constraint_logic_mix,jonathan_structural_pass_mix,,,2016,2016,public_constraint_mix,true,medium,347,submit_mix
task351,data\external\public_kernel_outputs\jonathan_zip\official_001_400\task351.onnx,SRC_KAGGLE_NOTEBOOK_JONATHAN_CONSTRAINT_MIX,GOLF_20260608_008_jonathan_constraint_logic_mix,jonathan_structural_pass_mix,,,1769,1769,public_constraint_mix,true,medium,348,submit_mix
task352,data\external\public_kernel_outputs\jonathan_zip\official_001_400\task352.onnx,SRC_KAGGLE_NOTEBOOK_JONATHAN_CONSTRAINT_MIX,GOLF_20260608_008_jonathan_constraint_logic_mix,jonathan_structural_pass_mix,,,1079,1079,public_constraint_mix,true,medium,349,submit_mix
task353,data\external\public_kernel_outputs\jonathan_zip\official_001_400\task353.onnx,SRC_KAGGLE_NOTEBOOK_JONATHAN_CONSTRAINT_MIX,GOLF_20260608_008_jonathan_constraint_logic_mix,jonathan_structural_pass_mix,,,2206,2206,public_constraint_mix,true,medium,350,submit_mix
task354,data\external\public_kernel_outputs\jonathan_zip\official_001_400\task354.onnx,SRC_KAGGLE_NOTEBOOK_JONATHAN_CONSTRAINT_MIX,GOLF_20260608_008_jonathan_constraint_logic_mix,jonathan_structural_pass_mix,,,4335,4335,public_constraint_mix,true,medium,351,submit_mix
task355,data\external\public_kernel_outputs\jonathan_zip\official_001_400\task355.onnx,SRC_KAGGLE_NOTEBOOK_JONATHAN_CONSTRAINT_MIX,GOLF_20260608_008_jonathan_constraint_logic_mix,jonathan_structural_pass_mix,,,4606,4606,public_constraint_mix,true,medium,352,submit_mix
task356,data\external\public_kernel_outputs\jonathan_zip\official_001_400\task356.onnx,SRC_KAGGLE_NOTEBOOK_JONATHAN_CONSTRAINT_MIX,GOLF_20260608_008_jonathan_constraint_logic_mix,jonathan_structural_pass_mix,,,1569,1569,public_constraint_mix,true,medium,353,submit_mix
task357,data\external\public_kernel_outputs\jonathan_zip\official_001_400\task357.onnx,SRC_KAGGLE_NOTEBOOK_JONATHAN_CONSTRAINT_MIX,GOLF_20260608_008_jonathan_constraint_logic_mix,jonathan_structural_pass_mix,,,1636,1636,public_constraint_mix,true,medium,354,submit_mix
task358,data\external\public_kernel_outputs\jonathan_zip\official_001_400\task358.onnx,SRC_KAGGLE_NOTEBOOK_JONATHAN_CONSTRAINT_MIX,GOLF_20260608_008_jonathan_constraint_logic_mix,jonathan_structural_pass_mix,,,7583,7583,public_constraint_mix,true,medium,355,submit_mix
task359,data\external\public_kernel_outputs\jonathan_zip\official_001_400\task359.onnx,SRC_KAGGLE_NOTEBOOK_JONATHAN_CONSTRAINT_MIX,GOLF_20260608_008_jonathan_constraint_logic_mix,jonathan_structural_pass_mix,,,2832,2832,public_constraint_mix,true,medium,356,submit_mix
task360,data\external\public_kernel_outputs\jonathan_zip\official_001_400\task360.onnx,SRC_KAGGLE_NOTEBOOK_JONATHAN_CONSTRAINT_MIX,GOLF_20260608_008_jonathan_constraint_logic_mix,jonathan_structural_pass_mix,,,1081,1081,public_constraint_mix,true,medium,357,submit_mix
task361,data\external\public_kernel_outputs\jonathan_zip\official_001_400\task361.onnx,SRC_KAGGLE_NOTEBOOK_JONATHAN_CONSTRAINT_MIX,GOLF_20260608_008_jonathan_constraint_logic_mix,jonathan_structural_pass_mix,,,6275,6275,public_constraint_mix,true,medium,358,submit_mix
task362,data\external\public_kernel_outputs\jonathan_zip\official_001_400\task362.onnx,SRC_KAGGLE_NOTEBOOK_JONATHAN_CONSTRAINT_MIX,GOLF_20260608_008_jonathan_constraint_logic_mix,jonathan_structural_pass_mix,,,2053,2053,public_constraint_mix,true,medium,359,submit_mix
task363,data\external\public_kernel_outputs\jonathan_zip\official_001_400\task363.onnx,SRC_KAGGLE_NOTEBOOK_JONATHAN_CONSTRAINT_MIX,GOLF_20260608_008_jonathan_constraint_logic_mix,jonathan_structural_pass_mix,,,27811,27811,public_constraint_mix,true,medium,360,submit_mix
task364,data\external\public_kernel_outputs\jonathan_zip\official_001_400\task364.onnx,SRC_KAGGLE_NOTEBOOK_JONATHAN_CONSTRAINT_MIX,GOLF_20260608_008_jonathan_constraint_logic_mix,jonathan_structural_pass_mix,,,10500,10500,public_constraint_mix,true,medium,361,submit_mix
task365,data\external\public_kernel_outputs\jonathan_zip\official_001_400\task365.onnx,SRC_KAGGLE_NOTEBOOK_JONATHAN_CONSTRAINT_MIX,GOLF_20260608_008_jonathan_constraint_logic_mix,jonathan_structural_pass_mix,,,14408,14408,public_constraint_mix,true,medium,362,submit_mix
task366,data\external\public_kernel_outputs\jonathan_zip\official_001_400\task366.onnx,SRC_KAGGLE_NOTEBOOK_JONATHAN_CONSTRAINT_MIX,GOLF_20260608_008_jonathan_constraint_logic_mix,jonathan_structural_pass_mix,,,285823,285823,public_constraint_mix,true,medium,363,submit_mix
task367,data\external\public_kernel_outputs\jonathan_zip\official_001_400\task367.onnx,SRC_KAGGLE_NOTEBOOK_JONATHAN_CONSTRAINT_MIX,GOLF_20260608_008_jonathan_constraint_logic_mix,jonathan_structural_pass_mix,,,32977,32977,public_constraint_mix,true,medium,364,submit_mix
task368,data\external\public_kernel_outputs\jonathan_zip\official_001_400\task368.onnx,SRC_KAGGLE_NOTEBOOK_JONATHAN_CONSTRAINT_MIX,GOLF_20260608_008_jonathan_constraint_logic_mix,jonathan_structural_pass_mix,,,13733,13733,public_constraint_mix,true,medium,365,submit_mix
task369,data\external\public_kernel_outputs\jonathan_zip\official_001_400\task369.onnx,SRC_KAGGLE_NOTEBOOK_JONATHAN_CONSTRAINT_MIX,GOLF_20260608_008_jonathan_constraint_logic_mix,jonathan_structural_pass_mix,,,4677,4677,public_constraint_mix,true,medium,366,submit_mix
task370,data\external\public_kernel_outputs\jonathan_zip\official_001_400\task370.onnx,SRC_KAGGLE_NOTEBOOK_JONATHAN_CONSTRAINT_MIX,GOLF_20260608_008_jonathan_constraint_logic_mix,jonathan_structural_pass_mix,,,30914,30914,public_constraint_mix,true,medium,367,submit_mix
task371,data\external\public_kernel_outputs\jonathan_zip\official_001_400\task371.onnx,SRC_KAGGLE_NOTEBOOK_JONATHAN_CONSTRAINT_MIX,GOLF_20260608_008_jonathan_constraint_logic_mix,jonathan_structural_pass_mix,,,1830,1830,public_constraint_mix,true,medium,368,submit_mix
task372,data\external\public_kernel_outputs\jonathan_zip\official_001_400\task372.onnx,SRC_KAGGLE_NOTEBOOK_JONATHAN_CONSTRAINT_MIX,GOLF_20260608_008_jonathan_constraint_logic_mix,jonathan_structural_pass_mix,,,1072,1072,public_constraint_mix,true,medium,369,submit_mix
task373,data\external\public_kernel_outputs\jonathan_zip\official_001_400\task373.onnx,SRC_KAGGLE_NOTEBOOK_JONATHAN_CONSTRAINT_MIX,GOLF_20260608_008_jonathan_constraint_logic_mix,jonathan_structural_pass_mix,,,924,924,public_constraint_mix,true,medium,370,submit_mix
task374,data\external\public_kernel_outputs\jonathan_zip\official_001_400\task374.onnx,SRC_KAGGLE_NOTEBOOK_JONATHAN_CONSTRAINT_MIX,GOLF_20260608_008_jonathan_constraint_logic_mix,jonathan_structural_pass_mix,,,20142,20142,public_constraint_mix,true,medium,371,submit_mix
task375,data\external\public_kernel_outputs\jonathan_zip\official_001_400\task375.onnx,SRC_KAGGLE_NOTEBOOK_JONATHAN_CONSTRAINT_MIX,GOLF_20260608_008_jonathan_constraint_logic_mix,jonathan_structural_pass_mix,,,1685,1685,public_constraint_mix,true,medium,372,submit_mix
task376,data\external\public_kernel_outputs\jonathan_zip\official_001_400\task376.onnx,SRC_KAGGLE_NOTEBOOK_JONATHAN_CONSTRAINT_MIX,GOLF_20260608_008_jonathan_constraint_logic_mix,jonathan_structural_pass_mix,,,2229,2229,public_constraint_mix,true,medium,373,submit_mix
task377,data\external\public_kernel_outputs\jonathan_zip\official_001_400\task377.onnx,SRC_KAGGLE_NOTEBOOK_JONATHAN_CONSTRAINT_MIX,GOLF_20260608_008_jonathan_constraint_logic_mix,jonathan_structural_pass_mix,,,17361,17361,public_constraint_mix,true,medium,374,submit_mix
task378,data\external\public_kernel_outputs\jonathan_zip\official_001_400\task378.onnx,SRC_KAGGLE_NOTEBOOK_JONATHAN_CONSTRAINT_MIX,GOLF_20260608_008_jonathan_constraint_logic_mix,jonathan_structural_pass_mix,,,7256,7256,public_constraint_mix,true,medium,375,submit_mix
task379,data\external\public_kernel_outputs\jonathan_zip\official_001_400\task379.onnx,SRC_KAGGLE_NOTEBOOK_JONATHAN_CONSTRAINT_MIX,GOLF_20260608_008_jonathan_constraint_logic_mix,jonathan_structural_pass_mix,,,12333,12333,public_constraint_mix,true,medium,376,submit_mix
task380,data\external\public_kernel_outputs\jonathan_zip\official_001_400\task380.onnx,SRC_KAGGLE_NOTEBOOK_JONATHAN_CONSTRAINT_MIX,GOLF_20260608_008_jonathan_constraint_logic_mix,jonathan_structural_pass_mix,,,608,608,public_constraint_mix,true,medium,377,submit_mix
task381,data\external\public_kernel_outputs\jonathan_zip\official_001_400\task381.onnx,SRC_KAGGLE_NOTEBOOK_JONATHAN_CONSTRAINT_MIX,GOLF_20260608_008_jonathan_constraint_logic_mix,jonathan_structural_pass_mix,,,5721,5721,public_constraint_mix,true,medium,378,submit_mix
task382,data\external\public_kernel_outputs\jonathan_zip\official_001_400\task382.onnx,SRC_KAGGLE_NOTEBOOK_JONATHAN_CONSTRAINT_MIX,GOLF_20260608_008_jonathan_constraint_logic_mix,jonathan_structural_pass_mix,,,67623,67623,public_constraint_mix,true,medium,379,submit_mix
task383,data\external\public_kernel_outputs\jonathan_zip\official_001_400\task383.onnx,SRC_KAGGLE_NOTEBOOK_JONATHAN_CONSTRAINT_MIX,GOLF_20260608_008_jonathan_constraint_logic_mix,jonathan_structural_pass_mix,,,9781,9781,public_constraint_mix,true,medium,380,submit_mix
task384,data\external\public_kernel_outputs\jonathan_zip\official_001_400\task384.onnx,SRC_KAGGLE_NOTEBOOK_JONATHAN_CONSTRAINT_MIX,GOLF_20260608_008_jonathan_constraint_logic_mix,jonathan_structural_pass_mix,,,3017,3017,public_constraint_mix,true,medium,381,submit_mix
task385,data\external\public_kernel_outputs\jonathan_zip\official_001_400\task385.onnx,SRC_KAGGLE_NOTEBOOK_JONATHAN_CONSTRAINT_MIX,GOLF_20260608_008_jonathan_constraint_logic_mix,jonathan_structural_pass_mix,,,183,183,public_constraint_mix,true,medium,382,submit_mix
task386,data\external\public_kernel_outputs\jonathan_zip\official_001_400\task386.onnx,SRC_KAGGLE_NOTEBOOK_JONATHAN_CONSTRAINT_MIX,GOLF_20260608_008_jonathan_constraint_logic_mix,jonathan_structural_pass_mix,,,1409,1409,public_constraint_mix,true,medium,383,submit_mix
task387,data\external\public_kernel_outputs\jonathan_zip\official_001_400\task387.onnx,SRC_KAGGLE_NOTEBOOK_JONATHAN_CONSTRAINT_MIX,GOLF_20260608_008_jonathan_constraint_logic_mix,jonathan_structural_pass_mix,,,101207,101207,public_constraint_mix,true,medium,384,submit_mix
task388,data\external\public_kernel_outputs\jonathan_zip\official_001_400\task388.onnx,SRC_KAGGLE_NOTEBOOK_JONATHAN_CONSTRAINT_MIX,GOLF_20260608_008_jonathan_constraint_logic_mix,jonathan_structural_pass_mix,,,4623,4623,public_constraint_mix,true,medium,385,submit_mix
task389,data\external\public_kernel_outputs\jonathan_zip\official_001_400\task389.onnx,SRC_KAGGLE_NOTEBOOK_JONATHAN_CONSTRAINT_MIX,GOLF_20260608_008_jonathan_constraint_logic_mix,jonathan_structural_pass_mix,,,1158,1158,public_constraint_mix,true,medium,386,submit_mix
task390,data\external\public_kernel_outputs\jonathan_zip\official_001_400\task390.onnx,SRC_KAGGLE_NOTEBOOK_JONATHAN_CONSTRAINT_MIX,GOLF_20260608_008_jonathan_constraint_logic_mix,jonathan_structural_pass_mix,,,7686,7686,public_constraint_mix,true,medium,387,submit_mix
task391,data\external\public_kernel_outputs\jonathan_zip\official_001_400\task391.onnx,SRC_KAGGLE_NOTEBOOK_JONATHAN_CONSTRAINT_MIX,GOLF_20260608_008_jonathan_constraint_logic_mix,jonathan_structural_pass_mix,,,3352,3352,public_constraint_mix,true,medium,388,submit_mix
task392,data\external\public_kernel_outputs\jonathan_zip\official_001_400\task392.onnx,SRC_KAGGLE_NOTEBOOK_JONATHAN_CONSTRAINT_MIX,GOLF_20260608_008_jonathan_constraint_logic_mix,jonathan_structural_pass_mix,,,13063,13063,public_constraint_mix,true,medium,389,submit_mix
task393,data\external\public_kernel_outputs\jonathan_zip\official_001_400\task393.onnx,SRC_KAGGLE_NOTEBOOK_JONATHAN_CONSTRAINT_MIX,GOLF_20260608_008_jonathan_constraint_logic_mix,jonathan_structural_pass_mix,,,3056,3056,public_constraint_mix,true,medium,390,submit_mix
task394,data\external\public_kernel_outputs\jonathan_zip\official_001_400\task394.onnx,SRC_KAGGLE_NOTEBOOK_JONATHAN_CONSTRAINT_MIX,GOLF_20260608_008_jonathan_constraint_logic_mix,jonathan_structural_pass_mix,,,5232,5232,public_constraint_mix,true,medium,391,submit_mix
task395,data\external\public_kernel_outputs\jonathan_zip\official_001_400\task395.onnx,SRC_KAGGLE_NOTEBOOK_JONATHAN_CONSTRAINT_MIX,GOLF_20260608_008_jonathan_constraint_logic_mix,jonathan_structural_pass_mix,,,1417,1417,public_constraint_mix,true,medium,392,submit_mix
task396,data\external\public_kernel_outputs\jonathan_zip\official_001_400\task396.onnx,SRC_KAGGLE_NOTEBOOK_JONATHAN_CONSTRAINT_MIX,GOLF_20260608_008_jonathan_constraint_logic_mix,jonathan_structural_pass_mix,,,95200,95200,public_constraint_mix,true,medium,393,submit_mix
task397,data\external\public_kernel_outputs\jonathan_zip\official_001_400\task397.onnx,SRC_KAGGLE_NOTEBOOK_JONATHAN_CONSTRAINT_MIX,GOLF_20260608_008_jonathan_constraint_logic_mix,jonathan_structural_pass_mix,,,7851,7851,public_constraint_mix,true,medium,394,submit_mix
task398,data\external\public_kernel_outputs\jonathan_zip\official_001_400\task398.onnx,SRC_KAGGLE_NOTEBOOK_JONATHAN_CONSTRAINT_MIX,GOLF_20260608_008_jonathan_constraint_logic_mix,jonathan_structural_pass_mix,,,8759,8759,public_constraint_mix,true,medium,395,submit_mix
task399,data\external\public_kernel_outputs\jonathan_zip\official_001_400\task399.onnx,SRC_KAGGLE_NOTEBOOK_JONATHAN_CONSTRAINT_MIX,GOLF_20260608_008_jonathan_constraint_logic_mix,jonathan_structural_pass_mix,,,3162,3162,public_constraint_mix,true,medium,396,submit_mix
task400,data\external\public_kernel_outputs\jonathan_zip\official_001_400\task400.onnx,SRC_KAGGLE_NOTEBOOK_JONATHAN_CONSTRAINT_MIX,GOLF_20260608_008_jonathan_constraint_logic_mix,jonathan_structural_pass_mix,,,2490,2490,public_constraint_mix,true,medium,397,submit_mix
