task_id,candidate_model_path,source_id,source_exp_id,method_family,memory_footprint,parameter_count,file_size,cost_proxy,utility_proxy,local_valid,risk,candidate_rank,recommended_action
task001,data\external\public_kernel_outputs\biohack_super_blend\_src_A\task001.onnx,SRC_KAGGLE_NOTEBOOK_BIOHACK_SUPER_BLEND,GOLF_20260608_006_biohack_super_blend_structural_pass_mix,biohack_partial_public_harvest,,,1433,1433,public_partial_output,true,medium,1,submit_mix
task002,data\external\public_kernel_outputs\biohack_super_blend\_src_A\task002.onnx,SRC_KAGGLE_NOTEBOOK_BIOHACK_SUPER_BLEND,GOLF_20260608_006_biohack_super_blend_structural_pass_mix,biohack_partial_public_harvest,,,15506,15506,public_partial_output,true,medium,2,submit_mix
task003,data\external\public_kernel_outputs\biohack_super_blend\_src_A\task003.onnx,SRC_KAGGLE_NOTEBOOK_BIOHACK_SUPER_BLEND,GOLF_20260608_006_biohack_super_blend_structural_pass_mix,biohack_partial_public_harvest,,,4167,4167,public_partial_output,true,medium,3,submit_mix
task004,data\external\public_kernel_outputs\biohack_super_blend\_src_A\task004.onnx,SRC_KAGGLE_NOTEBOOK_BIOHACK_SUPER_BLEND,GOLF_20260608_006_biohack_super_blend_structural_pass_mix,biohack_partial_public_harvest,,,2522,2522,public_partial_output,true,medium,4,submit_mix
task005,data\external\public_kernel_outputs\biohack_super_blend\_src_A\task005.onnx,SRC_KAGGLE_NOTEBOOK_BIOHACK_SUPER_BLEND,GOLF_20260608_006_biohack_super_blend_structural_pass_mix,biohack_partial_public_harvest,,,10910,10910,public_partial_output,true,medium,5,submit_mix
task006,data\external\public_kernel_outputs\biohack_super_blend\_src_A\task006.onnx,SRC_KAGGLE_NOTEBOOK_BIOHACK_SUPER_BLEND,GOLF_20260608_006_biohack_super_blend_structural_pass_mix,biohack_partial_public_harvest,,,1364,1364,public_partial_output,true,medium,6,submit_mix
task007,data\external\public_kernel_outputs\biohack_super_blend\_src_A\task007.onnx,SRC_KAGGLE_NOTEBOOK_BIOHACK_SUPER_BLEND,GOLF_20260608_006_biohack_super_blend_structural_pass_mix,biohack_partial_public_harvest,,,1603,1603,public_partial_output,true,medium,7,submit_mix
task008,data\external\public_kernel_outputs\biohack_super_blend\_src_A\task008.onnx,SRC_KAGGLE_NOTEBOOK_BIOHACK_SUPER_BLEND,GOLF_20260608_006_biohack_super_blend_structural_pass_mix,biohack_partial_public_harvest,,,7667,7667,public_partial_output,true,medium,8,submit_mix
task009,data\external\public_kernel_outputs\biohack_super_blend\_src_A\task009.onnx,SRC_KAGGLE_NOTEBOOK_BIOHACK_SUPER_BLEND,GOLF_20260608_006_biohack_super_blend_structural_pass_mix,biohack_partial_public_harvest,,,30956,30956,public_partial_output,true,medium,9,submit_mix
task010,data\external\public_kernel_outputs\biohack_super_blend\_src_A\task010.onnx,SRC_KAGGLE_NOTEBOOK_BIOHACK_SUPER_BLEND,GOLF_20260608_006_biohack_super_blend_structural_pass_mix,biohack_partial_public_harvest,,,6061,6061,public_partial_output,true,medium,10,submit_mix
task011,data\external\public_kernel_outputs\biohack_super_blend\_src_A\task011.onnx,SRC_KAGGLE_NOTEBOOK_BIOHACK_SUPER_BLEND,GOLF_20260608_006_biohack_super_blend_structural_pass_mix,biohack_partial_public_harvest,,,10170,10170,public_partial_output,true,medium,11,submit_mix
task012,data\external\public_kernel_outputs\biohack_super_blend\_src_A\task012.onnx,SRC_KAGGLE_NOTEBOOK_BIOHACK_SUPER_BLEND,GOLF_20260608_006_biohack_super_blend_structural_pass_mix,biohack_partial_public_harvest,,,1975,1975,public_partial_output,true,medium,12,submit_mix
task013,data\external\public_kernel_outputs\biohack_super_blend\_src_A\task013.onnx,SRC_KAGGLE_NOTEBOOK_BIOHACK_SUPER_BLEND,GOLF_20260608_006_biohack_super_blend_structural_pass_mix,biohack_partial_public_harvest,,,18384,18384,public_partial_output,true,medium,13,submit_mix
task014,data\external\public_kernel_outputs\biohack_super_blend\_src_A\task014.onnx,SRC_KAGGLE_NOTEBOOK_BIOHACK_SUPER_BLEND,GOLF_20260608_006_biohack_super_blend_structural_pass_mix,biohack_partial_public_harvest,,,9683,9683,public_partial_output,true,medium,14,submit_mix
task015,data\external\public_kernel_outputs\biohack_super_blend\_src_A\task015.onnx,SRC_KAGGLE_NOTEBOOK_BIOHACK_SUPER_BLEND,GOLF_20260608_006_biohack_super_blend_structural_pass_mix,biohack_partial_public_harvest,,,3798,3798,public_partial_output,true,medium,15,submit_mix
task016,data\external\public_kernel_outputs\biohack_super_blend\_src_A\task016.onnx,SRC_KAGGLE_NOTEBOOK_BIOHACK_SUPER_BLEND,GOLF_20260608_006_biohack_super_blend_structural_pass_mix,biohack_partial_public_harvest,,,158,158,public_partial_output,true,medium,16,submit_mix
task017,data\external\public_kernel_outputs\biohack_super_blend\_src_A\task017.onnx,SRC_KAGGLE_NOTEBOOK_BIOHACK_SUPER_BLEND,GOLF_20260608_006_biohack_super_blend_structural_pass_mix,biohack_partial_public_harvest,,,8855,8855,public_partial_output,true,medium,17,submit_mix
task018,data\external\public_kernel_outputs\biohack_super_blend\_src_A\task018.onnx,SRC_KAGGLE_NOTEBOOK_BIOHACK_SUPER_BLEND,GOLF_20260608_006_biohack_super_blend_structural_pass_mix,biohack_partial_public_harvest,,,29359,29359,public_partial_output,true,medium,18,submit_mix
task019,data\external\public_kernel_outputs\biohack_super_blend\_src_A\task019.onnx,SRC_KAGGLE_NOTEBOOK_BIOHACK_SUPER_BLEND,GOLF_20260608_006_biohack_super_blend_structural_pass_mix,biohack_partial_public_harvest,,,17887,17887,public_partial_output,true,medium,19,submit_mix
task020,data\external\public_kernel_outputs\biohack_super_blend\_src_A\task020.onnx,SRC_KAGGLE_NOTEBOOK_BIOHACK_SUPER_BLEND,GOLF_20260608_006_biohack_super_blend_structural_pass_mix,biohack_partial_public_harvest,,,31378,31378,public_partial_output,true,medium,20,submit_mix
task021,data\external\public_kernel_outputs\biohack_super_blend\_src_A\task021.onnx,SRC_KAGGLE_NOTEBOOK_BIOHACK_SUPER_BLEND,GOLF_20260608_006_biohack_super_blend_structural_pass_mix,biohack_partial_public_harvest,,,38267,38267,public_partial_output,true,medium,21,submit_mix
task022,data\external\public_kernel_outputs\biohack_super_blend\_src_A\task022.onnx,SRC_KAGGLE_NOTEBOOK_BIOHACK_SUPER_BLEND,GOLF_20260608_006_biohack_super_blend_structural_pass_mix,biohack_partial_public_harvest,,,43895,43895,public_partial_output,true,medium,22,submit_mix
task023,data\external\public_kernel_outputs\biohack_super_blend\_src_A\task023.onnx,SRC_KAGGLE_NOTEBOOK_BIOHACK_SUPER_BLEND,GOLF_20260608_006_biohack_super_blend_structural_pass_mix,biohack_partial_public_harvest,,,33302,33302,public_partial_output,true,medium,23,submit_mix
task024,data\external\public_kernel_outputs\biohack_super_blend\_src_A\task024.onnx,SRC_KAGGLE_NOTEBOOK_BIOHACK_SUPER_BLEND,GOLF_20260608_006_biohack_super_blend_structural_pass_mix,biohack_partial_public_harvest,,,3233,3233,public_partial_output,true,medium,24,submit_mix
task025,data\external\public_kernel_outputs\biohack_super_blend\_src_A\task025.onnx,SRC_KAGGLE_NOTEBOOK_BIOHACK_SUPER_BLEND,GOLF_20260608_006_biohack_super_blend_structural_pass_mix,biohack_partial_public_harvest,,,13460,13460,public_partial_output,true,medium,25,submit_mix
task026,data\external\public_kernel_outputs\biohack_super_blend\_src_A\task026.onnx,SRC_KAGGLE_NOTEBOOK_BIOHACK_SUPER_BLEND,GOLF_20260608_006_biohack_super_blend_structural_pass_mix,biohack_partial_public_harvest,,,1622,1622,public_partial_output,true,medium,26,submit_mix
task027,data\external\public_kernel_outputs\biohack_super_blend\_src_A\task027.onnx,SRC_KAGGLE_NOTEBOOK_BIOHACK_SUPER_BLEND,GOLF_20260608_006_biohack_super_blend_structural_pass_mix,biohack_partial_public_harvest,,,31135,31135,public_partial_output,true,medium,27,submit_mix
task028,data\external\public_kernel_outputs\biohack_super_blend\_src_A\task028.onnx,SRC_KAGGLE_NOTEBOOK_BIOHACK_SUPER_BLEND,GOLF_20260608_006_biohack_super_blend_structural_pass_mix,biohack_partial_public_harvest,,,2452,2452,public_partial_output,true,medium,28,submit_mix
task029,data\external\public_kernel_outputs\biohack_super_blend\_src_A\task029.onnx,SRC_KAGGLE_NOTEBOOK_BIOHACK_SUPER_BLEND,GOLF_20260608_006_biohack_super_blend_structural_pass_mix,biohack_partial_public_harvest,,,13589,13589,public_partial_output,true,medium,29,submit_mix
task030,data\external\public_kernel_outputs\biohack_super_blend\_src_A\task030.onnx,SRC_KAGGLE_NOTEBOOK_BIOHACK_SUPER_BLEND,GOLF_20260608_006_biohack_super_blend_structural_pass_mix,biohack_partial_public_harvest,,,9441,9441,public_partial_output,true,medium,30,submit_mix
task031,data\external\public_kernel_outputs\biohack_super_blend\_src_A\task031.onnx,SRC_KAGGLE_NOTEBOOK_BIOHACK_SUPER_BLEND,GOLF_20260608_006_biohack_super_blend_structural_pass_mix,biohack_partial_public_harvest,,,3417,3417,public_partial_output,true,medium,31,submit_mix
task032,data\external\public_kernel_outputs\biohack_super_blend\_src_A\task032.onnx,SRC_KAGGLE_NOTEBOOK_BIOHACK_SUPER_BLEND,GOLF_20260608_006_biohack_super_blend_structural_pass_mix,biohack_partial_public_harvest,,,2347,2347,public_partial_output,true,medium,32,submit_mix
task033,data\external\public_kernel_outputs\biohack_super_blend\_src_A\task033.onnx,SRC_KAGGLE_NOTEBOOK_BIOHACK_SUPER_BLEND,GOLF_20260608_006_biohack_super_blend_structural_pass_mix,biohack_partial_public_harvest,,,1510,1510,public_partial_output,true,medium,33,submit_mix
task034,data\external\public_kernel_outputs\biohack_super_blend\_src_A\task034.onnx,SRC_KAGGLE_NOTEBOOK_BIOHACK_SUPER_BLEND,GOLF_20260608_006_biohack_super_blend_structural_pass_mix,biohack_partial_public_harvest,,,11293,11293,public_partial_output,true,medium,34,submit_mix
task035,data\external\public_kernel_outputs\biohack_super_blend\_src_A\task035.onnx,SRC_KAGGLE_NOTEBOOK_BIOHACK_SUPER_BLEND,GOLF_20260608_006_biohack_super_blend_structural_pass_mix,biohack_partial_public_harvest,,,12860,12860,public_partial_output,true,medium,35,submit_mix
task036,data\external\public_kernel_outputs\biohack_super_blend\_src_A\task036.onnx,SRC_KAGGLE_NOTEBOOK_BIOHACK_SUPER_BLEND,GOLF_20260608_006_biohack_super_blend_structural_pass_mix,biohack_partial_public_harvest,,,5866,5866,public_partial_output,true,medium,36,submit_mix
task037,data\external\public_kernel_outputs\biohack_super_blend\_src_A\task037.onnx,SRC_KAGGLE_NOTEBOOK_BIOHACK_SUPER_BLEND,GOLF_20260608_006_biohack_super_blend_structural_pass_mix,biohack_partial_public_harvest,,,20424,20424,public_partial_output,true,medium,37,submit_mix
task038,data\external\public_kernel_outputs\biohack_super_blend\_src_A\task038.onnx,SRC_KAGGLE_NOTEBOOK_BIOHACK_SUPER_BLEND,GOLF_20260608_006_biohack_super_blend_structural_pass_mix,biohack_partial_public_harvest,,,2357,2357,public_partial_output,true,medium,38,submit_mix
task039,data\external\public_kernel_outputs\biohack_super_blend\_src_A\task039.onnx,SRC_KAGGLE_NOTEBOOK_BIOHACK_SUPER_BLEND,GOLF_20260608_006_biohack_super_blend_structural_pass_mix,biohack_partial_public_harvest,,,1913,1913,public_partial_output,true,medium,39,submit_mix
task040,data\external\public_kernel_outputs\biohack_super_blend\_src_A\task040.onnx,SRC_KAGGLE_NOTEBOOK_BIOHACK_SUPER_BLEND,GOLF_20260608_006_biohack_super_blend_structural_pass_mix,biohack_partial_public_harvest,,,4167,4167,public_partial_output,true,medium,40,submit_mix
task041,data\external\public_kernel_outputs\biohack_super_blend\_src_A\task041.onnx,SRC_KAGGLE_NOTEBOOK_BIOHACK_SUPER_BLEND,GOLF_20260608_006_biohack_super_blend_structural_pass_mix,biohack_partial_public_harvest,,,1665,1665,public_partial_output,true,medium,41,submit_mix
task042,data\external\public_kernel_outputs\biohack_super_blend\_src_A\task042.onnx,SRC_KAGGLE_NOTEBOOK_BIOHACK_SUPER_BLEND,GOLF_20260608_006_biohack_super_blend_structural_pass_mix,biohack_partial_public_harvest,,,9668,9668,public_partial_output,true,medium,42,submit_mix
task043,data\external\public_kernel_outputs\biohack_super_blend\_src_A\task043.onnx,SRC_KAGGLE_NOTEBOOK_BIOHACK_SUPER_BLEND,GOLF_20260608_006_biohack_super_blend_structural_pass_mix,biohack_partial_public_harvest,,,1966,1966,public_partial_output,true,medium,43,submit_mix
task044,data\external\public_kernel_outputs\biohack_super_blend\_src_A\task044.onnx,SRC_KAGGLE_NOTEBOOK_BIOHACK_SUPER_BLEND,GOLF_20260608_006_biohack_super_blend_structural_pass_mix,biohack_partial_public_harvest,,,22434,22434,public_partial_output,true,medium,44,submit_mix
task045,data\external\public_kernel_outputs\biohack_super_blend\_src_A\task045.onnx,SRC_KAGGLE_NOTEBOOK_BIOHACK_SUPER_BLEND,GOLF_20260608_006_biohack_super_blend_structural_pass_mix,biohack_partial_public_harvest,,,1438,1438,public_partial_output,true,medium,45,submit_mix
task046,data\external\public_kernel_outputs\biohack_super_blend\_src_A\task046.onnx,SRC_KAGGLE_NOTEBOOK_BIOHACK_SUPER_BLEND,GOLF_20260608_006_biohack_super_blend_structural_pass_mix,biohack_partial_public_harvest,,,8963,8963,public_partial_output,true,medium,46,submit_mix
task047,data\external\public_kernel_outputs\biohack_super_blend\_src_A\task047.onnx,SRC_KAGGLE_NOTEBOOK_BIOHACK_SUPER_BLEND,GOLF_20260608_006_biohack_super_blend_structural_pass_mix,biohack_partial_public_harvest,,,3091,3091,public_partial_output,true,medium,47,submit_mix
task048,data\external\public_kernel_outputs\biohack_super_blend\_src_A\task048.onnx,SRC_KAGGLE_NOTEBOOK_BIOHACK_SUPER_BLEND,GOLF_20260608_006_biohack_super_blend_structural_pass_mix,biohack_partial_public_harvest,,,5695,5695,public_partial_output,true,medium,48,submit_mix
task049,data\external\public_kernel_outputs\biohack_super_blend\_src_A\task049.onnx,SRC_KAGGLE_NOTEBOOK_BIOHACK_SUPER_BLEND,GOLF_20260608_006_biohack_super_blend_structural_pass_mix,biohack_partial_public_harvest,,,3516,3516,public_partial_output,true,medium,49,submit_mix
task050,data\external\public_kernel_outputs\biohack_super_blend\_src_A\task050.onnx,SRC_KAGGLE_NOTEBOOK_BIOHACK_SUPER_BLEND,GOLF_20260608_006_biohack_super_blend_structural_pass_mix,biohack_partial_public_harvest,,,2540,2540,public_partial_output,true,medium,50,submit_mix
task051,data\external\public_kernel_outputs\biohack_super_blend\_src_A\task051.onnx,SRC_KAGGLE_NOTEBOOK_BIOHACK_SUPER_BLEND,GOLF_20260608_006_biohack_super_blend_structural_pass_mix,biohack_partial_public_harvest,,,3365,3365,public_partial_output,true,medium,51,submit_mix
task052,data\external\public_kernel_outputs\biohack_super_blend\_src_A\task052.onnx,SRC_KAGGLE_NOTEBOOK_BIOHACK_SUPER_BLEND,GOLF_20260608_006_biohack_super_blend_structural_pass_mix,biohack_partial_public_harvest,,,1277,1277,public_partial_output,true,medium,52,submit_mix
task053,data\external\public_kernel_outputs\biohack_super_blend\_src_A\task053.onnx,SRC_KAGGLE_NOTEBOOK_BIOHACK_SUPER_BLEND,GOLF_20260608_006_biohack_super_blend_structural_pass_mix,biohack_partial_public_harvest,,,175,175,public_partial_output,true,medium,53,submit_mix
task054,data\external\public_kernel_outputs\biohack_super_blend\_src_A\task054.onnx,SRC_KAGGLE_NOTEBOOK_BIOHACK_SUPER_BLEND,GOLF_20260608_006_biohack_super_blend_structural_pass_mix,biohack_partial_public_harvest,,,9661,9661,public_partial_output,true,medium,54,submit_mix
task055,data\external\public_kernel_outputs\biohack_super_blend\_src_A\task055.onnx,SRC_KAGGLE_NOTEBOOK_BIOHACK_SUPER_BLEND,GOLF_20260608_006_biohack_super_blend_structural_pass_mix,biohack_partial_public_harvest,,,21458,21458,public_partial_output,true,medium,55,submit_mix
task056,data\external\public_kernel_outputs\biohack_super_blend\_src_A\task056.onnx,SRC_KAGGLE_NOTEBOOK_BIOHACK_SUPER_BLEND,GOLF_20260608_006_biohack_super_blend_structural_pass_mix,biohack_partial_public_harvest,,,1515,1515,public_partial_output,true,medium,56,submit_mix
task057,data\external\public_kernel_outputs\biohack_super_blend\_src_A\task057.onnx,SRC_KAGGLE_NOTEBOOK_BIOHACK_SUPER_BLEND,GOLF_20260608_006_biohack_super_blend_structural_pass_mix,biohack_partial_public_harvest,,,1832,1832,public_partial_output,true,medium,57,submit_mix
task058,data\external\public_kernel_outputs\biohack_super_blend\_src_A\task058.onnx,SRC_KAGGLE_NOTEBOOK_BIOHACK_SUPER_BLEND,GOLF_20260608_006_biohack_super_blend_structural_pass_mix,biohack_partial_public_harvest,,,27439,27439,public_partial_output,true,medium,58,submit_mix
task059,data\external\public_kernel_outputs\biohack_super_blend\_src_A\task059.onnx,SRC_KAGGLE_NOTEBOOK_BIOHACK_SUPER_BLEND,GOLF_20260608_006_biohack_super_blend_structural_pass_mix,biohack_partial_public_harvest,,,12715,12715,public_partial_output,true,medium,59,submit_mix
task060,data\external\public_kernel_outputs\biohack_super_blend\_src_A\task060.onnx,SRC_KAGGLE_NOTEBOOK_BIOHACK_SUPER_BLEND,GOLF_20260608_006_biohack_super_blend_structural_pass_mix,biohack_partial_public_harvest,,,3039,3039,public_partial_output,true,medium,60,submit_mix
task061,data\external\public_kernel_outputs\biohack_super_blend\_src_A\task061.onnx,SRC_KAGGLE_NOTEBOOK_BIOHACK_SUPER_BLEND,GOLF_20260608_006_biohack_super_blend_structural_pass_mix,biohack_partial_public_harvest,,,17030,17030,public_partial_output,true,medium,61,submit_mix
task062,data\external\public_kernel_outputs\biohack_super_blend\_src_A\task062.onnx,SRC_KAGGLE_NOTEBOOK_BIOHACK_SUPER_BLEND,GOLF_20260608_006_biohack_super_blend_structural_pass_mix,biohack_partial_public_harvest,,,22124,22124,public_partial_output,true,medium,62,submit_mix
task063,data\external\public_kernel_outputs\biohack_super_blend\_src_A\task063.onnx,SRC_KAGGLE_NOTEBOOK_BIOHACK_SUPER_BLEND,GOLF_20260608_006_biohack_super_blend_structural_pass_mix,biohack_partial_public_harvest,,,3709,3709,public_partial_output,true,medium,63,submit_mix
task064,data\external\public_kernel_outputs\biohack_super_blend\_src_A\task064.onnx,SRC_KAGGLE_NOTEBOOK_BIOHACK_SUPER_BLEND,GOLF_20260608_006_biohack_super_blend_structural_pass_mix,biohack_partial_public_harvest,,,7151,7151,public_partial_output,true,medium,64,submit_mix
task065,data\external\public_kernel_outputs\biohack_super_blend\_src_A\task065.onnx,SRC_KAGGLE_NOTEBOOK_BIOHACK_SUPER_BLEND,GOLF_20260608_006_biohack_super_blend_structural_pass_mix,biohack_partial_public_harvest,,,2705,2705,public_partial_output,true,medium,65,submit_mix
task066,data\external\public_kernel_outputs\biohack_super_blend\_src_A\task066.onnx,SRC_KAGGLE_NOTEBOOK_BIOHACK_SUPER_BLEND,GOLF_20260608_006_biohack_super_blend_structural_pass_mix,biohack_partial_public_harvest,,,170467,170467,public_partial_output,true,medium,66,submit_mix
task067,data\external\public_kernel_outputs\biohack_super_blend\_src_A\task067.onnx,SRC_KAGGLE_NOTEBOOK_BIOHACK_SUPER_BLEND,GOLF_20260608_006_biohack_super_blend_structural_pass_mix,biohack_partial_public_harvest,,,892,892,public_partial_output,true,medium,67,submit_mix
task068,data\external\public_kernel_outputs\biohack_super_blend\_src_A\task068.onnx,SRC_KAGGLE_NOTEBOOK_BIOHACK_SUPER_BLEND,GOLF_20260608_006_biohack_super_blend_structural_pass_mix,biohack_partial_public_harvest,,,2335,2335,public_partial_output,true,medium,68,submit_mix
task069,data\external\public_kernel_outputs\biohack_super_blend\_src_A\task069.onnx,SRC_KAGGLE_NOTEBOOK_BIOHACK_SUPER_BLEND,GOLF_20260608_006_biohack_super_blend_structural_pass_mix,biohack_partial_public_harvest,,,32330,32330,public_partial_output,true,medium,69,submit_mix
task070,data\external\public_kernel_outputs\biohack_super_blend\_src_A\task070.onnx,SRC_KAGGLE_NOTEBOOK_BIOHACK_SUPER_BLEND,GOLF_20260608_006_biohack_super_blend_structural_pass_mix,biohack_partial_public_harvest,,,11844,11844,public_partial_output,true,medium,70,submit_mix
task071,data\external\public_kernel_outputs\biohack_super_blend\_src_A\task071.onnx,SRC_KAGGLE_NOTEBOOK_BIOHACK_SUPER_BLEND,GOLF_20260608_006_biohack_super_blend_structural_pass_mix,biohack_partial_public_harvest,,,12082,12082,public_partial_output,true,medium,71,submit_mix
task072,data\external\public_kernel_outputs\biohack_super_blend\_src_A\task072.onnx,SRC_KAGGLE_NOTEBOOK_BIOHACK_SUPER_BLEND,GOLF_20260608_006_biohack_super_blend_structural_pass_mix,biohack_partial_public_harvest,,,1625,1625,public_partial_output,true,medium,72,submit_mix
task073,data\external\public_kernel_outputs\biohack_super_blend\_src_A\task073.onnx,SRC_KAGGLE_NOTEBOOK_BIOHACK_SUPER_BLEND,GOLF_20260608_006_biohack_super_blend_structural_pass_mix,biohack_partial_public_harvest,,,3825,3825,public_partial_output,true,medium,73,submit_mix
task074,data\external\public_kernel_outputs\biohack_super_blend\_src_A\task074.onnx,SRC_KAGGLE_NOTEBOOK_BIOHACK_SUPER_BLEND,GOLF_20260608_006_biohack_super_blend_structural_pass_mix,biohack_partial_public_harvest,,,1824,1824,public_partial_output,true,medium,74,submit_mix
task075,data\external\public_kernel_outputs\biohack_super_blend\_src_A\task075.onnx,SRC_KAGGLE_NOTEBOOK_BIOHACK_SUPER_BLEND,GOLF_20260608_006_biohack_super_blend_structural_pass_mix,biohack_partial_public_harvest,,,7736,7736,public_partial_output,true,medium,75,submit_mix
task076,data\external\public_kernel_outputs\biohack_super_blend\_src_A\task076.onnx,SRC_KAGGLE_NOTEBOOK_BIOHACK_SUPER_BLEND,GOLF_20260608_006_biohack_super_blend_structural_pass_mix,biohack_partial_public_harvest,,,64473,64473,public_partial_output,true,medium,76,submit_mix
task077,data\external\public_kernel_outputs\biohack_super_blend\_src_A\task077.onnx,SRC_KAGGLE_NOTEBOOK_BIOHACK_SUPER_BLEND,GOLF_20260608_006_biohack_super_blend_structural_pass_mix,biohack_partial_public_harvest,,,9812,9812,public_partial_output,true,medium,77,submit_mix
task078,data\external\public_kernel_outputs\biohack_super_blend\_src_A\task078.onnx,SRC_KAGGLE_NOTEBOOK_BIOHACK_SUPER_BLEND,GOLF_20260608_006_biohack_super_blend_structural_pass_mix,biohack_partial_public_harvest,,,2588,2588,public_partial_output,true,medium,78,submit_mix
task079,data\external\public_kernel_outputs\biohack_super_blend\_src_A\task079.onnx,SRC_KAGGLE_NOTEBOOK_BIOHACK_SUPER_BLEND,GOLF_20260608_006_biohack_super_blend_structural_pass_mix,biohack_partial_public_harvest,,,2695,2695,public_partial_output,true,medium,79,submit_mix
task080,data\external\public_kernel_outputs\biohack_super_blend\_src_A\task080.onnx,SRC_KAGGLE_NOTEBOOK_BIOHACK_SUPER_BLEND,GOLF_20260608_006_biohack_super_blend_structural_pass_mix,biohack_partial_public_harvest,,,18484,18484,public_partial_output,true,medium,80,submit_mix
task081,data\external\public_kernel_outputs\biohack_super_blend\_src_A\task081.onnx,SRC_KAGGLE_NOTEBOOK_BIOHACK_SUPER_BLEND,GOLF_20260608_006_biohack_super_blend_structural_pass_mix,biohack_partial_public_harvest,,,3749,3749,public_partial_output,true,medium,81,submit_mix
task082,data\external\public_kernel_outputs\biohack_super_blend\_src_A\task082.onnx,SRC_KAGGLE_NOTEBOOK_BIOHACK_SUPER_BLEND,GOLF_20260608_006_biohack_super_blend_structural_pass_mix,biohack_partial_public_harvest,,,2282,2282,public_partial_output,true,medium,82,submit_mix
task083,data\external\public_kernel_outputs\biohack_super_blend\_src_A\task083.onnx,SRC_KAGGLE_NOTEBOOK_BIOHACK_SUPER_BLEND,GOLF_20260608_006_biohack_super_blend_structural_pass_mix,biohack_partial_public_harvest,,,7454,7454,public_partial_output,true,medium,83,submit_mix
task084,data\external\public_kernel_outputs\biohack_super_blend\_src_A\task084.onnx,SRC_KAGGLE_NOTEBOOK_BIOHACK_SUPER_BLEND,GOLF_20260608_006_biohack_super_blend_structural_pass_mix,biohack_partial_public_harvest,,,2820,2820,public_partial_output,true,medium,84,submit_mix
task085,data\external\public_kernel_outputs\biohack_super_blend\_src_A\task085.onnx,SRC_KAGGLE_NOTEBOOK_BIOHACK_SUPER_BLEND,GOLF_20260608_006_biohack_super_blend_structural_pass_mix,biohack_partial_public_harvest,,,2547,2547,public_partial_output,true,medium,85,submit_mix
task086,data\external\public_kernel_outputs\biohack_super_blend\_src_A\task086.onnx,SRC_KAGGLE_NOTEBOOK_BIOHACK_SUPER_BLEND,GOLF_20260608_006_biohack_super_blend_structural_pass_mix,biohack_partial_public_harvest,,,4804,4804,public_partial_output,true,medium,86,submit_mix
task087,data\external\public_kernel_outputs\biohack_super_blend\_src_A\task087.onnx,SRC_KAGGLE_NOTEBOOK_BIOHACK_SUPER_BLEND,GOLF_20260608_006_biohack_super_blend_structural_pass_mix,biohack_partial_public_harvest,,,474,474,public_partial_output,true,medium,87,submit_mix
task088,data\external\public_kernel_outputs\biohack_super_blend\_src_A\task088.onnx,SRC_KAGGLE_NOTEBOOK_BIOHACK_SUPER_BLEND,GOLF_20260608_006_biohack_super_blend_structural_pass_mix,biohack_partial_public_harvest,,,14980,14980,public_partial_output,true,medium,88,submit_mix
task089,data\external\public_kernel_outputs\biohack_super_blend\_src_A\task089.onnx,SRC_KAGGLE_NOTEBOOK_BIOHACK_SUPER_BLEND,GOLF_20260608_006_biohack_super_blend_structural_pass_mix,biohack_partial_public_harvest,,,17792,17792,public_partial_output,true,medium,89,submit_mix
task090,data\external\public_kernel_outputs\biohack_super_blend\_src_A\task090.onnx,SRC_KAGGLE_NOTEBOOK_BIOHACK_SUPER_BLEND,GOLF_20260608_006_biohack_super_blend_structural_pass_mix,biohack_partial_public_harvest,,,19660,19660,public_partial_output,true,medium,90,submit_mix
task091,data\external\public_kernel_outputs\biohack_super_blend\_src_A\task091.onnx,SRC_KAGGLE_NOTEBOOK_BIOHACK_SUPER_BLEND,GOLF_20260608_006_biohack_super_blend_structural_pass_mix,biohack_partial_public_harvest,,,4627,4627,public_partial_output,true,medium,91,submit_mix
task092,data\external\public_kernel_outputs\biohack_super_blend\_src_A\task092.onnx,SRC_KAGGLE_NOTEBOOK_BIOHACK_SUPER_BLEND,GOLF_20260608_006_biohack_super_blend_structural_pass_mix,biohack_partial_public_harvest,,,4299,4299,public_partial_output,true,medium,92,submit_mix
task093,data\external\public_kernel_outputs\biohack_super_blend\_src_A\task093.onnx,SRC_KAGGLE_NOTEBOOK_BIOHACK_SUPER_BLEND,GOLF_20260608_006_biohack_super_blend_structural_pass_mix,biohack_partial_public_harvest,,,6234,6234,public_partial_output,true,medium,93,submit_mix
task094,data\external\public_kernel_outputs\biohack_super_blend\_src_A\task094.onnx,SRC_KAGGLE_NOTEBOOK_BIOHACK_SUPER_BLEND,GOLF_20260608_006_biohack_super_blend_structural_pass_mix,biohack_partial_public_harvest,,,2950,2950,public_partial_output,true,medium,94,submit_mix
task095,data\external\public_kernel_outputs\biohack_super_blend\_src_A\task095.onnx,SRC_KAGGLE_NOTEBOOK_BIOHACK_SUPER_BLEND,GOLF_20260608_006_biohack_super_blend_structural_pass_mix,biohack_partial_public_harvest,,,3950,3950,public_partial_output,true,medium,95,submit_mix
task096,data\external\public_kernel_outputs\biohack_super_blend\_src_A\task096.onnx,SRC_KAGGLE_NOTEBOOK_BIOHACK_SUPER_BLEND,GOLF_20260608_006_biohack_super_blend_structural_pass_mix,biohack_partial_public_harvest,,,59457,59457,public_partial_output,true,medium,96,submit_mix
task097,data\external\public_kernel_outputs\biohack_super_blend\_src_A\task097.onnx,SRC_KAGGLE_NOTEBOOK_BIOHACK_SUPER_BLEND,GOLF_20260608_006_biohack_super_blend_structural_pass_mix,biohack_partial_public_harvest,,,2494,2494,public_partial_output,true,medium,97,submit_mix
task098,data\external\public_kernel_outputs\biohack_super_blend\_src_A\task098.onnx,SRC_KAGGLE_NOTEBOOK_BIOHACK_SUPER_BLEND,GOLF_20260608_006_biohack_super_blend_structural_pass_mix,biohack_partial_public_harvest,,,3836,3836,public_partial_output,true,medium,98,submit_mix
task099,data\external\public_kernel_outputs\biohack_super_blend\_src_A\task099.onnx,SRC_KAGGLE_NOTEBOOK_BIOHACK_SUPER_BLEND,GOLF_20260608_006_biohack_super_blend_structural_pass_mix,biohack_partial_public_harvest,,,19839,19839,public_partial_output,true,medium,99,submit_mix
task100,data\external\public_kernel_outputs\biohack_super_blend\_src_A\task100.onnx,SRC_KAGGLE_NOTEBOOK_BIOHACK_SUPER_BLEND,GOLF_20260608_006_biohack_super_blend_structural_pass_mix,biohack_partial_public_harvest,,,4954,4954,public_partial_output,true,medium,100,submit_mix
task101,data\external\public_kernel_outputs\biohack_super_blend\_src_A\task101.onnx,SRC_KAGGLE_NOTEBOOK_BIOHACK_SUPER_BLEND,GOLF_20260608_006_biohack_super_blend_structural_pass_mix,biohack_partial_public_harvest,,,19733,19733,public_partial_output,true,medium,101,submit_mix
task102,data\external\public_kernel_outputs\biohack_super_blend\_src_A\task102.onnx,SRC_KAGGLE_NOTEBOOK_BIOHACK_SUPER_BLEND,GOLF_20260608_006_biohack_super_blend_structural_pass_mix,biohack_partial_public_harvest,,,6500,6500,public_partial_output,true,medium,102,submit_mix
task103,data\external\public_kernel_outputs\biohack_super_blend\_src_A\task103.onnx,SRC_KAGGLE_NOTEBOOK_BIOHACK_SUPER_BLEND,GOLF_20260608_006_biohack_super_blend_structural_pass_mix,biohack_partial_public_harvest,,,1669,1669,public_partial_output,true,medium,103,submit_mix
task104,data\external\public_kernel_outputs\biohack_super_blend\_src_A\task104.onnx,SRC_KAGGLE_NOTEBOOK_BIOHACK_SUPER_BLEND,GOLF_20260608_006_biohack_super_blend_structural_pass_mix,biohack_partial_public_harvest,,,6350,6350,public_partial_output,true,medium,104,submit_mix
task105,data\external\public_kernel_outputs\biohack_super_blend\_src_A\task105.onnx,SRC_KAGGLE_NOTEBOOK_BIOHACK_SUPER_BLEND,GOLF_20260608_006_biohack_super_blend_structural_pass_mix,biohack_partial_public_harvest,,,8120,8120,public_partial_output,true,medium,105,submit_mix
task106,data\external\public_kernel_outputs\biohack_super_blend\_src_A\task106.onnx,SRC_KAGGLE_NOTEBOOK_BIOHACK_SUPER_BLEND,GOLF_20260608_006_biohack_super_blend_structural_pass_mix,biohack_partial_public_harvest,,,2939,2939,public_partial_output,true,medium,106,submit_mix
task107,data\external\public_kernel_outputs\biohack_super_blend\_src_A\task107.onnx,SRC_KAGGLE_NOTEBOOK_BIOHACK_SUPER_BLEND,GOLF_20260608_006_biohack_super_blend_structural_pass_mix,biohack_partial_public_harvest,,,31191,31191,public_partial_output,true,medium,107,submit_mix
task108,data\external\public_kernel_outputs\biohack_super_blend\_src_A\task108.onnx,SRC_KAGGLE_NOTEBOOK_BIOHACK_SUPER_BLEND,GOLF_20260608_006_biohack_super_blend_structural_pass_mix,biohack_partial_public_harvest,,,7454,7454,public_partial_output,true,medium,108,submit_mix
task109,data\external\public_kernel_outputs\biohack_super_blend\_src_A\task109.onnx,SRC_KAGGLE_NOTEBOOK_BIOHACK_SUPER_BLEND,GOLF_20260608_006_biohack_super_blend_structural_pass_mix,biohack_partial_public_harvest,,,5491,5491,public_partial_output,true,medium,109,submit_mix
task110,data\external\public_kernel_outputs\biohack_super_blend\_src_A\task110.onnx,SRC_KAGGLE_NOTEBOOK_BIOHACK_SUPER_BLEND,GOLF_20260608_006_biohack_super_blend_structural_pass_mix,biohack_partial_public_harvest,,,22233,22233,public_partial_output,true,medium,110,submit_mix
task111,data\external\public_kernel_outputs\biohack_super_blend\_src_A\task111.onnx,SRC_KAGGLE_NOTEBOOK_BIOHACK_SUPER_BLEND,GOLF_20260608_006_biohack_super_blend_structural_pass_mix,biohack_partial_public_harvest,,,1457,1457,public_partial_output,true,medium,111,submit_mix
task112,data\external\public_kernel_outputs\biohack_super_blend\_src_A\task112.onnx,SRC_KAGGLE_NOTEBOOK_BIOHACK_SUPER_BLEND,GOLF_20260608_006_biohack_super_blend_structural_pass_mix,biohack_partial_public_harvest,,,3987,3987,public_partial_output,true,medium,112,submit_mix
task113,data\external\public_kernel_outputs\biohack_super_blend\_src_A\task113.onnx,SRC_KAGGLE_NOTEBOOK_BIOHACK_SUPER_BLEND,GOLF_20260608_006_biohack_super_blend_structural_pass_mix,biohack_partial_public_harvest,,,499,499,public_partial_output,true,medium,113,submit_mix
task114,data\external\public_kernel_outputs\biohack_super_blend\_src_A\task114.onnx,SRC_KAGGLE_NOTEBOOK_BIOHACK_SUPER_BLEND,GOLF_20260608_006_biohack_super_blend_structural_pass_mix,biohack_partial_public_harvest,,,4719,4719,public_partial_output,true,medium,114,submit_mix
task115,data\external\public_kernel_outputs\biohack_super_blend\_src_A\task115.onnx,SRC_KAGGLE_NOTEBOOK_BIOHACK_SUPER_BLEND,GOLF_20260608_006_biohack_super_blend_structural_pass_mix,biohack_partial_public_harvest,,,5069,5069,public_partial_output,true,medium,115,submit_mix
task116,data\external\public_kernel_outputs\biohack_super_blend\_src_A\task116.onnx,SRC_KAGGLE_NOTEBOOK_BIOHACK_SUPER_BLEND,GOLF_20260608_006_biohack_super_blend_structural_pass_mix,biohack_partial_public_harvest,,,479,479,public_partial_output,true,medium,116,submit_mix
task117,data\external\public_kernel_outputs\biohack_super_blend\_src_A\task117.onnx,SRC_KAGGLE_NOTEBOOK_BIOHACK_SUPER_BLEND,GOLF_20260608_006_biohack_super_blend_structural_pass_mix,biohack_partial_public_harvest,,,10774,10774,public_partial_output,true,medium,117,submit_mix
task118,data\external\public_kernel_outputs\biohack_super_blend\_src_A\task118.onnx,SRC_KAGGLE_NOTEBOOK_BIOHACK_SUPER_BLEND,GOLF_20260608_006_biohack_super_blend_structural_pass_mix,biohack_partial_public_harvest,,,7366,7366,public_partial_output,true,medium,118,submit_mix
task119,data\external\public_kernel_outputs\biohack_super_blend\_src_A\task119.onnx,SRC_KAGGLE_NOTEBOOK_BIOHACK_SUPER_BLEND,GOLF_20260608_006_biohack_super_blend_structural_pass_mix,biohack_partial_public_harvest,,,25915,25915,public_partial_output,true,medium,119,submit_mix
task120,data\external\public_kernel_outputs\biohack_super_blend\_src_A\task120.onnx,SRC_KAGGLE_NOTEBOOK_BIOHACK_SUPER_BLEND,GOLF_20260608_006_biohack_super_blend_structural_pass_mix,biohack_partial_public_harvest,,,3836,3836,public_partial_output,true,medium,120,submit_mix
task121,data\external\public_kernel_outputs\biohack_super_blend\_src_A\task121.onnx,SRC_KAGGLE_NOTEBOOK_BIOHACK_SUPER_BLEND,GOLF_20260608_006_biohack_super_blend_structural_pass_mix,biohack_partial_public_harvest,,,3339,3339,public_partial_output,true,medium,121,submit_mix
task122,data\external\public_kernel_outputs\biohack_super_blend\_src_A\task122.onnx,SRC_KAGGLE_NOTEBOOK_BIOHACK_SUPER_BLEND,GOLF_20260608_006_biohack_super_blend_structural_pass_mix,biohack_partial_public_harvest,,,10236,10236,public_partial_output,true,medium,122,submit_mix
task123,data\external\public_kernel_outputs\biohack_super_blend\_src_A\task123.onnx,SRC_KAGGLE_NOTEBOOK_BIOHACK_SUPER_BLEND,GOLF_20260608_006_biohack_super_blend_structural_pass_mix,biohack_partial_public_harvest,,,8997,8997,public_partial_output,true,medium,123,submit_mix
task124,data\external\public_kernel_outputs\biohack_super_blend\_src_A\task124.onnx,SRC_KAGGLE_NOTEBOOK_BIOHACK_SUPER_BLEND,GOLF_20260608_006_biohack_super_blend_structural_pass_mix,biohack_partial_public_harvest,,,4339,4339,public_partial_output,true,medium,124,submit_mix
task125,data\external\public_kernel_outputs\biohack_super_blend\_src_A\task125.onnx,SRC_KAGGLE_NOTEBOOK_BIOHACK_SUPER_BLEND,GOLF_20260608_006_biohack_super_blend_structural_pass_mix,biohack_partial_public_harvest,,,3032,3032,public_partial_output,true,medium,125,submit_mix
task126,data\external\public_kernel_outputs\biohack_super_blend\_src_A\task126.onnx,SRC_KAGGLE_NOTEBOOK_BIOHACK_SUPER_BLEND,GOLF_20260608_006_biohack_super_blend_structural_pass_mix,biohack_partial_public_harvest,,,2765,2765,public_partial_output,true,medium,126,submit_mix
task127,data\external\public_kernel_outputs\biohack_super_blend\_src_A\task127.onnx,SRC_KAGGLE_NOTEBOOK_BIOHACK_SUPER_BLEND,GOLF_20260608_006_biohack_super_blend_structural_pass_mix,biohack_partial_public_harvest,,,3772,3772,public_partial_output,true,medium,127,submit_mix
task128,data\external\public_kernel_outputs\biohack_super_blend\_src_A\task128.onnx,SRC_KAGGLE_NOTEBOOK_BIOHACK_SUPER_BLEND,GOLF_20260608_006_biohack_super_blend_structural_pass_mix,biohack_partial_public_harvest,,,3365,3365,public_partial_output,true,medium,128,submit_mix
task129,data\external\public_kernel_outputs\biohack_super_blend\_src_A\task129.onnx,SRC_KAGGLE_NOTEBOOK_BIOHACK_SUPER_BLEND,GOLF_20260608_006_biohack_super_blend_structural_pass_mix,biohack_partial_public_harvest,,,726,726,public_partial_output,true,medium,129,submit_mix
task130,data\external\public_kernel_outputs\biohack_super_blend\_src_A\task130.onnx,SRC_KAGGLE_NOTEBOOK_BIOHACK_SUPER_BLEND,GOLF_20260608_006_biohack_super_blend_structural_pass_mix,biohack_partial_public_harvest,,,1293,1293,public_partial_output,true,medium,130,submit_mix
task131,data\external\public_kernel_outputs\biohack_super_blend\_src_A\task131.onnx,SRC_KAGGLE_NOTEBOOK_BIOHACK_SUPER_BLEND,GOLF_20260608_006_biohack_super_blend_structural_pass_mix,biohack_partial_public_harvest,,,12030,12030,public_partial_output,true,medium,131,submit_mix
task132,data\external\public_kernel_outputs\biohack_super_blend\_src_A\task132.onnx,SRC_KAGGLE_NOTEBOOK_BIOHACK_SUPER_BLEND,GOLF_20260608_006_biohack_super_blend_structural_pass_mix,biohack_partial_public_harvest,,,3762,3762,public_partial_output,true,medium,132,submit_mix
task133,data\external\public_kernel_outputs\biohack_super_blend\_src_A\task133.onnx,SRC_KAGGLE_NOTEBOOK_BIOHACK_SUPER_BLEND,GOLF_20260608_006_biohack_super_blend_structural_pass_mix,biohack_partial_public_harvest,,,65902,65902,public_partial_output,true,medium,133,submit_mix
task134,data\external\public_kernel_outputs\biohack_super_blend\_src_A\task134.onnx,SRC_KAGGLE_NOTEBOOK_BIOHACK_SUPER_BLEND,GOLF_20260608_006_biohack_super_blend_structural_pass_mix,biohack_partial_public_harvest,,,7220,7220,public_partial_output,true,medium,134,submit_mix
task135,data\external\public_kernel_outputs\biohack_super_blend\_src_A\task135.onnx,SRC_KAGGLE_NOTEBOOK_BIOHACK_SUPER_BLEND,GOLF_20260608_006_biohack_super_blend_structural_pass_mix,biohack_partial_public_harvest,,,381,381,public_partial_output,true,medium,135,submit_mix
task136,data\external\public_kernel_outputs\biohack_super_blend\_src_A\task136.onnx,SRC_KAGGLE_NOTEBOOK_BIOHACK_SUPER_BLEND,GOLF_20260608_006_biohack_super_blend_structural_pass_mix,biohack_partial_public_harvest,,,3173,3173,public_partial_output,true,medium,136,submit_mix
task137,data\external\public_kernel_outputs\biohack_super_blend\_src_A\task137.onnx,SRC_KAGGLE_NOTEBOOK_BIOHACK_SUPER_BLEND,GOLF_20260608_006_biohack_super_blend_structural_pass_mix,biohack_partial_public_harvest,,,3864,3864,public_partial_output,true,medium,137,submit_mix
task138,data\external\public_kernel_outputs\biohack_super_blend\_src_A\task138.onnx,SRC_KAGGLE_NOTEBOOK_BIOHACK_SUPER_BLEND,GOLF_20260608_006_biohack_super_blend_structural_pass_mix,biohack_partial_public_harvest,,,11562,11562,public_partial_output,true,medium,138,submit_mix
task139,data\external\public_kernel_outputs\biohack_super_blend\_src_A\task139.onnx,SRC_KAGGLE_NOTEBOOK_BIOHACK_SUPER_BLEND,GOLF_20260608_006_biohack_super_blend_structural_pass_mix,biohack_partial_public_harvest,,,3865,3865,public_partial_output,true,medium,139,submit_mix
task140,data\external\public_kernel_outputs\biohack_super_blend\_src_A\task140.onnx,SRC_KAGGLE_NOTEBOOK_BIOHACK_SUPER_BLEND,GOLF_20260608_006_biohack_super_blend_structural_pass_mix,biohack_partial_public_harvest,,,474,474,public_partial_output,true,medium,140,submit_mix
task141,data\external\public_kernel_outputs\biohack_super_blend\_src_A\task141.onnx,SRC_KAGGLE_NOTEBOOK_BIOHACK_SUPER_BLEND,GOLF_20260608_006_biohack_super_blend_structural_pass_mix,biohack_partial_public_harvest,,,2345,2345,public_partial_output,true,medium,141,submit_mix
task142,data\external\public_kernel_outputs\biohack_super_blend\_src_A\task142.onnx,SRC_KAGGLE_NOTEBOOK_BIOHACK_SUPER_BLEND,GOLF_20260608_006_biohack_super_blend_structural_pass_mix,biohack_partial_public_harvest,,,7454,7454,public_partial_output,true,medium,142,submit_mix
task143,data\external\public_kernel_outputs\biohack_super_blend\_src_A\task143.onnx,SRC_KAGGLE_NOTEBOOK_BIOHACK_SUPER_BLEND,GOLF_20260608_006_biohack_super_blend_structural_pass_mix,biohack_partial_public_harvest,,,2690,2690,public_partial_output,true,medium,143,submit_mix
task144,data\external\public_kernel_outputs\biohack_super_blend\_src_A\task144.onnx,SRC_KAGGLE_NOTEBOOK_BIOHACK_SUPER_BLEND,GOLF_20260608_006_biohack_super_blend_structural_pass_mix,biohack_partial_public_harvest,,,1639,1639,public_partial_output,true,medium,144,submit_mix
task145,data\external\public_kernel_outputs\biohack_super_blend\_src_A\task145.onnx,SRC_KAGGLE_NOTEBOOK_BIOHACK_SUPER_BLEND,GOLF_20260608_006_biohack_super_blend_structural_pass_mix,biohack_partial_public_harvest,,,31434,31434,public_partial_output,true,medium,145,submit_mix
task146,data\external\public_kernel_outputs\biohack_super_blend\_src_A\task146.onnx,SRC_KAGGLE_NOTEBOOK_BIOHACK_SUPER_BLEND,GOLF_20260608_006_biohack_super_blend_structural_pass_mix,biohack_partial_public_harvest,,,1894,1894,public_partial_output,true,medium,146,submit_mix
task147,data\external\public_kernel_outputs\biohack_super_blend\_src_A\task147.onnx,SRC_KAGGLE_NOTEBOOK_BIOHACK_SUPER_BLEND,GOLF_20260608_006_biohack_super_blend_structural_pass_mix,biohack_partial_public_harvest,,,3825,3825,public_partial_output,true,medium,147,submit_mix
task148,data\external\public_kernel_outputs\biohack_super_blend\_src_A\task148.onnx,SRC_KAGGLE_NOTEBOOK_BIOHACK_SUPER_BLEND,GOLF_20260608_006_biohack_super_blend_structural_pass_mix,biohack_partial_public_harvest,,,10573,10573,public_partial_output,true,medium,148,submit_mix
task149,data\external\public_kernel_outputs\biohack_super_blend\_src_A\task149.onnx,SRC_KAGGLE_NOTEBOOK_BIOHACK_SUPER_BLEND,GOLF_20260608_006_biohack_super_blend_structural_pass_mix,biohack_partial_public_harvest,,,1404,1404,public_partial_output,true,medium,149,submit_mix
task150,data\external\public_kernel_outputs\biohack_super_blend\_src_A\task150.onnx,SRC_KAGGLE_NOTEBOOK_BIOHACK_SUPER_BLEND,GOLF_20260608_006_biohack_super_blend_structural_pass_mix,biohack_partial_public_harvest,,,1299,1299,public_partial_output,true,medium,150,submit_mix
task151,data\external\public_kernel_outputs\biohack_super_blend\_src_A\task151.onnx,SRC_KAGGLE_NOTEBOOK_BIOHACK_SUPER_BLEND,GOLF_20260608_006_biohack_super_blend_structural_pass_mix,biohack_partial_public_harvest,,,2352,2352,public_partial_output,true,medium,151,submit_mix
task152,data\external\public_kernel_outputs\biohack_super_blend\_src_A\task152.onnx,SRC_KAGGLE_NOTEBOOK_BIOHACK_SUPER_BLEND,GOLF_20260608_006_biohack_super_blend_structural_pass_mix,biohack_partial_public_harvest,,,7454,7454,public_partial_output,true,medium,152,submit_mix
task153,data\external\public_kernel_outputs\biohack_super_blend\_src_A\task153.onnx,SRC_KAGGLE_NOTEBOOK_BIOHACK_SUPER_BLEND,GOLF_20260608_006_biohack_super_blend_structural_pass_mix,biohack_partial_public_harvest,,,54531,54531,public_partial_output,true,medium,153,submit_mix
task154,data\external\public_kernel_outputs\biohack_super_blend\_src_A\task154.onnx,SRC_KAGGLE_NOTEBOOK_BIOHACK_SUPER_BLEND,GOLF_20260608_006_biohack_super_blend_structural_pass_mix,biohack_partial_public_harvest,,,8020,8020,public_partial_output,true,medium,154,submit_mix
task155,data\external\public_kernel_outputs\biohack_super_blend\_src_A\task155.onnx,SRC_KAGGLE_NOTEBOOK_BIOHACK_SUPER_BLEND,GOLF_20260608_006_biohack_super_blend_structural_pass_mix,biohack_partial_public_harvest,,,1299,1299,public_partial_output,true,medium,155,submit_mix
task156,data\external\public_kernel_outputs\biohack_super_blend\_src_A\task156.onnx,SRC_KAGGLE_NOTEBOOK_BIOHACK_SUPER_BLEND,GOLF_20260608_006_biohack_super_blend_structural_pass_mix,biohack_partial_public_harvest,,,49215,49215,public_partial_output,true,medium,156,submit_mix
task157,data\external\public_kernel_outputs\biohack_super_blend\_src_A\task157.onnx,SRC_KAGGLE_NOTEBOOK_BIOHACK_SUPER_BLEND,GOLF_20260608_006_biohack_super_blend_structural_pass_mix,biohack_partial_public_harvest,,,327441,327441,public_partial_output,true,medium,157,submit_mix
task158,data\external\public_kernel_outputs\biohack_super_blend\_src_A\task158.onnx,SRC_KAGGLE_NOTEBOOK_BIOHACK_SUPER_BLEND,GOLF_20260608_006_biohack_super_blend_structural_pass_mix,biohack_partial_public_harvest,,,58188,58188,public_partial_output,true,medium,158,submit_mix
task159,data\external\public_kernel_outputs\biohack_super_blend\_src_A\task159.onnx,SRC_KAGGLE_NOTEBOOK_BIOHACK_SUPER_BLEND,GOLF_20260608_006_biohack_super_blend_structural_pass_mix,biohack_partial_public_harvest,,,12966,12966,public_partial_output,true,medium,159,submit_mix
task160,data\external\public_kernel_outputs\biohack_super_blend\_src_A\task160.onnx,SRC_KAGGLE_NOTEBOOK_BIOHACK_SUPER_BLEND,GOLF_20260608_006_biohack_super_blend_structural_pass_mix,biohack_partial_public_harvest,,,2189,2189,public_partial_output,true,medium,160,submit_mix
task161,data\external\public_kernel_outputs\biohack_super_blend\_src_A\task161.onnx,SRC_KAGGLE_NOTEBOOK_BIOHACK_SUPER_BLEND,GOLF_20260608_006_biohack_super_blend_structural_pass_mix,biohack_partial_public_harvest,,,6008,6008,public_partial_output,true,medium,161,submit_mix
task162,data\external\public_kernel_outputs\biohack_super_blend\_src_A\task162.onnx,SRC_KAGGLE_NOTEBOOK_BIOHACK_SUPER_BLEND,GOLF_20260608_006_biohack_super_blend_structural_pass_mix,biohack_partial_public_harvest,,,2268,2268,public_partial_output,true,medium,162,submit_mix
task163,data\external\public_kernel_outputs\biohack_super_blend\_src_A\task163.onnx,SRC_KAGGLE_NOTEBOOK_BIOHACK_SUPER_BLEND,GOLF_20260608_006_biohack_super_blend_structural_pass_mix,biohack_partial_public_harvest,,,13875,13875,public_partial_output,true,medium,163,submit_mix
task164,data\external\public_kernel_outputs\biohack_super_blend\_src_A\task164.onnx,SRC_KAGGLE_NOTEBOOK_BIOHACK_SUPER_BLEND,GOLF_20260608_006_biohack_super_blend_structural_pass_mix,biohack_partial_public_harvest,,,479,479,public_partial_output,true,medium,164,submit_mix
task165,data\external\public_kernel_outputs\biohack_super_blend\_src_A\task165.onnx,SRC_KAGGLE_NOTEBOOK_BIOHACK_SUPER_BLEND,GOLF_20260608_006_biohack_super_blend_structural_pass_mix,biohack_partial_public_harvest,,,4910,4910,public_partial_output,true,medium,165,submit_mix
task166,data\external\public_kernel_outputs\biohack_super_blend\_src_A\task166.onnx,SRC_KAGGLE_NOTEBOOK_BIOHACK_SUPER_BLEND,GOLF_20260608_006_biohack_super_blend_structural_pass_mix,biohack_partial_public_harvest,,,1628,1628,public_partial_output,true,medium,166,submit_mix
task167,data\external\public_kernel_outputs\biohack_super_blend\_src_A\task167.onnx,SRC_KAGGLE_NOTEBOOK_BIOHACK_SUPER_BLEND,GOLF_20260608_006_biohack_super_blend_structural_pass_mix,biohack_partial_public_harvest,,,2375,2375,public_partial_output,true,medium,167,submit_mix
task168,data\external\public_kernel_outputs\biohack_super_blend\_src_A\task168.onnx,SRC_KAGGLE_NOTEBOOK_BIOHACK_SUPER_BLEND,GOLF_20260608_006_biohack_super_blend_structural_pass_mix,biohack_partial_public_harvest,,,7297,7297,public_partial_output,true,medium,168,submit_mix
task169,data\external\public_kernel_outputs\biohack_super_blend\_src_A\task169.onnx,SRC_KAGGLE_NOTEBOOK_BIOHACK_SUPER_BLEND,GOLF_20260608_006_biohack_super_blend_structural_pass_mix,biohack_partial_public_harvest,,,21301,21301,public_partial_output,true,medium,169,submit_mix
task170,data\external\public_kernel_outputs\biohack_super_blend\_src_A\task170.onnx,SRC_KAGGLE_NOTEBOOK_BIOHACK_SUPER_BLEND,GOLF_20260608_006_biohack_super_blend_structural_pass_mix,biohack_partial_public_harvest,,,64849,64849,public_partial_output,true,medium,170,submit_mix
task171,data\external\public_kernel_outputs\biohack_super_blend\_src_A\task171.onnx,SRC_KAGGLE_NOTEBOOK_BIOHACK_SUPER_BLEND,GOLF_20260608_006_biohack_super_blend_structural_pass_mix,biohack_partial_public_harvest,,,3825,3825,public_partial_output,true,medium,171,submit_mix
task172,data\external\public_kernel_outputs\biohack_super_blend\_src_A\task172.onnx,SRC_KAGGLE_NOTEBOOK_BIOHACK_SUPER_BLEND,GOLF_20260608_006_biohack_super_blend_structural_pass_mix,biohack_partial_public_harvest,,,479,479,public_partial_output,true,medium,172,submit_mix
task173,data\external\public_kernel_outputs\biohack_super_blend\_src_A\task173.onnx,SRC_KAGGLE_NOTEBOOK_BIOHACK_SUPER_BLEND,GOLF_20260608_006_biohack_super_blend_structural_pass_mix,biohack_partial_public_harvest,,,10061,10061,public_partial_output,true,medium,173,submit_mix
task174,data\external\public_kernel_outputs\biohack_super_blend\_src_A\task174.onnx,SRC_KAGGLE_NOTEBOOK_BIOHACK_SUPER_BLEND,GOLF_20260608_006_biohack_super_blend_structural_pass_mix,biohack_partial_public_harvest,,,61839,61839,public_partial_output,true,medium,174,submit_mix
task175,data\external\public_kernel_outputs\biohack_super_blend\_src_A\task175.onnx,SRC_KAGGLE_NOTEBOOK_BIOHACK_SUPER_BLEND,GOLF_20260608_006_biohack_super_blend_structural_pass_mix,biohack_partial_public_harvest,,,11343,11343,public_partial_output,true,medium,175,submit_mix
task176,data\external\public_kernel_outputs\biohack_super_blend\_src_A\task176.onnx,SRC_KAGGLE_NOTEBOOK_BIOHACK_SUPER_BLEND,GOLF_20260608_006_biohack_super_blend_structural_pass_mix,biohack_partial_public_harvest,,,1420,1420,public_partial_output,true,medium,176,submit_mix
task177,data\external\public_kernel_outputs\biohack_super_blend\_src_A\task177.onnx,SRC_KAGGLE_NOTEBOOK_BIOHACK_SUPER_BLEND,GOLF_20260608_006_biohack_super_blend_structural_pass_mix,biohack_partial_public_harvest,,,4180,4180,public_partial_output,true,medium,177,submit_mix
task178,data\external\public_kernel_outputs\biohack_super_blend\_src_A\task178.onnx,SRC_KAGGLE_NOTEBOOK_BIOHACK_SUPER_BLEND,GOLF_20260608_006_biohack_super_blend_structural_pass_mix,biohack_partial_public_harvest,,,11303,11303,public_partial_output,true,medium,178,submit_mix
task179,data\external\public_kernel_outputs\biohack_super_blend\_src_A\task179.onnx,SRC_KAGGLE_NOTEBOOK_BIOHACK_SUPER_BLEND,GOLF_20260608_006_biohack_super_blend_structural_pass_mix,biohack_partial_public_harvest,,,170,170,public_partial_output,true,medium,179,submit_mix
task180,data\external\public_kernel_outputs\biohack_super_blend\_src_A\task180.onnx,SRC_KAGGLE_NOTEBOOK_BIOHACK_SUPER_BLEND,GOLF_20260608_006_biohack_super_blend_structural_pass_mix,biohack_partial_public_harvest,,,4414,4414,public_partial_output,true,medium,180,submit_mix
task181,data\external\public_kernel_outputs\biohack_super_blend\_src_A\task181.onnx,SRC_KAGGLE_NOTEBOOK_BIOHACK_SUPER_BLEND,GOLF_20260608_006_biohack_super_blend_structural_pass_mix,biohack_partial_public_harvest,,,3083,3083,public_partial_output,true,medium,181,submit_mix
task182,data\external\public_kernel_outputs\biohack_super_blend\_src_A\task182.onnx,SRC_KAGGLE_NOTEBOOK_BIOHACK_SUPER_BLEND,GOLF_20260608_006_biohack_super_blend_structural_pass_mix,biohack_partial_public_harvest,,,30831,30831,public_partial_output,true,medium,182,submit_mix
task183,data\external\public_kernel_outputs\biohack_super_blend\_src_A\task183.onnx,SRC_KAGGLE_NOTEBOOK_BIOHACK_SUPER_BLEND,GOLF_20260608_006_biohack_super_blend_structural_pass_mix,biohack_partial_public_harvest,,,4645,4645,public_partial_output,true,medium,183,submit_mix
task184,data\external\public_kernel_outputs\biohack_super_blend\_src_A\task184.onnx,SRC_KAGGLE_NOTEBOOK_BIOHACK_SUPER_BLEND,GOLF_20260608_006_biohack_super_blend_structural_pass_mix,biohack_partial_public_harvest,,,6934,6934,public_partial_output,true,medium,184,submit_mix
task185,data\external\public_kernel_outputs\biohack_super_blend\_src_A\task185.onnx,SRC_KAGGLE_NOTEBOOK_BIOHACK_SUPER_BLEND,GOLF_20260608_006_biohack_super_blend_structural_pass_mix,biohack_partial_public_harvest,,,18881,18881,public_partial_output,true,medium,185,submit_mix
task186,data\external\public_kernel_outputs\biohack_super_blend\_src_A\task186.onnx,SRC_KAGGLE_NOTEBOOK_BIOHACK_SUPER_BLEND,GOLF_20260608_006_biohack_super_blend_structural_pass_mix,biohack_partial_public_harvest,,,2418,2418,public_partial_output,true,medium,186,submit_mix
task187,data\external\public_kernel_outputs\biohack_super_blend\_src_A\task187.onnx,SRC_KAGGLE_NOTEBOOK_BIOHACK_SUPER_BLEND,GOLF_20260608_006_biohack_super_blend_structural_pass_mix,biohack_partial_public_harvest,,,8852,8852,public_partial_output,true,medium,187,submit_mix
task188,data\external\public_kernel_outputs\biohack_super_blend\_src_A\task188.onnx,SRC_KAGGLE_NOTEBOOK_BIOHACK_SUPER_BLEND,GOLF_20260608_006_biohack_super_blend_structural_pass_mix,biohack_partial_public_harvest,,,4356,4356,public_partial_output,true,medium,188,submit_mix
task189,data\external\public_kernel_outputs\biohack_super_blend\_src_A\task189.onnx,SRC_KAGGLE_NOTEBOOK_BIOHACK_SUPER_BLEND,GOLF_20260608_006_biohack_super_blend_structural_pass_mix,biohack_partial_public_harvest,,,8560,8560,public_partial_output,true,medium,189,submit_mix
task190,data\external\public_kernel_outputs\biohack_super_blend\_src_A\task190.onnx,SRC_KAGGLE_NOTEBOOK_BIOHACK_SUPER_BLEND,GOLF_20260608_006_biohack_super_blend_structural_pass_mix,biohack_partial_public_harvest,,,8781,8781,public_partial_output,true,medium,190,submit_mix
task191,data\external\public_kernel_outputs\biohack_super_blend\_src_A\task191.onnx,SRC_KAGGLE_NOTEBOOK_BIOHACK_SUPER_BLEND,GOLF_20260608_006_biohack_super_blend_structural_pass_mix,biohack_partial_public_harvest,,,13532,13532,public_partial_output,true,medium,191,submit_mix
task192,data\external\public_kernel_outputs\biohack_super_blend\_src_A\task192.onnx,SRC_KAGGLE_NOTEBOOK_BIOHACK_SUPER_BLEND,GOLF_20260608_006_biohack_super_blend_structural_pass_mix,biohack_partial_public_harvest,,,2511,2511,public_partial_output,true,medium,192,submit_mix
task193,data\external\public_kernel_outputs\biohack_super_blend\_src_A\task193.onnx,SRC_KAGGLE_NOTEBOOK_BIOHACK_SUPER_BLEND,GOLF_20260608_006_biohack_super_blend_structural_pass_mix,biohack_partial_public_harvest,,,1925,1925,public_partial_output,true,medium,193,submit_mix
task194,data\external\public_kernel_outputs\biohack_super_blend\_src_A\task194.onnx,SRC_KAGGLE_NOTEBOOK_BIOHACK_SUPER_BLEND,GOLF_20260608_006_biohack_super_blend_structural_pass_mix,biohack_partial_public_harvest,,,7454,7454,public_partial_output,true,medium,194,submit_mix
task195,data\external\public_kernel_outputs\biohack_super_blend\_src_A\task195.onnx,SRC_KAGGLE_NOTEBOOK_BIOHACK_SUPER_BLEND,GOLF_20260608_006_biohack_super_blend_structural_pass_mix,biohack_partial_public_harvest,,,5381,5381,public_partial_output,true,medium,195,submit_mix
task196,data\external\public_kernel_outputs\biohack_super_blend\_src_A\task196.onnx,SRC_KAGGLE_NOTEBOOK_BIOHACK_SUPER_BLEND,GOLF_20260608_006_biohack_super_blend_structural_pass_mix,biohack_partial_public_harvest,,,3457,3457,public_partial_output,true,medium,196,submit_mix
task197,data\external\public_kernel_outputs\biohack_super_blend\_src_A\task197.onnx,SRC_KAGGLE_NOTEBOOK_BIOHACK_SUPER_BLEND,GOLF_20260608_006_biohack_super_blend_structural_pass_mix,biohack_partial_public_harvest,,,1758,1758,public_partial_output,true,medium,197,submit_mix
task198,data\external\public_kernel_outputs\biohack_super_blend\_src_A\task198.onnx,SRC_KAGGLE_NOTEBOOK_BIOHACK_SUPER_BLEND,GOLF_20260608_006_biohack_super_blend_structural_pass_mix,biohack_partial_public_harvest,,,6979,6979,public_partial_output,true,medium,198,submit_mix
task199,data\external\public_kernel_outputs\biohack_super_blend\_src_A\task199.onnx,SRC_KAGGLE_NOTEBOOK_BIOHACK_SUPER_BLEND,GOLF_20260608_006_biohack_super_blend_structural_pass_mix,biohack_partial_public_harvest,,,2948,2948,public_partial_output,true,medium,199,submit_mix
task200,data\external\public_kernel_outputs\biohack_super_blend\_src_A\task200.onnx,SRC_KAGGLE_NOTEBOOK_BIOHACK_SUPER_BLEND,GOLF_20260608_006_biohack_super_blend_structural_pass_mix,biohack_partial_public_harvest,,,3848,3848,public_partial_output,true,medium,200,submit_mix
task201,data\external\public_kernel_outputs\biohack_super_blend\_src_A\task201.onnx,SRC_KAGGLE_NOTEBOOK_BIOHACK_SUPER_BLEND,GOLF_20260608_006_biohack_super_blend_structural_pass_mix,biohack_partial_public_harvest,,,10924,10924,public_partial_output,true,medium,201,submit_mix
task202,data\external\public_kernel_outputs\biohack_super_blend\_src_A\task202.onnx,SRC_KAGGLE_NOTEBOOK_BIOHACK_SUPER_BLEND,GOLF_20260608_006_biohack_super_blend_structural_pass_mix,biohack_partial_public_harvest,,,3582,3582,public_partial_output,true,medium,202,submit_mix
task203,data\external\public_kernel_outputs\biohack_super_blend\_src_A\task203.onnx,SRC_KAGGLE_NOTEBOOK_BIOHACK_SUPER_BLEND,GOLF_20260608_006_biohack_super_blend_structural_pass_mix,biohack_partial_public_harvest,,,6437,6437,public_partial_output,true,medium,203,submit_mix
task204,data\external\public_kernel_outputs\biohack_super_blend\_src_A\task204.onnx,SRC_KAGGLE_NOTEBOOK_BIOHACK_SUPER_BLEND,GOLF_20260608_006_biohack_super_blend_structural_pass_mix,biohack_partial_public_harvest,,,9669,9669,public_partial_output,true,medium,204,submit_mix
task205,data\external\public_kernel_outputs\biohack_super_blend\_src_A\task205.onnx,SRC_KAGGLE_NOTEBOOK_BIOHACK_SUPER_BLEND,GOLF_20260608_006_biohack_super_blend_structural_pass_mix,biohack_partial_public_harvest,,,48180,48180,public_partial_output,true,medium,205,submit_mix
task206,data\external\public_kernel_outputs\biohack_super_blend\_src_A\task206.onnx,SRC_KAGGLE_NOTEBOOK_BIOHACK_SUPER_BLEND,GOLF_20260608_006_biohack_super_blend_structural_pass_mix,biohack_partial_public_harvest,,,20303,20303,public_partial_output,true,medium,206,submit_mix
task207,data\external\public_kernel_outputs\biohack_super_blend\_src_A\task207.onnx,SRC_KAGGLE_NOTEBOOK_BIOHACK_SUPER_BLEND,GOLF_20260608_006_biohack_super_blend_structural_pass_mix,biohack_partial_public_harvest,,,2330,2330,public_partial_output,true,medium,207,submit_mix
task208,data\external\public_kernel_outputs\biohack_super_blend\_src_A\task208.onnx,SRC_KAGGLE_NOTEBOOK_BIOHACK_SUPER_BLEND,GOLF_20260608_006_biohack_super_blend_structural_pass_mix,biohack_partial_public_harvest,,,15885,15885,public_partial_output,true,medium,208,submit_mix
task209,data\external\public_kernel_outputs\biohack_super_blend\_src_A\task209.onnx,SRC_KAGGLE_NOTEBOOK_BIOHACK_SUPER_BLEND,GOLF_20260608_006_biohack_super_blend_structural_pass_mix,biohack_partial_public_harvest,,,122649,122649,public_partial_output,true,medium,209,submit_mix
task210,data\external\public_kernel_outputs\biohack_super_blend\_src_A\task210.onnx,SRC_KAGGLE_NOTEBOOK_BIOHACK_SUPER_BLEND,GOLF_20260608_006_biohack_super_blend_structural_pass_mix,biohack_partial_public_harvest,,,479,479,public_partial_output,true,medium,210,submit_mix
task211,data\external\public_kernel_outputs\biohack_super_blend\_src_A\task211.onnx,SRC_KAGGLE_NOTEBOOK_BIOHACK_SUPER_BLEND,GOLF_20260608_006_biohack_super_blend_structural_pass_mix,biohack_partial_public_harvest,,,7454,7454,public_partial_output,true,medium,211,submit_mix
task212,data\external\public_kernel_outputs\biohack_super_blend\_src_A\task212.onnx,SRC_KAGGLE_NOTEBOOK_BIOHACK_SUPER_BLEND,GOLF_20260608_006_biohack_super_blend_structural_pass_mix,biohack_partial_public_harvest,,,6853,6853,public_partial_output,true,medium,212,submit_mix
task213,data\external\public_kernel_outputs\biohack_super_blend\_src_A\task213.onnx,SRC_KAGGLE_NOTEBOOK_BIOHACK_SUPER_BLEND,GOLF_20260608_006_biohack_super_blend_structural_pass_mix,biohack_partial_public_harvest,,,26897,26897,public_partial_output,true,medium,213,submit_mix
task214,data\external\public_kernel_outputs\biohack_super_blend\_src_A\task214.onnx,SRC_KAGGLE_NOTEBOOK_BIOHACK_SUPER_BLEND,GOLF_20260608_006_biohack_super_blend_structural_pass_mix,biohack_partial_public_harvest,,,7454,7454,public_partial_output,true,medium,214,submit_mix
task215,data\external\public_kernel_outputs\biohack_super_blend\_src_A\task215.onnx,SRC_KAGGLE_NOTEBOOK_BIOHACK_SUPER_BLEND,GOLF_20260608_006_biohack_super_blend_structural_pass_mix,biohack_partial_public_harvest,,,4015,4015,public_partial_output,true,medium,215,submit_mix
task216,data\external\public_kernel_outputs\biohack_super_blend\_src_A\task216.onnx,SRC_KAGGLE_NOTEBOOK_BIOHACK_SUPER_BLEND,GOLF_20260608_006_biohack_super_blend_structural_pass_mix,biohack_partial_public_harvest,,,19626,19626,public_partial_output,true,medium,216,submit_mix
task217,data\external\public_kernel_outputs\biohack_super_blend\_src_A\task217.onnx,SRC_KAGGLE_NOTEBOOK_BIOHACK_SUPER_BLEND,GOLF_20260608_006_biohack_super_blend_structural_pass_mix,biohack_partial_public_harvest,,,7268,7268,public_partial_output,true,medium,217,submit_mix
task218,data\external\public_kernel_outputs\biohack_super_blend\_src_A\task218.onnx,SRC_KAGGLE_NOTEBOOK_BIOHACK_SUPER_BLEND,GOLF_20260608_006_biohack_super_blend_structural_pass_mix,biohack_partial_public_harvest,,,9594,9594,public_partial_output,true,medium,218,submit_mix
task219,data\external\public_kernel_outputs\biohack_super_blend\_src_A\task219.onnx,SRC_KAGGLE_NOTEBOOK_BIOHACK_SUPER_BLEND,GOLF_20260608_006_biohack_super_blend_structural_pass_mix,biohack_partial_public_harvest,,,87016,87016,public_partial_output,true,medium,219,submit_mix
task220,data\external\public_kernel_outputs\biohack_super_blend\_src_A\task220.onnx,SRC_KAGGLE_NOTEBOOK_BIOHACK_SUPER_BLEND,GOLF_20260608_006_biohack_super_blend_structural_pass_mix,biohack_partial_public_harvest,,,3798,3798,public_partial_output,true,medium,220,submit_mix
task221,data\external\public_kernel_outputs\biohack_super_blend\_src_A\task221.onnx,SRC_KAGGLE_NOTEBOOK_BIOHACK_SUPER_BLEND,GOLF_20260608_006_biohack_super_blend_structural_pass_mix,biohack_partial_public_harvest,,,13333,13333,public_partial_output,true,medium,221,submit_mix
task222,data\external\public_kernel_outputs\biohack_super_blend\_src_A\task222.onnx,SRC_KAGGLE_NOTEBOOK_BIOHACK_SUPER_BLEND,GOLF_20260608_006_biohack_super_blend_structural_pass_mix,biohack_partial_public_harvest,,,2578,2578,public_partial_output,true,medium,222,submit_mix
task223,data\external\public_kernel_outputs\biohack_super_blend\_src_A\task223.onnx,SRC_KAGGLE_NOTEBOOK_BIOHACK_SUPER_BLEND,GOLF_20260608_006_biohack_super_blend_structural_pass_mix,biohack_partial_public_harvest,,,7454,7454,public_partial_output,true,medium,223,submit_mix
task224,data\external\public_kernel_outputs\biohack_super_blend\_src_A\task224.onnx,SRC_KAGGLE_NOTEBOOK_BIOHACK_SUPER_BLEND,GOLF_20260608_006_biohack_super_blend_structural_pass_mix,biohack_partial_public_harvest,,,6314,6314,public_partial_output,true,medium,224,submit_mix
task225,data\external\public_kernel_outputs\biohack_super_blend\_src_A\task225.onnx,SRC_KAGGLE_NOTEBOOK_BIOHACK_SUPER_BLEND,GOLF_20260608_006_biohack_super_blend_structural_pass_mix,biohack_partial_public_harvest,,,5386,5386,public_partial_output,true,medium,225,submit_mix
task226,data\external\public_kernel_outputs\biohack_super_blend\_src_A\task226.onnx,SRC_KAGGLE_NOTEBOOK_BIOHACK_SUPER_BLEND,GOLF_20260608_006_biohack_super_blend_structural_pass_mix,biohack_partial_public_harvest,,,4694,4694,public_partial_output,true,medium,226,submit_mix
task227,data\external\public_kernel_outputs\biohack_super_blend\_src_A\task227.onnx,SRC_KAGGLE_NOTEBOOK_BIOHACK_SUPER_BLEND,GOLF_20260608_006_biohack_super_blend_structural_pass_mix,biohack_partial_public_harvest,,,1435,1435,public_partial_output,true,medium,227,submit_mix
task228,data\external\public_kernel_outputs\biohack_super_blend\_src_A\task228.onnx,SRC_KAGGLE_NOTEBOOK_BIOHACK_SUPER_BLEND,GOLF_20260608_006_biohack_super_blend_structural_pass_mix,biohack_partial_public_harvest,,,4406,4406,public_partial_output,true,medium,228,submit_mix
task229,data\external\public_kernel_outputs\biohack_super_blend\_src_A\task229.onnx,SRC_KAGGLE_NOTEBOOK_BIOHACK_SUPER_BLEND,GOLF_20260608_006_biohack_super_blend_structural_pass_mix,biohack_partial_public_harvest,,,1735,1735,public_partial_output,true,medium,229,submit_mix
task230,data\external\public_kernel_outputs\biohack_super_blend\_src_A\task230.onnx,SRC_KAGGLE_NOTEBOOK_BIOHACK_SUPER_BLEND,GOLF_20260608_006_biohack_super_blend_structural_pass_mix,biohack_partial_public_harvest,,,3798,3798,public_partial_output,true,medium,230,submit_mix
task231,data\external\public_kernel_outputs\biohack_super_blend\_src_A\task231.onnx,SRC_KAGGLE_NOTEBOOK_BIOHACK_SUPER_BLEND,GOLF_20260608_006_biohack_super_blend_structural_pass_mix,biohack_partial_public_harvest,,,3468,3468,public_partial_output,true,medium,231,submit_mix
task232,data\external\public_kernel_outputs\biohack_super_blend\_src_A\task232.onnx,SRC_KAGGLE_NOTEBOOK_BIOHACK_SUPER_BLEND,GOLF_20260608_006_biohack_super_blend_structural_pass_mix,biohack_partial_public_harvest,,,2435,2435,public_partial_output,true,medium,232,submit_mix
task233,data\external\public_kernel_outputs\biohack_super_blend\_src_A\task233.onnx,SRC_KAGGLE_NOTEBOOK_BIOHACK_SUPER_BLEND,GOLF_20260608_006_biohack_super_blend_structural_pass_mix,biohack_partial_public_harvest,,,321271,321271,public_partial_output,true,medium,233,submit_mix
task234,data\external\public_kernel_outputs\biohack_super_blend\_src_A\task234.onnx,SRC_KAGGLE_NOTEBOOK_BIOHACK_SUPER_BLEND,GOLF_20260608_006_biohack_super_blend_structural_pass_mix,biohack_partial_public_harvest,,,8333,8333,public_partial_output,true,medium,234,submit_mix
task235,data\external\public_kernel_outputs\biohack_super_blend\_src_A\task235.onnx,SRC_KAGGLE_NOTEBOOK_BIOHACK_SUPER_BLEND,GOLF_20260608_006_biohack_super_blend_structural_pass_mix,biohack_partial_public_harvest,,,3931,3931,public_partial_output,true,medium,235,submit_mix
task236,data\external\public_kernel_outputs\biohack_super_blend\_src_A\task236.onnx,SRC_KAGGLE_NOTEBOOK_BIOHACK_SUPER_BLEND,GOLF_20260608_006_biohack_super_blend_structural_pass_mix,biohack_partial_public_harvest,,,1511,1511,public_partial_output,true,medium,236,submit_mix
task237,data\external\public_kernel_outputs\biohack_super_blend\_src_A\task237.onnx,SRC_KAGGLE_NOTEBOOK_BIOHACK_SUPER_BLEND,GOLF_20260608_006_biohack_super_blend_structural_pass_mix,biohack_partial_public_harvest,,,2237,2237,public_partial_output,true,medium,237,submit_mix
task238,data\external\public_kernel_outputs\biohack_super_blend\_src_A\task238.onnx,SRC_KAGGLE_NOTEBOOK_BIOHACK_SUPER_BLEND,GOLF_20260608_006_biohack_super_blend_structural_pass_mix,biohack_partial_public_harvest,,,11927,11927,public_partial_output,true,medium,238,submit_mix
task239,data\external\public_kernel_outputs\biohack_super_blend\_src_A\task239.onnx,SRC_KAGGLE_NOTEBOOK_BIOHACK_SUPER_BLEND,GOLF_20260608_006_biohack_super_blend_structural_pass_mix,biohack_partial_public_harvest,,,4143,4143,public_partial_output,true,medium,239,submit_mix
task240,data\external\public_kernel_outputs\biohack_super_blend\_src_A\task240.onnx,SRC_KAGGLE_NOTEBOOK_BIOHACK_SUPER_BLEND,GOLF_20260608_006_biohack_super_blend_structural_pass_mix,biohack_partial_public_harvest,,,3953,3953,public_partial_output,true,medium,240,submit_mix
task241,data\external\public_kernel_outputs\biohack_super_blend\_src_A\task241.onnx,SRC_KAGGLE_NOTEBOOK_BIOHACK_SUPER_BLEND,GOLF_20260608_006_biohack_super_blend_structural_pass_mix,biohack_partial_public_harvest,,,170,170,public_partial_output,true,medium,241,submit_mix
task242,data\external\public_kernel_outputs\biohack_super_blend\_src_A\task242.onnx,SRC_KAGGLE_NOTEBOOK_BIOHACK_SUPER_BLEND,GOLF_20260608_006_biohack_super_blend_structural_pass_mix,biohack_partial_public_harvest,,,1968,1968,public_partial_output,true,medium,242,submit_mix
task243,data\external\public_kernel_outputs\biohack_super_blend\_src_A\task243.onnx,SRC_KAGGLE_NOTEBOOK_BIOHACK_SUPER_BLEND,GOLF_20260608_006_biohack_super_blend_structural_pass_mix,biohack_partial_public_harvest,,,16926,16926,public_partial_output,true,medium,243,submit_mix
task244,data\external\public_kernel_outputs\biohack_super_blend\_src_A\task244.onnx,SRC_KAGGLE_NOTEBOOK_BIOHACK_SUPER_BLEND,GOLF_20260608_006_biohack_super_blend_structural_pass_mix,biohack_partial_public_harvest,,,6538,6538,public_partial_output,true,medium,244,submit_mix
task245,data\external\public_kernel_outputs\biohack_super_blend\_src_A\task245.onnx,SRC_KAGGLE_NOTEBOOK_BIOHACK_SUPER_BLEND,GOLF_20260608_006_biohack_super_blend_structural_pass_mix,biohack_partial_public_harvest,,,2843,2843,public_partial_output,true,medium,245,submit_mix
task246,data\external\public_kernel_outputs\biohack_super_blend\_src_A\task246.onnx,SRC_KAGGLE_NOTEBOOK_BIOHACK_SUPER_BLEND,GOLF_20260608_006_biohack_super_blend_structural_pass_mix,biohack_partial_public_harvest,,,3824,3824,public_partial_output,true,medium,246,submit_mix
task247,data\external\public_kernel_outputs\biohack_super_blend\_src_A\task247.onnx,SRC_KAGGLE_NOTEBOOK_BIOHACK_SUPER_BLEND,GOLF_20260608_006_biohack_super_blend_structural_pass_mix,biohack_partial_public_harvest,,,2056,2056,public_partial_output,true,medium,247,submit_mix
task248,data\external\public_kernel_outputs\biohack_super_blend\_src_A\task248.onnx,SRC_KAGGLE_NOTEBOOK_BIOHACK_SUPER_BLEND,GOLF_20260608_006_biohack_super_blend_structural_pass_mix,biohack_partial_public_harvest,,,2328,2328,public_partial_output,true,medium,248,submit_mix
task249,data\external\public_kernel_outputs\biohack_super_blend\_src_A\task249.onnx,SRC_KAGGLE_NOTEBOOK_BIOHACK_SUPER_BLEND,GOLF_20260608_006_biohack_super_blend_structural_pass_mix,biohack_partial_public_harvest,,,2901,2901,public_partial_output,true,medium,249,submit_mix
task250,data\external\public_kernel_outputs\biohack_super_blend\_src_A\task250.onnx,SRC_KAGGLE_NOTEBOOK_BIOHACK_SUPER_BLEND,GOLF_20260608_006_biohack_super_blend_structural_pass_mix,biohack_partial_public_harvest,,,13543,13543,public_partial_output,true,medium,250,submit_mix
task251,data\external\public_kernel_outputs\biohack_super_blend\_src_A\task251.onnx,SRC_KAGGLE_NOTEBOOK_BIOHACK_SUPER_BLEND,GOLF_20260608_006_biohack_super_blend_structural_pass_mix,biohack_partial_public_harvest,,,6906,6906,public_partial_output,true,medium,251,submit_mix
task252,data\external\public_kernel_outputs\biohack_super_blend\_src_A\task252.onnx,SRC_KAGGLE_NOTEBOOK_BIOHACK_SUPER_BLEND,GOLF_20260608_006_biohack_super_blend_structural_pass_mix,biohack_partial_public_harvest,,,4879,4879,public_partial_output,true,medium,252,submit_mix
task253,data\external\public_kernel_outputs\biohack_super_blend\_src_A\task253.onnx,SRC_KAGGLE_NOTEBOOK_BIOHACK_SUPER_BLEND,GOLF_20260608_006_biohack_super_blend_structural_pass_mix,biohack_partial_public_harvest,,,3510,3510,public_partial_output,true,medium,253,submit_mix
task254,data\external\public_kernel_outputs\biohack_super_blend\_src_A\task254.onnx,SRC_KAGGLE_NOTEBOOK_BIOHACK_SUPER_BLEND,GOLF_20260608_006_biohack_super_blend_structural_pass_mix,biohack_partial_public_harvest,,,6052,6052,public_partial_output,true,medium,254,submit_mix
task255,data\external\public_kernel_outputs\biohack_super_blend\_src_A\task255.onnx,SRC_KAGGLE_NOTEBOOK_BIOHACK_SUPER_BLEND,GOLF_20260608_006_biohack_super_blend_structural_pass_mix,biohack_partial_public_harvest,,,301761,301761,public_partial_output,true,medium,255,submit_mix
task256,data\external\public_kernel_outputs\biohack_super_blend\_src_A\task256.onnx,SRC_KAGGLE_NOTEBOOK_BIOHACK_SUPER_BLEND,GOLF_20260608_006_biohack_super_blend_structural_pass_mix,biohack_partial_public_harvest,,,8793,8793,public_partial_output,true,medium,256,submit_mix
task257,data\external\public_kernel_outputs\biohack_super_blend\_src_A\task257.onnx,SRC_KAGGLE_NOTEBOOK_BIOHACK_SUPER_BLEND,GOLF_20260608_006_biohack_super_blend_structural_pass_mix,biohack_partial_public_harvest,,,1669,1669,public_partial_output,true,medium,257,submit_mix
task258,data\external\public_kernel_outputs\biohack_super_blend\_src_A\task258.onnx,SRC_KAGGLE_NOTEBOOK_BIOHACK_SUPER_BLEND,GOLF_20260608_006_biohack_super_blend_structural_pass_mix,biohack_partial_public_harvest,,,3836,3836,public_partial_output,true,medium,258,submit_mix
task259,data\external\public_kernel_outputs\biohack_super_blend\_src_A\task259.onnx,SRC_KAGGLE_NOTEBOOK_BIOHACK_SUPER_BLEND,GOLF_20260608_006_biohack_super_blend_structural_pass_mix,biohack_partial_public_harvest,,,3882,3882,public_partial_output,true,medium,259,submit_mix
task260,data\external\public_kernel_outputs\biohack_super_blend\_src_A\task260.onnx,SRC_KAGGLE_NOTEBOOK_BIOHACK_SUPER_BLEND,GOLF_20260608_006_biohack_super_blend_structural_pass_mix,biohack_partial_public_harvest,,,3320,3320,public_partial_output,true,medium,260,submit_mix
task261,data\external\public_kernel_outputs\biohack_super_blend\_src_A\task261.onnx,SRC_KAGGLE_NOTEBOOK_BIOHACK_SUPER_BLEND,GOLF_20260608_006_biohack_super_blend_structural_pass_mix,biohack_partial_public_harvest,,,995,995,public_partial_output,true,medium,261,submit_mix
task262,data\external\public_kernel_outputs\biohack_super_blend\_src_A\task262.onnx,SRC_KAGGLE_NOTEBOOK_BIOHACK_SUPER_BLEND,GOLF_20260608_006_biohack_super_blend_structural_pass_mix,biohack_partial_public_harvest,,,1329,1329,public_partial_output,true,medium,262,submit_mix
task263,data\external\public_kernel_outputs\biohack_super_blend\_src_A\task263.onnx,SRC_KAGGLE_NOTEBOOK_BIOHACK_SUPER_BLEND,GOLF_20260608_006_biohack_super_blend_structural_pass_mix,biohack_partial_public_harvest,,,10867,10867,public_partial_output,true,medium,263,submit_mix
task264,data\external\public_kernel_outputs\biohack_super_blend\_src_A\task264.onnx,SRC_KAGGLE_NOTEBOOK_BIOHACK_SUPER_BLEND,GOLF_20260608_006_biohack_super_blend_structural_pass_mix,biohack_partial_public_harvest,,,10074,10074,public_partial_output,true,medium,264,submit_mix
task265,data\external\public_kernel_outputs\biohack_super_blend\_src_A\task265.onnx,SRC_KAGGLE_NOTEBOOK_BIOHACK_SUPER_BLEND,GOLF_20260608_006_biohack_super_blend_structural_pass_mix,biohack_partial_public_harvest,,,3110,3110,public_partial_output,true,medium,265,submit_mix
task266,data\external\public_kernel_outputs\biohack_super_blend\_src_A\task266.onnx,SRC_KAGGLE_NOTEBOOK_BIOHACK_SUPER_BLEND,GOLF_20260608_006_biohack_super_blend_structural_pass_mix,biohack_partial_public_harvest,,,3825,3825,public_partial_output,true,medium,266,submit_mix
task267,data\external\public_kernel_outputs\biohack_super_blend\_src_A\task267.onnx,SRC_KAGGLE_NOTEBOOK_BIOHACK_SUPER_BLEND,GOLF_20260608_006_biohack_super_blend_structural_pass_mix,biohack_partial_public_harvest,,,1659,1659,public_partial_output,true,medium,267,submit_mix
task268,data\external\public_kernel_outputs\biohack_super_blend\_src_A\task268.onnx,SRC_KAGGLE_NOTEBOOK_BIOHACK_SUPER_BLEND,GOLF_20260608_006_biohack_super_blend_structural_pass_mix,biohack_partial_public_harvest,,,19789,19789,public_partial_output,true,medium,268,submit_mix
task269,data\external\public_kernel_outputs\biohack_super_blend\_src_A\task269.onnx,SRC_KAGGLE_NOTEBOOK_BIOHACK_SUPER_BLEND,GOLF_20260608_006_biohack_super_blend_structural_pass_mix,biohack_partial_public_harvest,,,3349,3349,public_partial_output,true,medium,269,submit_mix
task270,data\external\public_kernel_outputs\biohack_super_blend\_src_A\task270.onnx,SRC_KAGGLE_NOTEBOOK_BIOHACK_SUPER_BLEND,GOLF_20260608_006_biohack_super_blend_structural_pass_mix,biohack_partial_public_harvest,,,10862,10862,public_partial_output,true,medium,270,submit_mix
task271,data\external\public_kernel_outputs\biohack_super_blend\_src_A\task271.onnx,SRC_KAGGLE_NOTEBOOK_BIOHACK_SUPER_BLEND,GOLF_20260608_006_biohack_super_blend_structural_pass_mix,biohack_partial_public_harvest,,,1993,1993,public_partial_output,true,medium,271,submit_mix
task272,data\external\public_kernel_outputs\biohack_super_blend\_src_A\task272.onnx,SRC_KAGGLE_NOTEBOOK_BIOHACK_SUPER_BLEND,GOLF_20260608_006_biohack_super_blend_structural_pass_mix,biohack_partial_public_harvest,,,3825,3825,public_partial_output,true,medium,272,submit_mix
task273,data\external\public_kernel_outputs\biohack_super_blend\_src_A\task273.onnx,SRC_KAGGLE_NOTEBOOK_BIOHACK_SUPER_BLEND,GOLF_20260608_006_biohack_super_blend_structural_pass_mix,biohack_partial_public_harvest,,,2414,2414,public_partial_output,true,medium,273,submit_mix
task274,data\external\public_kernel_outputs\biohack_super_blend\_src_A\task274.onnx,SRC_KAGGLE_NOTEBOOK_BIOHACK_SUPER_BLEND,GOLF_20260608_006_biohack_super_blend_structural_pass_mix,biohack_partial_public_harvest,,,3619,3619,public_partial_output,true,medium,274,submit_mix
task275,data\external\public_kernel_outputs\biohack_super_blend\_src_A\task275.onnx,SRC_KAGGLE_NOTEBOOK_BIOHACK_SUPER_BLEND,GOLF_20260608_006_biohack_super_blend_structural_pass_mix,biohack_partial_public_harvest,,,24193,24193,public_partial_output,true,medium,275,submit_mix
task276,data\external\public_kernel_outputs\biohack_super_blend\_src_A\task276.onnx,SRC_KAGGLE_NOTEBOOK_BIOHACK_SUPER_BLEND,GOLF_20260608_006_biohack_super_blend_structural_pass_mix,biohack_partial_public_harvest,,,217,217,public_partial_output,true,medium,276,submit_mix
task277,data\external\public_kernel_outputs\biohack_super_blend\_src_A\task277.onnx,SRC_KAGGLE_NOTEBOOK_BIOHACK_SUPER_BLEND,GOLF_20260608_006_biohack_super_blend_structural_pass_mix,biohack_partial_public_harvest,,,6687,6687,public_partial_output,true,medium,277,submit_mix
task278,data\external\public_kernel_outputs\biohack_super_blend\_src_A\task278.onnx,SRC_KAGGLE_NOTEBOOK_BIOHACK_SUPER_BLEND,GOLF_20260608_006_biohack_super_blend_structural_pass_mix,biohack_partial_public_harvest,,,3294,3294,public_partial_output,true,medium,278,submit_mix
task279,data\external\public_kernel_outputs\biohack_super_blend\_src_A\task279.onnx,SRC_KAGGLE_NOTEBOOK_BIOHACK_SUPER_BLEND,GOLF_20260608_006_biohack_super_blend_structural_pass_mix,biohack_partial_public_harvest,,,4658,4658,public_partial_output,true,medium,279,submit_mix
task280,data\external\public_kernel_outputs\biohack_super_blend\_src_A\task280.onnx,SRC_KAGGLE_NOTEBOOK_BIOHACK_SUPER_BLEND,GOLF_20260608_006_biohack_super_blend_structural_pass_mix,biohack_partial_public_harvest,,,16655,16655,public_partial_output,true,medium,280,submit_mix
task281,data\external\public_kernel_outputs\biohack_super_blend\_src_A\task281.onnx,SRC_KAGGLE_NOTEBOOK_BIOHACK_SUPER_BLEND,GOLF_20260608_006_biohack_super_blend_structural_pass_mix,biohack_partial_public_harvest,,,7659,7659,public_partial_output,true,medium,281,submit_mix
task282,data\external\public_kernel_outputs\biohack_super_blend\_src_A\task282.onnx,SRC_KAGGLE_NOTEBOOK_BIOHACK_SUPER_BLEND,GOLF_20260608_006_biohack_super_blend_structural_pass_mix,biohack_partial_public_harvest,,,3798,3798,public_partial_output,true,medium,282,submit_mix
task283,data\external\public_kernel_outputs\biohack_super_blend\_src_A\task283.onnx,SRC_KAGGLE_NOTEBOOK_BIOHACK_SUPER_BLEND,GOLF_20260608_006_biohack_super_blend_structural_pass_mix,biohack_partial_public_harvest,,,3825,3825,public_partial_output,true,medium,283,submit_mix
task284,data\external\public_kernel_outputs\biohack_super_blend\_src_A\task284.onnx,SRC_KAGGLE_NOTEBOOK_BIOHACK_SUPER_BLEND,GOLF_20260608_006_biohack_super_blend_structural_pass_mix,biohack_partial_public_harvest,,,30975,30975,public_partial_output,true,medium,284,submit_mix
task285,data\external\public_kernel_outputs\biohack_super_blend\_src_A\task285.onnx,SRC_KAGGLE_NOTEBOOK_BIOHACK_SUPER_BLEND,GOLF_20260608_006_biohack_super_blend_structural_pass_mix,biohack_partial_public_harvest,,,64932,64932,public_partial_output,true,medium,285,submit_mix
task286,data\external\public_kernel_outputs\biohack_super_blend\_src_A\task286.onnx,SRC_KAGGLE_NOTEBOOK_BIOHACK_SUPER_BLEND,GOLF_20260608_006_biohack_super_blend_structural_pass_mix,biohack_partial_public_harvest,,,19743,19743,public_partial_output,true,medium,286,submit_mix
task287,data\external\public_kernel_outputs\biohack_super_blend\_src_A\task287.onnx,SRC_KAGGLE_NOTEBOOK_BIOHACK_SUPER_BLEND,GOLF_20260608_006_biohack_super_blend_structural_pass_mix,biohack_partial_public_harvest,,,1706,1706,public_partial_output,true,medium,287,submit_mix
task288,data\external\public_kernel_outputs\biohack_super_blend\_src_A\task288.onnx,SRC_KAGGLE_NOTEBOOK_BIOHACK_SUPER_BLEND,GOLF_20260608_006_biohack_super_blend_structural_pass_mix,biohack_partial_public_harvest,,,7847,7847,public_partial_output,true,medium,288,submit_mix
task289,data\external\public_kernel_outputs\biohack_super_blend\_src_A\task289.onnx,SRC_KAGGLE_NOTEBOOK_BIOHACK_SUPER_BLEND,GOLF_20260608_006_biohack_super_blend_structural_pass_mix,biohack_partial_public_harvest,,,2883,2883,public_partial_output,true,medium,289,submit_mix
task290,data\external\public_kernel_outputs\biohack_super_blend\_src_A\task290.onnx,SRC_KAGGLE_NOTEBOOK_BIOHACK_SUPER_BLEND,GOLF_20260608_006_biohack_super_blend_structural_pass_mix,biohack_partial_public_harvest,,,42089,42089,public_partial_output,true,medium,290,submit_mix
task291,data\external\public_kernel_outputs\biohack_super_blend\_src_A\task291.onnx,SRC_KAGGLE_NOTEBOOK_BIOHACK_SUPER_BLEND,GOLF_20260608_006_biohack_super_blend_structural_pass_mix,biohack_partial_public_harvest,,,6009,6009,public_partial_output,true,medium,291,submit_mix
task292,data\external\public_kernel_outputs\biohack_super_blend\_src_A\task292.onnx,SRC_KAGGLE_NOTEBOOK_BIOHACK_SUPER_BLEND,GOLF_20260608_006_biohack_super_blend_structural_pass_mix,biohack_partial_public_harvest,,,1411,1411,public_partial_output,true,medium,292,submit_mix
task293,data\external\public_kernel_outputs\biohack_super_blend\_src_A\task293.onnx,SRC_KAGGLE_NOTEBOOK_BIOHACK_SUPER_BLEND,GOLF_20260608_006_biohack_super_blend_structural_pass_mix,biohack_partial_public_harvest,,,9897,9897,public_partial_output,true,medium,293,submit_mix
task294,data\external\public_kernel_outputs\biohack_super_blend\_src_A\task294.onnx,SRC_KAGGLE_NOTEBOOK_BIOHACK_SUPER_BLEND,GOLF_20260608_006_biohack_super_blend_structural_pass_mix,biohack_partial_public_harvest,,,3825,3825,public_partial_output,true,medium,294,submit_mix
task295,data\external\public_kernel_outputs\biohack_super_blend\_src_A\task295.onnx,SRC_KAGGLE_NOTEBOOK_BIOHACK_SUPER_BLEND,GOLF_20260608_006_biohack_super_blend_structural_pass_mix,biohack_partial_public_harvest,,,2771,2771,public_partial_output,true,medium,295,submit_mix
task296,data\external\public_kernel_outputs\biohack_super_blend\_src_A\task296.onnx,SRC_KAGGLE_NOTEBOOK_BIOHACK_SUPER_BLEND,GOLF_20260608_006_biohack_super_blend_structural_pass_mix,biohack_partial_public_harvest,,,2843,2843,public_partial_output,true,medium,296,submit_mix
task297,data\external\public_kernel_outputs\biohack_super_blend\_src_A\task297.onnx,SRC_KAGGLE_NOTEBOOK_BIOHACK_SUPER_BLEND,GOLF_20260608_006_biohack_super_blend_structural_pass_mix,biohack_partial_public_harvest,,,2651,2651,public_partial_output,true,medium,297,submit_mix
task298,data\external\public_kernel_outputs\biohack_super_blend\_src_A\task298.onnx,SRC_KAGGLE_NOTEBOOK_BIOHACK_SUPER_BLEND,GOLF_20260608_006_biohack_super_blend_structural_pass_mix,biohack_partial_public_harvest,,,5059,5059,public_partial_output,true,medium,298,submit_mix
task299,data\external\public_kernel_outputs\biohack_super_blend\_src_A\task299.onnx,SRC_KAGGLE_NOTEBOOK_BIOHACK_SUPER_BLEND,GOLF_20260608_006_biohack_super_blend_structural_pass_mix,biohack_partial_public_harvest,,,1980,1980,public_partial_output,true,medium,299,submit_mix
task300,data\external\public_kernel_outputs\biohack_super_blend\_src_A\task300.onnx,SRC_KAGGLE_NOTEBOOK_BIOHACK_SUPER_BLEND,GOLF_20260608_006_biohack_super_blend_structural_pass_mix,biohack_partial_public_harvest,,,4688,4688,public_partial_output,true,medium,300,submit_mix
task301,data\external\public_kernel_outputs\biohack_super_blend\_src_A\task301.onnx,SRC_KAGGLE_NOTEBOOK_BIOHACK_SUPER_BLEND,GOLF_20260608_006_biohack_super_blend_structural_pass_mix,biohack_partial_public_harvest,,,19261,19261,public_partial_output,true,medium,301,submit_mix
task302,data\external\public_kernel_outputs\biohack_super_blend\_src_A\task302.onnx,SRC_KAGGLE_NOTEBOOK_BIOHACK_SUPER_BLEND,GOLF_20260608_006_biohack_super_blend_structural_pass_mix,biohack_partial_public_harvest,,,4372,4372,public_partial_output,true,medium,302,submit_mix
task303,data\external\public_kernel_outputs\biohack_super_blend\_src_A\task303.onnx,SRC_KAGGLE_NOTEBOOK_BIOHACK_SUPER_BLEND,GOLF_20260608_006_biohack_super_blend_structural_pass_mix,biohack_partial_public_harvest,,,2084,2084,public_partial_output,true,medium,303,submit_mix
task304,data\external\public_kernel_outputs\biohack_super_blend\_src_A\task304.onnx,SRC_KAGGLE_NOTEBOOK_BIOHACK_SUPER_BLEND,GOLF_20260608_006_biohack_super_blend_structural_pass_mix,biohack_partial_public_harvest,,,2136,2136,public_partial_output,true,medium,304,submit_mix
task305,data\external\public_kernel_outputs\biohack_super_blend\_src_A\task305.onnx,SRC_KAGGLE_NOTEBOOK_BIOHACK_SUPER_BLEND,GOLF_20260608_006_biohack_super_blend_structural_pass_mix,biohack_partial_public_harvest,,,1865,1865,public_partial_output,true,medium,305,submit_mix
task306,data\external\public_kernel_outputs\biohack_super_blend\_src_A\task306.onnx,SRC_KAGGLE_NOTEBOOK_BIOHACK_SUPER_BLEND,GOLF_20260608_006_biohack_super_blend_structural_pass_mix,biohack_partial_public_harvest,,,4155,4155,public_partial_output,true,medium,306,submit_mix
task307,data\external\public_kernel_outputs\biohack_super_blend\_src_A\task307.onnx,SRC_KAGGLE_NOTEBOOK_BIOHACK_SUPER_BLEND,GOLF_20260608_006_biohack_super_blend_structural_pass_mix,biohack_partial_public_harvest,,,7454,7454,public_partial_output,true,medium,307,submit_mix
task308,data\external\public_kernel_outputs\biohack_super_blend\_src_A\task308.onnx,SRC_KAGGLE_NOTEBOOK_BIOHACK_SUPER_BLEND,GOLF_20260608_006_biohack_super_blend_structural_pass_mix,biohack_partial_public_harvest,,,6118,6118,public_partial_output,true,medium,308,submit_mix
task309,data\external\public_kernel_outputs\biohack_super_blend\_src_A\task309.onnx,SRC_KAGGLE_NOTEBOOK_BIOHACK_SUPER_BLEND,GOLF_20260608_006_biohack_super_blend_structural_pass_mix,biohack_partial_public_harvest,,,217,217,public_partial_output,true,medium,309,submit_mix
task310,data\external\public_kernel_outputs\biohack_super_blend\_src_A\task310.onnx,SRC_KAGGLE_NOTEBOOK_BIOHACK_SUPER_BLEND,GOLF_20260608_006_biohack_super_blend_structural_pass_mix,biohack_partial_public_harvest,,,5449,5449,public_partial_output,true,medium,310,submit_mix
task311,data\external\public_kernel_outputs\biohack_super_blend\_src_A\task311.onnx,SRC_KAGGLE_NOTEBOOK_BIOHACK_SUPER_BLEND,GOLF_20260608_006_biohack_super_blend_structural_pass_mix,biohack_partial_public_harvest,,,479,479,public_partial_output,true,medium,311,submit_mix
task312,data\external\public_kernel_outputs\biohack_super_blend\_src_A\task312.onnx,SRC_KAGGLE_NOTEBOOK_BIOHACK_SUPER_BLEND,GOLF_20260608_006_biohack_super_blend_structural_pass_mix,biohack_partial_public_harvest,,,1202,1202,public_partial_output,true,medium,312,submit_mix
task313,data\external\public_kernel_outputs\biohack_super_blend\_src_A\task313.onnx,SRC_KAGGLE_NOTEBOOK_BIOHACK_SUPER_BLEND,GOLF_20260608_006_biohack_super_blend_structural_pass_mix,biohack_partial_public_harvest,,,39887,39887,public_partial_output,true,medium,313,submit_mix
task314,data\external\public_kernel_outputs\biohack_super_blend\_src_A\task314.onnx,SRC_KAGGLE_NOTEBOOK_BIOHACK_SUPER_BLEND,GOLF_20260608_006_biohack_super_blend_structural_pass_mix,biohack_partial_public_harvest,,,28414,28414,public_partial_output,true,medium,314,submit_mix
task315,data\external\public_kernel_outputs\biohack_super_blend\_src_A\task315.onnx,SRC_KAGGLE_NOTEBOOK_BIOHACK_SUPER_BLEND,GOLF_20260608_006_biohack_super_blend_structural_pass_mix,biohack_partial_public_harvest,,,1520,1520,public_partial_output,true,medium,315,submit_mix
task316,data\external\public_kernel_outputs\biohack_super_blend\_src_A\task316.onnx,SRC_KAGGLE_NOTEBOOK_BIOHACK_SUPER_BLEND,GOLF_20260608_006_biohack_super_blend_structural_pass_mix,biohack_partial_public_harvest,,,5537,5537,public_partial_output,true,medium,316,submit_mix
task317,data\external\public_kernel_outputs\biohack_super_blend\_src_A\task317.onnx,SRC_KAGGLE_NOTEBOOK_BIOHACK_SUPER_BLEND,GOLF_20260608_006_biohack_super_blend_structural_pass_mix,biohack_partial_public_harvest,,,3798,3798,public_partial_output,true,medium,317,submit_mix
task318,data\external\public_kernel_outputs\biohack_super_blend\_src_A\task318.onnx,SRC_KAGGLE_NOTEBOOK_BIOHACK_SUPER_BLEND,GOLF_20260608_006_biohack_super_blend_structural_pass_mix,biohack_partial_public_harvest,,,1569,1569,public_partial_output,true,medium,318,submit_mix
task319,data\external\public_kernel_outputs\biohack_super_blend\_src_A\task319.onnx,SRC_KAGGLE_NOTEBOOK_BIOHACK_SUPER_BLEND,GOLF_20260608_006_biohack_super_blend_structural_pass_mix,biohack_partial_public_harvest,,,260816,260816,public_partial_output,true,medium,319,submit_mix
task320,data\external\public_kernel_outputs\biohack_super_blend\_src_A\task320.onnx,SRC_KAGGLE_NOTEBOOK_BIOHACK_SUPER_BLEND,GOLF_20260608_006_biohack_super_blend_structural_pass_mix,biohack_partial_public_harvest,,,2183,2183,public_partial_output,true,medium,320,submit_mix
task321,data\external\public_kernel_outputs\biohack_super_blend\_src_A\task321.onnx,SRC_KAGGLE_NOTEBOOK_BIOHACK_SUPER_BLEND,GOLF_20260608_006_biohack_super_blend_structural_pass_mix,biohack_partial_public_harvest,,,2449,2449,public_partial_output,true,medium,321,submit_mix
task322,data\external\public_kernel_outputs\biohack_super_blend\_src_A\task322.onnx,SRC_KAGGLE_NOTEBOOK_BIOHACK_SUPER_BLEND,GOLF_20260608_006_biohack_super_blend_structural_pass_mix,biohack_partial_public_harvest,,,985,985,public_partial_output,true,medium,322,submit_mix
task323,data\external\public_kernel_outputs\biohack_super_blend\_src_A\task323.onnx,SRC_KAGGLE_NOTEBOOK_BIOHACK_SUPER_BLEND,GOLF_20260608_006_biohack_super_blend_structural_pass_mix,biohack_partial_public_harvest,,,2497,2497,public_partial_output,true,medium,323,submit_mix
task324,data\external\public_kernel_outputs\biohack_super_blend\_src_A\task324.onnx,SRC_KAGGLE_NOTEBOOK_BIOHACK_SUPER_BLEND,GOLF_20260608_006_biohack_super_blend_structural_pass_mix,biohack_partial_public_harvest,,,26081,26081,public_partial_output,true,medium,324,submit_mix
task325,data\external\public_kernel_outputs\biohack_super_blend\_src_A\task325.onnx,SRC_KAGGLE_NOTEBOOK_BIOHACK_SUPER_BLEND,GOLF_20260608_006_biohack_super_blend_structural_pass_mix,biohack_partial_public_harvest,,,5072,5072,public_partial_output,true,medium,325,submit_mix
task326,data\external\public_kernel_outputs\biohack_super_blend\_src_A\task326.onnx,SRC_KAGGLE_NOTEBOOK_BIOHACK_SUPER_BLEND,GOLF_20260608_006_biohack_super_blend_structural_pass_mix,biohack_partial_public_harvest,,,388,388,public_partial_output,true,medium,326,submit_mix
task327,data\external\public_kernel_outputs\biohack_super_blend\_src_A\task327.onnx,SRC_KAGGLE_NOTEBOOK_BIOHACK_SUPER_BLEND,GOLF_20260608_006_biohack_super_blend_structural_pass_mix,biohack_partial_public_harvest,,,2235,2235,public_partial_output,true,medium,327,submit_mix
task328,data\external\public_kernel_outputs\biohack_super_blend\_src_A\task328.onnx,SRC_KAGGLE_NOTEBOOK_BIOHACK_SUPER_BLEND,GOLF_20260608_006_biohack_super_blend_structural_pass_mix,biohack_partial_public_harvest,,,16420,16420,public_partial_output,true,medium,328,submit_mix
task329,data\external\public_kernel_outputs\biohack_super_blend\_src_A\task329.onnx,SRC_KAGGLE_NOTEBOOK_BIOHACK_SUPER_BLEND,GOLF_20260608_006_biohack_super_blend_structural_pass_mix,biohack_partial_public_harvest,,,2361,2361,public_partial_output,true,medium,329,submit_mix
task330,data\external\public_kernel_outputs\biohack_super_blend\_src_A\task330.onnx,SRC_KAGGLE_NOTEBOOK_BIOHACK_SUPER_BLEND,GOLF_20260608_006_biohack_super_blend_structural_pass_mix,biohack_partial_public_harvest,,,7543,7543,public_partial_output,true,medium,330,submit_mix
task331,data\external\public_kernel_outputs\biohack_super_blend\_src_A\task331.onnx,SRC_KAGGLE_NOTEBOOK_BIOHACK_SUPER_BLEND,GOLF_20260608_006_biohack_super_blend_structural_pass_mix,biohack_partial_public_harvest,,,3836,3836,public_partial_output,true,medium,331,submit_mix
task332,data\external\public_kernel_outputs\biohack_super_blend\_src_A\task332.onnx,SRC_KAGGLE_NOTEBOOK_BIOHACK_SUPER_BLEND,GOLF_20260608_006_biohack_super_blend_structural_pass_mix,biohack_partial_public_harvest,,,4180,4180,public_partial_output,true,medium,332,submit_mix
task333,data\external\public_kernel_outputs\biohack_super_blend\_src_A\task333.onnx,SRC_KAGGLE_NOTEBOOK_BIOHACK_SUPER_BLEND,GOLF_20260608_006_biohack_super_blend_structural_pass_mix,biohack_partial_public_harvest,,,4379,4379,public_partial_output,true,medium,333,submit_mix
task334,data\external\public_kernel_outputs\biohack_super_blend\_src_A\task334.onnx,SRC_KAGGLE_NOTEBOOK_BIOHACK_SUPER_BLEND,GOLF_20260608_006_biohack_super_blend_structural_pass_mix,biohack_partial_public_harvest,,,2063,2063,public_partial_output,true,medium,334,submit_mix
task335,data\external\public_kernel_outputs\biohack_super_blend\_src_A\task335.onnx,SRC_KAGGLE_NOTEBOOK_BIOHACK_SUPER_BLEND,GOLF_20260608_006_biohack_super_blend_structural_pass_mix,biohack_partial_public_harvest,,,3914,3914,public_partial_output,true,medium,335,submit_mix
task336,data\external\public_kernel_outputs\biohack_super_blend\_src_A\task336.onnx,SRC_KAGGLE_NOTEBOOK_BIOHACK_SUPER_BLEND,GOLF_20260608_006_biohack_super_blend_structural_pass_mix,biohack_partial_public_harvest,,,5276,5276,public_partial_output,true,medium,336,submit_mix
task337,data\external\public_kernel_outputs\biohack_super_blend\_src_A\task337.onnx,SRC_KAGGLE_NOTEBOOK_BIOHACK_SUPER_BLEND,GOLF_20260608_006_biohack_super_blend_structural_pass_mix,biohack_partial_public_harvest,,,159,159,public_partial_output,true,medium,337,submit_mix
task338,data\external\public_kernel_outputs\biohack_super_blend\_src_A\task338.onnx,SRC_KAGGLE_NOTEBOOK_BIOHACK_SUPER_BLEND,GOLF_20260608_006_biohack_super_blend_structural_pass_mix,biohack_partial_public_harvest,,,5846,5846,public_partial_output,true,medium,338,submit_mix
task339,data\external\public_kernel_outputs\biohack_super_blend\_src_A\task339.onnx,SRC_KAGGLE_NOTEBOOK_BIOHACK_SUPER_BLEND,GOLF_20260608_006_biohack_super_blend_structural_pass_mix,biohack_partial_public_harvest,,,2038,2038,public_partial_output,true,medium,339,submit_mix
task340,data\external\public_kernel_outputs\biohack_super_blend\_src_A\task340.onnx,SRC_KAGGLE_NOTEBOOK_BIOHACK_SUPER_BLEND,GOLF_20260608_006_biohack_super_blend_structural_pass_mix,biohack_partial_public_harvest,,,6593,6593,public_partial_output,true,medium,340,submit_mix
task341,data\external\public_kernel_outputs\biohack_super_blend\_src_A\task341.onnx,SRC_KAGGLE_NOTEBOOK_BIOHACK_SUPER_BLEND,GOLF_20260608_006_biohack_super_blend_structural_pass_mix,biohack_partial_public_harvest,,,11979,11979,public_partial_output,true,medium,341,submit_mix
task342,data\external\public_kernel_outputs\biohack_super_blend\_src_A\task342.onnx,SRC_KAGGLE_NOTEBOOK_BIOHACK_SUPER_BLEND,GOLF_20260608_006_biohack_super_blend_structural_pass_mix,biohack_partial_public_harvest,,,4815,4815,public_partial_output,true,medium,342,submit_mix
task343,data\external\public_kernel_outputs\biohack_super_blend\_src_A\task343.onnx,SRC_KAGGLE_NOTEBOOK_BIOHACK_SUPER_BLEND,GOLF_20260608_006_biohack_super_blend_structural_pass_mix,biohack_partial_public_harvest,,,7569,7569,public_partial_output,true,medium,343,submit_mix
task344,data\external\public_kernel_outputs\biohack_super_blend\_src_A\task344.onnx,SRC_KAGGLE_NOTEBOOK_BIOHACK_SUPER_BLEND,GOLF_20260608_006_biohack_super_blend_structural_pass_mix,biohack_partial_public_harvest,,,10236,10236,public_partial_output,true,medium,344,submit_mix
task345,data\external\public_kernel_outputs\biohack_super_blend\_src_A\task345.onnx,SRC_KAGGLE_NOTEBOOK_BIOHACK_SUPER_BLEND,GOLF_20260608_006_biohack_super_blend_structural_pass_mix,biohack_partial_public_harvest,,,6721,6721,public_partial_output,true,medium,345,submit_mix
task346,data\external\public_kernel_outputs\biohack_super_blend\_src_A\task346.onnx,SRC_KAGGLE_NOTEBOOK_BIOHACK_SUPER_BLEND,GOLF_20260608_006_biohack_super_blend_structural_pass_mix,biohack_partial_public_harvest,,,2236,2236,public_partial_output,true,medium,346,submit_mix
task347,data\external\public_kernel_outputs\biohack_super_blend\_src_A\task347.onnx,SRC_KAGGLE_NOTEBOOK_BIOHACK_SUPER_BLEND,GOLF_20260608_006_biohack_super_blend_structural_pass_mix,biohack_partial_public_harvest,,,1369,1369,public_partial_output,true,medium,347,submit_mix
task348,data\external\public_kernel_outputs\biohack_super_blend\_src_A\task348.onnx,SRC_KAGGLE_NOTEBOOK_BIOHACK_SUPER_BLEND,GOLF_20260608_006_biohack_super_blend_structural_pass_mix,biohack_partial_public_harvest,,,3000,3000,public_partial_output,true,medium,348,submit_mix
task349,data\external\public_kernel_outputs\biohack_super_blend\_src_A\task349.onnx,SRC_KAGGLE_NOTEBOOK_BIOHACK_SUPER_BLEND,GOLF_20260608_006_biohack_super_blend_structural_pass_mix,biohack_partial_public_harvest,,,8755,8755,public_partial_output,true,medium,349,submit_mix
task350,data\external\public_kernel_outputs\biohack_super_blend\_src_A\task350.onnx,SRC_KAGGLE_NOTEBOOK_BIOHACK_SUPER_BLEND,GOLF_20260608_006_biohack_super_blend_structural_pass_mix,biohack_partial_public_harvest,,,1437,1437,public_partial_output,true,medium,350,submit_mix
task351,data\external\public_kernel_outputs\biohack_super_blend\_src_A\task351.onnx,SRC_KAGGLE_NOTEBOOK_BIOHACK_SUPER_BLEND,GOLF_20260608_006_biohack_super_blend_structural_pass_mix,biohack_partial_public_harvest,,,3049,3049,public_partial_output,true,medium,351,submit_mix
task352,data\external\public_kernel_outputs\biohack_super_blend\_src_A\task352.onnx,SRC_KAGGLE_NOTEBOOK_BIOHACK_SUPER_BLEND,GOLF_20260608_006_biohack_super_blend_structural_pass_mix,biohack_partial_public_harvest,,,1398,1398,public_partial_output,true,medium,352,submit_mix
task353,data\external\public_kernel_outputs\biohack_super_blend\_src_A\task353.onnx,SRC_KAGGLE_NOTEBOOK_BIOHACK_SUPER_BLEND,GOLF_20260608_006_biohack_super_blend_structural_pass_mix,biohack_partial_public_harvest,,,3244,3244,public_partial_output,true,medium,353,submit_mix
task354,data\external\public_kernel_outputs\biohack_super_blend\_src_A\task354.onnx,SRC_KAGGLE_NOTEBOOK_BIOHACK_SUPER_BLEND,GOLF_20260608_006_biohack_super_blend_structural_pass_mix,biohack_partial_public_harvest,,,4335,4335,public_partial_output,true,medium,354,submit_mix
task355,data\external\public_kernel_outputs\biohack_super_blend\_src_A\task355.onnx,SRC_KAGGLE_NOTEBOOK_BIOHACK_SUPER_BLEND,GOLF_20260608_006_biohack_super_blend_structural_pass_mix,biohack_partial_public_harvest,,,4506,4506,public_partial_output,true,medium,355,submit_mix
task356,data\external\public_kernel_outputs\biohack_super_blend\_src_A\task356.onnx,SRC_KAGGLE_NOTEBOOK_BIOHACK_SUPER_BLEND,GOLF_20260608_006_biohack_super_blend_structural_pass_mix,biohack_partial_public_harvest,,,2344,2344,public_partial_output,true,medium,356,submit_mix
task357,data\external\public_kernel_outputs\biohack_super_blend\_src_A\task357.onnx,SRC_KAGGLE_NOTEBOOK_BIOHACK_SUPER_BLEND,GOLF_20260608_006_biohack_super_blend_structural_pass_mix,biohack_partial_public_harvest,,,2328,2328,public_partial_output,true,medium,357,submit_mix
task358,data\external\public_kernel_outputs\biohack_super_blend\_src_A\task358.onnx,SRC_KAGGLE_NOTEBOOK_BIOHACK_SUPER_BLEND,GOLF_20260608_006_biohack_super_blend_structural_pass_mix,biohack_partial_public_harvest,,,10944,10944,public_partial_output,true,medium,358,submit_mix
task359,data\external\public_kernel_outputs\biohack_super_blend\_src_A\task359.onnx,SRC_KAGGLE_NOTEBOOK_BIOHACK_SUPER_BLEND,GOLF_20260608_006_biohack_super_blend_structural_pass_mix,biohack_partial_public_harvest,,,3909,3909,public_partial_output,true,medium,359,submit_mix
task360,data\external\public_kernel_outputs\biohack_super_blend\_src_A\task360.onnx,SRC_KAGGLE_NOTEBOOK_BIOHACK_SUPER_BLEND,GOLF_20260608_006_biohack_super_blend_structural_pass_mix,biohack_partial_public_harvest,,,1399,1399,public_partial_output,true,medium,360,submit_mix
task361,data\external\public_kernel_outputs\biohack_super_blend\_src_A\task361.onnx,SRC_KAGGLE_NOTEBOOK_BIOHACK_SUPER_BLEND,GOLF_20260608_006_biohack_super_blend_structural_pass_mix,biohack_partial_public_harvest,,,6886,6886,public_partial_output,true,medium,361,submit_mix
task362,data\external\public_kernel_outputs\biohack_super_blend\_src_A\task362.onnx,SRC_KAGGLE_NOTEBOOK_BIOHACK_SUPER_BLEND,GOLF_20260608_006_biohack_super_blend_structural_pass_mix,biohack_partial_public_harvest,,,2814,2814,public_partial_output,true,medium,362,submit_mix
task363,data\external\public_kernel_outputs\biohack_super_blend\_src_A\task363.onnx,SRC_KAGGLE_NOTEBOOK_BIOHACK_SUPER_BLEND,GOLF_20260608_006_biohack_super_blend_structural_pass_mix,biohack_partial_public_harvest,,,5499,5499,public_partial_output,true,medium,363,submit_mix
task364,data\external\public_kernel_outputs\biohack_super_blend\_src_A\task364.onnx,SRC_KAGGLE_NOTEBOOK_BIOHACK_SUPER_BLEND,GOLF_20260608_006_biohack_super_blend_structural_pass_mix,biohack_partial_public_harvest,,,9250,9250,public_partial_output,true,medium,364,submit_mix
task365,data\external\public_kernel_outputs\biohack_super_blend\_src_A\task365.onnx,SRC_KAGGLE_NOTEBOOK_BIOHACK_SUPER_BLEND,GOLF_20260608_006_biohack_super_blend_structural_pass_mix,biohack_partial_public_harvest,,,16991,16991,public_partial_output,true,medium,365,submit_mix
task366,data\external\public_kernel_outputs\biohack_super_blend\_src_A\task366.onnx,SRC_KAGGLE_NOTEBOOK_BIOHACK_SUPER_BLEND,GOLF_20260608_006_biohack_super_blend_structural_pass_mix,biohack_partial_public_harvest,,,107036,107036,public_partial_output,true,medium,366,submit_mix
task367,data\external\public_kernel_outputs\biohack_super_blend\_src_A\task367.onnx,SRC_KAGGLE_NOTEBOOK_BIOHACK_SUPER_BLEND,GOLF_20260608_006_biohack_super_blend_structural_pass_mix,biohack_partial_public_harvest,,,26515,26515,public_partial_output,true,medium,367,submit_mix
task368,data\external\public_kernel_outputs\biohack_super_blend\_src_A\task368.onnx,SRC_KAGGLE_NOTEBOOK_BIOHACK_SUPER_BLEND,GOLF_20260608_006_biohack_super_blend_structural_pass_mix,biohack_partial_public_harvest,,,14735,14735,public_partial_output,true,medium,368,submit_mix
task369,data\external\public_kernel_outputs\biohack_super_blend\_src_A\task369.onnx,SRC_KAGGLE_NOTEBOOK_BIOHACK_SUPER_BLEND,GOLF_20260608_006_biohack_super_blend_structural_pass_mix,biohack_partial_public_harvest,,,4692,4692,public_partial_output,true,medium,369,submit_mix
task370,data\external\public_kernel_outputs\biohack_super_blend\_src_A\task370.onnx,SRC_KAGGLE_NOTEBOOK_BIOHACK_SUPER_BLEND,GOLF_20260608_006_biohack_super_blend_structural_pass_mix,biohack_partial_public_harvest,,,43394,43394,public_partial_output,true,medium,370,submit_mix
task371,data\external\public_kernel_outputs\biohack_super_blend\_src_A\task371.onnx,SRC_KAGGLE_NOTEBOOK_BIOHACK_SUPER_BLEND,GOLF_20260608_006_biohack_super_blend_structural_pass_mix,biohack_partial_public_harvest,,,2475,2475,public_partial_output,true,medium,371,submit_mix
task372,data\external\public_kernel_outputs\biohack_super_blend\_src_A\task372.onnx,SRC_KAGGLE_NOTEBOOK_BIOHACK_SUPER_BLEND,GOLF_20260608_006_biohack_super_blend_structural_pass_mix,biohack_partial_public_harvest,,,1328,1328,public_partial_output,true,medium,372,submit_mix
task373,data\external\public_kernel_outputs\biohack_super_blend\_src_A\task373.onnx,SRC_KAGGLE_NOTEBOOK_BIOHACK_SUPER_BLEND,GOLF_20260608_006_biohack_super_blend_structural_pass_mix,biohack_partial_public_harvest,,,988,988,public_partial_output,true,medium,373,submit_mix
task374,data\external\public_kernel_outputs\biohack_super_blend\_src_A\task374.onnx,SRC_KAGGLE_NOTEBOOK_BIOHACK_SUPER_BLEND,GOLF_20260608_006_biohack_super_blend_structural_pass_mix,biohack_partial_public_harvest,,,16450,16450,public_partial_output,true,medium,374,submit_mix
task375,data\external\public_kernel_outputs\biohack_super_blend\_src_A\task375.onnx,SRC_KAGGLE_NOTEBOOK_BIOHACK_SUPER_BLEND,GOLF_20260608_006_biohack_super_blend_structural_pass_mix,biohack_partial_public_harvest,,,2214,2214,public_partial_output,true,medium,375,submit_mix
task376,data\external\public_kernel_outputs\biohack_super_blend\_src_A\task376.onnx,SRC_KAGGLE_NOTEBOOK_BIOHACK_SUPER_BLEND,GOLF_20260608_006_biohack_super_blend_structural_pass_mix,biohack_partial_public_harvest,,,2344,2344,public_partial_output,true,medium,376,submit_mix
task377,data\external\public_kernel_outputs\biohack_super_blend\_src_A\task377.onnx,SRC_KAGGLE_NOTEBOOK_BIOHACK_SUPER_BLEND,GOLF_20260608_006_biohack_super_blend_structural_pass_mix,biohack_partial_public_harvest,,,19220,19220,public_partial_output,true,medium,377,submit_mix
task378,data\external\public_kernel_outputs\biohack_super_blend\_src_A\task378.onnx,SRC_KAGGLE_NOTEBOOK_BIOHACK_SUPER_BLEND,GOLF_20260608_006_biohack_super_blend_structural_pass_mix,biohack_partial_public_harvest,,,10496,10496,public_partial_output,true,medium,378,submit_mix
task379,data\external\public_kernel_outputs\biohack_super_blend\_src_A\task379.onnx,SRC_KAGGLE_NOTEBOOK_BIOHACK_SUPER_BLEND,GOLF_20260608_006_biohack_super_blend_structural_pass_mix,biohack_partial_public_harvest,,,10260,10260,public_partial_output,true,medium,379,submit_mix
task380,data\external\public_kernel_outputs\biohack_super_blend\_src_A\task380.onnx,SRC_KAGGLE_NOTEBOOK_BIOHACK_SUPER_BLEND,GOLF_20260608_006_biohack_super_blend_structural_pass_mix,biohack_partial_public_harvest,,,531,531,public_partial_output,true,medium,380,submit_mix
task381,data\external\public_kernel_outputs\biohack_super_blend\_src_A\task381.onnx,SRC_KAGGLE_NOTEBOOK_BIOHACK_SUPER_BLEND,GOLF_20260608_006_biohack_super_blend_structural_pass_mix,biohack_partial_public_harvest,,,3773,3773,public_partial_output,true,medium,381,submit_mix
task382,data\external\public_kernel_outputs\biohack_super_blend\_src_A\task382.onnx,SRC_KAGGLE_NOTEBOOK_BIOHACK_SUPER_BLEND,GOLF_20260608_006_biohack_super_blend_structural_pass_mix,biohack_partial_public_harvest,,,32747,32747,public_partial_output,true,medium,382,submit_mix
task383,data\external\public_kernel_outputs\biohack_super_blend\_src_A\task383.onnx,SRC_KAGGLE_NOTEBOOK_BIOHACK_SUPER_BLEND,GOLF_20260608_006_biohack_super_blend_structural_pass_mix,biohack_partial_public_harvest,,,6805,6805,public_partial_output,true,medium,383,submit_mix
task384,data\external\public_kernel_outputs\biohack_super_blend\_src_A\task384.onnx,SRC_KAGGLE_NOTEBOOK_BIOHACK_SUPER_BLEND,GOLF_20260608_006_biohack_super_blend_structural_pass_mix,biohack_partial_public_harvest,,,4542,4542,public_partial_output,true,medium,384,submit_mix
task385,data\external\public_kernel_outputs\biohack_super_blend\_src_A\task385.onnx,SRC_KAGGLE_NOTEBOOK_BIOHACK_SUPER_BLEND,GOLF_20260608_006_biohack_super_blend_structural_pass_mix,biohack_partial_public_harvest,,,175,175,public_partial_output,true,medium,385,submit_mix
task386,data\external\public_kernel_outputs\biohack_super_blend\_src_A\task386.onnx,SRC_KAGGLE_NOTEBOOK_BIOHACK_SUPER_BLEND,GOLF_20260608_006_biohack_super_blend_structural_pass_mix,biohack_partial_public_harvest,,,1471,1471,public_partial_output,true,medium,386,submit_mix
task387,data\external\public_kernel_outputs\biohack_super_blend\_src_A\task387.onnx,SRC_KAGGLE_NOTEBOOK_BIOHACK_SUPER_BLEND,GOLF_20260608_006_biohack_super_blend_structural_pass_mix,biohack_partial_public_harvest,,,13036,13036,public_partial_output,true,medium,387,submit_mix
task388,data\external\public_kernel_outputs\biohack_super_blend\_src_A\task388.onnx,SRC_KAGGLE_NOTEBOOK_BIOHACK_SUPER_BLEND,GOLF_20260608_006_biohack_super_blend_structural_pass_mix,biohack_partial_public_harvest,,,6368,6368,public_partial_output,true,medium,388,submit_mix
task389,data\external\public_kernel_outputs\biohack_super_blend\_src_A\task389.onnx,SRC_KAGGLE_NOTEBOOK_BIOHACK_SUPER_BLEND,GOLF_20260608_006_biohack_super_blend_structural_pass_mix,biohack_partial_public_harvest,,,1421,1421,public_partial_output,true,medium,389,submit_mix
task390,data\external\public_kernel_outputs\biohack_super_blend\_src_A\task390.onnx,SRC_KAGGLE_NOTEBOOK_BIOHACK_SUPER_BLEND,GOLF_20260608_006_biohack_super_blend_structural_pass_mix,biohack_partial_public_harvest,,,7851,7851,public_partial_output,true,medium,390,submit_mix
task391,data\external\public_kernel_outputs\biohack_super_blend\_src_A\task391.onnx,SRC_KAGGLE_NOTEBOOK_BIOHACK_SUPER_BLEND,GOLF_20260608_006_biohack_super_blend_structural_pass_mix,biohack_partial_public_harvest,,,2841,2841,public_partial_output,true,medium,391,submit_mix
task392,data\external\public_kernel_outputs\biohack_super_blend\_src_A\task392.onnx,SRC_KAGGLE_NOTEBOOK_BIOHACK_SUPER_BLEND,GOLF_20260608_006_biohack_super_blend_structural_pass_mix,biohack_partial_public_harvest,,,13503,13503,public_partial_output,true,medium,392,submit_mix
task393,data\external\public_kernel_outputs\biohack_super_blend\_src_A\task393.onnx,SRC_KAGGLE_NOTEBOOK_BIOHACK_SUPER_BLEND,GOLF_20260608_006_biohack_super_blend_structural_pass_mix,biohack_partial_public_harvest,,,2433,2433,public_partial_output,true,medium,393,submit_mix
task394,data\external\public_kernel_outputs\biohack_super_blend\_src_A\task394.onnx,SRC_KAGGLE_NOTEBOOK_BIOHACK_SUPER_BLEND,GOLF_20260608_006_biohack_super_blend_structural_pass_mix,biohack_partial_public_harvest,,,5312,5312,public_partial_output,true,medium,394,submit_mix
task395,data\external\public_kernel_outputs\biohack_super_blend\_src_A\task395.onnx,SRC_KAGGLE_NOTEBOOK_BIOHACK_SUPER_BLEND,GOLF_20260608_006_biohack_super_blend_structural_pass_mix,biohack_partial_public_harvest,,,1479,1479,public_partial_output,true,medium,395,submit_mix
task396,data\external\public_kernel_outputs\biohack_super_blend\_src_A\task396.onnx,SRC_KAGGLE_NOTEBOOK_BIOHACK_SUPER_BLEND,GOLF_20260608_006_biohack_super_blend_structural_pass_mix,biohack_partial_public_harvest,,,148123,148123,public_partial_output,true,medium,396,submit_mix
task397,data\external\public_kernel_outputs\biohack_super_blend\_src_A\task397.onnx,SRC_KAGGLE_NOTEBOOK_BIOHACK_SUPER_BLEND,GOLF_20260608_006_biohack_super_blend_structural_pass_mix,biohack_partial_public_harvest,,,7101,7101,public_partial_output,true,medium,397,submit_mix
task398,data\external\public_kernel_outputs\biohack_super_blend\_src_A\task398.onnx,SRC_KAGGLE_NOTEBOOK_BIOHACK_SUPER_BLEND,GOLF_20260608_006_biohack_super_blend_structural_pass_mix,biohack_partial_public_harvest,,,8768,8768,public_partial_output,true,medium,398,submit_mix
task399,data\external\public_kernel_outputs\biohack_super_blend\_src_A\task399.onnx,SRC_KAGGLE_NOTEBOOK_BIOHACK_SUPER_BLEND,GOLF_20260608_006_biohack_super_blend_structural_pass_mix,biohack_partial_public_harvest,,,1907,1907,public_partial_output,true,medium,399,submit_mix
task400,data\external\public_kernel_outputs\biohack_super_blend\_src_A\task400.onnx,SRC_KAGGLE_NOTEBOOK_BIOHACK_SUPER_BLEND,GOLF_20260608_006_biohack_super_blend_structural_pass_mix,biohack_partial_public_harvest,,,3021,3021,public_partial_output,true,medium,400,submit_mix
