task_id,differs_from_base,zip_structural_ok,zip_examples_checked,zip_examples_passed,zip_examples_failed,excluded_from_full_reason,excluded_from_chunk_reason,selected_full,selected_chunk_batch,candidate_rank,base_sha256,zip_sha256,source_model_path,notes
task001,false,true,268,268,0,same_as_base,same_as_base,false,,,80f114c73f22f7ad157c399acec303cc928f614e6e5dfb9967b3a921c1f641e2,80f114c73f22f7ad157c399acec303cc928f614e6e5dfb9967b3a921c1f641e2,E:\kagglegolf\data\interim\submission1_compare\task001.onnx,
task002,false,true,268,268,0,same_as_base,same_as_base,false,,,061d2e2653a43e3b6ab1a7b4546a48b6ffa65b23790106ab1742676020c96040,061d2e2653a43e3b6ab1a7b4546a48b6ffa65b23790106ab1742676020c96040,E:\kagglegolf\data\interim\submission1_compare\task002.onnx,
task003,true,true,265,265,0,,,true,GOLF_20260612_094_submission1_valid153_full,1,a41ad7e3efe23c97497862dd91ea554f505de1047f4dd0eda52d917136dde6c3,4b5d1e3c4d1759f460c81eb1629e033ba0167fd5a2de2fbbaf34e310580d6335,E:\kagglegolf\data\interim\submission1_compare\task003.onnx,
task004,false,true,265,265,0,same_as_base,same_as_base,false,,,fc9ef5d39847fe678249f3dd2ef4701d2d49b2afb4c27c424b79b6f9967ca118,fc9ef5d39847fe678249f3dd2ef4701d2d49b2afb4c27c424b79b6f9967ca118,E:\kagglegolf\data\interim\submission1_compare\task004.onnx,
task005,false,true,266,266,0,same_as_base,same_as_base,false,,,c989d743986f147d63585c2e22e752e367106ddc6985982b435a33567b89a2b6,c989d743986f147d63585c2e22e752e367106ddc6985982b435a33567b89a2b6,E:\kagglegolf\data\interim\submission1_compare\task005.onnx,
task006,false,true,266,266,0,same_as_base,same_as_base,false,,,17e048671c7f056a80feba6875cdbb34da1521c36887cfdb399f371d8d5e163c,17e048671c7f056a80feba6875cdbb34da1521c36887cfdb399f371d8d5e163c,E:\kagglegolf\data\interim\submission1_compare\task006.onnx,
task007,false,true,266,266,0,same_as_base,same_as_base,false,,,6df9108f0aec1564c4fd08e1e738288d4247e6be0f49919ed6a106278d0c3981,6df9108f0aec1564c4fd08e1e738288d4247e6be0f49919ed6a106278d0c3981,E:\kagglegolf\data\interim\submission1_compare\task007.onnx,
task008,false,true,266,266,0,same_as_base,same_as_base,false,,,3c6eac13ad355d3b5eef5aeafb8684986bd72b09d2d4270a9db362d33aedc6f9,3c6eac13ad355d3b5eef5aeafb8684986bd72b09d2d4270a9db362d33aedc6f9,E:\kagglegolf\data\interim\submission1_compare\task008.onnx,
task009,false,true,265,265,0,same_as_base,same_as_base,false,,,2043f559e1ee947e2533c1ca00c25a699daed5b516d1bb4bf3515822ea52518d,2043f559e1ee947e2533c1ca00c25a699daed5b516d1bb4bf3515822ea52518d,E:\kagglegolf\data\interim\submission1_compare\task009.onnx,
task010,false,true,265,265,0,same_as_base,same_as_base,false,,,31e8b795ba465955855e8265a882e7fb47a3eeb2b779fa316c16c2bd0905d4cd,31e8b795ba465955855e8265a882e7fb47a3eeb2b779fa316c16c2bd0905d4cd,E:\kagglegolf\data\interim\submission1_compare\task010.onnx,
task011,false,true,267,267,0,same_as_base,same_as_base,false,,,3f64ad20a9feacc16ad2ce2296652dbc2fb5438e444a47af1f885a374cd43046,3f64ad20a9feacc16ad2ce2296652dbc2fb5438e444a47af1f885a374cd43046,E:\kagglegolf\data\interim\submission1_compare\task011.onnx,
task012,true,true,265,265,0,,,true,GOLF_20260612_094_submission1_valid153_full,2,6565dbdc01b75cf0fd11dff727c2312655bcb5fb9e59a8020020ef04a7b5a80c,df320d75ab6b4ecabfe62ab2fba6c963a9060bd9c5703fcede7dc2ff460629bc,E:\kagglegolf\data\interim\submission1_compare\task012.onnx,
task013,false,true,267,267,0,same_as_base,same_as_base,false,,,98f0942c7dbfaf541df9396cfbf3af4d1699a7f8bae9f96b9c4541f220eea98f,98f0942c7dbfaf541df9396cfbf3af4d1699a7f8bae9f96b9c4541f220eea98f,E:\kagglegolf\data\interim\submission1_compare\task013.onnx,
task014,false,true,266,266,0,same_as_base,same_as_base,false,,,33aac8a1b4845a677ce6e8d07d81f5483ca78d158e8f09368fccba9384f7b28f,33aac8a1b4845a677ce6e8d07d81f5483ca78d158e8f09368fccba9384f7b28f,E:\kagglegolf\data\interim\submission1_compare\task014.onnx,
task015,false,true,265,265,0,same_as_base,same_as_base,false,,,1ab641692d1424be973ca0ca5d26e88172d7be86363973c99ffda1b0d2dfd046,1ab641692d1424be973ca0ca5d26e88172d7be86363973c99ffda1b0d2dfd046,E:\kagglegolf\data\interim\submission1_compare\task015.onnx,
task016,false,true,267,267,0,same_as_base,same_as_base,false,,,fb83a8e988f586009bf17279b7aedb194e3492a8e6f357be6d5e9ed903615733,fb83a8e988f586009bf17279b7aedb194e3492a8e6f357be6d5e9ed903615733,E:\kagglegolf\data\interim\submission1_compare\task016.onnx,
task017,true,true,266,266,0,,,true,GOLF_20260612_094_submission1_valid153_full,3,14b6008bee3ad110fe13acf46807befa36512e9975c600252db01f64e0f98a74,fd4f68f5f5ce09acf32f50885bd0d30de56d95c630abe55bd0a1b43fc7c1d980,E:\kagglegolf\data\interim\submission1_compare\task017.onnx,
task018,true,true,266,266,0,,,true,GOLF_20260612_094_submission1_valid153_full,4,a8cfdf61717353b6ea8153f9b8fbd4ecbcef2051a29036dd960d4ecedd07e210,e61eb8b3e99420234b771500d919e8b36d34407a5ca9f24a760d25286029834d,E:\kagglegolf\data\interim\submission1_compare\task018.onnx,
task019,true,false,0,0,0,source_structural_invalid,source_structural_invalid,false,,,b9e7bc0ecebe4cce72ea9df2a550b91561dfd30ed40820c398a63d11402f785a,0b4f7a70e2c5528eb020718c15971c836e75ac3df729f49edaaa21ba2758ce14,E:\kagglegolf\data\interim\submission1_compare\task019.onnx,"load_or_check_error:Fail:[ONNXRuntimeError] : 1 : FAIL : This is an invalid model. Error: two nodes with same node name (output).; Traceback (most recent call last): |   File ""E:\kagglegolf\src\neurogolf\validation.py"", line 70, in validate_onnx_file |     session = ort.InferenceSession(model.SerializeToString(), options, providers=[""CPUExecutionProvider""]) |   File ""E:\anaconda\Lib\site-packages\onnxruntime\capi\onnxruntime_inference_collection.py"", line 530, in __init__ |     self._create_inference_session(providers, provider_options, disabled_optimizers) |     ~~~~~~~~~~~~~~~~~~~~~~~~~~~~~~^^^^^^^^^^^^^^^^^^^^^^^^^^^^^^^"
task020,false,true,266,266,0,same_as_base,same_as_base,false,,,84c9d79ab6dc97852decf7e235909551d572657440976dd2fb72be18997c8d85,84c9d79ab6dc97852decf7e235909551d572657440976dd2fb72be18997c8d85,E:\kagglegolf\data\interim\submission1_compare\task020.onnx,
task021,true,true,77,77,0,,,true,GOLF_20260612_094_submission1_valid153_full,5,eefe0e126005eab1ac65aa41fdc5b14f5d9ae921d8e41ca6dce23a61d5cb7ddc,4cdfcd8ca45d5310ecc71eaa908728eee02b2d6b2fcad92d9fff1f82347fc246,E:\kagglegolf\data\interim\submission1_compare\task021.onnx,
task022,false,true,266,266,0,same_as_base,same_as_base,false,,,c97568f12ccd4cd1ba279f87d1c748542785951464273c2ab4a544bd8be6a451,c97568f12ccd4cd1ba279f87d1c748542785951464273c2ab4a544bd8be6a451,E:\kagglegolf\data\interim\submission1_compare\task022.onnx,
task023,true,true,266,266,0,,,true,GOLF_20260612_094_submission1_valid153_full,6,843b68b1f9dc9c49ab6499eb2b27cb79377266544fbb515d2c700ce581b695ed,aada9396505a876c245c535be3212490f4c7dfd7fe2ff72e152f4e827b68bb02,E:\kagglegolf\data\interim\submission1_compare\task023.onnx,
task024,false,true,266,266,0,same_as_base,same_as_base,false,,,f8a1d671c3118abe56700d79b82cd03b36acad2b03a5453a7790ca311b792d5d,f8a1d671c3118abe56700d79b82cd03b36acad2b03a5453a7790ca311b792d5d,E:\kagglegolf\data\interim\submission1_compare\task024.onnx,
task025,true,true,266,266,0,,,true,GOLF_20260612_094_submission1_valid153_full,7,8af5c50b49f5d98f1afc1df69981e7ab0394291ee5227dd01d45f4380208bd61,82b9c9db84f6555fc6c20dbc2af557e63ef3f123b2bd553d38d3b4fef24775cc,E:\kagglegolf\data\interim\submission1_compare\task025.onnx,
task026,false,true,268,268,0,same_as_base,same_as_base,false,,,6f2ec0df41142b092b3969907e8727615212d3cd6b747e648faaef295b4b0a1a,6f2ec0df41142b092b3969907e8727615212d3cd6b747e648faaef295b4b0a1a,E:\kagglegolf\data\interim\submission1_compare\task026.onnx,
task027,false,true,265,265,0,same_as_base,same_as_base,false,,,363f142181b94485a3cc849cd11a06ce885c6f53763aefc9f8729f5fa5b408e0,363f142181b94485a3cc849cd11a06ce885c6f53763aefc9f8729f5fa5b408e0,E:\kagglegolf\data\interim\submission1_compare\task027.onnx,
task028,false,true,265,265,0,same_as_base,same_as_base,false,,,3656aaec46a53a89d6837b351c3acb2fb0601b5492ecb0a9500654e58d536673,3656aaec46a53a89d6837b351c3acb2fb0601b5492ecb0a9500654e58d536673,E:\kagglegolf\data\interim\submission1_compare\task028.onnx,
task029,false,true,266,266,0,same_as_base,same_as_base,false,,,67b2f5bba2a2aea6aec1a4bebfab5e828d34965219f8f312739337d2e77a59ce,67b2f5bba2a2aea6aec1a4bebfab5e828d34965219f8f312739337d2e77a59ce,E:\kagglegolf\data\interim\submission1_compare\task029.onnx,
task030,true,true,266,266,0,,,true,GOLF_20260612_094_submission1_valid153_full,8,43fd7e732de5f101746ecfc019fbfe0b26d905fa86bda27e5d84faafcc773733,49f70afa0c3bb2108ce61e9d7626455285cbe5bc219b3c5c23f0f0ade2df2e41,E:\kagglegolf\data\interim\submission1_compare\task030.onnx,
task031,false,true,266,266,0,same_as_base,known_strong_negative_probe,false,,,827e7229dd650485407f1ae7c8a511d8abc13716486a76f29cabbe46f1b02945,827e7229dd650485407f1ae7c8a511d8abc13716486a76f29cabbe46f1b02945,E:\kagglegolf\data\interim\submission1_compare\task031.onnx,
task032,false,true,266,266,0,same_as_base,same_as_base,false,,,64d66eeaba95588367af53102ecf4fb2ceb4c93327b677f80f1a9591b342f6a5,64d66eeaba95588367af53102ecf4fb2ceb4c93327b677f80f1a9591b342f6a5,E:\kagglegolf\data\interim\submission1_compare\task032.onnx,
task033,true,true,265,265,0,,,true,GOLF_20260612_094_submission1_valid153_full,9,60ab4cceeab38a8952d0157e862ec2f374a51c7d70c00bdecdf9833a703455b5,a04f39ecc9b3a27fa17844cf38bed1e675957afcb25a29e59bd8625121be66f6,E:\kagglegolf\data\interim\submission1_compare\task033.onnx,
task034,true,true,267,267,0,,,true,GOLF_20260612_094_submission1_valid153_full,10,40e15c163ffd24e22a1ff78e4e3cda24a02c486f385e9e6f18214290493f4ce1,e573d94c4513d329b4803f5ce00a7e9b8eacf892835c09dfe586b0f2405fcb95,E:\kagglegolf\data\interim\submission1_compare\task034.onnx,
task035,true,true,266,266,0,,,true,GOLF_20260612_094_submission1_valid153_full,11,15a9c474e70c83253daaa3ff80387d3b29feadebd4ec8018b87fc277cf69f62a,dd55be51cf6eaec2c6fd475bdf6bdf96360d067cc55dfccb4daf40e574535bc2,E:\kagglegolf\data\interim\submission1_compare\task035.onnx,
task036,true,true,265,265,0,,known_strong_negative_probe,true,GOLF_20260612_094_submission1_valid153_full,12,d7094831039c82b0ccba7ebaa49bf55b3bcdb390b5a794a0b83217daef0c9231,e61580d1484e7c1e716bf8e7cef300b66be411d2be336e5d94263b06e39e7361,E:\kagglegolf\data\interim\submission1_compare\task036.onnx,
task037,false,true,266,266,0,same_as_base,same_as_base,false,,,e19669c0dec2c6b73986d1bd07ec5c19bb0bc452edb6cf3d006f85657ae46d12,e19669c0dec2c6b73986d1bd07ec5c19bb0bc452edb6cf3d006f85657ae46d12,E:\kagglegolf\data\interim\submission1_compare\task037.onnx,
task038,false,true,266,266,0,same_as_base,same_as_base,false,,,0ce0021c1d1f0b43b786a25f2a82f6f95d54ae57c5cbe3c86e09a0db0e960be0,0ce0021c1d1f0b43b786a25f2a82f6f95d54ae57c5cbe3c86e09a0db0e960be0,E:\kagglegolf\data\interim\submission1_compare\task038.onnx,
task039,false,true,264,264,0,same_as_base,same_as_base,false,,,4e9c2db4798edb627e65601fb59b0b194a91b536746f1a97fab3a7317054d3be,4e9c2db4798edb627e65601fb59b0b194a91b536746f1a97fab3a7317054d3be,E:\kagglegolf\data\interim\submission1_compare\task039.onnx,
task040,false,true,266,266,0,same_as_base,same_as_base,false,,,f75c35724647ee41a691e8449bf8b38434ce9912519b1b33845a1eeb08cebff5,f75c35724647ee41a691e8449bf8b38434ce9912519b1b33845a1eeb08cebff5,E:\kagglegolf\data\interim\submission1_compare\task040.onnx,
task041,true,true,266,266,0,,,true,GOLF_20260612_094_submission1_valid153_full,13,2ae5ccde56d9118ad549ef2a4383dfc5a74e4b8fcbbd3b3dc4d09c92209444a6,29b57b78f3df926493f004fcaf27088b8d3d2a73caf5f162a4ecf4ba2dd516e4,E:\kagglegolf\data\interim\submission1_compare\task041.onnx,
task042,false,true,266,266,0,same_as_base,same_as_base,false,,,d87292931a88be1df7b34e6b3c31d2d53813cd397f2211022a425f3fe5c0d61d,d87292931a88be1df7b34e6b3c31d2d53813cd397f2211022a425f3fe5c0d61d,E:\kagglegolf\data\interim\submission1_compare\task042.onnx,
task043,true,true,266,266,0,,,true,GOLF_20260612_094_submission1_valid153_full,14,c52d62c656db03c5ca16dc64271fb472944454fd776904d3b0b7fceaba438f04,2a945f4316fc5e19578aa0780e589557398791bd7b84f1974f1021757eff6f57,E:\kagglegolf\data\interim\submission1_compare\task043.onnx,
task044,true,true,266,266,0,,,true,GOLF_20260612_094_submission1_valid153_full,15,ad6277aa35d9fa6a6e5f59cafeaf36c57098e16ab9758d44cd68bc1944b956b2,5450fb2ef73bd3ce4007b9254840e60fba54ef7669c1a5ef432ef1a2f492f5cc,E:\kagglegolf\data\interim\submission1_compare\task044.onnx,
task045,true,true,265,265,0,,,true,GOLF_20260612_094_submission1_valid153_full,16,1bc115030895e108ad6f7fcf6cc83abbd1ea8a65cf64d8bce537b6021c3ce6d2,bc6885a5afee804f204ccc5340f115b5277a96271d0cc3949ecca67d626083a9,E:\kagglegolf\data\interim\submission1_compare\task045.onnx,
task046,true,true,267,267,0,,,true,GOLF_20260612_094_submission1_valid153_full,17,776e40c71ae05f511e59e234f5f52931c7f966c95b139fed312451a249a5f138,28d2d573f609a36b71e106d2040dad6e37344f9b028057d11f27f2b78262108d,E:\kagglegolf\data\interim\submission1_compare\task046.onnx,
task047,false,true,265,265,0,same_as_base,same_as_base,false,,,51caa99fe3ce9cb3e122d3a78119ede0e5beb0d8940d7959bece25bbe098d26a,51caa99fe3ce9cb3e122d3a78119ede0e5beb0d8940d7959bece25bbe098d26a,E:\kagglegolf\data\interim\submission1_compare\task047.onnx,
task048,true,true,270,270,0,,,true,GOLF_20260612_094_submission1_valid153_full,18,9423c02033058a1188fae998353c04f6fbf4e48361dbee5461896ddd5d49ac28,1dd0132ba9b0f68a7c88dc183a5aaf36e3a36541663990ee34a626032cbd528e,E:\kagglegolf\data\interim\submission1_compare\task048.onnx,
task049,true,true,268,268,0,,,true,GOLF_20260612_094_submission1_valid153_full,19,d742f5db9437894536afe2db2b87d8b3899117c92daf69927ab3854301d03698,9ec30cfad8f1b67c13fd4f8762dc504d2d8626eff0bbb57ef600af0a722c8b61,E:\kagglegolf\data\interim\submission1_compare\task049.onnx,
task050,true,true,271,271,0,,,true,GOLF_20260612_094_submission1_valid153_full,20,a43a64896f788cffb0e83ee188a7680ae80f27578b1bb607a36e32c9a39258ab,f994ca2915ff480c54ac138b11d50b928891f39b284055bb80050aa35e7768d4,E:\kagglegolf\data\interim\submission1_compare\task050.onnx,
task051,true,true,265,265,0,,,true,GOLF_20260612_094_submission1_valid153_full,21,b4e5ecaa156709adf438d5b25e6b077b7392df042f42a51ba7afbccc484d665b,bb5a118075283f8a28d9746d0c68be831c26d65c597e438b2f7068877c91a521,E:\kagglegolf\data\interim\submission1_compare\task051.onnx,
task052,false,true,267,267,0,same_as_base,same_as_base,false,,,195c01dfdaae84b9a7a585295b8d44c1c3741ab522a7e9d472753ad121d8014d,195c01dfdaae84b9a7a585295b8d44c1c3741ab522a7e9d472753ad121d8014d,E:\kagglegolf\data\interim\submission1_compare\task052.onnx,
task053,false,true,60,60,0,same_as_base,same_as_base,false,,,11d2a84ba10862f37e4dae8a206314fd4226f70b6f751eed23e52ba32ebde353,11d2a84ba10862f37e4dae8a206314fd4226f70b6f751eed23e52ba32ebde353,E:\kagglegolf\data\interim\submission1_compare\task053.onnx,
task054,false,true,266,266,0,same_as_base,same_as_base,false,,,da0ea9c4a4e7de7d20e8867f669de546f57874c7e6fa83c850aad07683855ecc,da0ea9c4a4e7de7d20e8867f669de546f57874c7e6fa83c850aad07683855ecc,E:\kagglegolf\data\interim\submission1_compare\task054.onnx,
task055,false,true,263,263,0,same_as_base,same_as_base,false,,,af92ce2ca4857d58e51cfa086182fd59313bd341f4f07fa157fa0f684d675f92,af92ce2ca4857d58e51cfa086182fd59313bd341f4f07fa157fa0f684d675f92,E:\kagglegolf\data\interim\submission1_compare\task055.onnx,
task056,false,true,46,46,0,same_as_base,same_as_base,false,,,9d687659145a785dd2d111cccd06fc2b802bcaaae0c2926b7d39a51406e1254b,9d687659145a785dd2d111cccd06fc2b802bcaaae0c2926b7d39a51406e1254b,E:\kagglegolf\data\interim\submission1_compare\task056.onnx,
task057,true,true,265,265,0,,,true,GOLF_20260612_094_submission1_valid153_full,22,fe350be5b821254295623105c6ae0393b08347b6a27aa04acf209d62e0b39cbd,3630cc1c8bc308666212226a7a4c542f2e451ee6bf6266a143d91cc5d23c5636,E:\kagglegolf\data\interim\submission1_compare\task057.onnx,
task058,false,true,22,22,0,same_as_base,same_as_base,false,,,71e240c72fa17283e6d2dc3cae811ceadda7ba3053e33951bd50565b4eaf652a,71e240c72fa17283e6d2dc3cae811ceadda7ba3053e33951bd50565b4eaf652a,E:\kagglegolf\data\interim\submission1_compare\task058.onnx,
task059,false,true,266,266,0,same_as_base,same_as_base,false,,,6f93fccf92e34dbb6b51e75c53fd4882a6ba090c755d7c47d23c132b936f7520,6f93fccf92e34dbb6b51e75c53fd4882a6ba090c755d7c47d23c132b936f7520,E:\kagglegolf\data\interim\submission1_compare\task059.onnx,
task060,false,true,265,265,0,same_as_base,same_as_base,false,,,03687375b7e8938e4f841fe856da30c83884468ff07c648d7021c6b6748784bd,03687375b7e8938e4f841fe856da30c83884468ff07c648d7021c6b6748784bd,E:\kagglegolf\data\interim\submission1_compare\task060.onnx,
task061,false,true,267,267,0,same_as_base,same_as_base,false,,,27289ea0d11a669fe413e1b05826321af3d079ce8a5555fa2610a93704612c2e,27289ea0d11a669fe413e1b05826321af3d079ce8a5555fa2610a93704612c2e,E:\kagglegolf\data\interim\submission1_compare\task061.onnx,
task062,true,true,267,267,0,,,true,GOLF_20260612_094_submission1_valid153_full,23,1c577ea94e1bc298dfc111e87fedc94e09375ee2dfa75f9f79532ac2214393bf,9785d381bc304273b9c3cb8ed893bcd4e839dc0e91597df16f3222c894f0df05,E:\kagglegolf\data\interim\submission1_compare\task062.onnx,
task063,true,true,266,266,0,,,true,GOLF_20260612_094_submission1_valid153_full,24,5c8811b2da8473750953376c6dbdd913b50bc29b96f9a16a09cf201df9a483ce,f68fa30db8e1f11e24cc92e67d077a5d3719a699edbe33d29a2546fa6d8b3104,E:\kagglegolf\data\interim\submission1_compare\task063.onnx,
task064,true,true,267,267,0,,,true,GOLF_20260612_094_submission1_valid153_full,25,e218f014e0f41fbf58f0a21d6c18ab365d24b6b93f7c8bb533378039b355a02c,6845ede29ad3d85757a34e0c71776cdaf4c368903bc6b6fd2c9e0dfe0b9eafd2,E:\kagglegolf\data\interim\submission1_compare\task064.onnx,
task065,false,true,266,266,0,same_as_base,same_as_base,false,,,92cb5dba08fb950f061cb485387a7c9e6a77adc90a2d35dcde1edca6405889d3,92cb5dba08fb950f061cb485387a7c9e6a77adc90a2d35dcde1edca6405889d3,E:\kagglegolf\data\interim\submission1_compare\task065.onnx,
task066,true,true,266,266,0,,,true,GOLF_20260612_094_submission1_valid153_full,26,bc6e251ce56e4e6a4dd7124d8e0b314653c4ac22f28890a06480dd3a82f58c9f,093ceefef39e1e7ef767ad21d1126c8dc4db62b1f1cbb5388fb1ba3ff46fd8d6,E:\kagglegolf\data\interim\submission1_compare\task066.onnx,
task067,true,true,266,266,0,,,true,GOLF_20260612_094_submission1_valid153_full,27,80727a856c43fb86bbce73182785ec6c239ad422ccc414c00211d847ca4bc472,e823d84640b258f8322dde914f6bd992553a53aadd84d4685cd18da5f1be35e9,E:\kagglegolf\data\interim\submission1_compare\task067.onnx,
task068,false,true,266,266,0,same_as_base,same_as_base,false,,,e490818d91a162474f9a9ed4c4d7a03517788fb18760e2fe6ca209f592660a82,e490818d91a162474f9a9ed4c4d7a03517788fb18760e2fe6ca209f592660a82,E:\kagglegolf\data\interim\submission1_compare\task068.onnx,
task069,false,true,264,264,0,same_as_base,same_as_base,false,,,bfa11e10a1b7754b93ff268324f4bdacfe5ca600d6eaecd3d7ecc21b94d2e194,bfa11e10a1b7754b93ff268324f4bdacfe5ca600d6eaecd3d7ecc21b94d2e194,E:\kagglegolf\data\interim\submission1_compare\task069.onnx,
task070,true,true,266,266,0,,,true,GOLF_20260612_094_submission1_valid153_full,28,da6a8c9ebb7d72009d42cdd04471a87917459e8013701ae96d3f153bfeada7f3,c09e95105072fd97b2106ecebc5fdb42c86bd41e9994b310781aa321351ec9d5,E:\kagglegolf\data\interim\submission1_compare\task070.onnx,
task071,true,true,265,265,0,,,true,GOLF_20260612_094_submission1_valid153_full,29,a386547df7d1b3b8050fff7963329e27d8852517b7d7957c7c05a9b149a7a72e,812fe4b9769dc9eefa3bf7f60ee96927ccd84625836958dd5d934b9a2bd29175,E:\kagglegolf\data\interim\submission1_compare\task071.onnx,
task072,false,true,268,268,0,same_as_base,same_as_base,false,,,ce9138206dc060641e07a1ee45e8b332b0e4bcdfe0a06d625d8668c10d6d33e5,ce9138206dc060641e07a1ee45e8b332b0e4bcdfe0a06d625d8668c10d6d33e5,E:\kagglegolf\data\interim\submission1_compare\task072.onnx,
task073,false,true,15,15,0,same_as_base,same_as_base,false,,,c974fda7fe3001de4bd2200b9065826ac44cf359fcb1949954b82f28411b5b63,c974fda7fe3001de4bd2200b9065826ac44cf359fcb1949954b82f28411b5b63,E:\kagglegolf\data\interim\submission1_compare\task073.onnx,
task074,false,true,267,267,0,same_as_base,same_as_base,false,,,8194b1eba8a395566d686766b74869219cdfdaec5105dbad5f36b6ef32435be8,8194b1eba8a395566d686766b74869219cdfdaec5105dbad5f36b6ef32435be8,E:\kagglegolf\data\interim\submission1_compare\task074.onnx,
task075,false,true,265,265,0,same_as_base,same_as_base,false,,,211a2ab0ea4cb67b9b8714d411d361e7eab6ec1192f0f74155bd9bd9c043c7d1,211a2ab0ea4cb67b9b8714d411d361e7eab6ec1192f0f74155bd9bd9c043c7d1,E:\kagglegolf\data\interim\submission1_compare\task075.onnx,
task076,true,true,266,266,0,,known_strong_negative_probe,true,GOLF_20260612_094_submission1_valid153_full,30,419bbf22d94034edf9dc1d2eed86480945abad297d08dbdaaaaf87ef5d7e2ef5,3dcebbac48a683c893547411cc34cced40e1dcbcabd69b081fc8056047a0fdc7,E:\kagglegolf\data\interim\submission1_compare\task076.onnx,
task077,true,true,266,266,0,,,true,GOLF_20260612_094_submission1_valid153_full,31,fa41c22ac1add176bba7faac5d7d87bc94cc66db2bb70ed54e346f9de4d34613,d1bb1d309a782a1efbee8a9351be60773b91d719e433b44d9f3c1ca984e005e6,E:\kagglegolf\data\interim\submission1_compare\task077.onnx,
task078,false,true,266,266,0,same_as_base,same_as_base,false,,,c33e2e8bb8525ee7c4bfa0aca9ec69955cdd9a97837985fb38efdb309903089a,c33e2e8bb8525ee7c4bfa0aca9ec69955cdd9a97837985fb38efdb309903089a,E:\kagglegolf\data\interim\submission1_compare\task078.onnx,
task079,true,true,266,266,0,,,true,GOLF_20260612_094_submission1_valid153_full,32,4a4f6c8381af1ed692a1d279af1ebacd591befb7b825933520d08519653c1d13,fde7c9debcab44288412cbf510ce0fbf39dc691286af0be4910c387231ee59e9,E:\kagglegolf\data\interim\submission1_compare\task079.onnx,
task080,true,true,231,231,0,,,true,GOLF_20260612_094_submission1_valid153_full,33,d33a1cd4e8af8822d5e8e6c5e24c7af82c78fdf93a5d91691fb7648cb1a42889,e72a80b077aa85aef520e1a2e03678bd110302e237dfeb6688d11e88ebfd8fc9,E:\kagglegolf\data\interim\submission1_compare\task080.onnx,
task081,false,true,264,264,0,same_as_base,same_as_base,false,,,118dc8373587509f07d12aec64778af91edff7253f80e273a30e5863c7b8c91b,118dc8373587509f07d12aec64778af91edff7253f80e273a30e5863c7b8c91b,E:\kagglegolf\data\interim\submission1_compare\task081.onnx,
task082,false,true,265,265,0,same_as_base,same_as_base,false,,,c2726100feab2aab72d85e4d124b0963d797e7b9d3291bbfcb0130f30975c50d,c2726100feab2aab72d85e4d124b0963d797e7b9d3291bbfcb0130f30975c50d,E:\kagglegolf\data\interim\submission1_compare\task082.onnx,
task083,false,true,266,266,0,same_as_base,same_as_base,false,,,3526144719574eafa02b2d1fa33a4be836ec96c267520ddd982697e447b8bc98,3526144719574eafa02b2d1fa33a4be836ec96c267520ddd982697e447b8bc98,E:\kagglegolf\data\interim\submission1_compare\task083.onnx,
task084,false,true,175,175,0,same_as_base,same_as_base,false,,,5bd28bac4f427d16b03dfcb9d4ae68237ccb4bb720b534e0e14b2768658ee6a0,5bd28bac4f427d16b03dfcb9d4ae68237ccb4bb720b534e0e14b2768658ee6a0,E:\kagglegolf\data\interim\submission1_compare\task084.onnx,
task085,false,true,265,265,0,same_as_base,same_as_base,false,,,0cf2b40dcd4fe9bb85de2e251fdca74496734e7c804425012cb1c1110d27505c,0cf2b40dcd4fe9bb85de2e251fdca74496734e7c804425012cb1c1110d27505c,E:\kagglegolf\data\interim\submission1_compare\task085.onnx,
task086,false,true,266,266,0,same_as_base,same_as_base,false,,,a786a589e429892c1114751b2e5d6b83669038bb955a0fd41d08d037fc8dc020,a786a589e429892c1114751b2e5d6b83669038bb955a0fd41d08d037fc8dc020,E:\kagglegolf\data\interim\submission1_compare\task086.onnx,
task087,false,true,266,266,0,same_as_base,known_strong_negative_probe,false,,,fd8bb9f6e85cbfcd68c2edb1cfd2b2968f4ef9066816b2763110e0086381148b,fd8bb9f6e85cbfcd68c2edb1cfd2b2968f4ef9066816b2763110e0086381148b,E:\kagglegolf\data\interim\submission1_compare\task087.onnx,
task088,true,true,267,267,0,,,true,GOLF_20260612_094_submission1_valid153_full,34,9e7ea13b994ebe4fc0cc8c2f4bfd462d7dea74b364500cdd005ee3c8f75db494,e18a0e8bab1d88655ffdae67e8302c0487783d14e670b7dd3d46c629a9ca23c4,E:\kagglegolf\data\interim\submission1_compare\task088.onnx,
task089,false,true,267,267,0,same_as_base,same_as_base,false,,,6b502b05846871ec53995c1f5c9da455a389ed9a1336c0f4ae4255e129e1d093,6b502b05846871ec53995c1f5c9da455a389ed9a1336c0f4ae4255e129e1d093,E:\kagglegolf\data\interim\submission1_compare\task089.onnx,
task090,false,true,267,267,0,same_as_base,same_as_base,false,,,8032717a5846db3d60ae06a4fa0ff8af92327fd6b6102d39eff9ae246e44816a,8032717a5846db3d60ae06a4fa0ff8af92327fd6b6102d39eff9ae246e44816a,E:\kagglegolf\data\interim\submission1_compare\task090.onnx,
task091,false,true,266,266,0,same_as_base,same_as_base,false,,,54b4f81da947fe9e1062238aea5766f1b3401479292e90556a2fac1107b7a72c,54b4f81da947fe9e1062238aea5766f1b3401479292e90556a2fac1107b7a72c,E:\kagglegolf\data\interim\submission1_compare\task091.onnx,
task092,true,true,265,265,0,,,true,GOLF_20260612_094_submission1_valid153_full,35,c29559590a89d115b95fae2f56389a872172f352c8a70b8e6428eff2792af2d7,6592dda90ec6a3238c43eb52d27b7e5da95fba37d2b07da0141fbed78f26f229,E:\kagglegolf\data\interim\submission1_compare\task092.onnx,
task093,false,true,265,265,0,same_as_base,same_as_base,false,,,cd70e073d1fdbf93b6402aa5356e8c8f09529cd3e6048fc5501c4e44bda9d3e5,cd70e073d1fdbf93b6402aa5356e8c8f09529cd3e6048fc5501c4e44bda9d3e5,E:\kagglegolf\data\interim\submission1_compare\task093.onnx,
task094,true,true,265,265,0,,,true,GOLF_20260612_094_submission1_valid153_full,36,f3eb2edb6bee64618f0cafde76e4779933f68b0eb7766ac7ee48d1903aa76c38,e348546397bd807670cbdc15eef418f446b618b6b90787b1d91ec90d28a9056c,E:\kagglegolf\data\interim\submission1_compare\task094.onnx,
task095,false,true,265,265,0,same_as_base,same_as_base,false,,,eca4d38cd8606a930a722084789b856626fff5d4938c02546296c7f3cca109cf,eca4d38cd8606a930a722084789b856626fff5d4938c02546296c7f3cca109cf,E:\kagglegolf\data\interim\submission1_compare\task095.onnx,
task096,true,true,266,266,0,,known_strong_negative_probe,true,GOLF_20260612_094_submission1_valid153_full,37,9662055b98082dafd433fde213a24a4cd9bd9f2c8553e27fce7a873ad6d3b65d,c8d7ebef2642945681dff98d926243357fe50bd71a162cbdaf1d67399e7ff4e4,E:\kagglegolf\data\interim\submission1_compare\task096.onnx,
task097,true,true,267,267,0,,,true,GOLF_20260612_094_submission1_valid153_full,38,7ec9cb7f3db332cc6ae58b6e5b4adc1449b8d910f23ce379f800f0dedf82d74c,7f6ecd5dfcdf09370d46812f345ea9d0b6eccb18d017665e039876a6d408bb15,E:\kagglegolf\data\interim\submission1_compare\task097.onnx,
task098,false,true,266,266,0,same_as_base,same_as_base,false,,,8fff41bf99869a80261fa1ec8461431ffa90e7a616d10c1582642af88b241cde,8fff41bf99869a80261fa1ec8461431ffa90e7a616d10c1582642af88b241cde,E:\kagglegolf\data\interim\submission1_compare\task098.onnx,
task099,false,true,265,265,0,same_as_base,same_as_base,false,,,1e320d88cf0eac19c3c20b9c005a4be28ac50d4bf0a39015404f9deb22a0c31e,1e320d88cf0eac19c3c20b9c005a4be28ac50d4bf0a39015404f9deb22a0c31e,E:\kagglegolf\data\interim\submission1_compare\task099.onnx,
task100,false,true,266,266,0,same_as_base,same_as_base,false,,,dceade053a44b3cc0ee481a2b109060da44f7e12dc34d583c301f1c9d6f84691,dceade053a44b3cc0ee481a2b109060da44f7e12dc34d583c301f1c9d6f84691,E:\kagglegolf\data\interim\submission1_compare\task100.onnx,
task101,true,true,266,266,0,,known_strong_negative_probe,true,GOLF_20260612_094_submission1_valid153_full,39,edd7e165314a501462e02577d29022d3eb27078c4eb090009d5f19a5f0c2fbf1,37c60d906f97eb7e1c50c45d33a7cb8dfd607905afbf2a0982acbbe0fefaf2ce,E:\kagglegolf\data\interim\submission1_compare\task101.onnx,
task102,false,true,267,267,0,same_as_base,same_as_base,false,,,cc365e63ef990f74c1acebc3f6902a363a22e1a7ce155012c181bd727e059ead,cc365e63ef990f74c1acebc3f6902a363a22e1a7ce155012c181bd727e059ead,E:\kagglegolf\data\interim\submission1_compare\task102.onnx,
task103,false,true,223,223,0,same_as_base,same_as_base,false,,,b3c052cdc64fa19a71396b9bc19a9017a70fae4e77cf764756b4e7eac2a36d4f,b3c052cdc64fa19a71396b9bc19a9017a70fae4e77cf764756b4e7eac2a36d4f,E:\kagglegolf\data\interim\submission1_compare\task103.onnx,
task104,false,true,7,7,0,same_as_base,same_as_base,false,,,2a9e28757c576c2248ca53c517bd98d43633ab65ecfa9542bebc9fc050ad2b0a,2a9e28757c576c2248ca53c517bd98d43633ab65ecfa9542bebc9fc050ad2b0a,E:\kagglegolf\data\interim\submission1_compare\task104.onnx,
task105,true,true,266,266,0,,,true,GOLF_20260612_094_submission1_valid153_full,40,c98b3f63a51b63155aeb92f922cbf3f241f84285f5f1705a033e4773d25b47ea,3aa13807cc3d8b1d8248a7c3f9cd086432071c5db3918073e589ab2d3879b3e8,E:\kagglegolf\data\interim\submission1_compare\task105.onnx,
task106,false,true,266,266,0,same_as_base,same_as_base,false,,,9b54191da37371effdb80aaca05a4cddbabc19d25cbc1ebceae1d85a897c6698,9b54191da37371effdb80aaca05a4cddbabc19d25cbc1ebceae1d85a897c6698,E:\kagglegolf\data\interim\submission1_compare\task106.onnx,
task107,false,true,266,266,0,same_as_base,same_as_base,false,,,486d43b947a10c096cd5abb2121faf5664c1d92f9d0196957cff677676caa5cf,486d43b947a10c096cd5abb2121faf5664c1d92f9d0196957cff677676caa5cf,E:\kagglegolf\data\interim\submission1_compare\task107.onnx,
task108,false,true,266,266,0,same_as_base,same_as_base,false,,,825c078fdd5cf248ddfcf1d91c57c125e6e2213304022e67810f2d3aaee2922c,825c078fdd5cf248ddfcf1d91c57c125e6e2213304022e67810f2d3aaee2922c,E:\kagglegolf\data\interim\submission1_compare\task108.onnx,
task109,true,true,266,266,0,,,true,GOLF_20260612_094_submission1_valid153_full,41,d2ade70f5e497c980bfbb088e8cc977d66bc76830c18c7e11004e7eddfa1f726,33c0b07e7cb57d67107d479bf3dc2df05ccef8c5e7372611390334fa938df836,E:\kagglegolf\data\interim\submission1_compare\task109.onnx,
task110,true,true,266,266,0,,,true,GOLF_20260612_094_submission1_valid153_full,42,e4739a705f5fbfd017cae694f600491e18fb46bd3b825c8e8b6959a5a846bd85,5826edebd89e83d2f5648e6add0bb611257ef4522e5edec508f5a695317cf9ce,E:\kagglegolf\data\interim\submission1_compare\task110.onnx,
task111,false,true,265,265,0,same_as_base,same_as_base,false,,,c01911e7f5493ba19bcc496b439eb2106bd44f79305daefd94e102a96691a8ca,c01911e7f5493ba19bcc496b439eb2106bd44f79305daefd94e102a96691a8ca,E:\kagglegolf\data\interim\submission1_compare\task111.onnx,
task112,false,true,266,266,0,same_as_base,same_as_base,false,,,c9d107e03bcc1559d05367b27fca4117a92b4a4e65d2103d0e57fd16eebe58ca,c9d107e03bcc1559d05367b27fca4117a92b4a4e65d2103d0e57fd16eebe58ca,E:\kagglegolf\data\interim\submission1_compare\task112.onnx,
task113,false,true,265,265,0,same_as_base,same_as_base,false,,,356a5f1e2200cf2560f6c836ce7d21eca6b6cad9e68015c2ae31639613ef9b09,356a5f1e2200cf2560f6c836ce7d21eca6b6cad9e68015c2ae31639613ef9b09,E:\kagglegolf\data\interim\submission1_compare\task113.onnx,
task114,true,true,266,266,0,,,true,GOLF_20260612_094_submission1_valid153_full,43,aed6f07e711d7d6a4c6973c45628350a61c075e8b06430cca4ea0231c2a89643,86f4d7b823411ff9cf52714726f8c6e31b1d9ee36208a1129b192228e535e707,E:\kagglegolf\data\interim\submission1_compare\task114.onnx,
task115,true,true,266,266,0,,,true,GOLF_20260612_094_submission1_valid153_full,44,31000be51fa693d43fec7d0ab26ab9209ccae70089192d2d90c6d557322e6518,2a38ed5da71c75fff0cc16af99a7aeef7163e4b5d2f7a2b97367c3655d8c951f,E:\kagglegolf\data\interim\submission1_compare\task115.onnx,
task116,false,true,267,267,0,same_as_base,same_as_base,false,,,3f87aab73b8c538752ffb070a34dd07ef95ccba2d299bd7526da67fcf956e1e5,3f87aab73b8c538752ffb070a34dd07ef95ccba2d299bd7526da67fcf956e1e5,E:\kagglegolf\data\interim\submission1_compare\task116.onnx,
task117,true,true,265,265,0,,,true,GOLF_20260612_094_submission1_valid153_full,45,0323453365e28b0b3dcd999db481fc9bdfc646c446802f6b6fa0d05af64feff6,8a0cf989514a3d8fbbc61e7212146462d40877f07d7d1e47035271d0ce68544c,E:\kagglegolf\data\interim\submission1_compare\task117.onnx,
task118,true,true,267,267,0,,,true,GOLF_20260612_094_submission1_valid153_full,46,97438b5c21bb19e585d3fceec251469c7b374cd4a076c5688816618e34f13133,7185d7171c666619593c26811ce9acb9d6377f0fffc5412496140f7e96eafc9a,E:\kagglegolf\data\interim\submission1_compare\task118.onnx,
task119,true,true,266,266,0,,,true,GOLF_20260612_094_submission1_valid153_full,47,e28ec75e50bffa295b2547cef5106f07f09481930b2fed32804a37492b509834,00203db2d8d2359c1e77c1de882b0a4740b9b8bcb677f13e168d249284569556,E:\kagglegolf\data\interim\submission1_compare\task119.onnx,
task120,false,true,266,266,0,same_as_base,same_as_base,false,,,13dafeb021b56dac928f38d32b4a0b841fcf481296ab752c9ac203fa425e1acc,13dafeb021b56dac928f38d32b4a0b841fcf481296ab752c9ac203fa425e1acc,E:\kagglegolf\data\interim\submission1_compare\task120.onnx,
task121,false,true,266,266,0,same_as_base,same_as_base,false,,,03880dc2a72d6781722a53ffad4b506867ebd9f9c0a7faae3760807eabe67856,03880dc2a72d6781722a53ffad4b506867ebd9f9c0a7faae3760807eabe67856,E:\kagglegolf\data\interim\submission1_compare\task121.onnx,
task122,false,true,266,266,0,same_as_base,same_as_base,false,,,d932a3ac54fb54cc09d9cdbaab21ba4e9165ed9a6a8e01b9e0c49fb972269b75,d932a3ac54fb54cc09d9cdbaab21ba4e9165ed9a6a8e01b9e0c49fb972269b75,E:\kagglegolf\data\interim\submission1_compare\task122.onnx,
task123,false,true,265,265,0,same_as_base,same_as_base,false,,,279e30eeb7542dbd370e4d30d925cfe5037c79fe1013ddd68533c0612f2dd122,279e30eeb7542dbd370e4d30d925cfe5037c79fe1013ddd68533c0612f2dd122,E:\kagglegolf\data\interim\submission1_compare\task123.onnx,
task124,false,true,267,267,0,same_as_base,same_as_base,false,,,da414abc8e11d3e2038a3d6606b2781ef28d37a402428e1d219ee350a98f9bf4,da414abc8e11d3e2038a3d6606b2781ef28d37a402428e1d219ee350a98f9bf4,E:\kagglegolf\data\interim\submission1_compare\task124.onnx,
task125,false,true,265,265,0,same_as_base,same_as_base,false,,,6de7e9bc3627a673cfcc21fae47c3975d84f2be82b97a1f3e72653fb14ecbc96,6de7e9bc3627a673cfcc21fae47c3975d84f2be82b97a1f3e72653fb14ecbc96,E:\kagglegolf\data\interim\submission1_compare\task125.onnx,
task126,true,true,266,266,0,,,true,GOLF_20260612_094_submission1_valid153_full,48,b86dafbc68af0e5b698f0241dd534874e44ffd9dfca8bac7b89280a3534f3824,8e93be21471612d73d6a355b75f77643aee6ad8bcb3f895096c690e89e656965,E:\kagglegolf\data\interim\submission1_compare\task126.onnx,
task127,false,true,267,267,0,same_as_base,same_as_base,false,,,81f551a5b779e861ce371fdc4697595db753242954a60c50a3ac8e3108937d97,81f551a5b779e861ce371fdc4697595db753242954a60c50a3ac8e3108937d97,E:\kagglegolf\data\interim\submission1_compare\task127.onnx,
task128,true,true,266,266,0,,,true,GOLF_20260612_094_submission1_valid153_full,49,f79a5c97a3a387fb121f5376e42f6006a4fabccee722aa8e36e7c50731032d02,363cdc51800d2e838c05b68d9ce1698a6940e677e6eb7ad2aac04a44b7b0b2f2,E:\kagglegolf\data\interim\submission1_compare\task128.onnx,
task129,true,true,265,265,0,,,true,GOLF_20260612_094_submission1_valid153_full,50,7a16c61d6646c982f3743a1374126823963a0502dd58b1612c5a93466c0b47a6,728f63fb36979fd5cd4db20aa2b8b128603016a86250a5df2cdbca61d2d2662c,E:\kagglegolf\data\interim\submission1_compare\task129.onnx,
task130,true,true,265,265,0,,,true,GOLF_20260612_094_submission1_valid153_full,51,d9ed4ee0f1dfb024e9ac96b996f6525c4996dc43e8889fed857532f48130e05c,d3ec39be60c60d576d5049092605b913ffb33cb000a16c224837eb4337e9125f,E:\kagglegolf\data\interim\submission1_compare\task130.onnx,
task131,false,true,266,266,0,same_as_base,same_as_base,false,,,aef2df6731cdd0168ed41a7637a2b939bb42ff5efe498e6732b1bc4fa4aa2d64,aef2df6731cdd0168ed41a7637a2b939bb42ff5efe498e6732b1bc4fa4aa2d64,E:\kagglegolf\data\interim\submission1_compare\task131.onnx,
task132,false,true,267,267,0,same_as_base,same_as_base,false,,,02558813adda79590927fa1e3d0be80af0e44475a6abbd69beb0d87da57bfdbb,02558813adda79590927fa1e3d0be80af0e44475a6abbd69beb0d87da57bfdbb,E:\kagglegolf\data\interim\submission1_compare\task132.onnx,
task133,true,true,267,267,0,,,true,GOLF_20260612_094_submission1_valid153_full,52,e62eb5a9a2a4edd22e15bb60cf6385817bb390a6d88aed743ce640c676fd27d4,737bfa2c0ed9913a2255db0ac20a61479c18eb0adc200069a94d2bc040a13c9e,E:\kagglegolf\data\interim\submission1_compare\task133.onnx,
task134,true,true,266,266,0,,,true,GOLF_20260612_094_submission1_valid153_full,53,ebac6df9c67e6a5994d4bba6812140b061485cbcecda2d2573a8d88fc9e1ac49,69e4077991bda87cec3c70b2f9fdabada868ab4f9d87898e897ff413e3fc85aa,E:\kagglegolf\data\interim\submission1_compare\task134.onnx,
task135,false,true,266,266,0,same_as_base,same_as_base,false,,,a6eca6896b1dbbcd1bf944fb6c9538e2c5fc2cf15786dac3b683be3574fcd543,a6eca6896b1dbbcd1bf944fb6c9538e2c5fc2cf15786dac3b683be3574fcd543,E:\kagglegolf\data\interim\submission1_compare\task135.onnx,
task136,false,true,266,266,0,same_as_base,same_as_base,false,,,3034cc00b57cebd3f428b9a03cc040332b2aa5f9ea0744b2ee359b54bd1083f5,3034cc00b57cebd3f428b9a03cc040332b2aa5f9ea0744b2ee359b54bd1083f5,E:\kagglegolf\data\interim\submission1_compare\task136.onnx,
task137,true,true,266,266,0,,,true,GOLF_20260612_094_submission1_valid153_full,54,e2949632a6dcbf2d85e99913160d5788114fe740f599caf7373ab759540d202d,a69f7af541a6cf26b2c823108bdf2a7e313c9d8b0d1f377a3e491d16fb75e3a2,E:\kagglegolf\data\interim\submission1_compare\task137.onnx,
task138,true,true,266,266,0,,,true,GOLF_20260612_094_submission1_valid153_full,55,85079e74a2e878fa8ea65d84e8c2411e675efe25045d0694289cb3a3e62d9aee,5d59a062b0198261341c4fb7c3468aa3f536ba7ddba2687b9ea508d6a80bda0c,E:\kagglegolf\data\interim\submission1_compare\task138.onnx,
task139,false,true,265,265,0,same_as_base,same_as_base,false,,,e3e6133e136fc342560390d22bb08861dc290ef6c9f64e8854070984d4a5946f,e3e6133e136fc342560390d22bb08861dc290ef6c9f64e8854070984d4a5946f,E:\kagglegolf\data\interim\submission1_compare\task139.onnx,
task140,false,true,265,265,0,same_as_base,known_strong_negative_probe,false,,,35298d837506c049f25a80c79e44804bf5b76de02a18f7c2e3bf35a0e4b535c9,35298d837506c049f25a80c79e44804bf5b76de02a18f7c2e3bf35a0e4b535c9,E:\kagglegolf\data\interim\submission1_compare\task140.onnx,
task141,false,true,265,265,0,same_as_base,same_as_base,false,,,419409ee1ef9989b22aaba718cfe107b9d915bb476e1f4edee982507a294cede,419409ee1ef9989b22aaba718cfe107b9d915bb476e1f4edee982507a294cede,E:\kagglegolf\data\interim\submission1_compare\task141.onnx,
task142,false,true,266,266,0,same_as_base,same_as_base,false,,,b525fbe662a950ccba343052e36da4678bbd57b9039d4f6c5a15f3c0a16fd54a,b525fbe662a950ccba343052e36da4678bbd57b9039d4f6c5a15f3c0a16fd54a,E:\kagglegolf\data\interim\submission1_compare\task142.onnx,
task143,true,true,266,266,0,,,true,GOLF_20260612_094_submission1_valid153_full,56,545186fc1e5605ade4d666e87702a09678e9c34c1449945e1a0fdef567cea868,c0f6da2d4f6d671d1c7570be65e0876bebb62502485289065bb9a13e702104cd,E:\kagglegolf\data\interim\submission1_compare\task143.onnx,
task144,false,true,267,267,0,same_as_base,same_as_base,false,,,e4f87f7c8573c08ffd41e89f094d4e46ec04360c13b6e15bbeef1619434c1c23,e4f87f7c8573c08ffd41e89f094d4e46ec04360c13b6e15bbeef1619434c1c23,E:\kagglegolf\data\interim\submission1_compare\task144.onnx,
task145,false,true,267,267,0,same_as_base,same_as_base,false,,,56b66728666329e2dd3c2c70b5c11b0cecc7b7dbeadcc916e3420976161016e6,56b66728666329e2dd3c2c70b5c11b0cecc7b7dbeadcc916e3420976161016e6,E:\kagglegolf\data\interim\submission1_compare\task145.onnx,
task146,false,true,267,267,0,same_as_base,same_as_base,false,,,773d61ca46def6d1e9fdb7916c51a9f5e99a5d39640f394231b2b05a400c4a31,773d61ca46def6d1e9fdb7916c51a9f5e99a5d39640f394231b2b05a400c4a31,E:\kagglegolf\data\interim\submission1_compare\task146.onnx,
task147,false,true,267,267,0,same_as_base,same_as_base,false,,,e65dc2d49c2dd32775575699e73cb1ad0aca1fcca0a87fcec26127b52f631670,e65dc2d49c2dd32775575699e73cb1ad0aca1fcca0a87fcec26127b52f631670,E:\kagglegolf\data\interim\submission1_compare\task147.onnx,
task148,false,true,266,266,0,same_as_base,same_as_base,false,,,977766efe15f7fabde643b68e24ea47cc5d9069210a295f8ba0c7ab3a2f5b9de,977766efe15f7fabde643b68e24ea47cc5d9069210a295f8ba0c7ab3a2f5b9de,E:\kagglegolf\data\interim\submission1_compare\task148.onnx,
task149,false,true,267,267,0,same_as_base,same_as_base,false,,,f868e04b59ba1d62bada5f98a863145ecfac9cc5e5159b900910227e306b14a9,f868e04b59ba1d62bada5f98a863145ecfac9cc5e5159b900910227e306b14a9,E:\kagglegolf\data\interim\submission1_compare\task149.onnx,
task150,true,true,266,266,0,,,true,GOLF_20260612_094_submission1_valid153_full,57,fa6c3f873e1f41fbd71c214d7f12aff9a1541155bd85dec08e71a57f7a00767d,47b346b656b3d784c863b8085f5fb0211a69cda64f25a8b568506cd6587b7235,E:\kagglegolf\data\interim\submission1_compare\task150.onnx,
task151,false,true,266,266,0,same_as_base,same_as_base,false,,,265a8eb2b997ae3dae68af150413ae0c0301bc004251e92a8beb0dc79bd2e36b,265a8eb2b997ae3dae68af150413ae0c0301bc004251e92a8beb0dc79bd2e36b,E:\kagglegolf\data\interim\submission1_compare\task151.onnx,
task152,false,true,267,267,0,same_as_base,same_as_base,false,,,b525fbe662a950ccba343052e36da4678bbd57b9039d4f6c5a15f3c0a16fd54a,b525fbe662a950ccba343052e36da4678bbd57b9039d4f6c5a15f3c0a16fd54a,E:\kagglegolf\data\interim\submission1_compare\task152.onnx,
task153,true,true,265,265,0,,,true,GOLF_20260612_094_submission1_valid153_full,58,1541efbf7c65a0ce7751c3de55ca830c1e3be72c892907d1be799b88a93ccbdd,018c37f810efa0856dad4fc663d076e359f50107fc292639774ca01761fd38df,E:\kagglegolf\data\interim\submission1_compare\task153.onnx,
task154,true,true,266,266,0,,,true,GOLF_20260612_094_submission1_valid153_full,59,35c770b70ce31bc2a5733f0892f4b5869c0192f83503691b877e875081b0463c,431dc2b91f1aa46b3963391430cc2f18cf4640e59f820396483e80da06a00198,E:\kagglegolf\data\interim\submission1_compare\task154.onnx,
task155,true,true,266,266,0,,,true,GOLF_20260612_094_submission1_valid153_full,60,adf050cbac464abad2288e60422381804160c3a24b48b438b89d06119a97b13c,d1fb606e6b2cf84cc3fea294aea04167be57943001f3a7883d655af243456eea,E:\kagglegolf\data\interim\submission1_compare\task155.onnx,
task156,true,true,265,265,0,,,true,GOLF_20260612_094_submission1_valid153_full,61,020a87a1e08700317af1037273607d4d841b161f799fa0d597c70095d205cdc0,69a29b9db4f24ed12ffc1806166188b88bbeba4a4f5a90eb2bc89f288664dc92,E:\kagglegolf\data\interim\submission1_compare\task156.onnx,
task157,true,true,265,265,0,,,true,GOLF_20260612_094_submission1_valid153_full,62,bebc598c0846d1daa6940fcd47c8470f393323b28894fde4c852a4ce5041e600,48d89f22feacbd2ad1a72e59d63eeb2e96e22859ca8090896909016fb9aaa9ab,E:\kagglegolf\data\interim\submission1_compare\task157.onnx,
task158,true,true,266,266,0,,,true,GOLF_20260612_094_submission1_valid153_full,63,c8e29907c3fb688d92926b106afb6c2133f13dd11f6cf6629a94c9bc5b1323d7,85090e99a11488b681438e36075cf9a3b178cd6416dc768ef0d51ad412a97369,E:\kagglegolf\data\interim\submission1_compare\task158.onnx,
task159,false,true,265,265,0,same_as_base,same_as_base,false,,,e4e7b316e65ee57a33f67c10d5ff18c8553e6b4de6af4a89d7687611458081e5,e4e7b316e65ee57a33f67c10d5ff18c8553e6b4de6af4a89d7687611458081e5,E:\kagglegolf\data\interim\submission1_compare\task159.onnx,
task160,false,true,265,265,0,same_as_base,same_as_base,false,,,54c4ad8e4c07f6fa403225ae55eaa23ce422d04dec75873f6c7f528f9df2931c,54c4ad8e4c07f6fa403225ae55eaa23ce422d04dec75873f6c7f528f9df2931c,E:\kagglegolf\data\interim\submission1_compare\task160.onnx,
task161,true,true,266,266,0,,,true,GOLF_20260612_094_submission1_valid153_full,64,2d7de8e1b4ed2bbcf02e9c30f7161ad0c01bf7c326b6a5608b419596eec5cf5f,7b668a2e3d833898357236d6121a08ed3327a6b9b85f76f38b7478ce5feddb66,E:\kagglegolf\data\interim\submission1_compare\task161.onnx,
task162,false,true,266,266,0,same_as_base,same_as_base,false,,,29467827e023a09da29f2c6bcf10d77d7bff035e613d5615f27d623e6f2f3224,29467827e023a09da29f2c6bcf10d77d7bff035e613d5615f27d623e6f2f3224,E:\kagglegolf\data\interim\submission1_compare\task162.onnx,
task163,false,true,267,267,0,same_as_base,same_as_base,false,,,89d1c947e02998e29fa129f17ee0a0b7776ebddf79af4afca48b5e1799c099c0,89d1c947e02998e29fa129f17ee0a0b7776ebddf79af4afca48b5e1799c099c0,E:\kagglegolf\data\interim\submission1_compare\task163.onnx,
task164,false,true,267,267,0,same_as_base,same_as_base,false,,,250771b94d3db4658d4ac04e3bd9a0740f2af0f3aba0bb9b5df4d6181bb470d4,250771b94d3db4658d4ac04e3bd9a0740f2af0f3aba0bb9b5df4d6181bb470d4,E:\kagglegolf\data\interim\submission1_compare\task164.onnx,
task165,true,true,265,265,0,,,true,GOLF_20260612_094_submission1_valid153_full,65,84191da6721ff334125fd7fa8616eb9122ba801b8e467d4f0bac42cdd367fab2,4c4194a94301019bc8116296eda2cd4ef8b9ce275071da3d344e4a9fef243f34,E:\kagglegolf\data\interim\submission1_compare\task165.onnx,
task166,true,true,266,266,0,,protected_current_best_task,true,GOLF_20260612_094_submission1_valid153_full,66,b5b1b301cbd69794e07a0991db4ca20c44237ae7c8c170faa180e84733bf89fa,635ac35cdaf739d7549ee8cd70b4042ae832ff18d2798a37fb1e315bb0990a02,E:\kagglegolf\data\interim\submission1_compare\task166.onnx,
task167,false,true,268,268,0,same_as_base,same_as_base,false,,,71960feaa6f01d141e2e847cf629191d99e40b6ceb0199f2c3f955b43a84d6d9,71960feaa6f01d141e2e847cf629191d99e40b6ceb0199f2c3f955b43a84d6d9,E:\kagglegolf\data\interim\submission1_compare\task167.onnx,
task168,false,true,265,265,0,same_as_base,same_as_base,false,,,24e27e72411c8561da75b446c8d7253b7581784b14d9d8063097e06ac83fac71,24e27e72411c8561da75b446c8d7253b7581784b14d9d8063097e06ac83fac71,E:\kagglegolf\data\interim\submission1_compare\task168.onnx,
task169,false,true,266,266,0,same_as_base,same_as_base,false,,,8f1a1bcaa371d02dc91ac01a00326e44103b6342d849f00a509316c99f1643a0,8f1a1bcaa371d02dc91ac01a00326e44103b6342d849f00a509316c99f1643a0,E:\kagglegolf\data\interim\submission1_compare\task169.onnx,
task170,false,true,266,266,0,same_as_base,same_as_base,false,,,40c7d62d579c2d8926059eb3c557934286ca2ed2507772f25b157bc0a91d75ba,40c7d62d579c2d8926059eb3c557934286ca2ed2507772f25b157bc0a91d75ba,E:\kagglegolf\data\interim\submission1_compare\task170.onnx,
task171,false,true,54,54,0,same_as_base,same_as_base,false,,,c0dccfce69e87e53b68a617cc0ce6da5c9659180ce2acc2a46007c9915c524cb,c0dccfce69e87e53b68a617cc0ce6da5c9659180ce2acc2a46007c9915c524cb,E:\kagglegolf\data\interim\submission1_compare\task171.onnx,
task172,false,true,267,267,0,same_as_base,same_as_base,false,,,aa923630b6479cf1a1f5e7b7bfe2e4947e1c8ba8edba4f31d250b0b2f0c98dde,aa923630b6479cf1a1f5e7b7bfe2e4947e1c8ba8edba4f31d250b0b2f0c98dde,E:\kagglegolf\data\interim\submission1_compare\task172.onnx,
task173,false,true,266,266,0,same_as_base,same_as_base,false,,,6422b0cd8c4551cb02c6733546b9d7f1b9130a0e4e58c7132e4791558a968ec7,6422b0cd8c4551cb02c6733546b9d7f1b9130a0e4e58c7132e4791558a968ec7,E:\kagglegolf\data\interim\submission1_compare\task173.onnx,
task174,false,true,266,266,0,same_as_base,same_as_base,false,,,4501407339b9e160ae271315971c5baa39151bb8f252ce075fee7e027ffb1686,4501407339b9e160ae271315971c5baa39151bb8f252ce075fee7e027ffb1686,E:\kagglegolf\data\interim\submission1_compare\task174.onnx,
task175,true,true,266,266,0,,,true,GOLF_20260612_094_submission1_valid153_full,67,0b83fcaee1890aa837935876092644cb56c2acf1f7249d8fb3ae79877ef09f4d,34d32e6d5640ef09f9dcf9015bd45da95a675c332ec81a50872db3e48f6cd0c2,E:\kagglegolf\data\interim\submission1_compare\task175.onnx,
task176,false,true,25,25,0,same_as_base,same_as_base,false,,,e323248617622d6f3ec11b2d387952fea83ecc2fed3bdb998ca12143a2168c6b,e323248617622d6f3ec11b2d387952fea83ecc2fed3bdb998ca12143a2168c6b,E:\kagglegolf\data\interim\submission1_compare\task176.onnx,
task177,true,true,265,265,0,,,true,GOLF_20260612_094_submission1_valid153_full,68,cf49f3845c907c5c58bfc44858a09562b29c11f7bc05ec633f96e70552287949,a48affd1513931704af08c2d9b7d2d5ef0697b2f666ad7de215ea6b35dc9807a,E:\kagglegolf\data\interim\submission1_compare\task177.onnx,
task178,false,true,268,268,0,same_as_base,same_as_base,false,,,c2f0c1d677da311985f834085366125c2a4faec37223824d2e9b67736fe56dde,c2f0c1d677da311985f834085366125c2a4faec37223824d2e9b67736fe56dde,E:\kagglegolf\data\interim\submission1_compare\task178.onnx,
task179,false,true,267,267,0,same_as_base,same_as_base,false,,,bde695a21a93b9e2084a9b7e8a8bee5f2cdc694baa71a12d1c34ae921a89cb87,bde695a21a93b9e2084a9b7e8a8bee5f2cdc694baa71a12d1c34ae921a89cb87,E:\kagglegolf\data\interim\submission1_compare\task179.onnx,
task180,false,true,268,268,0,same_as_base,same_as_base,false,,,8f6b55aa41b48daa3c5bde2cf091752666c75e5b3b9acd0b61ce5c378a8988a7,8f6b55aa41b48daa3c5bde2cf091752666c75e5b3b9acd0b61ce5c378a8988a7,E:\kagglegolf\data\interim\submission1_compare\task180.onnx,
task181,false,true,266,266,0,same_as_base,same_as_base,false,,,d5e423513a6d975dcf970b7fa00306491312801ed8b9c3232bddaa05e5217ae9,d5e423513a6d975dcf970b7fa00306491312801ed8b9c3232bddaa05e5217ae9,E:\kagglegolf\data\interim\submission1_compare\task181.onnx,
task182,true,true,267,267,0,,,true,GOLF_20260612_094_submission1_valid153_full,69,ac66100a38fea7434d77281bd097aeef12f2aec315a35796a7e7566e7d2a3ade,42774d36b7516027374222dd03588085e031c87d23dabee8e902c7af0eefde4c,E:\kagglegolf\data\interim\submission1_compare\task182.onnx,
task183,true,true,265,265,0,,,true,GOLF_20260612_094_submission1_valid153_full,70,f4b7005b4290adc5dea5ec89a9355c9f2409a0512a488a0a99a808732f9b6fdc,762495783972db491426689535f23c0e31934b952950d7365010d14657612a93,E:\kagglegolf\data\interim\submission1_compare\task183.onnx,
task184,true,true,169,169,0,,,true,GOLF_20260612_094_submission1_valid153_full,71,e2dcc9362cac03db34174d9cfe83b4528b95b776befd30fdd1cdc73bfb758161,38ef8617512f59fc08104ce82521db41026620814e0a3e1b78b151b6922b921c,E:\kagglegolf\data\interim\submission1_compare\task184.onnx,
task185,false,true,267,267,0,same_as_base,same_as_base,false,,,dbc48d1e31979b5114d5df411783ca8989f9ae9c4bd063f24eb529ea5d5b1dae,dbc48d1e31979b5114d5df411783ca8989f9ae9c4bd063f24eb529ea5d5b1dae,E:\kagglegolf\data\interim\submission1_compare\task185.onnx,
task186,false,true,267,267,0,same_as_base,same_as_base,false,,,5f12ebe1ba6f496ac5712d9d6c43d990aba0f2edfb4474275efbbbce95cef086,5f12ebe1ba6f496ac5712d9d6c43d990aba0f2edfb4474275efbbbce95cef086,E:\kagglegolf\data\interim\submission1_compare\task186.onnx,
task187,false,true,266,266,0,same_as_base,same_as_base,false,,,cbbdb8dc3a707e455a832bcae8af23d3f17b06d5d24522d51bd63d5831282515,cbbdb8dc3a707e455a832bcae8af23d3f17b06d5d24522d51bd63d5831282515,E:\kagglegolf\data\interim\submission1_compare\task187.onnx,
task188,true,true,266,266,0,,,true,GOLF_20260612_094_submission1_valid153_full,72,b48429ec56843515f15fb784b0246488517e52cca244ecee0a432bfdacfcdec0,24fe79f84ed47348123b4bbe1ed451319232b00100b42cf8ade8b8772a56833e,E:\kagglegolf\data\interim\submission1_compare\task188.onnx,
task189,false,true,266,266,0,same_as_base,same_as_base,false,,,fa7e9452713b624f61ee082a94e71437e44e5d608c16d3ffc5d70c49544f35be,fa7e9452713b624f61ee082a94e71437e44e5d608c16d3ffc5d70c49544f35be,E:\kagglegolf\data\interim\submission1_compare\task189.onnx,
task190,false,true,266,266,0,same_as_base,same_as_base,false,,,0a31ba38881a6fc4af83224d1aa59f0a876aea5808f55f95707b8c5975ac4c06,0a31ba38881a6fc4af83224d1aa59f0a876aea5808f55f95707b8c5975ac4c06,E:\kagglegolf\data\interim\submission1_compare\task190.onnx,
task191,true,true,267,267,0,,,true,GOLF_20260612_094_submission1_valid153_full,73,3e3ea66f05444e9801586398edeb7cb3b3ac417fddb428894e250f47c553c7f7,392eb9e8b471bad365b052df5e1f4791ce561d26d9a473d1e9be61a1c85bd191,E:\kagglegolf\data\interim\submission1_compare\task191.onnx,
task192,true,true,265,265,0,,,true,GOLF_20260612_094_submission1_valid153_full,74,02da2ed1d0363997e45f8c5bfe6fef9b8de614300b6189a91ffc9a8d49a37a05,ed40b9957619db2d477bd10615f4d3c75eda1fabb328e54aaa5a20cc18f73d61,E:\kagglegolf\data\interim\submission1_compare\task192.onnx,
task193,false,true,266,266,0,same_as_base,same_as_base,false,,,1184ed012012ee9bc87677fea86382acea9bc6b8979f087a5b3500492d6138dd,1184ed012012ee9bc87677fea86382acea9bc6b8979f087a5b3500492d6138dd,E:\kagglegolf\data\interim\submission1_compare\task193.onnx,
task194,false,true,266,266,0,same_as_base,same_as_base,false,,,5a188032e9933c63bea9816c0846001d769eb356d00653af9e5e766ff62bb53b,5a188032e9933c63bea9816c0846001d769eb356d00653af9e5e766ff62bb53b,E:\kagglegolf\data\interim\submission1_compare\task194.onnx,
task195,false,true,265,265,0,same_as_base,same_as_base,false,,,ba4b722b42ea9bdbffbe4fcf38c90d387045eee91e245e77f502c246c158e0dd,ba4b722b42ea9bdbffbe4fcf38c90d387045eee91e245e77f502c246c158e0dd,E:\kagglegolf\data\interim\submission1_compare\task195.onnx,
task196,false,true,266,266,0,same_as_base,same_as_base,false,,,73f53f65549114a9075f19b9b3cae9b96e5ef04b7ac513a65f50e2171fbcf8be,73f53f65549114a9075f19b9b3cae9b96e5ef04b7ac513a65f50e2171fbcf8be,E:\kagglegolf\data\interim\submission1_compare\task196.onnx,
task197,false,true,267,267,0,same_as_base,same_as_base,false,,,d2fb46801935583882f6a460471b563ccee60a53661cb17003fc2b60f17ba1ea,d2fb46801935583882f6a460471b563ccee60a53661cb17003fc2b60f17ba1ea,E:\kagglegolf\data\interim\submission1_compare\task197.onnx,
task198,false,true,266,266,0,same_as_base,same_as_base,false,,,a1cd099e3d965fb4506eded8d4bde77ea202357df70e9212b36911ca002c8cb1,a1cd099e3d965fb4506eded8d4bde77ea202357df70e9212b36911ca002c8cb1,E:\kagglegolf\data\interim\submission1_compare\task198.onnx,
task199,false,true,266,266,0,same_as_base,same_as_base,false,,,7f8ae82add1995ce631f2596ebf18e50b694cb8ec8d56a776cb6b1f393d891fa,7f8ae82add1995ce631f2596ebf18e50b694cb8ec8d56a776cb6b1f393d891fa,E:\kagglegolf\data\interim\submission1_compare\task199.onnx,
task200,true,true,84,84,0,,,true,GOLF_20260612_094_submission1_valid153_full,75,16b54d57827f7819b84fd55a5b88ead29cca003ac2ecf25334903a1923253f80,1d068a68000da319aa88ea6aa59ef69d9c3d678953412a13240580206524684b,E:\kagglegolf\data\interim\submission1_compare\task200.onnx,
task201,false,true,266,266,0,same_as_base,same_as_base,false,,,38bd02d717e5ab0a9e14bc97fdda66c68e8a52c2b2686fbb9411671b3abf5da8,38bd02d717e5ab0a9e14bc97fdda66c68e8a52c2b2686fbb9411671b3abf5da8,E:\kagglegolf\data\interim\submission1_compare\task201.onnx,
task202,true,true,230,230,0,,,true,GOLF_20260612_094_submission1_valid153_full,76,548ea01a96ba723d596f57386963dc208eac1c74ee9c8ad978597704d8065f5d,9c1f33de15811a84fb5c022e34fa33146653f9d31c7166397490a7f167c6bce0,E:\kagglegolf\data\interim\submission1_compare\task202.onnx,
task203,false,true,267,267,0,same_as_base,same_as_base,false,,,c9415b45362e71abd0f9621c7d36efe0934aca29fcc3dc6dc12032110cf502e3,c9415b45362e71abd0f9621c7d36efe0934aca29fcc3dc6dc12032110cf502e3,E:\kagglegolf\data\interim\submission1_compare\task203.onnx,
task204,true,true,268,268,0,,,true,GOLF_20260612_094_submission1_valid153_full,77,ba4ffbc5c9eef0b8cdd6718a27b6cbdd935d550ffba5f90c34d687d2d4595565,87a846db4022321bc8e15e64f2e70df56729e9a336b1361e278b89b4260192a8,E:\kagglegolf\data\interim\submission1_compare\task204.onnx,
task205,true,true,266,266,0,,,true,GOLF_20260612_094_submission1_valid153_full,78,dfd08e391e2f0ca84fc0efe2a0fb96c8914cd0c3f7eefebc8c36de45e2c92553,d22fb668ef12b9878c035c337056a86e6bdb9c8d99e3685548f49f1daf6bc053,E:\kagglegolf\data\interim\submission1_compare\task205.onnx,
task206,true,true,266,266,0,,,true,GOLF_20260612_094_submission1_valid153_full,79,6d2e2caf63b2b8ee014e0df959395bfc42df14c2f6bc7f7bb1fcdd330df2bd1d,c963daf3a0c11e7777cd437c8ab8fb40abf5aef3bd2dc7fa9a229dadc23fd439,E:\kagglegolf\data\interim\submission1_compare\task206.onnx,
task207,false,true,265,265,0,same_as_base,same_as_base,false,,,eb31b69d46ecc34c73b17ad80493c10002468aa9196475e6c9e12fcf46ff8235,eb31b69d46ecc34c73b17ad80493c10002468aa9196475e6c9e12fcf46ff8235,E:\kagglegolf\data\interim\submission1_compare\task207.onnx,
task208,false,true,266,266,0,same_as_base,same_as_base,false,,,3bbdb622d72470ab3535a6cda2816f64689f9e0c35d877ab37e915b2d3262e28,3bbdb622d72470ab3535a6cda2816f64689f9e0c35d877ab37e915b2d3262e28,E:\kagglegolf\data\interim\submission1_compare\task208.onnx,
task209,true,true,266,266,0,,,true,GOLF_20260612_094_submission1_valid153_full,80,526096cdb412105c0c63b13deae79e4fe0e8dd534f55f1f79315e19f2b58699c,e400a5427828ce1be0f6116ed63736f172ffbe1fe0bd754befc781edca9c7f43,E:\kagglegolf\data\interim\submission1_compare\task209.onnx,
task210,false,true,266,266,0,same_as_base,same_as_base,false,,,aa923630b6479cf1a1f5e7b7bfe2e4947e1c8ba8edba4f31d250b0b2f0c98dde,aa923630b6479cf1a1f5e7b7bfe2e4947e1c8ba8edba4f31d250b0b2f0c98dde,E:\kagglegolf\data\interim\submission1_compare\task210.onnx,
task211,false,true,266,266,0,same_as_base,same_as_base,false,,,3c58a51ab06ee25bf3c54539284f6def4bc6e10c364246d45f5533df0905fd17,3c58a51ab06ee25bf3c54539284f6def4bc6e10c364246d45f5533df0905fd17,E:\kagglegolf\data\interim\submission1_compare\task211.onnx,
task212,true,true,265,265,0,,,true,GOLF_20260612_094_submission1_valid153_full,81,0c1ca70c56b44d6d046af2024e16c123ffaa22fb324a34d41b0f2d6faf36bc61,93baf50b6cb009807442a7135ea10f2dbc32711b2476067127e4eb9469485aca,E:\kagglegolf\data\interim\submission1_compare\task212.onnx,
task213,false,true,265,265,0,same_as_base,same_as_base,false,,,ffd3db947f8641970df24a83738d878471af3403cc7a2bbd245fb74dd1da6198,ffd3db947f8641970df24a83738d878471af3403cc7a2bbd245fb74dd1da6198,E:\kagglegolf\data\interim\submission1_compare\task213.onnx,
task214,false,true,266,266,0,same_as_base,same_as_base,false,,,476030b9c3c916862c896b22ae9f1ee46d6bedd703bd39deeb4fe1a9a7cf6c54,476030b9c3c916862c896b22ae9f1ee46d6bedd703bd39deeb4fe1a9a7cf6c54,E:\kagglegolf\data\interim\submission1_compare\task214.onnx,
task215,true,true,265,265,0,,,true,GOLF_20260612_094_submission1_valid153_full,82,ad1e975b6e82508de2e208bb5877eb3d7a2c9d9a0cebf7b9dd4911a4078af377,dc702226253994cd49b61f830b8a1ecc71b32750463d0cca8ab78e0dde76c9b3,E:\kagglegolf\data\interim\submission1_compare\task215.onnx,
task216,true,true,266,266,0,,,true,GOLF_20260612_094_submission1_valid153_full,83,47538c17f1e6ed157ba6d4effe2cbfc8d098af219d3896cbb6d92e0989333de8,d7f44d24dfef053bbcdd2420ffe2a3dbefcc649c7d71af96434c8d992dd7a277,E:\kagglegolf\data\interim\submission1_compare\task216.onnx,
task217,true,true,266,266,0,,,true,GOLF_20260612_094_submission1_valid153_full,84,2f029d300d82fefb5d96fa4be293ae596ae1de0026dacc64e63b73ed6b788d33,d87e4223dd8a92404a281e4e0945e16285ad78a31e22a81a7a8ed236c179ab73,E:\kagglegolf\data\interim\submission1_compare\task217.onnx,
task218,false,true,266,266,0,same_as_base,same_as_base,false,,,14bb6c5e5fa3712e4f556142985fa03de40ba2accd475bb596ee538d3c10c60e,14bb6c5e5fa3712e4f556142985fa03de40ba2accd475bb596ee538d3c10c60e,E:\kagglegolf\data\interim\submission1_compare\task218.onnx,
task219,true,true,265,265,0,,,true,GOLF_20260612_094_submission1_valid153_full,85,a3ca127a99e69f2f092139f41da35e9bea5cdf7d351b6161840f23a4a03edfcb,854acd1a2ce7c7a40d2980e91261ba780fe1e7e0ed23faeae604c9986206456e,E:\kagglegolf\data\interim\submission1_compare\task219.onnx,
task220,false,true,267,267,0,same_as_base,same_as_base,false,,,924ca3ff6b3c2190ebdd92b73e0c33ac441a7e64b5924bb34b2faa596a40dd55,924ca3ff6b3c2190ebdd92b73e0c33ac441a7e64b5924bb34b2faa596a40dd55,E:\kagglegolf\data\interim\submission1_compare\task220.onnx,
task221,false,true,267,267,0,same_as_base,same_as_base,false,,,fc40a9c864b222aaeab1d16ab69b17f524fd95dc657baa701b144f4288e5bcb5,fc40a9c864b222aaeab1d16ab69b17f524fd95dc657baa701b144f4288e5bcb5,E:\kagglegolf\data\interim\submission1_compare\task221.onnx,
task222,false,true,266,266,0,same_as_base,same_as_base,false,,,f82b35de1de8377a5dd17f94de623872a1021443ff972be6e0765c6d21c5595a,f82b35de1de8377a5dd17f94de623872a1021443ff972be6e0765c6d21c5595a,E:\kagglegolf\data\interim\submission1_compare\task222.onnx,
task223,false,true,265,265,0,same_as_base,known_strong_negative_probe,false,,,51cd95a032c661ce28fa653ad0e727fb33cf6a709a5747e02a8ab323190ae968,51cd95a032c661ce28fa653ad0e727fb33cf6a709a5747e02a8ab323190ae968,E:\kagglegolf\data\interim\submission1_compare\task223.onnx,
task224,false,true,266,266,0,same_as_base,same_as_base,false,,,30eef2f542fdb5bbe18b230c6d294b136197beed63e963e56779281e678d2de4,30eef2f542fdb5bbe18b230c6d294b136197beed63e963e56779281e678d2de4,E:\kagglegolf\data\interim\submission1_compare\task224.onnx,
task225,false,true,265,265,0,same_as_base,same_as_base,false,,,29a76e5536c419ef3e3747f899f51614ee6699ad35ad5fb9b073ba5d5f52d257,29a76e5536c419ef3e3747f899f51614ee6699ad35ad5fb9b073ba5d5f52d257,E:\kagglegolf\data\interim\submission1_compare\task225.onnx,
task226,false,true,133,133,0,same_as_base,same_as_base,false,,,adbe789aeb65453c344dc91ee8ee73e451cdd63ae48630fec91dc77cb89acaf1,adbe789aeb65453c344dc91ee8ee73e451cdd63ae48630fec91dc77cb89acaf1,E:\kagglegolf\data\interim\submission1_compare\task226.onnx,
task227,false,true,267,267,0,same_as_base,same_as_base,false,,,1c70db9caee31b32d02ae1630c5ef3991ddbf82fedb750d43b515fab048d6dec,1c70db9caee31b32d02ae1630c5ef3991ddbf82fedb750d43b515fab048d6dec,E:\kagglegolf\data\interim\submission1_compare\task227.onnx,
task228,false,true,266,266,0,same_as_base,same_as_base,false,,,a8a923f21fecee5512861159a89a0ecf2a9f276985c45face926d3b953bdb4fe,a8a923f21fecee5512861159a89a0ecf2a9f276985c45face926d3b953bdb4fe,E:\kagglegolf\data\interim\submission1_compare\task228.onnx,
task229,false,true,267,267,0,same_as_base,same_as_base,false,,,acbf2dc745d4a717148c274f1e25cdd3fce8e718787f72530d661d60044ad805,acbf2dc745d4a717148c274f1e25cdd3fce8e718787f72530d661d60044ad805,E:\kagglegolf\data\interim\submission1_compare\task229.onnx,
task230,false,true,266,266,0,same_as_base,same_as_base,false,,,1444325f9990947c4e2b6bd66f2ce611d8efc4be97b595c4bf2ad63e9e166ad0,1444325f9990947c4e2b6bd66f2ce611d8efc4be97b595c4bf2ad63e9e166ad0,E:\kagglegolf\data\interim\submission1_compare\task230.onnx,
task231,false,true,266,266,0,same_as_base,same_as_base,false,,,0c1e71372911c46c9c64b66ca2cb0069688208ae594f8bbcb5c63f8cce07a8f2,0c1e71372911c46c9c64b66ca2cb0069688208ae594f8bbcb5c63f8cce07a8f2,E:\kagglegolf\data\interim\submission1_compare\task231.onnx,
task232,true,true,266,266,0,,,true,GOLF_20260612_094_submission1_valid153_full,86,b416c4b9864f9c0ee3021d3e0d536638459295310003e1612ea60837e5e1fc02,e5f239db62dd2465a85d7d543b5a5dc08e00167a5edb97a5841a550fbda31aa5,E:\kagglegolf\data\interim\submission1_compare\task232.onnx,
task233,true,false,0,0,0,source_structural_invalid,source_structural_invalid,false,,,60643ce7d02b9d9380499ca57b5e45850ee61d209d98e5a56f9cb17896158943,1e1146231b72c42e46a6df46c0cd5fa3bcbb428953dacb54a81ef8a34b142910,E:\kagglegolf\data\interim\submission1_compare\task233.onnx,"load_or_check_error:Fail:[ONNXRuntimeError] : 1 : FAIL : This is an invalid model. Error: two nodes with same node name (round0_selected_available).; Traceback (most recent call last): |   File ""E:\kagglegolf\src\neurogolf\validation.py"", line 70, in validate_onnx_file |     session = ort.InferenceSession(model.SerializeToString(), options, providers=[""CPUExecutionProvider""]) |   File ""E:\anaconda\Lib\site-packages\onnxruntime\capi\onnxruntime_inference_collection.py"", line 530, in __init__ |     self._create_inference_session(providers, provider_options, disabled_optimizers) |     ~~~~~~~~~~~~~~~~~~~~~~~~~~~~~~^^^^^^^^^^^^^^^^^^^^^^^^^^^^^^^"
task234,false,true,266,266,0,same_as_base,same_as_base,false,,,89328211cfc49e1d6b7788e2c884ed883a744cf19e27a7b8393aa0d1549217b6,89328211cfc49e1d6b7788e2c884ed883a744cf19e27a7b8393aa0d1549217b6,E:\kagglegolf\data\interim\submission1_compare\task234.onnx,
task235,false,true,69,69,0,same_as_base,same_as_base,false,,,046373c88008b543046f990f0cde3f5c161d21e0835fb8ca9ada066a6fc504d1,046373c88008b543046f990f0cde3f5c161d21e0835fb8ca9ada066a6fc504d1,E:\kagglegolf\data\interim\submission1_compare\task235.onnx,
task236,true,true,267,267,0,,,true,GOLF_20260612_094_submission1_valid153_full,87,2e59dc4336de1e1fb4014ca0b81f2777c0a9fd808fbee3c5d54770d6ade5bbfe,f7be9f78d6bbee169cfe1c08d5bbf556144ffb21d4a4e366e01a172144d7c8ea,E:\kagglegolf\data\interim\submission1_compare\task236.onnx,
task237,false,true,266,266,0,same_as_base,same_as_base,false,,,9d3baf9e04284ace2238abe88eae62477296ee34499efa7b0146d799717804fc,9d3baf9e04284ace2238abe88eae62477296ee34499efa7b0146d799717804fc,E:\kagglegolf\data\interim\submission1_compare\task237.onnx,
task238,false,true,266,266,0,same_as_base,same_as_base,false,,,0c9d0a9b77ae95c5c13f6fe4c22864a5488fb61a7bc21f8d8fe95195fa2a292b,0c9d0a9b77ae95c5c13f6fe4c22864a5488fb61a7bc21f8d8fe95195fa2a292b,E:\kagglegolf\data\interim\submission1_compare\task238.onnx,
task239,true,true,267,267,0,,,true,GOLF_20260612_094_submission1_valid153_full,88,1bb32963e7cb07aed708c1c9c2e30991506b48570898ddade7fec2515559fc95,69f47c7412833f5a3de5a65a4d0a8fe114901f9c433504b96db089e4f9cc97e1,E:\kagglegolf\data\interim\submission1_compare\task239.onnx,
task240,true,true,266,266,0,,,true,GOLF_20260612_094_submission1_valid153_full,89,bda05f96847ed565be978b76b47136a6bb20b09fc1dd04053bfd1b4222485694,d8c7a67f05c7970053b5e3f0a682adf5fd92563281e16410e980c082f7c055bf,E:\kagglegolf\data\interim\submission1_compare\task240.onnx,
task241,false,true,266,266,0,same_as_base,same_as_base,false,,,bde695a21a93b9e2084a9b7e8a8bee5f2cdc694baa71a12d1c34ae921a89cb87,bde695a21a93b9e2084a9b7e8a8bee5f2cdc694baa71a12d1c34ae921a89cb87,E:\kagglegolf\data\interim\submission1_compare\task241.onnx,
task242,true,true,266,266,0,,,true,GOLF_20260612_094_submission1_valid153_full,90,bb232897b80bdf416ba34bfa5ab891016aaab46442830df933e03df48cf9d359,beed8e7a6b84fa7c89b7d5ec9cba5867a87a8ac3b612eee21d427fb75c0223b0,E:\kagglegolf\data\interim\submission1_compare\task242.onnx,
task243,false,true,265,265,0,same_as_base,same_as_base,false,,,9743d44229d2d01b70cc1493ce6fcb3112db8c9c6397a6db44e27c8457088662,9743d44229d2d01b70cc1493ce6fcb3112db8c9c6397a6db44e27c8457088662,E:\kagglegolf\data\interim\submission1_compare\task243.onnx,
task244,false,true,266,266,0,same_as_base,same_as_base,false,,,12974cd83da15658ad0e0fe3b624c0b705d56b763e2925eda0818540265e7af8,12974cd83da15658ad0e0fe3b624c0b705d56b763e2925eda0818540265e7af8,E:\kagglegolf\data\interim\submission1_compare\task244.onnx,
task245,true,true,267,267,0,,,true,GOLF_20260612_094_submission1_valid153_full,91,a4a6b7f7e0ec649bf8b13f48262e8904e7b97d6446b7b8840f4a1b6a9c2dfbe3,a168fddef6bf4863dc427e20ddecffe94c7171eec59e1a93a91337cb42250e31,E:\kagglegolf\data\interim\submission1_compare\task245.onnx,
task246,false,true,266,266,0,same_as_base,same_as_base,false,,,379b5a73e3dee6f56eedab3ab0bd0ed8414179c6e7ae1edd0a948060d6401309,379b5a73e3dee6f56eedab3ab0bd0ed8414179c6e7ae1edd0a948060d6401309,E:\kagglegolf\data\interim\submission1_compare\task246.onnx,
task247,false,true,269,269,0,same_as_base,same_as_base,false,,,202455e85ff2289b7e5ad0e15e4530063a9a3e5c67005cce9ec5d01f88cab3fd,202455e85ff2289b7e5ad0e15e4530063a9a3e5c67005cce9ec5d01f88cab3fd,E:\kagglegolf\data\interim\submission1_compare\task247.onnx,
task248,false,true,13,13,0,same_as_base,same_as_base,false,,,d86885301cdf5826a31492fd78adf8de4176e3e132edd91045a94f65503930ec,d86885301cdf5826a31492fd78adf8de4176e3e132edd91045a94f65503930ec,E:\kagglegolf\data\interim\submission1_compare\task248.onnx,
task249,true,true,265,265,0,,,true,GOLF_20260612_094_submission1_valid153_full,92,16b434918e0e9015cf3e820b3b35e73063aca4ea03523f738db3b9659e6f1d82,96a900e6325ae74d613d02682a1a9489f9cc58bc2415962d5669c52d0f8a739d,E:\kagglegolf\data\interim\submission1_compare\task249.onnx,
task250,true,true,265,265,0,,,true,GOLF_20260612_094_submission1_valid153_full,93,7ab516acebfe69fb1fe5650af6ebf52c510a8c63dadb9e80a92130ccb410f9a0,7f3b79d09af7da152cf5c3e72ffdb845013f7a1bb038684a9b5a698fd2856531,E:\kagglegolf\data\interim\submission1_compare\task250.onnx,
task251,true,true,266,266,0,,,true,GOLF_20260612_094_submission1_valid153_full,94,82d350374d90693c70187cdf979ebb574c69cda11c9c56813abeb372eed8e78f,0d8cbfd67d5b14791d0c1b18991d787b5e357525d18cc6cf8f399c4fae9baa2a,E:\kagglegolf\data\interim\submission1_compare\task251.onnx,
task252,true,true,266,266,0,,,true,GOLF_20260612_094_submission1_valid153_full,95,f94f1914ddc282177a848c90a7aac926b6095d8fffc5a863c722843121c979c3,40cf7d7d4b4c33904a6dd59cc4351335528beef6b999fdb7040e4c013984048b,E:\kagglegolf\data\interim\submission1_compare\task252.onnx,
task253,true,true,265,265,0,,,true,GOLF_20260612_094_submission1_valid153_full,96,2538ea53b1aad1e6365055ee14f48dccb49ef632cce416086075b33d42366bad,7f790aadb57b435b4c24dd232e36b54c954c028173bb14e5a774883d2bc9b9f8,E:\kagglegolf\data\interim\submission1_compare\task253.onnx,
task254,false,true,265,265,0,same_as_base,same_as_base,false,,,cce96782d9b4b1065b63ebb4a84c1ba6253724c3cd2a387838d205cf71eaae5f,cce96782d9b4b1065b63ebb4a84c1ba6253724c3cd2a387838d205cf71eaae5f,E:\kagglegolf\data\interim\submission1_compare\task254.onnx,
task255,true,true,265,265,0,,known_strong_negative_probe,true,GOLF_20260612_094_submission1_valid153_full,97,fa1e7094e90bb8c91fefe91e98593b6f482290c675e954885352925e1112e778,3a2d50b46525c308788277ac3f1849d99fb71615e2b9e7464b194e89177d9902,E:\kagglegolf\data\interim\submission1_compare\task255.onnx,
task256,true,true,266,266,0,,,true,GOLF_20260612_094_submission1_valid153_full,98,93b4cd85da78966500ea451ad9648b6e956e73a8478135df67e7aff45a38168b,e02e84ae29aab24287301cf71940f2e915cc3eac3ba376dbc0091091740ea42c,E:\kagglegolf\data\interim\submission1_compare\task256.onnx,
task257,false,true,269,269,0,same_as_base,same_as_base,false,,,316eaaf4e1a47569341378a8a58e40559f938a7fe5ae659867c0f2117bf8e021,316eaaf4e1a47569341378a8a58e40559f938a7fe5ae659867c0f2117bf8e021,E:\kagglegolf\data\interim\submission1_compare\task257.onnx,
task258,false,true,266,266,0,same_as_base,same_as_base,false,,,9cf85f5ef87760197eaab665af872adc9c2a38a6b9c2133f506deb1e51402d09,9cf85f5ef87760197eaab665af872adc9c2a38a6b9c2133f506deb1e51402d09,E:\kagglegolf\data\interim\submission1_compare\task258.onnx,
task259,false,true,266,266,0,same_as_base,same_as_base,false,,,cd8f2883b4e59672ccd19f5a5b45fc92a1c48a4e736beaa179e62ce6d6dd7a07,cd8f2883b4e59672ccd19f5a5b45fc92a1c48a4e736beaa179e62ce6d6dd7a07,E:\kagglegolf\data\interim\submission1_compare\task259.onnx,
task260,true,true,266,266,0,,,true,GOLF_20260612_094_submission1_valid153_full,99,35736c57d98142f122c43cb025104944bce52b1265e108c470480131c8178f7d,83badbfa959d11291be48989907cca447dd8c6ea2a4de827c45eadf558ac02b6,E:\kagglegolf\data\interim\submission1_compare\task260.onnx,
task261,false,true,265,265,0,same_as_base,same_as_base,false,,,6104690685d52f02ca149095658b51c2d448d252f763922efdb0fd69749b630f,6104690685d52f02ca149095658b51c2d448d252f763922efdb0fd69749b630f,E:\kagglegolf\data\interim\submission1_compare\task261.onnx,
task262,false,true,11,11,0,same_as_base,same_as_base,false,,,0e242b2a1418fb93332fc01ff90e906403df0499e49baf091447cb02afec05aa,0e242b2a1418fb93332fc01ff90e906403df0499e49baf091447cb02afec05aa,E:\kagglegolf\data\interim\submission1_compare\task262.onnx,
task263,true,true,267,267,0,,,true,GOLF_20260612_094_submission1_valid153_full,100,b4da10b186a4fb387881e29ff1baddf4802e52a6b7cfa6d7ff28929d3e741c21,de071ae2b2fb768dc62af328f50e5a17b2f38292450b47b8f9284e353cdf51b9,E:\kagglegolf\data\interim\submission1_compare\task263.onnx,
task264,false,true,265,265,0,same_as_base,same_as_base,false,,,0b3698841847aa444687d4e89445975d85fc8efb04236d29ecc67ce175ace7c6,0b3698841847aa444687d4e89445975d85fc8efb04236d29ecc67ce175ace7c6,E:\kagglegolf\data\interim\submission1_compare\task264.onnx,
task265,true,true,266,266,0,,,true,GOLF_20260612_094_submission1_valid153_full,101,793c90930f0d6bb81694213900773baf05b0f6a7e4269f05aa80bcb0d1b6e454,9133cdd2aeeb6f9ac7eae4091744db80bd51a6d569b355ba837202388f3652bc,E:\kagglegolf\data\interim\submission1_compare\task265.onnx,
task266,false,true,20,20,0,same_as_base,same_as_base,false,,,491258de81aba00b6aa06f223356e30346665751690278693288e858450c8563,491258de81aba00b6aa06f223356e30346665751690278693288e858450c8563,E:\kagglegolf\data\interim\submission1_compare\task266.onnx,
task267,false,true,264,264,0,same_as_base,same_as_base,false,,,0c1142f835d5b78bdfecce78168ad1f450e2ffb23e10ffdcc06ee1df2bb5602e,0c1142f835d5b78bdfecce78168ad1f450e2ffb23e10ffdcc06ee1df2bb5602e,E:\kagglegolf\data\interim\submission1_compare\task267.onnx,
task268,false,true,266,266,0,same_as_base,same_as_base,false,,,27cb7b2e590e8407a6a343b2fec92d742c4eb6a580e16295de9e2dfa85718ede,27cb7b2e590e8407a6a343b2fec92d742c4eb6a580e16295de9e2dfa85718ede,E:\kagglegolf\data\interim\submission1_compare\task268.onnx,
task269,false,true,266,266,0,same_as_base,same_as_base,false,,,947f2c17a6b1d44a9f4ad789f9351b4edfb84e0298e879c258d5034b09e12f72,947f2c17a6b1d44a9f4ad789f9351b4edfb84e0298e879c258d5034b09e12f72,E:\kagglegolf\data\interim\submission1_compare\task269.onnx,
task270,false,true,266,266,0,same_as_base,same_as_base,false,,,7ea4f725915693b001ae7284db0e97e14f0347d38bfc6c84df0ea5d6002eff17,7ea4f725915693b001ae7284db0e97e14f0347d38bfc6c84df0ea5d6002eff17,E:\kagglegolf\data\interim\submission1_compare\task270.onnx,
task271,true,true,267,267,0,,,true,GOLF_20260612_094_submission1_valid153_full,102,1d303e94d417fc4786c4e80dee5be764e57f981905d0bf8f5e5fdf48595b19ed,cfef942b0459962938cf778781d78c95ea4edc153174dd90d9fd30a7077a1d7b,E:\kagglegolf\data\interim\submission1_compare\task271.onnx,
task272,false,true,267,267,0,same_as_base,same_as_base,false,,,b28307adc7b5d3d4306792b0eca202d21dd98994541ef343269c6fcecfaab774,b28307adc7b5d3d4306792b0eca202d21dd98994541ef343269c6fcecfaab774,E:\kagglegolf\data\interim\submission1_compare\task272.onnx,
task273,false,true,266,266,0,same_as_base,same_as_base,false,,,590750bab5e6ceadb53d2a7aaab53b648f679b8070b90d7b9f76e86d7e1b9199,590750bab5e6ceadb53d2a7aaab53b648f679b8070b90d7b9f76e86d7e1b9199,E:\kagglegolf\data\interim\submission1_compare\task273.onnx,
task274,false,true,269,269,0,same_as_base,same_as_base,false,,,05e714a8af955d6f5061cbf93ea6964c368b3f5c164831d0bff7c9a31b8986d6,05e714a8af955d6f5061cbf93ea6964c368b3f5c164831d0bff7c9a31b8986d6,E:\kagglegolf\data\interim\submission1_compare\task274.onnx,
task275,true,true,266,266,0,,,true,GOLF_20260612_094_submission1_valid153_full,103,749f9601004e452d7eefecd8387bd82ef4d30c73a87566d263f5ea4895b9406e,82db398bf0fdb2793d0a8a4f833365756baffd1dd49e9abc2476994abb150610,E:\kagglegolf\data\interim\submission1_compare\task275.onnx,
task276,false,true,266,266,0,same_as_base,known_strong_negative_probe,false,,,2a3e881ae92099c36f1955bdf96ca1e9f77a4ef3d1d3eb58c63eccc80a655c7e,2a3e881ae92099c36f1955bdf96ca1e9f77a4ef3d1d3eb58c63eccc80a655c7e,E:\kagglegolf\data\interim\submission1_compare\task276.onnx,
task277,false,true,266,266,0,same_as_base,same_as_base,false,,,cdd58c9156822d0c5c668ebff763d57659136b9c3169c7db59aad321bb92dad1,cdd58c9156822d0c5c668ebff763d57659136b9c3169c7db59aad321bb92dad1,E:\kagglegolf\data\interim\submission1_compare\task277.onnx,
task278,true,true,265,265,0,,,true,GOLF_20260612_094_submission1_valid153_full,104,92b2fd2434b9c6352f0addb7f4c1a4d1ca743223d8b3788bf1430a7569996473,6fa40e5bd3bf3ea686537b19bd57e52ea582c3b5d0ef3145d1ffe703e1bf5474,E:\kagglegolf\data\interim\submission1_compare\task278.onnx,
task279,false,true,266,266,0,same_as_base,same_as_base,false,,,77ad3d002b2c64888991d763c754fc018247f352e78c562d64fca7db08032314,77ad3d002b2c64888991d763c754fc018247f352e78c562d64fca7db08032314,E:\kagglegolf\data\interim\submission1_compare\task279.onnx,
task280,false,true,267,267,0,same_as_base,same_as_base,false,,,afe82e825f05eb8daa95905da41fc0553888bdcc6a5dbe4dff660c07806fdff3,afe82e825f05eb8daa95905da41fc0553888bdcc6a5dbe4dff660c07806fdff3,E:\kagglegolf\data\interim\submission1_compare\task280.onnx,
task281,true,true,266,266,0,,,true,GOLF_20260612_094_submission1_valid153_full,105,082339765f10db32abbb7ac3454eafdfdb6b0be3a82ec60d9e69c2facad4423f,8eb3be2667cd092348a14a371f15ad39f5767148aa0a89cd4d52bde5b77a0245,E:\kagglegolf\data\interim\submission1_compare\task281.onnx,
task282,false,true,265,265,0,same_as_base,same_as_base,false,,,3b69ffb73c79f09e8523073931061610e74b3e0d32534378317960c9557acd0d,3b69ffb73c79f09e8523073931061610e74b3e0d32534378317960c9557acd0d,E:\kagglegolf\data\interim\submission1_compare\task282.onnx,
task283,false,true,265,265,0,same_as_base,same_as_base,false,,,b0e2a1e5a77dc63e5c2faa69d44120f7fe0e8773160760e68b7f5912591f4c60,b0e2a1e5a77dc63e5c2faa69d44120f7fe0e8773160760e68b7f5912591f4c60,E:\kagglegolf\data\interim\submission1_compare\task283.onnx,
task284,false,true,266,266,0,same_as_base,same_as_base,false,,,40a5ca23d30d2a75b54ecee4ce3e2c82908023866e7f8a6f6f5e27fe0362d248,40a5ca23d30d2a75b54ecee4ce3e2c82908023866e7f8a6f6f5e27fe0362d248,E:\kagglegolf\data\interim\submission1_compare\task284.onnx,
task285,true,true,265,265,0,,,true,GOLF_20260612_094_submission1_valid153_full,106,bd5c65bc2fd40ae97bcd2a4deb07f86d3325606655a868db631e4a16e89e1ac2,9b9c6f3d6d6663fbeda0b67c76ebe66203d74ef5970b8a04e1b58e46f8b38b66,E:\kagglegolf\data\interim\submission1_compare\task285.onnx,
task286,true,true,265,265,0,,,true,GOLF_20260612_094_submission1_valid153_full,107,8806f2199bb3b91d2912e6c0681300481a9e093d079748d25e60fb35afc43f8e,6e59ce850278cb35526b42a843e6a7366518263951313a536df7c5e048be5206,E:\kagglegolf\data\interim\submission1_compare\task286.onnx,
task287,false,true,267,267,0,same_as_base,same_as_base,false,,,4cdbdb8ebc51362af348b4c6b27acc968618f39eb23639e05932f58cfd196831,4cdbdb8ebc51362af348b4c6b27acc968618f39eb23639e05932f58cfd196831,E:\kagglegolf\data\interim\submission1_compare\task287.onnx,
task288,false,true,267,267,0,same_as_base,same_as_base,false,,,0e48931aebec1eb0659c9be80508c8650400244b0f49af19d8698dd8b162a3cb,0e48931aebec1eb0659c9be80508c8650400244b0f49af19d8698dd8b162a3cb,E:\kagglegolf\data\interim\submission1_compare\task288.onnx,
task289,true,true,268,268,0,,,true,GOLF_20260612_094_submission1_valid153_full,108,7ca96174b4a941b275a41cc40d61f27ff2368e54301cd507ca3420b0ed5620a3,19f2139ff88c32ad4f533345a3ecebb11aa794d279719f8238e37069e69eff99,E:\kagglegolf\data\interim\submission1_compare\task289.onnx,
task290,false,true,266,266,0,same_as_base,same_as_base,false,,,f1086fcddc1287e8f751349bbcc1c1bc72e816011cd787def2fc61971684f688,f1086fcddc1287e8f751349bbcc1c1bc72e816011cd787def2fc61971684f688,E:\kagglegolf\data\interim\submission1_compare\task290.onnx,
task291,false,true,265,265,0,same_as_base,same_as_base,false,,,f97257c9bae5cbdf0614cf4f6d0aeda2c0db164b44f4861fc829c00eae636b67,f97257c9bae5cbdf0614cf4f6d0aeda2c0db164b44f4861fc829c00eae636b67,E:\kagglegolf\data\interim\submission1_compare\task291.onnx,
task292,false,true,28,28,0,same_as_base,same_as_base,false,,,e07b37f22f098e404b58d7607ce39d0fe5eddd0d9460f62732e9ce79fdb66757,e07b37f22f098e404b58d7607ce39d0fe5eddd0d9460f62732e9ce79fdb66757,E:\kagglegolf\data\interim\submission1_compare\task292.onnx,
task293,true,true,267,267,0,,,true,GOLF_20260612_094_submission1_valid153_full,109,d0d3cadd99d8938cc3977399ed5dee18a032739905995bcf0fbc76a20c04297f,d383fd1a8a5825b1837155f69976dd811c4ab2b51a513a99076c5341749526cf,E:\kagglegolf\data\interim\submission1_compare\task293.onnx,
task294,false,true,265,265,0,same_as_base,same_as_base,false,,,247179b0cb2fab9e792e9f91da564f6ee1f8d4059046fabd7bfd7e7d3d010cd9,247179b0cb2fab9e792e9f91da564f6ee1f8d4059046fabd7bfd7e7d3d010cd9,E:\kagglegolf\data\interim\submission1_compare\task294.onnx,
task295,false,true,268,268,0,same_as_base,same_as_base,false,,,7b18d0ee9b04afa6db8393104484e5cd2834a81a6c49a74fa98bb59c57eecbd7,7b18d0ee9b04afa6db8393104484e5cd2834a81a6c49a74fa98bb59c57eecbd7,E:\kagglegolf\data\interim\submission1_compare\task295.onnx,
task296,false,true,268,268,0,same_as_base,same_as_base,false,,,ef3bf836cbc30e5283b2fc94870db8ddcd570778c46a325a0760ed3c9e736da5,ef3bf836cbc30e5283b2fc94870db8ddcd570778c46a325a0760ed3c9e736da5,E:\kagglegolf\data\interim\submission1_compare\task296.onnx,
task297,false,true,265,265,0,same_as_base,same_as_base,false,,,d845a2a2d30cfcd08e8e06dcb093f16c2fbc6005f02821697184a28514fa9b5c,d845a2a2d30cfcd08e8e06dcb093f16c2fbc6005f02821697184a28514fa9b5c,E:\kagglegolf\data\interim\submission1_compare\task297.onnx,
task298,false,true,267,267,0,same_as_base,same_as_base,false,,,9b77b58a90defa3f7eb249e787dd574f52ad8319b503b79e3dba3b4d5b11eea3,9b77b58a90defa3f7eb249e787dd574f52ad8319b503b79e3dba3b4d5b11eea3,E:\kagglegolf\data\interim\submission1_compare\task298.onnx,
task299,false,true,21,21,0,same_as_base,same_as_base,false,,,538d93759b62cedce366465f833629538674f456f846a34e82c5da84de041205,538d93759b62cedce366465f833629538674f456f846a34e82c5da84de041205,E:\kagglegolf\data\interim\submission1_compare\task299.onnx,
task300,true,true,267,267,0,,protected_current_best_task,true,GOLF_20260612_094_submission1_valid153_full,110,b8756c12087ccec9a4470bcd92ace7a48d7af5cc9c5e68ad71a9a624a8b915b3,636b174c4333259b7ef746830a9768013b6f733d02576aeabe427095253be1e8,E:\kagglegolf\data\interim\submission1_compare\task300.onnx,
task301,true,true,266,266,0,,,true,GOLF_20260612_094_submission1_valid153_full,111,f593a754af6af256f9bd8203e526396b326c25f94656c458c25b2d60ce3ae7de,05f7514678eeac7ea05a6872ee1ba7924e9f146e6e484e61ecc4a2b20579fe0a,E:\kagglegolf\data\interim\submission1_compare\task301.onnx,
task302,false,true,266,266,0,same_as_base,same_as_base,false,,,fc0c4095ee26f99dfa28593219832fb1744068c9c08b4b65293674194a176ad1,fc0c4095ee26f99dfa28593219832fb1744068c9c08b4b65293674194a176ad1,E:\kagglegolf\data\interim\submission1_compare\task302.onnx,
task303,true,true,265,265,0,,,true,GOLF_20260612_094_submission1_valid153_full,112,1ca7c8bb01e81312a182a94470c1c852b299126337f18028e29f57561d6b99e6,aad1dac820eabe954119e61ee2102f2a36e174292c3d044a317962c890aac04c,E:\kagglegolf\data\interim\submission1_compare\task303.onnx,
task304,false,true,266,266,0,same_as_base,same_as_base,false,,,e2c67b5b9c7fc288bc8af309abfde41242b6285937927be9d1590f1274b24e1f,e2c67b5b9c7fc288bc8af309abfde41242b6285937927be9d1590f1274b24e1f,E:\kagglegolf\data\interim\submission1_compare\task304.onnx,
task305,false,true,266,266,0,same_as_base,same_as_base,false,,,9f735899c445d2de0753685201dbbaa448ff1306c5f52d568270b4588d8e242d,9f735899c445d2de0753685201dbbaa448ff1306c5f52d568270b4588d8e242d,E:\kagglegolf\data\interim\submission1_compare\task305.onnx,
task306,true,true,265,265,0,,,true,GOLF_20260612_094_submission1_valid153_full,113,adf3db57ddcf58636917d082995592ef45291e9ffff471a002c1093479faa79e,3d88697f720d99b9deb397b67dc6d64aadf230d167eb839624514fa74c3d9c4a,E:\kagglegolf\data\interim\submission1_compare\task306.onnx,
task307,false,true,266,266,0,same_as_base,known_strong_negative_probe,false,,,badc5326d1acd892c77212fc876a3f3192e5b67a9806ab111d1e9589eff70706,badc5326d1acd892c77212fc876a3f3192e5b67a9806ab111d1e9589eff70706,E:\kagglegolf\data\interim\submission1_compare\task307.onnx,
task308,true,true,266,266,0,,,true,GOLF_20260612_094_submission1_valid153_full,114,a3eaad1dbf74c2dd0e2d63ccdc76857b58fc7cc14f63cf366932995e1ddd78be,4dbfcc5f785a92e2ae95c42f4406d8a98b98a0a15d3a9e26ea408f6a2f9bbee9,E:\kagglegolf\data\interim\submission1_compare\task308.onnx,
task309,false,true,265,265,0,same_as_base,known_strong_negative_probe,false,,,c47b834e65872a11ec0cda3c8246948b8365f81f916610b49ed07267815733d9,c47b834e65872a11ec0cda3c8246948b8365f81f916610b49ed07267815733d9,E:\kagglegolf\data\interim\submission1_compare\task309.onnx,
task310,true,true,266,266,0,,,true,GOLF_20260612_094_submission1_valid153_full,115,652dca24f0463c55b797160c55312d53f97b1588d7d36725dfff4ab975b64026,9456e21fd271f0a84660fec5554753d105c6ab2d03ef08b086922cf1214f946e,E:\kagglegolf\data\interim\submission1_compare\task310.onnx,
task311,false,true,266,266,0,same_as_base,same_as_base,false,,,250771b94d3db4658d4ac04e3bd9a0740f2af0f3aba0bb9b5df4d6181bb470d4,250771b94d3db4658d4ac04e3bd9a0740f2af0f3aba0bb9b5df4d6181bb470d4,E:\kagglegolf\data\interim\submission1_compare\task311.onnx,
task312,false,true,265,265,0,same_as_base,same_as_base,false,,,5f8662413159b881c8dff97e5c51ca63270ea3b1609d0f333539af73166348ff,5f8662413159b881c8dff97e5c51ca63270ea3b1609d0f333539af73166348ff,E:\kagglegolf\data\interim\submission1_compare\task312.onnx,
task313,true,true,266,266,0,,,true,GOLF_20260612_094_submission1_valid153_full,116,47333f8754f096db009203055f0008302851bedef2728c0772bddf8990f9e8ca,01a7b3c6c8d0711b594bf544ff3dff28fe2ed150dc85c78feaacc273e6d81130,E:\kagglegolf\data\interim\submission1_compare\task313.onnx,
task314,false,true,266,266,0,same_as_base,same_as_base,false,,,6de48aa8380bfa9f60145881280cb81f0649f178f1a74456c5c40334004417b4,6de48aa8380bfa9f60145881280cb81f0649f178f1a74456c5c40334004417b4,E:\kagglegolf\data\interim\submission1_compare\task314.onnx,
task315,false,true,266,266,0,same_as_base,same_as_base,false,,,a99bce260c7f3b92b335916fc0c008ae41e97072f82ebf255f5d2de3079c1679,a99bce260c7f3b92b335916fc0c008ae41e97072f82ebf255f5d2de3079c1679,E:\kagglegolf\data\interim\submission1_compare\task315.onnx,
task316,false,true,266,266,0,same_as_base,same_as_base,false,,,99c166b6aae1a9f205228ebc1577859e2534602760e7cfd09304cf44f28cfffc,99c166b6aae1a9f205228ebc1577859e2534602760e7cfd09304cf44f28cfffc,E:\kagglegolf\data\interim\submission1_compare\task316.onnx,
task317,false,true,265,265,0,same_as_base,same_as_base,false,,,54ad9bc9831f0f3a781e65116809c2c60f3246bbdc84fc6c0fa8064fecb5d8c5,54ad9bc9831f0f3a781e65116809c2c60f3246bbdc84fc6c0fa8064fecb5d8c5,E:\kagglegolf\data\interim\submission1_compare\task317.onnx,
task318,true,true,267,267,0,,,true,GOLF_20260612_094_submission1_valid153_full,117,01e41dcca08ca7c9bf4611eeaa13b8a96acc912291ce485fab569cc9819787cb,c3bad4dd178480e49327942b997d1e6816254aec1d649c8cae0bb01da1c39ae1,E:\kagglegolf\data\interim\submission1_compare\task318.onnx,
task319,true,true,267,267,0,,,true,GOLF_20260612_094_submission1_valid153_full,118,1fc811a886875d1ab5baa8b006c7f4ce77180606ee75854dd58d37a91481c457,f58976335a1e70e880c7fb09ec0ef86184a69f377baae6172bb87543ad70342c,E:\kagglegolf\data\interim\submission1_compare\task319.onnx,
task320,false,true,266,266,0,same_as_base,same_as_base,false,,,b5f9d264034aafc2780289baeb60a45e338fd6478233a720f13b79faa2d6b39f,b5f9d264034aafc2780289baeb60a45e338fd6478233a720f13b79faa2d6b39f,E:\kagglegolf\data\interim\submission1_compare\task320.onnx,
task321,false,true,267,267,0,same_as_base,same_as_base,false,,,1d11ac54816b2582bf888aee04f131b590f48a64ee53922407b5075217e6194f,1d11ac54816b2582bf888aee04f131b590f48a64ee53922407b5075217e6194f,E:\kagglegolf\data\interim\submission1_compare\task321.onnx,
task322,true,true,266,266,0,,,true,GOLF_20260612_094_submission1_valid153_full,119,0027f18a5feebb51f7cf1149c2cb9c9b8ad2d16b656b61189674cab55adad380,fbd58feccde37b1a76b01f690c4e9c77a3893b33f6eff62285b9ddeac2aef02d,E:\kagglegolf\data\interim\submission1_compare\task322.onnx,
task323,false,true,172,172,0,same_as_base,same_as_base,false,,,6d262e7a68ed3113a342a9cbf11f191b6b4cefd4922c56e1634559f361df04cd,6d262e7a68ed3113a342a9cbf11f191b6b4cefd4922c56e1634559f361df04cd,E:\kagglegolf\data\interim\submission1_compare\task323.onnx,
task324,true,true,266,266,0,,,true,GOLF_20260612_094_submission1_valid153_full,120,022afd33a6e9b0c37a3e2c3f23437cabe9e10ec07aab1b41f9431b047f33a6c9,e195090feff4b765fea67d4cf1aaa46389cecf1551cd369395012b6a821350a6,E:\kagglegolf\data\interim\submission1_compare\task324.onnx,
task325,true,true,266,266,0,,,true,GOLF_20260612_094_submission1_valid153_full,121,fb43086d73f2db13e63d25b40dad09cdb6a6080cc71a90f9084469e03c4ece95,703958452270456b7d0aa9d4685a3bb4279c1a189050c3b1c4c5c0ef26767373,E:\kagglegolf\data\interim\submission1_compare\task325.onnx,
task326,false,true,266,266,0,same_as_base,same_as_base,false,,,d8c069fbf425d2fc92a051625cd6ab3ed7942bb3f87ef81c26b098ca464da222,d8c069fbf425d2fc92a051625cd6ab3ed7942bb3f87ef81c26b098ca464da222,E:\kagglegolf\data\interim\submission1_compare\task326.onnx,
task327,false,true,265,265,0,same_as_base,same_as_base,false,,,04ef520d7caa60d02d99447081af51d085431217e931b11d5c1a310f8945b85b,04ef520d7caa60d02d99447081af51d085431217e931b11d5c1a310f8945b85b,E:\kagglegolf\data\interim\submission1_compare\task327.onnx,
task328,true,true,267,267,0,,,true,GOLF_20260612_094_submission1_valid153_full,122,23de6b8cd14e063823c82a96e8174490f3e0906e01523668c5c1dc12428bd825,26abcc04705fec4ead1ac64fb7f483cc9b963fe08e5e3c606454b6c2c40f3760,E:\kagglegolf\data\interim\submission1_compare\task328.onnx,
task329,false,true,266,266,0,same_as_base,same_as_base,false,,,b3983c3bd8c099ce71cb48e09938e0328cc29853d73d956c35e125db9bcd43ef,b3983c3bd8c099ce71cb48e09938e0328cc29853d73d956c35e125db9bcd43ef,E:\kagglegolf\data\interim\submission1_compare\task329.onnx,
task330,false,true,266,266,0,same_as_base,same_as_base,false,,,a7a01e56dcd6ae19dcb2ef96cfcb82f68dbb794b53374913477737f9743258bd,a7a01e56dcd6ae19dcb2ef96cfcb82f68dbb794b53374913477737f9743258bd,E:\kagglegolf\data\interim\submission1_compare\task330.onnx,
task331,false,true,265,265,0,same_as_base,same_as_base,false,,,159b7db4377d2a7d75a15aa8f84344e6d919741566944220da8f361aa1da572a,159b7db4377d2a7d75a15aa8f84344e6d919741566944220da8f361aa1da572a,E:\kagglegolf\data\interim\submission1_compare\task331.onnx,
task332,true,true,267,267,0,,,true,GOLF_20260612_094_submission1_valid153_full,123,63b49e57ff675a0a3788e7ad9570a45362b22f661312af29f635f2fa04334716,70f46bf00e205bdf7b83da25c111c59a4c5e9367b3137c7506968014ee46e2ee,E:\kagglegolf\data\interim\submission1_compare\task332.onnx,
task333,false,true,265,265,0,same_as_base,same_as_base,false,,,056322558aa8fa4149af6ce9821d3273f0b403e4408e461963db3d70864f1adc,056322558aa8fa4149af6ce9821d3273f0b403e4408e461963db3d70864f1adc,E:\kagglegolf\data\interim\submission1_compare\task333.onnx,
task334,false,true,271,271,0,same_as_base,same_as_base,false,,,a5f6ffb6be0ddc49db3ce5998c7cae13bfa5a4f830eb89e47e9f2875f71895c0,a5f6ffb6be0ddc49db3ce5998c7cae13bfa5a4f830eb89e47e9f2875f71895c0,E:\kagglegolf\data\interim\submission1_compare\task334.onnx,
task335,false,true,266,266,0,same_as_base,same_as_base,false,,,df7e9b8596d842b5ccccb92f6dbade8c446c1be3167bc5a0d2345a2a5f0d1e52,df7e9b8596d842b5ccccb92f6dbade8c446c1be3167bc5a0d2345a2a5f0d1e52,E:\kagglegolf\data\interim\submission1_compare\task335.onnx,
task336,true,true,31,31,0,,,true,GOLF_20260612_094_submission1_valid153_full,124,66605e39204e06dd97980e812e93d14e7dab3eb0d815b075ac29202827cc6a4e,9d14ecbd54a762bbf1c9ab4f34cc0a49b73eeefd31cf7a02b2dda974114edee0,E:\kagglegolf\data\interim\submission1_compare\task336.onnx,
task337,false,true,266,266,0,same_as_base,same_as_base,false,,,c276f5799bf0f2f77bbc0c31f5ed97472afbff9a946326286e229929029e2484,c276f5799bf0f2f77bbc0c31f5ed97472afbff9a946326286e229929029e2484,E:\kagglegolf\data\interim\submission1_compare\task337.onnx,
task338,false,true,267,267,0,same_as_base,same_as_base,false,,,c4e2d784490156e8a4ba7ee3f80c9706021d7bca46e83c27c2aaab16a43710e1,c4e2d784490156e8a4ba7ee3f80c9706021d7bca46e83c27c2aaab16a43710e1,E:\kagglegolf\data\interim\submission1_compare\task338.onnx,
task339,true,true,266,266,0,,,true,GOLF_20260612_094_submission1_valid153_full,125,e8be4c26edfb079da2c23ae2f0b4d5d89e4dbc9c4ef2dd065ae8f448193eec36,23c555a9d5193597ba509db3b965cb39be9f02febeded3f074acb8768e013f1b,E:\kagglegolf\data\interim\submission1_compare\task339.onnx,
task340,true,true,266,266,0,,,true,GOLF_20260612_094_submission1_valid153_full,126,892b1449677f29b5e2c0324876a82ba38a3a3e36c1be7f6f9ee864ac3982f251,d3fc0552fa7a8935d397effbcf1e7f607f0610d9d043765a3745fb5dd969f4a1,E:\kagglegolf\data\interim\submission1_compare\task340.onnx,
task341,true,true,266,266,0,,,true,GOLF_20260612_094_submission1_valid153_full,127,564fae20dee0f5a54330c3170bfad5824556165d5a206e82a19c9264faaaaf05,1546ff06324bd57b14df05f26d8cb8b4bda30f971de5faf6212d6a6591c78c16,E:\kagglegolf\data\interim\submission1_compare\task341.onnx,
task342,true,true,266,266,0,,,true,GOLF_20260612_094_submission1_valid153_full,128,99ba162ecf5262db110f70e514b2240ffb8997a714776121c53f59dc5d6e288a,dc91a5a40f4f3719d7b87529ed7d191499988112345f8d465aa8dda5930fcd25,E:\kagglegolf\data\interim\submission1_compare\task342.onnx,
task343,true,true,266,266,0,,,true,GOLF_20260612_094_submission1_valid153_full,129,22bba87288f395f6b3eeb423bb0210878c82ff36b2234bcdb7b156c2ec6f7876,52fb84573fec191a9a69fdb291d1917cf59109a58bdc66232e394d234a6b2408,E:\kagglegolf\data\interim\submission1_compare\task343.onnx,
task344,false,true,266,266,0,same_as_base,same_as_base,false,,,a23999c886c62393d115371628fbee6b6043de7a35bed72285639240d6def4fd,a23999c886c62393d115371628fbee6b6043de7a35bed72285639240d6def4fd,E:\kagglegolf\data\interim\submission1_compare\task344.onnx,
task345,true,true,264,264,0,,,true,GOLF_20260612_094_submission1_valid153_full,130,c33a5f6e78916a4a95040832dd427c7877e2b85de975738a8cdcb55dea726ae7,c5ceabc1a811c8d416ed274e3ec04be2e83fc840917c4f36cafcd2752f2294f4,E:\kagglegolf\data\interim\submission1_compare\task345.onnx,
task346,false,true,267,267,0,same_as_base,same_as_base,false,,,233053780890c213e4c69b0f0f40ae9c82253e87347fdcde4085198d0c37ed1d,233053780890c213e4c69b0f0f40ae9c82253e87347fdcde4085198d0c37ed1d,E:\kagglegolf\data\interim\submission1_compare\task346.onnx,
task347,true,true,269,269,0,,,true,GOLF_20260612_094_submission1_valid153_full,131,cd9bbaa7d5e469c745248f82d99d56531ab5b5490a34b935257d0d61fd7e1d09,1deaa19b58352c11faa63abfe2a4660109fadaedf86f44777382d3a4b9dc91fc,E:\kagglegolf\data\interim\submission1_compare\task347.onnx,
task348,false,true,265,265,0,same_as_base,same_as_base,false,,,2352e5feb515f6c83125588b2fb6aedd2528a35bc1c57495f797cae172581d45,2352e5feb515f6c83125588b2fb6aedd2528a35bc1c57495f797cae172581d45,E:\kagglegolf\data\interim\submission1_compare\task348.onnx,
task349,false,true,267,267,0,same_as_base,same_as_base,false,,,4cc05dc16b10f98c4006406f425e58851f7bafbe44dd60fe5d2893808cd95077,4cc05dc16b10f98c4006406f425e58851f7bafbe44dd60fe5d2893808cd95077,E:\kagglegolf\data\interim\submission1_compare\task349.onnx,
task350,false,true,267,267,0,same_as_base,same_as_base,false,,,56c96aa23a40bb37c0c6b80510d1b3ee89bf7273dc38465bc42e935e37ac79dd,56c96aa23a40bb37c0c6b80510d1b3ee89bf7273dc38465bc42e935e37ac79dd,E:\kagglegolf\data\interim\submission1_compare\task350.onnx,
task351,false,true,265,265,0,same_as_base,same_as_base,false,,,c17c4a24fd333fa82a77f43e4a5127d7eb81187a15ad4b7f8a1bb21664a5d49d,c17c4a24fd333fa82a77f43e4a5127d7eb81187a15ad4b7f8a1bb21664a5d49d,E:\kagglegolf\data\interim\submission1_compare\task351.onnx,
task352,false,true,266,266,0,same_as_base,same_as_base,false,,,f3b9bb985cfb0478df981c689aab9f22dc5bb177e02b6f3b6a3b330669eef601,f3b9bb985cfb0478df981c689aab9f22dc5bb177e02b6f3b6a3b330669eef601,E:\kagglegolf\data\interim\submission1_compare\task352.onnx,
task353,false,true,271,271,0,same_as_base,same_as_base,false,,,1639de1c1d4d3ee61a8454a02d3b5af4d359f13f2fb1c963687d4cd76b280a8b,1639de1c1d4d3ee61a8454a02d3b5af4d359f13f2fb1c963687d4cd76b280a8b,E:\kagglegolf\data\interim\submission1_compare\task353.onnx,
task354,false,true,266,266,0,same_as_base,same_as_base,false,,,72097d91360fee677a7cedfcb6a9f81d203f7ed48b510491a32767048d687447,72097d91360fee677a7cedfcb6a9f81d203f7ed48b510491a32767048d687447,E:\kagglegolf\data\interim\submission1_compare\task354.onnx,
task355,false,true,267,267,0,same_as_base,same_as_base,false,,,ad09d6515b0ea120e8214015b5a7dd13fe14644812fd3be9b33471c171932a2f,ad09d6515b0ea120e8214015b5a7dd13fe14644812fd3be9b33471c171932a2f,E:\kagglegolf\data\interim\submission1_compare\task355.onnx,
task356,false,true,266,266,0,same_as_base,same_as_base,false,,,ddccb479313074b253968d42dbddb3ebe3f44ea46ee8b5fd255d31defc4d66bb,ddccb479313074b253968d42dbddb3ebe3f44ea46ee8b5fd255d31defc4d66bb,E:\kagglegolf\data\interim\submission1_compare\task356.onnx,
task357,false,true,13,13,0,same_as_base,same_as_base,false,,,564d97e0f32efc6d394edc801d3bd5ed9c215ac9597410bc46f777750d73fd7a,564d97e0f32efc6d394edc801d3bd5ed9c215ac9597410bc46f777750d73fd7a,E:\kagglegolf\data\interim\submission1_compare\task357.onnx,
task358,true,true,265,265,0,,,true,GOLF_20260612_094_submission1_valid153_full,132,68b670fbe5e2e3957ae4c70514554bc78a1622c276528d3ec2a5b96170cd0747,dd4511f6db965e78fe4d08cafc7fc1cb557a3d0ef4590edc7d81cebe756af111,E:\kagglegolf\data\interim\submission1_compare\task358.onnx,
task359,false,true,266,266,0,same_as_base,same_as_base,false,,,1c4683356c52e5f1ca1b725734fdf8932a57c9fe9c74559da7a2378c9f86293c,1c4683356c52e5f1ca1b725734fdf8932a57c9fe9c74559da7a2378c9f86293c,E:\kagglegolf\data\interim\submission1_compare\task359.onnx,
task360,true,true,266,266,0,,,true,GOLF_20260612_094_submission1_valid153_full,133,8216475b8f3063764bb86d838de60dc9c23365d30e0e69a100fed2dbd1259833,504d70dab5961f0f8143b4082a0a093e119b649a029e061ca6cadae156dd0586,E:\kagglegolf\data\interim\submission1_compare\task360.onnx,
task361,false,true,266,266,0,same_as_base,same_as_base,false,,,c97e15c96e436753a275a0974c801404b4cb9814d82b3cb4ad103fba3ee9a6e9,c97e15c96e436753a275a0974c801404b4cb9814d82b3cb4ad103fba3ee9a6e9,E:\kagglegolf\data\interim\submission1_compare\task361.onnx,
task362,true,true,267,267,0,,,true,GOLF_20260612_094_submission1_valid153_full,134,809f348845562e3a2af3412a38f9a7bf492e320a45d1adebf5e278757bb88f21,f2d945def2e04014a6c091184f07eb93d7c3867fb18507fb93f3c9bb8718bddd,E:\kagglegolf\data\interim\submission1_compare\task362.onnx,
task363,true,true,265,265,0,,,true,GOLF_20260612_094_submission1_valid153_full,135,8a3cfb5d37774abac99d835a86a8babd5b0b5b962b572c370ff9b245ade595a2,b0b471ce8e03f2afdb44a72edf0374393336c6f75a28c480e60816e43629fee4,E:\kagglegolf\data\interim\submission1_compare\task363.onnx,
task364,true,true,266,266,0,,,true,GOLF_20260612_094_submission1_valid153_full,136,9f5bdb27f1d3209b0218aec767937d478bbe7db43fdf2be16278461b10f9c75f,19c76d070f8150bce68cfff6c1d1904fad351bb30d17d6e0b6a21d04072d261b,E:\kagglegolf\data\interim\submission1_compare\task364.onnx,
task365,true,true,266,266,0,,,true,GOLF_20260612_094_submission1_valid153_full,137,b5433fef2a486e434f677cabc36a073d21f90962bd37a741806cbce8ba33a836,5efde5ea11dc728d8fef95519849565de15b2011fc40fa512c775f2859c51688,E:\kagglegolf\data\interim\submission1_compare\task365.onnx,
task366,true,true,255,255,0,,,true,GOLF_20260612_094_submission1_valid153_full,138,9c2857c2195d9fb8bc86374d45e688230576cea8a4d8444034e776310f6c0d98,2c99a8749a9a776e0ae6bf00d44f6aabea6ef4ec891d43f2b4028230ba06a9ef,E:\kagglegolf\data\interim\submission1_compare\task366.onnx,
task367,true,true,266,266,0,,,true,GOLF_20260612_094_submission1_valid153_full,139,d714af254dd574b2ee6e4d9a7da38d254cc1cedf344e671171b3198e6677f3e9,9bcbc96965d6d1422d31fb965e5ef18e3b5b71c18df09ea24877f6dab1181433,E:\kagglegolf\data\interim\submission1_compare\task367.onnx,
task368,false,true,265,265,0,same_as_base,same_as_base,false,,,fb13ef89494b35d91e797f4295a7a89ef8111ed8b5d8f62974f2ce5be08e16a8,fb13ef89494b35d91e797f4295a7a89ef8111ed8b5d8f62974f2ce5be08e16a8,E:\kagglegolf\data\interim\submission1_compare\task368.onnx,
task369,true,true,265,265,0,,,true,GOLF_20260612_094_submission1_valid153_full,140,1cfe982df2ace7597db45b5bfba380a13e8855ae31179524b685c7a161b2f22f,b641c8ad3e6212afb9d758203c75944d9b6949d6b5c69c3e8db2ececdffb4d53,E:\kagglegolf\data\interim\submission1_compare\task369.onnx,
task370,true,true,266,266,0,,,true,GOLF_20260612_094_submission1_valid153_full,141,15b5e8b9e31b954497503f43e57b54cae68434c7037406c015051ad4c4a55a61,d93d37dda854ecaac358bb30bc9a871675df58b4d28c4d7f4b46a5ade2187c1d,E:\kagglegolf\data\interim\submission1_compare\task370.onnx,
task371,false,true,266,266,0,same_as_base,same_as_base,false,,,ac746c0f7985def55f31802cab65bd5cdd75ce9961ea75cb9e2e4cca9b37041e,ac746c0f7985def55f31802cab65bd5cdd75ce9961ea75cb9e2e4cca9b37041e,E:\kagglegolf\data\interim\submission1_compare\task371.onnx,
task372,true,true,266,266,0,,,true,GOLF_20260612_094_submission1_valid153_full,142,612684b2e2b88419b0dffb9061ba10832910a5dcbc1dedfb2dc7aba90a0290f7,49debbd524f6003bd2accc773182b09a6122b202f854be799ea472d199ff510b,E:\kagglegolf\data\interim\submission1_compare\task372.onnx,
task373,false,true,75,75,0,same_as_base,same_as_base,false,,,febd0e663c6704afa5d637e656bb7decaf87e1523de97cd6fac5a3db41f7c234,febd0e663c6704afa5d637e656bb7decaf87e1523de97cd6fac5a3db41f7c234,E:\kagglegolf\data\interim\submission1_compare\task373.onnx,
task374,true,true,267,267,0,,,true,GOLF_20260612_094_submission1_valid153_full,143,b890f0c0ab7ee65e12a6764eb1475d1f9a8f7effe61eae04bb472c05ab165bb0,f1376c7e2740d65b485f5f93976fdec179a80e5565f0f973eadd5fb2b3ba7379,E:\kagglegolf\data\interim\submission1_compare\task374.onnx,
task375,false,true,58,58,0,same_as_base,same_as_base,false,,,509686d607b3126316a284357799deb369829fe56865a1b05609fa3447c4c5d7,509686d607b3126316a284357799deb369829fe56865a1b05609fa3447c4c5d7,E:\kagglegolf\data\interim\submission1_compare\task375.onnx,
task376,true,true,39,39,0,,,true,GOLF_20260612_094_submission1_valid153_full,144,becd963a84ce2cfe83a8ee38e494f26a327cbefcc0e2b1c426a29aba33de5f43,4c642d3019fb8b3f65676496477dca970775411876e64a7d8e7991c602e0231e,E:\kagglegolf\data\interim\submission1_compare\task376.onnx,
task377,true,true,266,266,0,,,true,GOLF_20260612_094_submission1_valid153_full,145,9b52b78bd3e2bfa2d9837ed1edc28b7aea7bbfa859063f82428bbf9c175dfa43,a98d864e1278c46de02b3237d4141f6ee8c0599a25af159d80baed4ed62bee85,E:\kagglegolf\data\interim\submission1_compare\task377.onnx,
task378,false,true,267,267,0,same_as_base,same_as_base,false,,,83b85af797290c872bb4445a649a62c3dbb79def4efe2837004cc95fe7d9308f,83b85af797290c872bb4445a649a62c3dbb79def4efe2837004cc95fe7d9308f,E:\kagglegolf\data\interim\submission1_compare\task378.onnx,
task379,false,true,266,266,0,same_as_base,same_as_base,false,,,0c03cb198f78a5d1d9b965c7ea2ebe492d740ab48cdd97c061c2341b1386e720,0c03cb198f78a5d1d9b965c7ea2ebe492d740ab48cdd97c061c2341b1386e720,E:\kagglegolf\data\interim\submission1_compare\task379.onnx,
task380,false,true,267,267,0,same_as_base,known_strong_negative_probe,false,,,5738b9a32c4e060390dd4e9616533654a3951ef69af2721854b0ba55a010d39c,5738b9a32c4e060390dd4e9616533654a3951ef69af2721854b0ba55a010d39c,E:\kagglegolf\data\interim\submission1_compare\task380.onnx,
task381,false,true,265,265,0,same_as_base,same_as_base,false,,,ebf1e59013474b1e1ee3486919874587e800e3df415c612b856b0e8861dbca9a,ebf1e59013474b1e1ee3486919874587e800e3df415c612b856b0e8861dbca9a,E:\kagglegolf\data\interim\submission1_compare\task381.onnx,
task382,true,true,266,266,0,,,true,GOLF_20260612_094_submission1_valid153_full,146,94f0452abfa272097770831feedaf2065f2785f1eb867eabd4ab7bdee3824b3b,dc9f77928ae4bb14b80f877ca5d8e3cdfa039840816ac06d1f3cd757591b07c3,E:\kagglegolf\data\interim\submission1_compare\task382.onnx,
task383,true,true,266,266,0,,,true,GOLF_20260612_094_submission1_valid153_full,147,bbc98988ec528e0858ee04e0ac68e45da2f73e8d7db4106ebd2dafb9e841e5ac,7883392efe4eb5992307892c58e3bd473d1ea71d1ae62b5561adedd527ceb417,E:\kagglegolf\data\interim\submission1_compare\task383.onnx,
task384,true,true,266,266,0,,,true,GOLF_20260612_094_submission1_valid153_full,148,d9baeb3d16a135b1e1b56295fdda32d565121b333be61b73ebc5221c486fb273,238b3cfbdb7d7d46ed15c75065eaeff027fd0fc3cc7e6875faabee0b7c19c0fd,E:\kagglegolf\data\interim\submission1_compare\task384.onnx,
task385,false,true,265,265,0,same_as_base,same_as_base,false,,,629a5673b6a8e745a4c5b1b5afcf3c5e7214f2fd7c54d7f5da27eb3e788ea5d1,629a5673b6a8e745a4c5b1b5afcf3c5e7214f2fd7c54d7f5da27eb3e788ea5d1,E:\kagglegolf\data\interim\submission1_compare\task385.onnx,
task386,true,true,268,268,0,,,true,GOLF_20260612_094_submission1_valid153_full,149,a56ac34e03f43469aad4355bacc75df2f6722e5fbed6a38e6dccb1522efc1fec,0cc237827b30b51a8c4deca0e54c105a0ff452f78ab2e2bacd28b2094c0e2494,E:\kagglegolf\data\interim\submission1_compare\task386.onnx,
task387,false,true,266,266,0,same_as_base,same_as_base,false,,,922ce5bde5319cc313a3bd536efe5ad0870456361b80db7b5e806f0adc4a9188,922ce5bde5319cc313a3bd536efe5ad0870456361b80db7b5e806f0adc4a9188,E:\kagglegolf\data\interim\submission1_compare\task387.onnx,
task388,true,true,266,266,0,,,true,GOLF_20260612_094_submission1_valid153_full,150,8afccfc448cdf82a4975b45c7b556477083e29728ac00da51d92d2da1aefe4cc,4643ef525491c8fe2f2b6a45106d85c65de0d231c73ff2bfbcff0dac4a3552b6,E:\kagglegolf\data\interim\submission1_compare\task388.onnx,
task389,false,true,266,266,0,same_as_base,same_as_base,false,,,5d19a4d137ddfa5d5e278378f5210bdd9ffd9225b6b7ca3cfb0a823a86ca0be9,5d19a4d137ddfa5d5e278378f5210bdd9ffd9225b6b7ca3cfb0a823a86ca0be9,E:\kagglegolf\data\interim\submission1_compare\task389.onnx,
task390,false,true,266,266,0,same_as_base,same_as_base,false,,,7633e32f12d67d4f58ce345980ffcc442888c7ad72ba6f2b47205a5fff24fc38,7633e32f12d67d4f58ce345980ffcc442888c7ad72ba6f2b47205a5fff24fc38,E:\kagglegolf\data\interim\submission1_compare\task390.onnx,
task391,false,true,267,267,0,same_as_base,same_as_base,false,,,1582c8e52095b42ea4800ff8753f6e9fcb62f2e7b65b1642a469835c6548bf80,1582c8e52095b42ea4800ff8753f6e9fcb62f2e7b65b1642a469835c6548bf80,E:\kagglegolf\data\interim\submission1_compare\task391.onnx,
task392,true,true,266,266,0,,,true,GOLF_20260612_094_submission1_valid153_full,151,a1b6f293dd9143a38e3214f644aef3e1f1792e03f13d48612156a4e4f8274c9c,74aca2d9e4aea565ba6c86009418526598b108d781d2d15c6670a182886319a8,E:\kagglegolf\data\interim\submission1_compare\task392.onnx,
task393,false,true,265,265,0,same_as_base,same_as_base,false,,,ca611d444767651339521e15512433dff1dccbf80f21572d62cfc02d5924cb48,ca611d444767651339521e15512433dff1dccbf80f21572d62cfc02d5924cb48,E:\kagglegolf\data\interim\submission1_compare\task393.onnx,
task394,true,true,266,266,0,,,true,GOLF_20260612_094_submission1_valid153_full,152,6f9e76b487f97c594199199e75fc55402957e97ede7b3c08c5059ae6412a4a45,e9b871179986f1796564c900b56ec4461fcfe754c670b8d8667ab8c738ea3885,E:\kagglegolf\data\interim\submission1_compare\task394.onnx,
task395,false,true,268,268,0,same_as_base,same_as_base,false,,,19fd478858c781c596e2ca2f7e34d4e1bcfa8798379225afbe1efd44d2841ac0,19fd478858c781c596e2ca2f7e34d4e1bcfa8798379225afbe1efd44d2841ac0,E:\kagglegolf\data\interim\submission1_compare\task395.onnx,
task396,true,true,266,266,0,,,true,GOLF_20260612_094_submission1_valid153_full,153,a9a8a5c3780c0496286932fc74a4bc5917beceacf116e159df3effbb794bc085,5462d2dfac587c7da0bfb315c2312973c5a52d319defccbb12b74cb909ce7644,E:\kagglegolf\data\interim\submission1_compare\task396.onnx,
task397,false,true,266,266,0,same_as_base,same_as_base,false,,,6bec01ff9716ef2cfce531990ea08c499d66034e4b16e8919d46f33da3bd2009,6bec01ff9716ef2cfce531990ea08c499d66034e4b16e8919d46f33da3bd2009,E:\kagglegolf\data\interim\submission1_compare\task397.onnx,
task398,false,true,268,268,0,same_as_base,same_as_base,false,,,9bc3ab8e8d057ba1d59681824fb89937bcea44d3056731d448f703c55156e86d,9bc3ab8e8d057ba1d59681824fb89937bcea44d3056731d448f703c55156e86d,E:\kagglegolf\data\interim\submission1_compare\task398.onnx,
task399,false,true,273,273,0,same_as_base,same_as_base,false,,,f8e72c2228ae91a54d38c5a7f101356edc42d906cda234321b13bfc87a5ff38f,f8e72c2228ae91a54d38c5a7f101356edc42d906cda234321b13bfc87a5ff38f,E:\kagglegolf\data\interim\submission1_compare\task399.onnx,
task400,false,true,266,266,0,same_as_base,same_as_base,false,,,85a9828beec5f14034326e3d758cb7a93f61e66437df97f60e5b4a304af62110,85a9828beec5f14034326e3d758cb7a93f61e66437df97f60e5b4a304af62110,E:\kagglegolf\data\interim\submission1_compare\task400.onnx,
