task_id,source_6154_model,source_6029_model,onnx_load_6154,onnx_load_6029,file_size_6154,file_size_6029,node_count_6154,node_count_6029,initializer_count_6154,initializer_count_6029,parameter_bytes_6154,parameter_bytes_6029,memory_footprint_proxy_6154,memory_footprint_proxy_6029,estimated_cost_6154,estimated_cost_6029,estimated_utility_6154,estimated_utility_6029,delta_memory,delta_cost,delta_utility,banned_ops_6154,banned_ops_6029,risk,recommendation,recommended_action,source_id
task001,E:\kagglegolf\submissions\candidates\GOLF_20260607_001_public_6154_repro\onnx\task001.onnx,E:\kagglegolf\data\external\public_bundles\jsrdcht_6029_submission_bundle\extracted\task001.onnx,True,True,1433,1433,12,12,4,4,148,148,4463,4463,4487,4487,16.591060,16.591060,0,0,0.000000,,,medium,hold,keep_6154,SRC_KAGGLE_NOTEBOOK_JSRDCHT_6029
task002,E:\kagglegolf\submissions\candidates\GOLF_20260607_001_public_6154_repro\onnx\task002.onnx,E:\kagglegolf\data\external\public_bundles\jsrdcht_6029_submission_bundle\extracted\task002.onnx,True,True,15506,15506,95,95,32,32,1472,1472,98672,98672,99165,99165,13.495460,13.495460,0,0,0.000000,,,medium,hold,keep_6154,SRC_KAGGLE_NOTEBOOK_JSRDCHT_6029
task003,E:\kagglegolf\submissions\candidates\GOLF_20260607_001_public_6154_repro\onnx\task003.onnx,E:\kagglegolf\data\external\public_bundles\jsrdcht_6029_submission_bundle\extracted\task003.onnx,True,True,4167,4167,39,39,10,10,64,64,10090,10090,10100,10100,15.779709,15.779709,0,0,0.000000,,,medium,hold,keep_6154,SRC_KAGGLE_NOTEBOOK_JSRDCHT_6029
task004,E:\kagglegolf\submissions\candidates\GOLF_20260607_001_public_6154_repro\onnx\task004.onnx,E:\kagglegolf\data\external\public_bundles\jsrdcht_6029_submission_bundle\extracted\task004.onnx,True,True,2522,2522,4,4,4,4,2040,2040,56040,56040,57060,57060,14.048141,14.048141,0,0,0.000000,,,medium,hold,keep_6154,SRC_KAGGLE_NOTEBOOK_JSRDCHT_6029
task005,E:\kagglegolf\submissions\candidates\GOLF_20260607_001_public_6154_repro\onnx\task005.onnx,E:\kagglegolf\data\external\public_bundles\jsrdcht_6029_submission_bundle\extracted\task005.onnx,True,True,10910,10910,106,106,19,19,708,708,117597,119361,117933,119697,13.322128,13.307281,1764,1764,-0.014847,,,medium,hold,keep_6154,SRC_KAGGLE_NOTEBOOK_JSRDCHT_6029
task006,E:\kagglegolf\submissions\candidates\GOLF_20260607_001_public_6154_repro\onnx\task006.onnx,E:\kagglegolf\data\external\public_bundles\jsrdcht_6029_submission_bundle\extracted\task006.onnx,True,True,1364,1364,10,10,10,10,292,292,2164,2164,2211,2211,17.298800,17.298800,0,0,0.000000,,,medium,hold,keep_6154,SRC_KAGGLE_NOTEBOOK_JSRDCHT_6029
task007,E:\kagglegolf\submissions\candidates\GOLF_20260607_001_public_6154_repro\onnx\task007.onnx,E:\kagglegolf\data\external\public_bundles\jsrdcht_6029_submission_bundle\extracted\task007.onnx,True,True,1603,1603,13,13,13,13,240,240,9440,9440,9471,9471,15.844010,15.844010,0,0,0.000000,,,medium,hold,keep_6154,SRC_KAGGLE_NOTEBOOK_JSRDCHT_6029
task008,E:\kagglegolf\submissions\candidates\GOLF_20260607_001_public_6154_repro\onnx\task008.onnx,E:\kagglegolf\data\external\public_bundles\jsrdcht_6029_submission_bundle\extracted\task008.onnx,True,True,7667,7667,78,78,21,21,321,321,23549,23805,23610,23866,14.930574,14.919790,256,256,-0.010785,,,medium,hold,keep_6154,SRC_KAGGLE_NOTEBOOK_JSRDCHT_6029
task009,E:\kagglegolf\submissions\candidates\GOLF_20260607_001_public_6154_repro\onnx\task009.onnx,E:\kagglegolf\data\external\public_bundles\jsrdcht_6029_submission_bundle\extracted\task009.onnx,True,True,30956,30956,22,22,6,6,29306,29306,106706,106706,110547,110547,13.386804,13.386804,0,0,0.000000,,,medium,hold,keep_6154,SRC_KAGGLE_NOTEBOOK_JSRDCHT_6029
task010,E:\kagglegolf\submissions\candidates\GOLF_20260607_001_public_6154_repro\onnx\task010.onnx,E:\kagglegolf\data\external\public_bundles\jsrdcht_6029_submission_bundle\extracted\task010.onnx,True,True,6061,6061,58,58,26,26,444,444,8609,8609,8686,8686,15.930532,15.930532,0,0,0.000000,,,medium,hold,keep_6154,SRC_KAGGLE_NOTEBOOK_JSRDCHT_6029
task011,E:\kagglegolf\submissions\candidates\GOLF_20260607_001_public_6154_repro\onnx\task011.onnx,E:\kagglegolf\data\external\public_bundles\jsrdcht_6029_submission_bundle\extracted\task011.onnx,True,True,10170,10170,52,52,22,22,4734,4734,68650,68650,70981,70981,13.829832,13.829832,0,0,0.000000,,,medium,hold,keep_6154,SRC_KAGGLE_NOTEBOOK_JSRDCHT_6029
task012,E:\kagglegolf\submissions\candidates\GOLF_20260607_001_public_6154_repro\onnx\task012.onnx,E:\kagglegolf\data\external\public_bundles\jsrdcht_6029_submission_bundle\extracted\task012.onnx,True,True,1975,1948,15,15,14,13,494,485,13030,14453,13134,14555,15.517040,15.414310,1423,1421,-0.102730,,,medium,hold,keep_6154,SRC_KAGGLE_NOTEBOOK_JSRDCHT_6029
task013,E:\kagglegolf\submissions\candidates\GOLF_20260607_001_public_6154_repro\onnx\task013.onnx,E:\kagglegolf\data\external\public_bundles\jsrdcht_6029_submission_bundle\extracted\task013.onnx,True,True,18384,18384,91,91,16,16,4538,4538,119163,119163,121420,121420,13.292989,13.292989,0,0,0.000000,,,medium,hold,keep_6154,SRC_KAGGLE_NOTEBOOK_JSRDCHT_6029
task014,E:\kagglegolf\submissions\candidates\GOLF_20260607_001_public_6154_repro\onnx\task014.onnx,E:\kagglegolf\data\external\public_bundles\jsrdcht_6029_submission_bundle\extracted\task014.onnx,True,True,9683,14357,46,166,20,0,7024,1760,79087,237032,83104,237448,13.672152,12.622296,157945,154344,-1.049856,,,medium,hold,keep_6154,SRC_KAGGLE_NOTEBOOK_JSRDCHT_6029
task015,E:\kagglegolf\submissions\candidates\GOLF_20260607_001_public_6154_repro\onnx\task015.onnx,E:\kagglegolf\data\external\public_bundles\jsrdcht_6029_submission_bundle\extracted\task015.onnx,True,True,3798,3798,1,1,1,1,3600,3600,3600,3600,4500,4500,16.588167,16.588167,0,0,0.000000,,,medium,hold,keep_6154,SRC_KAGGLE_NOTEBOOK_JSRDCHT_6029
task016,E:\kagglegolf\submissions\candidates\GOLF_20260607_001_public_6154_repro\onnx\task016.onnx,E:\kagglegolf\data\external\public_bundles\jsrdcht_6029_submission_bundle\extracted\task016.onnx,True,True,158,158,1,1,1,1,80,80,80,80,90,90,20.500190,20.500190,0,0,0.000000,,,medium,hold,keep_6154,SRC_KAGGLE_NOTEBOOK_JSRDCHT_6029
task017,E:\kagglegolf\submissions\candidates\GOLF_20260607_001_public_6154_repro\onnx\task017.onnx,E:\kagglegolf\data\external\public_bundles\jsrdcht_6029_submission_bundle\extracted\task017.onnx,True,True,8855,8620,71,67,28,27,1957,1796,36642,40731,37286,41354,14.473627,14.370076,4089,4068,-0.103551,,,medium,hold,keep_6154,SRC_KAGGLE_NOTEBOOK_JSRDCHT_6029
task018,E:\kagglegolf\submissions\candidates\GOLF_20260607_001_public_6154_repro\onnx\task018.onnx,E:\kagglegolf\data\external\public_bundles\jsrdcht_6029_submission_bundle\extracted\task018.onnx,True,True,29359,32157,192,219,33,31,2253,2316,477443,871210,478438,872209,11.921718,11.321216,393767,393771,-0.600502,,,high,high_risk_boundary_or_unknown,probe_bottom15_structural_difference,SRC_KAGGLE_NOTEBOOK_JSRDCHT_6029
task019,E:\kagglegolf\submissions\candidates\GOLF_20260607_001_public_6154_repro\onnx\task019.onnx,E:\kagglegolf\data\external\public_bundles\jsrdcht_6029_submission_bundle\extracted\task019.onnx,True,True,17887,17887,35,35,12,12,14498,14498,150554,150554,152382,152382,13.065854,13.065854,0,0,0.000000,,,medium,hold,keep_6154,SRC_KAGGLE_NOTEBOOK_JSRDCHT_6029
task020,E:\kagglegolf\submissions\candidates\GOLF_20260607_001_public_6154_repro\onnx\task020.onnx,E:\kagglegolf\data\external\public_bundles\jsrdcht_6029_submission_bundle\extracted\task020.onnx,True,True,31378,31378,245,245,25,25,2136,2136,91999,91999,92269,92269,13.567536,13.567536,0,0,0.000000,,,medium,hold,keep_6154,SRC_KAGGLE_NOTEBOOK_JSRDCHT_6029
task021,E:\kagglegolf\submissions\candidates\GOLF_20260607_001_public_6154_repro\onnx\task021.onnx,E:\kagglegolf\data\external\public_bundles\jsrdcht_6029_submission_bundle\extracted\task021.onnx,True,True,38267,38201,214,214,21,20,14794,14792,64156,84332,66017,86192,13.902332,13.635667,20176,20175,-0.266665,,,medium,hold,keep_6154,SRC_KAGGLE_NOTEBOOK_JSRDCHT_6029
task022,E:\kagglegolf\submissions\candidates\GOLF_20260607_001_public_6154_repro\onnx\task022.onnx,E:\kagglegolf\data\external\public_bundles\jsrdcht_6029_submission_bundle\extracted\task022.onnx,True,True,43895,43895,363,363,24,24,410,410,45222,45222,45343,45343,14.277989,14.277989,0,0,0.000000,,,medium,hold,keep_6154,SRC_KAGGLE_NOTEBOOK_JSRDCHT_6029
task023,E:\kagglegolf\submissions\candidates\GOLF_20260607_001_public_6154_repro\onnx\task023.onnx,E:\kagglegolf\data\external\public_bundles\jsrdcht_6029_submission_bundle\extracted\task023.onnx,True,True,33302,20163,377,395,20,14,262,104,73423,1210604,73469,1210625,13.795381,10.993353,1137181,1137156,-2.802028,,,medium,hold,keep_6154,SRC_KAGGLE_NOTEBOOK_JSRDCHT_6029
task024,E:\kagglegolf\submissions\candidates\GOLF_20260607_001_public_6154_repro\onnx\task024.onnx,E:\kagglegolf\data\external\public_bundles\jsrdcht_6029_submission_bundle\extracted\task024.onnx,True,True,3233,3233,27,27,11,11,505,505,9325,9325,9585,9585,15.832045,15.832045,0,0,0.000000,,,medium,hold,keep_6154,SRC_KAGGLE_NOTEBOOK_JSRDCHT_6029
task025,E:\kagglegolf\submissions\candidates\GOLF_20260607_001_public_6154_repro\onnx\task025.onnx,E:\kagglegolf\data\external\public_bundles\jsrdcht_6029_submission_bundle\extracted\task025.onnx,True,True,13460,826752,127,7449,28,3742,382,267372,140410,12050352,140475,12115545,13.147215,8.690000,11909942,11975070,-4.457215,,,high,high_risk_boundary_or_unknown,probe_bottom15_structural_difference,SRC_KAGGLE_NOTEBOOK_JSRDCHT_6029
task026,E:\kagglegolf\submissions\candidates\GOLF_20260607_001_public_6154_repro\onnx\task026.onnx,E:\kagglegolf\data\external\public_bundles\jsrdcht_6029_submission_bundle\extracted\task026.onnx,True,True,1622,1622,11,11,8,8,264,264,1404,1404,1452,1452,17.719303,17.719303,0,0,0.000000,,,medium,hold,keep_6154,SRC_KAGGLE_NOTEBOOK_JSRDCHT_6029
task027,E:\kagglegolf\submissions\candidates\GOLF_20260607_001_public_6154_repro\onnx\task027.onnx,E:\kagglegolf\data\external\public_bundles\jsrdcht_6029_submission_bundle\extracted\task027.onnx,True,True,31135,31135,22,22,13,13,28936,28936,77913,77913,85131,85131,13.648053,13.648053,0,0,0.000000,,,medium,hold,keep_6154,SRC_KAGGLE_NOTEBOOK_JSRDCHT_6029
task028,E:\kagglegolf\submissions\candidates\GOLF_20260607_001_public_6154_repro\onnx\task028.onnx,E:\kagglegolf\data\external\public_bundles\jsrdcht_6029_submission_bundle\extracted\task028.onnx,True,True,2452,51218,11,10,13,6,1344,50440,17096,230600,17414,243210,15.234970,12.598319,213504,225796,-2.636651,,,medium,hold,keep_6154,SRC_KAGGLE_NOTEBOOK_JSRDCHT_6029
task029,E:\kagglegolf\submissions\candidates\GOLF_20260607_001_public_6154_repro\onnx\task029.onnx,E:\kagglegolf\data\external\public_bundles\jsrdcht_6029_submission_bundle\extracted\task029.onnx,True,True,13589,13589,88,88,15,15,808,808,97755,99015,97925,99185,13.508043,13.495258,1260,1260,-0.012785,,,medium,hold,keep_6154,SRC_KAGGLE_NOTEBOOK_JSRDCHT_6029
task030,E:\kagglegolf\submissions\candidates\GOLF_20260607_001_public_6154_repro\onnx\task030.onnx,E:\kagglegolf\data\external\public_bundles\jsrdcht_6029_submission_bundle\extracted\task030.onnx,True,True,9441,9441,56,56,13,13,4196,4196,53498,53768,54473,54743,14.094540,14.089595,270,270,-0.004944,,,medium,hold,keep_6154,SRC_KAGGLE_NOTEBOOK_JSRDCHT_6029
task031,E:\kagglegolf\submissions\candidates\GOLF_20260607_001_public_6154_repro\onnx\task031.onnx,E:\kagglegolf\data\external\public_bundles\jsrdcht_6029_submission_bundle\extracted\task031.onnx,True,True,3417,3417,26,26,13,13,412,412,18970,19042,19028,19100,15.146333,15.142556,72,72,-0.003777,,,medium,hold,keep_6154,SRC_KAGGLE_NOTEBOOK_JSRDCHT_6029
task032,E:\kagglegolf\submissions\candidates\GOLF_20260607_001_public_6154_repro\onnx\task032.onnx,E:\kagglegolf\data\external\public_bundles\jsrdcht_6029_submission_bundle\extracted\task032.onnx,True,True,2347,2347,19,19,10,10,340,340,3676,3676,3745,3745,16.771823,16.771823,0,0,0.000000,,,medium,hold,keep_6154,SRC_KAGGLE_NOTEBOOK_JSRDCHT_6029
task033,E:\kagglegolf\submissions\candidates\GOLF_20260607_001_public_6154_repro\onnx\task033.onnx,E:\kagglegolf\data\external\public_bundles\jsrdcht_6029_submission_bundle\extracted\task033.onnx,True,True,1510,1510,16,16,6,6,320,320,55432,55432,55481,55481,14.076204,14.076204,0,0,0.000000,,,medium,hold,keep_6154,SRC_KAGGLE_NOTEBOOK_JSRDCHT_6029
task034,E:\kagglegolf\submissions\candidates\GOLF_20260607_001_public_6154_repro\onnx\task034.onnx,E:\kagglegolf\data\external\public_bundles\jsrdcht_6029_submission_bundle\extracted\task034.onnx,True,True,11293,11293,87,87,16,16,4854,4854,108803,108803,111650,111650,13.376876,13.376876,0,0,0.000000,,,medium,hold,keep_6154,SRC_KAGGLE_NOTEBOOK_JSRDCHT_6029
task035,E:\kagglegolf\submissions\candidates\GOLF_20260607_001_public_6154_repro\onnx\task035.onnx,E:\kagglegolf\data\external\public_bundles\jsrdcht_6029_submission_bundle\extracted\task035.onnx,True,True,12860,12869,104,104,31,32,1124,1164,37400,40640,37615,40865,14.464842,14.381971,3240,3250,-0.082871,,,medium,hold,keep_6154,SRC_KAGGLE_NOTEBOOK_JSRDCHT_6029
task036,E:\kagglegolf\submissions\candidates\GOLF_20260607_001_public_6154_repro\onnx\task036.onnx,E:\kagglegolf\data\external\public_bundles\jsrdcht_6029_submission_bundle\extracted\task036.onnx,True,True,5866,5866,56,56,17,17,1140,1140,80972,80972,81131,81131,13.696180,13.696180,0,0,0.000000,,,medium,hold,keep_6154,SRC_KAGGLE_NOTEBOOK_JSRDCHT_6029
task037,E:\kagglegolf\submissions\candidates\GOLF_20260607_001_public_6154_repro\onnx\task037.onnx,E:\kagglegolf\data\external\public_bundles\jsrdcht_6029_submission_bundle\extracted\task037.onnx,True,True,20424,20424,27,27,13,13,16760,16760,72160,72160,80486,80486,13.704161,13.704161,0,0,0.000000,,,medium,hold,keep_6154,SRC_KAGGLE_NOTEBOOK_JSRDCHT_6029
task038,E:\kagglegolf\submissions\candidates\GOLF_20260607_001_public_6154_repro\onnx\task038.onnx,E:\kagglegolf\data\external\public_bundles\jsrdcht_6029_submission_bundle\extracted\task038.onnx,True,True,2357,2357,16,16,13,13,416,416,2532,2532,2609,2609,17.133278,17.133278,0,0,0.000000,,,medium,hold,keep_6154,SRC_KAGGLE_NOTEBOOK_JSRDCHT_6029
task039,E:\kagglegolf\submissions\candidates\GOLF_20260607_001_public_6154_repro\onnx\task039.onnx,E:\kagglegolf\data\external\public_bundles\jsrdcht_6029_submission_bundle\extracted\task039.onnx,True,True,1913,1913,14,14,9,9,220,220,7964,8024,7992,8052,16.013804,16.006324,60,60,-0.007479,,,medium,hold,keep_6154,SRC_KAGGLE_NOTEBOOK_JSRDCHT_6029
task040,E:\kagglegolf\submissions\candidates\GOLF_20260607_001_public_6154_repro\onnx\task040.onnx,E:\kagglegolf\data\external\public_bundles\jsrdcht_6029_submission_bundle\extracted\task040.onnx,True,True,4167,4104,36,36,20,20,308,308,8114,11314,8176,11376,15.991042,15.660739,3200,3200,-0.330303,,,medium,hold,keep_6154,SRC_KAGGLE_NOTEBOOK_JSRDCHT_6029
task041,E:\kagglegolf\submissions\candidates\GOLF_20260607_001_public_6154_repro\onnx\task041.onnx,E:\kagglegolf\data\external\public_bundles\jsrdcht_6029_submission_bundle\extracted\task041.onnx,True,True,1665,2228,13,18,6,6,152,216,14052,16516,14071,16543,15.448129,15.286282,2464,2472,-0.161847,,,medium,hold,keep_6154,SRC_KAGGLE_NOTEBOOK_JSRDCHT_6029
task042,E:\kagglegolf\submissions\candidates\GOLF_20260607_001_public_6154_repro\onnx\task042.onnx,E:\kagglegolf\data\external\public_bundles\jsrdcht_6029_submission_bundle\extracted\task042.onnx,True,True,9668,8398,52,54,42,18,2366,728,10156,33637,10967,33797,15.697354,14.571873,23481,22830,-1.125481,,,medium,hold,keep_6154,SRC_KAGGLE_NOTEBOOK_JSRDCHT_6029
task043,E:\kagglegolf\submissions\candidates\GOLF_20260607_001_public_6154_repro\onnx\task043.onnx,E:\kagglegolf\data\external\public_bundles\jsrdcht_6029_submission_bundle\extracted\task043.onnx,True,True,1966,1966,9,9,14,14,638,638,7618,7618,7757,7757,16.043649,16.043649,0,0,0.000000,,,medium,hold,keep_6154,SRC_KAGGLE_NOTEBOOK_JSRDCHT_6029
task044,E:\kagglegolf\submissions\candidates\GOLF_20260607_001_public_6154_repro\onnx\task044.onnx,E:\kagglegolf\data\external\public_bundles\jsrdcht_6029_submission_bundle\extracted\task044.onnx,True,True,22434,148684,311,1054,43,59,1536,4876,47660,2383764,48083,2385179,14.219316,10.315215,2336104,2337096,-3.904101,,,medium,hold,keep_6154,SRC_KAGGLE_NOTEBOOK_JSRDCHT_6029
task045,E:\kagglegolf\submissions\candidates\GOLF_20260607_001_public_6154_repro\onnx\task045.onnx,E:\kagglegolf\data\external\public_bundles\jsrdcht_6029_submission_bundle\extracted\task045.onnx,True,True,1438,1438,11,11,12,12,212,212,7962,7962,7994,7994,16.013553,16.013553,0,0,0.000000,,,medium,hold,keep_6154,SRC_KAGGLE_NOTEBOOK_JSRDCHT_6029
task046,E:\kagglegolf\submissions\candidates\GOLF_20260607_001_public_6154_repro\onnx\task046.onnx,E:\kagglegolf\data\external\public_bundles\jsrdcht_6029_submission_bundle\extracted\task046.onnx,True,True,8963,8963,70,70,26,26,3580,3580,59160,59160,60026,60026,13.997467,13.997467,0,0,0.000000,,,medium,hold,keep_6154,SRC_KAGGLE_NOTEBOOK_JSRDCHT_6029
task047,E:\kagglegolf\submissions\candidates\GOLF_20260607_001_public_6154_repro\onnx\task047.onnx,E:\kagglegolf\data\external\public_bundles\jsrdcht_6029_submission_bundle\extracted\task047.onnx,True,True,3091,3246,30,31,8,11,288,620,3276,8043,3312,8170,16.894692,15.991776,4767,4858,-0.902917,,,medium,hold,keep_6154,SRC_KAGGLE_NOTEBOOK_JSRDCHT_6029
task048,E:\kagglegolf\submissions\candidates\GOLF_20260607_001_public_6154_repro\onnx\task048.onnx,E:\kagglegolf\data\external\public_bundles\jsrdcht_6029_submission_bundle\extracted\task048.onnx,True,True,5695,5695,49,49,15,15,396,396,9157,9161,9223,9227,15.870544,15.870111,4,4,-0.000434,,,medium,hold,keep_6154,SRC_KAGGLE_NOTEBOOK_JSRDCHT_6029
task049,E:\kagglegolf\submissions\candidates\GOLF_20260607_001_public_6154_repro\onnx\task049.onnx,E:\kagglegolf\data\external\public_bundles\jsrdcht_6029_submission_bundle\extracted\task049.onnx,True,True,3516,3516,29,29,12,12,792,792,31131,33055,31281,33205,14.649234,14.589544,1924,1924,-0.059690,,,medium,hold,keep_6154,SRC_KAGGLE_NOTEBOOK_JSRDCHT_6029
task050,E:\kagglegolf\submissions\candidates\GOLF_20260607_001_public_6154_repro\onnx\task050.onnx,E:\kagglegolf\data\external\public_bundles\jsrdcht_6029_submission_bundle\extracted\task050.onnx,True,True,2540,2540,19,19,9,9,425,425,10550,10550,10800,10800,15.712699,15.712699,0,0,0.000000,,,medium,hold,keep_6154,SRC_KAGGLE_NOTEBOOK_JSRDCHT_6029
task051,E:\kagglegolf\submissions\candidates\GOLF_20260607_001_public_6154_repro\onnx\task051.onnx,E:\kagglegolf\data\external\public_bundles\jsrdcht_6029_submission_bundle\extracted\task051.onnx,True,True,3365,3365,57,57,13,13,588,588,90981,90981,91060,91060,13.580726,13.580726,0,0,0.000000,,,medium,hold,keep_6154,SRC_KAGGLE_NOTEBOOK_JSRDCHT_6029
task052,E:\kagglegolf\submissions\candidates\GOLF_20260607_001_public_6154_repro\onnx\task052.onnx,E:\kagglegolf\data\external\public_bundles\jsrdcht_6029_submission_bundle\extracted\task052.onnx,True,True,1277,1277,10,10,12,12,240,240,1887,1887,1930,1930,17.434725,17.434725,0,0,0.000000,,,medium,hold,keep_6154,SRC_KAGGLE_NOTEBOOK_JSRDCHT_6029
task053,E:\kagglegolf\submissions\candidates\GOLF_20260607_001_public_6154_repro\onnx\task053.onnx,E:\kagglegolf\data\external\public_bundles\jsrdcht_6029_submission_bundle\extracted\task053.onnx,True,True,175,175,1,1,1,1,240,240,240,240,270,270,19.401578,19.401578,0,0,0.000000,,,medium,hold,keep_6154,SRC_KAGGLE_NOTEBOOK_JSRDCHT_6029
task054,E:\kagglegolf\submissions\candidates\GOLF_20260607_001_public_6154_repro\onnx\task054.onnx,E:\kagglegolf\data\external\public_bundles\jsrdcht_6029_submission_bundle\extracted\task054.onnx,True,True,9661,9728,117,118,16,16,900,900,173795,182795,173956,182956,12.933442,12.882999,9000,9000,-0.050443,,,high,high_risk_boundary_or_unknown,probe_bottom15_structural_difference,SRC_KAGGLE_NOTEBOOK_JSRDCHT_6029
task055,E:\kagglegolf\submissions\candidates\GOLF_20260607_001_public_6154_repro\onnx\task055.onnx,E:\kagglegolf\data\external\public_bundles\jsrdcht_6029_submission_bundle\extracted\task055.onnx,True,True,21458,21458,164,164,37,37,4096,4096,40388,40388,41382,41382,14.369399,14.369399,0,0,0.000000,,,medium,hold,keep_6154,SRC_KAGGLE_NOTEBOOK_JSRDCHT_6029
task056,E:\kagglegolf\submissions\candidates\GOLF_20260607_001_public_6154_repro\onnx\task056.onnx,E:\kagglegolf\data\external\public_bundles\jsrdcht_6029_submission_bundle\extracted\task056.onnx,True,True,1515,1515,7,7,10,10,492,492,952,952,1052,1052,18.041552,18.041552,0,0,0.000000,,,medium,hold,keep_6154,SRC_KAGGLE_NOTEBOOK_JSRDCHT_6029
task057,E:\kagglegolf\submissions\candidates\GOLF_20260607_001_public_6154_repro\onnx\task057.onnx,E:\kagglegolf\data\external\public_bundles\jsrdcht_6029_submission_bundle\extracted\task057.onnx,True,True,1832,1880,18,18,6,4,157,88,37545,46892,37566,46903,14.466145,14.244163,9347,9337,-0.221982,,,medium,hold,keep_6154,SRC_KAGGLE_NOTEBOOK_JSRDCHT_6029
task058,E:\kagglegolf\submissions\candidates\GOLF_20260607_001_public_6154_repro\onnx\task058.onnx,E:\kagglegolf\data\external\public_bundles\jsrdcht_6029_submission_bundle\extracted\task058.onnx,True,True,27439,27439,15,15,11,11,25812,25812,35508,35516,41953,41961,14.355695,14.355504,8,8,-0.000191,,,medium,hold,keep_6154,SRC_KAGGLE_NOTEBOOK_JSRDCHT_6029
task059,E:\kagglegolf\submissions\candidates\GOLF_20260607_001_public_6154_repro\onnx\task059.onnx,E:\kagglegolf\data\external\public_bundles\jsrdcht_6029_submission_bundle\extracted\task059.onnx,True,True,12715,12715,20,20,19,19,10356,10356,36364,36364,38917,38917,14.430814,14.430814,0,0,0.000000,,,medium,hold,keep_6154,SRC_KAGGLE_NOTEBOOK_JSRDCHT_6029
task060,E:\kagglegolf\submissions\candidates\GOLF_20260607_001_public_6154_repro\onnx\task060.onnx,E:\kagglegolf\data\external\public_bundles\jsrdcht_6029_submission_bundle\extracted\task060.onnx,True,True,3039,3039,16,16,18,18,876,876,10796,10796,10977,10977,15.696443,15.696443,0,0,0.000000,,,medium,hold,keep_6154,SRC_KAGGLE_NOTEBOOK_JSRDCHT_6029
task061,E:\kagglegolf\submissions\candidates\GOLF_20260607_001_public_6154_repro\onnx\task061.onnx,E:\kagglegolf\data\external\public_bundles\jsrdcht_6029_submission_bundle\extracted\task061.onnx,True,True,17030,17030,9,9,12,12,15754,15754,32696,32696,34668,34668,14.546428,14.546428,0,0,0.000000,,,medium,hold,keep_6154,SRC_KAGGLE_NOTEBOOK_JSRDCHT_6029
task062,E:\kagglegolf\submissions\candidates\GOLF_20260607_001_public_6154_repro\onnx\task062.onnx,E:\kagglegolf\data\external\public_bundles\jsrdcht_6029_submission_bundle\extracted\task062.onnx,True,True,22124,22124,194,194,26,26,3784,3784,50344,50344,51273,51273,14.155080,14.155080,0,0,0.000000,,,medium,hold,keep_6154,SRC_KAGGLE_NOTEBOOK_JSRDCHT_6029
task063,E:\kagglegolf\submissions\candidates\GOLF_20260607_001_public_6154_repro\onnx\task063.onnx,E:\kagglegolf\data\external\public_bundles\jsrdcht_6029_submission_bundle\extracted\task063.onnx,True,True,3709,3709,34,34,13,13,244,244,30944,30944,30976,30976,14.659032,14.659032,0,0,0.000000,,,medium,hold,keep_6154,SRC_KAGGLE_NOTEBOOK_JSRDCHT_6029
task064,E:\kagglegolf\submissions\candidates\GOLF_20260607_001_public_6154_repro\onnx\task064.onnx,E:\kagglegolf\data\external\public_bundles\jsrdcht_6029_submission_bundle\extracted\task064.onnx,True,True,7151,5809,68,48,20,12,692,740,114753,132318,114845,132556,13.348661,13.205240,17565,17711,-0.143422,,,medium,hold,keep_6154,SRC_KAGGLE_NOTEBOOK_JSRDCHT_6029
task065,E:\kagglegolf\submissions\candidates\GOLF_20260607_001_public_6154_repro\onnx\task065.onnx,E:\kagglegolf\data\external\public_bundles\jsrdcht_6029_submission_bundle\extracted\task065.onnx,True,True,2705,2705,36,36,12,12,484,484,51822,51822,51899,51899,14.142945,14.142945,0,0,0.000000,,,medium,hold,keep_6154,SRC_KAGGLE_NOTEBOOK_JSRDCHT_6029
task066,E:\kagglegolf\submissions\candidates\GOLF_20260607_001_public_6154_repro\onnx\task066.onnx,E:\kagglegolf\data\external\public_bundles\jsrdcht_6029_submission_bundle\extracted\task066.onnx,True,True,170467,180173,1531,1642,35,29,444,314,207639,499733,207750,499849,12.755909,11.877939,292094,292099,-0.877971,,,medium,hold,keep_6154,SRC_KAGGLE_NOTEBOOK_JSRDCHT_6029
task067,E:\kagglegolf\submissions\candidates\GOLF_20260607_001_public_6154_repro\onnx\task067.onnx,E:\kagglegolf\data\external\public_bundles\jsrdcht_6029_submission_bundle\extracted\task067.onnx,True,True,892,892,7,7,4,4,132,132,414,414,447,447,18.897441,18.897441,0,0,0.000000,,,medium,hold,keep_6154,SRC_KAGGLE_NOTEBOOK_JSRDCHT_6029
task068,E:\kagglegolf\submissions\candidates\GOLF_20260607_001_public_6154_repro\onnx\task068.onnx,E:\kagglegolf\data\external\public_bundles\jsrdcht_6029_submission_bundle\extracted\task068.onnx,True,True,2335,2335,23,23,11,11,172,172,18096,18096,18123,18123,15.195063,15.195063,0,0,0.000000,,,medium,hold,keep_6154,SRC_KAGGLE_NOTEBOOK_JSRDCHT_6029
task069,E:\kagglegolf\submissions\candidates\GOLF_20260607_001_public_6154_repro\onnx\task069.onnx,E:\kagglegolf\data\external\public_bundles\jsrdcht_6029_submission_bundle\extracted\task069.onnx,True,True,32330,32330,380,380,43,43,5050,5050,87908,87908,90220,90220,13.589994,13.589994,0,0,0.000000,,,medium,hold,keep_6154,SRC_KAGGLE_NOTEBOOK_JSRDCHT_6029
task070,E:\kagglegolf\submissions\candidates\GOLF_20260607_001_public_6154_repro\onnx\task070.onnx,E:\kagglegolf\data\external\public_bundles\jsrdcht_6029_submission_bundle\extracted\task070.onnx,True,True,11844,11844,71,71,16,16,180,180,66240,66240,66318,66318,13.897783,13.897783,0,0,0.000000,,,medium,hold,keep_6154,SRC_KAGGLE_NOTEBOOK_JSRDCHT_6029
task071,E:\kagglegolf\submissions\candidates\GOLF_20260607_001_public_6154_repro\onnx\task071.onnx,E:\kagglegolf\data\external\public_bundles\jsrdcht_6029_submission_bundle\extracted\task071.onnx,True,True,12082,12082,49,49,12,12,7308,7308,136158,136158,137088,137088,13.171622,13.171622,0,0,0.000000,,,medium,hold,keep_6154,SRC_KAGGLE_NOTEBOOK_JSRDCHT_6029
task072,E:\kagglegolf\submissions\candidates\GOLF_20260607_001_public_6154_repro\onnx\task072.onnx,E:\kagglegolf\data\external\public_bundles\jsrdcht_6029_submission_bundle\extracted\task072.onnx,True,True,1625,1625,9,9,8,8,384,384,2424,2424,2502,2502,17.175154,17.175154,0,0,0.000000,,,medium,hold,keep_6154,SRC_KAGGLE_NOTEBOOK_JSRDCHT_6029
task073,E:\kagglegolf\submissions\candidates\GOLF_20260607_001_public_6154_repro\onnx\task073.onnx,E:\kagglegolf\data\external\public_bundles\jsrdcht_6029_submission_bundle\extracted\task073.onnx,True,True,3825,3825,1,1,2,2,3640,3640,3640,3640,4550,4550,16.577117,16.577117,0,0,0.000000,,,medium,hold,keep_6154,SRC_KAGGLE_NOTEBOOK_JSRDCHT_6029
task074,E:\kagglegolf\submissions\candidates\GOLF_20260607_001_public_6154_repro\onnx\task074.onnx,E:\kagglegolf\data\external\public_bundles\jsrdcht_6029_submission_bundle\extracted\task074.onnx,True,True,1824,1824,18,18,13,13,276,276,22056,22056,22101,22101,14.996622,14.996622,0,0,0.000000,,,medium,hold,keep_6154,SRC_KAGGLE_NOTEBOOK_JSRDCHT_6029
task075,E:\kagglegolf\submissions\candidates\GOLF_20260607_001_public_6154_repro\onnx\task075.onnx,E:\kagglegolf\data\external\public_bundles\jsrdcht_6029_submission_bundle\extracted\task075.onnx,True,True,7736,7736,46,46,30,30,452,452,53064,53064,53121,53121,14.119672,14.119672,0,0,0.000000,,,medium,hold,keep_6154,SRC_KAGGLE_NOTEBOOK_JSRDCHT_6029
task076,E:\kagglegolf\submissions\candidates\GOLF_20260607_001_public_6154_repro\onnx\task076.onnx,E:\kagglegolf\data\external\public_bundles\jsrdcht_6029_submission_bundle\extracted\task076.onnx,True,True,64473,948872,468,220,50,44,18846,918312,398743,3013513,407757,3243011,12.081573,10.007987,2614770,2835254,-2.073586,,,medium,hold,keep_6154,SRC_KAGGLE_NOTEBOOK_JSRDCHT_6029
task077,E:\kagglegolf\submissions\candidates\GOLF_20260607_001_public_6154_repro\onnx\task077.onnx,E:\kagglegolf\data\external\public_bundles\jsrdcht_6029_submission_bundle\extracted\task077.onnx,True,True,9812,9860,71,72,21,20,4760,4759,190700,194899,192914,197112,12.830000,12.808473,4199,4198,-0.021528,,,medium,hold,keep_6154,SRC_KAGGLE_NOTEBOOK_JSRDCHT_6029
task078,E:\kagglegolf\submissions\candidates\GOLF_20260607_001_public_6154_repro\onnx\task078.onnx,E:\kagglegolf\data\external\public_bundles\jsrdcht_6029_submission_bundle\extracted\task078.onnx,True,True,2588,2588,22,22,11,11,240,240,15960,15960,15996,15996,15.319906,15.319906,0,0,0.000000,,,medium,hold,keep_6154,SRC_KAGGLE_NOTEBOOK_JSRDCHT_6029
task079,E:\kagglegolf\submissions\candidates\GOLF_20260607_001_public_6154_repro\onnx\task079.onnx,E:\kagglegolf\data\external\public_bundles\jsrdcht_6029_submission_bundle\extracted\task079.onnx,True,True,2695,2695,20,20,7,7,1056,1056,22194,25764,22439,26009,14.981444,14.833802,3570,3570,-0.147642,,,medium,hold,keep_6154,SRC_KAGGLE_NOTEBOOK_JSRDCHT_6029
task080,E:\kagglegolf\submissions\candidates\GOLF_20260607_001_public_6154_repro\onnx\task080.onnx,E:\kagglegolf\data\external\public_bundles\jsrdcht_6029_submission_bundle\extracted\task080.onnx,True,True,18484,18484,93,93,31,31,7842,7842,161474,161494,162967,162987,12.998697,12.998574,20,20,-0.000123,,,medium,hold,keep_6154,SRC_KAGGLE_NOTEBOOK_JSRDCHT_6029
task081,E:\kagglegolf\submissions\candidates\GOLF_20260607_001_public_6154_repro\onnx\task081.onnx,E:\kagglegolf\data\external\public_bundles\jsrdcht_6029_submission_bundle\extracted\task081.onnx,True,True,3749,3749,35,35,17,17,518,518,2716,2716,2825,2825,17.053736,17.053736,0,0,0.000000,,,medium,hold,keep_6154,SRC_KAGGLE_NOTEBOOK_JSRDCHT_6029
task082,E:\kagglegolf\submissions\candidates\GOLF_20260607_001_public_6154_repro\onnx\task082.onnx,E:\kagglegolf\data\external\public_bundles\jsrdcht_6029_submission_bundle\extracted\task082.onnx,True,True,2282,2282,18,18,10,10,364,364,42604,42604,42683,42683,14.338444,14.338444,0,0,0.000000,,,medium,hold,keep_6154,SRC_KAGGLE_NOTEBOOK_JSRDCHT_6029
task083,E:\kagglegolf\submissions\candidates\GOLF_20260607_001_public_6154_repro\onnx\task083.onnx,E:\kagglegolf\data\external\public_bundles\jsrdcht_6029_submission_bundle\extracted\task083.onnx,True,True,7454,7454,1,1,1,1,7200,7200,7200,7200,9000,9000,15.895020,15.895020,0,0,0.000000,,,medium,hold,keep_6154,SRC_KAGGLE_NOTEBOOK_JSRDCHT_6029
task084,E:\kagglegolf\submissions\candidates\GOLF_20260607_001_public_6154_repro\onnx\task084.onnx,E:\kagglegolf\data\external\public_bundles\jsrdcht_6029_submission_bundle\extracted\task084.onnx,True,True,2820,1127799,23,257,14,142,386,1112776,19786,5182344,19899,5460538,15.101575,9.486942,5162558,5440639,-5.614633,,,medium,hold,keep_6154,SRC_KAGGLE_NOTEBOOK_JSRDCHT_6029
task085,E:\kagglegolf\submissions\candidates\GOLF_20260607_001_public_6154_repro\onnx\task085.onnx,E:\kagglegolf\data\external\public_bundles\jsrdcht_6029_submission_bundle\extracted\task085.onnx,True,True,2547,2547,20,20,14,14,420,420,113460,113460,113598,113598,13.359579,13.359579,0,0,0.000000,,,medium,hold,keep_6154,SRC_KAGGLE_NOTEBOOK_JSRDCHT_6029
task086,E:\kagglegolf\submissions\candidates\GOLF_20260607_001_public_6154_repro\onnx\task086.onnx,E:\kagglegolf\data\external\public_bundles\jsrdcht_6029_submission_bundle\extracted\task086.onnx,True,True,4804,4727,42,41,19,19,924,928,31740,37216,31965,37441,14.627603,14.469478,5476,5476,-0.158125,,,medium,hold,keep_6154,SRC_KAGGLE_NOTEBOOK_JSRDCHT_6029
task087,E:\kagglegolf\submissions\candidates\GOLF_20260607_001_public_6154_repro\onnx\task087.onnx,E:\kagglegolf\data\external\public_bundles\jsrdcht_6029_submission_bundle\extracted\task087.onnx,True,True,474,474,2,2,5,5,128,128,488,488,504,504,18.777424,18.777424,0,0,0.000000,,,medium,hold,keep_6154,SRC_KAGGLE_NOTEBOOK_JSRDCHT_6029
task088,E:\kagglegolf\submissions\candidates\GOLF_20260607_001_public_6154_repro\onnx\task088.onnx,E:\kagglegolf\data\external\public_bundles\jsrdcht_6029_submission_bundle\extracted\task088.onnx,True,True,14980,14980,58,58,18,18,9572,9572,110198,110198,111450,111450,13.378669,13.378669,0,0,0.000000,,,medium,hold,keep_6154,SRC_KAGGLE_NOTEBOOK_JSRDCHT_6029
task089,E:\kagglegolf\submissions\candidates\GOLF_20260607_001_public_6154_repro\onnx\task089.onnx,E:\kagglegolf\data\external\public_bundles\jsrdcht_6029_submission_bundle\extracted\task089.onnx,True,True,17792,17792,181,181,25,25,780,780,50723,50723,50822,50822,14.163915,14.163915,0,0,0.000000,,,medium,hold,keep_6154,SRC_KAGGLE_NOTEBOOK_JSRDCHT_6029
task090,E:\kagglegolf\submissions\candidates\GOLF_20260607_001_public_6154_repro\onnx\task090.onnx,E:\kagglegolf\data\external\public_bundles\jsrdcht_6029_submission_bundle\extracted\task090.onnx,True,True,19660,19660,246,246,41,41,334,334,63584,63584,63688,63688,13.938249,13.938249,0,0,0.000000,,,medium,hold,keep_6154,SRC_KAGGLE_NOTEBOOK_JSRDCHT_6029
task091,E:\kagglegolf\submissions\candidates\GOLF_20260607_001_public_6154_repro\onnx\task091.onnx,E:\kagglegolf\data\external\public_bundles\jsrdcht_6029_submission_bundle\extracted\task091.onnx,True,True,4627,4627,43,43,14,14,856,856,52244,52244,52351,52351,14.134274,14.134274,0,0,0.000000,,,medium,hold,keep_6154,SRC_KAGGLE_NOTEBOOK_JSRDCHT_6029
task092,E:\kagglegolf\submissions\candidates\GOLF_20260607_001_public_6154_repro\onnx\task092.onnx,E:\kagglegolf\data\external\public_bundles\jsrdcht_6029_submission_bundle\extracted\task092.onnx,True,True,4299,4299,42,42,9,9,64,64,151564,151564,151590,151590,13.071065,13.071065,0,0,0.000000,,,medium,hold,keep_6154,SRC_KAGGLE_NOTEBOOK_JSRDCHT_6029
task093,E:\kagglegolf\submissions\candidates\GOLF_20260607_001_public_6154_repro\onnx\task093.onnx,E:\kagglegolf\data\external\public_bundles\jsrdcht_6029_submission_bundle\extracted\task093.onnx,True,True,6234,5415,56,49,10,15,296,556,15696,47820,15754,47931,15.335150,14.222482,32124,32177,-1.112668,,,medium,hold,keep_6154,SRC_KAGGLE_NOTEBOOK_JSRDCHT_6029
task094,E:\kagglegolf\submissions\candidates\GOLF_20260607_001_public_6154_repro\onnx\task094.onnx,E:\kagglegolf\data\external\public_bundles\jsrdcht_6029_submission_bundle\extracted\task094.onnx,True,True,2950,3767,25,35,12,21,442,712,10782,48772,10895,48862,15.703941,14.203245,37990,37967,-1.500696,,,medium,hold,keep_6154,SRC_KAGGLE_NOTEBOOK_JSRDCHT_6029
task095,E:\kagglegolf\submissions\candidates\GOLF_20260607_001_public_6154_repro\onnx\task095.onnx,E:\kagglegolf\data\external\public_bundles\jsrdcht_6029_submission_bundle\extracted\task095.onnx,True,True,3950,3950,1,1,2,2,3640,3640,3640,3640,4550,4550,16.577117,16.577117,0,0,0.000000,,,medium,hold,keep_6154,SRC_KAGGLE_NOTEBOOK_JSRDCHT_6029
task096,E:\kagglegolf\submissions\candidates\GOLF_20260607_001_public_6154_repro\onnx\task096.onnx,E:\kagglegolf\data\external\public_bundles\jsrdcht_6029_submission_bundle\extracted\task096.onnx,True,True,59457,64252,457,480,48,42,3818,6732,196339,484681,197655,486807,12.805722,11.904377,288342,289152,-0.901345,,,medium,hold,keep_6154,SRC_KAGGLE_NOTEBOOK_JSRDCHT_6029
task097,E:\kagglegolf\submissions\candidates\GOLF_20260607_001_public_6154_repro\onnx\task097.onnx,E:\kagglegolf\data\external\public_bundles\jsrdcht_6029_submission_bundle\extracted\task097.onnx,True,True,2494,2494,11,11,6,6,1016,1016,69416,69416,70338,70338,13.838933,13.838933,0,0,0.000000,,,medium,hold,keep_6154,SRC_KAGGLE_NOTEBOOK_JSRDCHT_6029
task098,E:\kagglegolf\submissions\candidates\GOLF_20260607_001_public_6154_repro\onnx\task098.onnx,E:\kagglegolf\data\external\public_bundles\jsrdcht_6029_submission_bundle\extracted\task098.onnx,True,True,3836,3836,1,1,2,2,3640,3640,3640,3640,4550,4550,16.577117,16.577117,0,0,0.000000,,,medium,hold,keep_6154,SRC_KAGGLE_NOTEBOOK_JSRDCHT_6029
task099,E:\kagglegolf\submissions\candidates\GOLF_20260607_001_public_6154_repro\onnx\task099.onnx,E:\kagglegolf\data\external\public_bundles\jsrdcht_6029_submission_bundle\extracted\task099.onnx,True,True,19839,19839,1,1,2,2,19640,19640,19640,19640,24550,24550,14.891533,14.891533,0,0,0.000000,,,medium,hold,keep_6154,SRC_KAGGLE_NOTEBOOK_JSRDCHT_6029
task100,E:\kagglegolf\submissions\candidates\GOLF_20260607_001_public_6154_repro\onnx\task100.onnx,E:\kagglegolf\data\external\public_bundles\jsrdcht_6029_submission_bundle\extracted\task100.onnx,True,True,4954,4954,28,28,14,14,292,292,6785,7325,6828,7368,16.171213,16.095098,540,540,-0.076114,,,medium,hold,keep_6154,SRC_KAGGLE_NOTEBOOK_JSRDCHT_6029
task101,E:\kagglegolf\submissions\candidates\GOLF_20260607_001_public_6154_repro\onnx\task101.onnx,E:\kagglegolf\data\external\public_bundles\jsrdcht_6029_submission_bundle\extracted\task101.onnx,True,True,19733,39301,125,206,32,38,528,9696,374853,1266920,374964,1271584,12.165415,10.944226,892067,896620,-1.221189,,,medium,hold,keep_6154,SRC_KAGGLE_NOTEBOOK_JSRDCHT_6029
task102,E:\kagglegolf\submissions\candidates\GOLF_20260607_001_public_6154_repro\onnx\task102.onnx,E:\kagglegolf\data\external\public_bundles\jsrdcht_6029_submission_bundle\extracted\task102.onnx,True,True,6500,22167,48,149,26,12,1280,798,13355,45150,13887,45489,15.461292,14.274774,31795,31602,-1.186517,,,medium,hold,keep_6154,SRC_KAGGLE_NOTEBOOK_JSRDCHT_6029
task103,E:\kagglegolf\submissions\candidates\GOLF_20260607_001_public_6154_repro\onnx\task103.onnx,E:\kagglegolf\data\external\public_bundles\jsrdcht_6029_submission_bundle\extracted\task103.onnx,True,True,1669,1669,11,11,12,12,368,368,585,589,642,646,18.535412,18.529200,4,4,-0.006211,,,medium,hold,keep_6154,SRC_KAGGLE_NOTEBOOK_JSRDCHT_6029
task104,E:\kagglegolf\submissions\candidates\GOLF_20260607_001_public_6154_repro\onnx\task104.onnx,E:\kagglegolf\data\external\public_bundles\jsrdcht_6029_submission_bundle\extracted\task104.onnx,True,True,6350,6350,20,20,16,16,4344,4344,9656,9656,10726,10726,15.719574,15.719574,0,0,0.000000,,,medium,hold,keep_6154,SRC_KAGGLE_NOTEBOOK_JSRDCHT_6029
task105,E:\kagglegolf\submissions\candidates\GOLF_20260607_001_public_6154_repro\onnx\task105.onnx,E:\kagglegolf\data\external\public_bundles\jsrdcht_6029_submission_bundle\extracted\task105.onnx,True,True,8120,35291,63,50,21,12,562,29096,7549,73060,7620,80328,16.061468,13.706126,65511,72708,-2.355342,,,medium,hold,keep_6154,SRC_KAGGLE_NOTEBOOK_JSRDCHT_6029
task106,E:\kagglegolf\submissions\candidates\GOLF_20260607_001_public_6154_repro\onnx\task106.onnx,E:\kagglegolf\data\external\public_bundles\jsrdcht_6029_submission_bundle\extracted\task106.onnx,True,True,2939,2939,13,13,16,16,621,621,1660,1660,1785,1785,17.512826,17.512826,0,0,0.000000,,,medium,hold,keep_6154,SRC_KAGGLE_NOTEBOOK_JSRDCHT_6029
task107,E:\kagglegolf\submissions\candidates\GOLF_20260607_001_public_6154_repro\onnx\task107.onnx,E:\kagglegolf\data\external\public_bundles\jsrdcht_6029_submission_bundle\extracted\task107.onnx,True,True,31191,31191,52,52,30,30,28358,28358,87808,87808,101489,101489,13.472294,13.472294,0,0,0.000000,,,medium,hold,keep_6154,SRC_KAGGLE_NOTEBOOK_JSRDCHT_6029
task108,E:\kagglegolf\submissions\candidates\GOLF_20260607_001_public_6154_repro\onnx\task108.onnx,E:\kagglegolf\data\external\public_bundles\jsrdcht_6029_submission_bundle\extracted\task108.onnx,True,True,7454,7454,1,1,1,1,7200,7200,7200,7200,9000,9000,15.895020,15.895020,0,0,0.000000,,,medium,hold,keep_6154,SRC_KAGGLE_NOTEBOOK_JSRDCHT_6029
task109,E:\kagglegolf\submissions\candidates\GOLF_20260607_001_public_6154_repro\onnx\task109.onnx,E:\kagglegolf\data\external\public_bundles\jsrdcht_6029_submission_bundle\extracted\task109.onnx,True,True,5491,5491,39,39,14,14,1558,1558,95482,95482,96465,96465,13.523064,13.523064,0,0,0.000000,,,medium,hold,keep_6154,SRC_KAGGLE_NOTEBOOK_JSRDCHT_6029
task110,E:\kagglegolf\submissions\candidates\GOLF_20260607_001_public_6154_repro\onnx\task110.onnx,E:\kagglegolf\data\external\public_bundles\jsrdcht_6029_submission_bundle\extracted\task110.onnx,True,True,22233,21494,176,163,52,51,3887,3438,111846,119359,113088,120544,13.364078,13.300230,7513,7456,-0.063849,,,medium,hold,keep_6154,SRC_KAGGLE_NOTEBOOK_JSRDCHT_6029
task111,E:\kagglegolf\submissions\candidates\GOLF_20260607_001_public_6154_repro\onnx\task111.onnx,E:\kagglegolf\data\external\public_bundles\jsrdcht_6029_submission_bundle\extracted\task111.onnx,True,True,1457,1457,10,10,9,9,220,220,4724,4724,4752,4752,16.533679,16.533679,0,0,0.000000,,,medium,hold,keep_6154,SRC_KAGGLE_NOTEBOOK_JSRDCHT_6029
task112,E:\kagglegolf\submissions\candidates\GOLF_20260607_001_public_6154_repro\onnx\task112.onnx,E:\kagglegolf\data\external\public_bundles\jsrdcht_6029_submission_bundle\extracted\task112.onnx,True,True,3987,3987,44,44,18,18,458,458,59622,60102,59728,60208,14.002444,13.994439,480,480,-0.008004,,,medium,hold,keep_6154,SRC_KAGGLE_NOTEBOOK_JSRDCHT_6029
task113,E:\kagglegolf\submissions\candidates\GOLF_20260607_001_public_6154_repro\onnx\task113.onnx,E:\kagglegolf\data\external\public_bundles\jsrdcht_6029_submission_bundle\extracted\task113.onnx,True,True,499,499,1,1,1,1,240,240,240,240,270,270,19.401578,19.401578,0,0,0.000000,,,medium,hold,keep_6154,SRC_KAGGLE_NOTEBOOK_JSRDCHT_6029
task114,E:\kagglegolf\submissions\candidates\GOLF_20260607_001_public_6154_repro\onnx\task114.onnx,E:\kagglegolf\data\external\public_bundles\jsrdcht_6029_submission_bundle\extracted\task114.onnx,True,True,4719,4719,26,26,21,21,771,771,1862,1862,2025,2025,17.386675,17.386675,0,0,0.000000,,,medium,hold,keep_6154,SRC_KAGGLE_NOTEBOOK_JSRDCHT_6029
task115,E:\kagglegolf\submissions\candidates\GOLF_20260607_001_public_6154_repro\onnx\task115.onnx,E:\kagglegolf\data\external\public_bundles\jsrdcht_6029_submission_bundle\extracted\task115.onnx,True,True,5069,5069,34,34,20,20,349,349,4391,4391,4471,4471,16.594633,16.594633,0,0,0.000000,,,medium,hold,keep_6154,SRC_KAGGLE_NOTEBOOK_JSRDCHT_6029
task116,E:\kagglegolf\submissions\candidates\GOLF_20260607_001_public_6154_repro\onnx\task116.onnx,E:\kagglegolf\data\external\public_bundles\jsrdcht_6029_submission_bundle\extracted\task116.onnx,True,True,479,479,1,1,1,1,240,240,240,240,270,270,19.401578,19.401578,0,0,0.000000,,,medium,hold,keep_6154,SRC_KAGGLE_NOTEBOOK_JSRDCHT_6029
task117,E:\kagglegolf\submissions\candidates\GOLF_20260607_001_public_6154_repro\onnx\task117.onnx,E:\kagglegolf\data\external\public_bundles\jsrdcht_6029_submission_bundle\extracted\task117.onnx,True,True,10774,8262,74,74,40,43,1494,1566,19329,19521,19948,20149,15.099116,15.089090,192,201,-0.010026,,,medium,hold,keep_6154,SRC_KAGGLE_NOTEBOOK_JSRDCHT_6029
task118,E:\kagglegolf\submissions\candidates\GOLF_20260607_001_public_6154_repro\onnx\task118.onnx,E:\kagglegolf\data\external\public_bundles\jsrdcht_6029_submission_bundle\extracted\task118.onnx,True,True,7366,160396,71,1163,19,39,418,7546,161542,2161434,161691,2163321,13.006558,10.412845,1999892,2001630,-2.593713,,,medium,hold,keep_6154,SRC_KAGGLE_NOTEBOOK_JSRDCHT_6029
task119,E:\kagglegolf\submissions\candidates\GOLF_20260607_001_public_6154_repro\onnx\task119.onnx,E:\kagglegolf\data\external\public_bundles\jsrdcht_6029_submission_bundle\extracted\task119.onnx,True,True,25915,25915,165,165,27,27,3944,3944,49880,49880,51792,51792,14.145009,14.145009,0,0,0.000000,,,medium,hold,keep_6154,SRC_KAGGLE_NOTEBOOK_JSRDCHT_6029
task120,E:\kagglegolf\submissions\candidates\GOLF_20260607_001_public_6154_repro\onnx\task120.onnx,E:\kagglegolf\data\external\public_bundles\jsrdcht_6029_submission_bundle\extracted\task120.onnx,True,True,3836,3836,1,1,2,2,3640,3640,3640,3640,4550,4550,16.577117,16.577117,0,0,0.000000,,,medium,hold,keep_6154,SRC_KAGGLE_NOTEBOOK_JSRDCHT_6029
task121,E:\kagglegolf\submissions\candidates\GOLF_20260607_001_public_6154_repro\onnx\task121.onnx,E:\kagglegolf\data\external\public_bundles\jsrdcht_6029_submission_bundle\extracted\task121.onnx,True,True,3339,3339,24,24,17,17,320,320,6804,6804,6850,6850,16.167996,16.167996,0,0,0.000000,,,medium,hold,keep_6154,SRC_KAGGLE_NOTEBOOK_JSRDCHT_6029
task122,E:\kagglegolf\submissions\candidates\GOLF_20260607_001_public_6154_repro\onnx\task122.onnx,E:\kagglegolf\data\external\public_bundles\jsrdcht_6029_submission_bundle\extracted\task122.onnx,True,True,10236,10236,1,1,2,2,10040,10040,10040,10040,12550,12550,15.562524,15.562524,0,0,0.000000,,,medium,hold,keep_6154,SRC_KAGGLE_NOTEBOOK_JSRDCHT_6029
task123,E:\kagglegolf\submissions\candidates\GOLF_20260607_001_public_6154_repro\onnx\task123.onnx,E:\kagglegolf\data\external\public_bundles\jsrdcht_6029_submission_bundle\extracted\task123.onnx,True,True,8997,8997,13,13,13,13,7548,7548,10913,10913,11862,11862,15.618905,15.618905,0,0,0.000000,,,medium,hold,keep_6154,SRC_KAGGLE_NOTEBOOK_JSRDCHT_6029
task124,E:\kagglegolf\submissions\candidates\GOLF_20260607_001_public_6154_repro\onnx\task124.onnx,E:\kagglegolf\data\external\public_bundles\jsrdcht_6029_submission_bundle\extracted\task124.onnx,True,True,4339,4339,51,51,16,16,2760,2760,17794,17794,18147,18147,15.193739,15.193739,0,0,0.000000,,,medium,hold,keep_6154,SRC_KAGGLE_NOTEBOOK_JSRDCHT_6029
task125,E:\kagglegolf\submissions\candidates\GOLF_20260607_001_public_6154_repro\onnx\task125.onnx,E:\kagglegolf\data\external\public_bundles\jsrdcht_6029_submission_bundle\extracted\task125.onnx,True,True,3032,3032,28,28,10,10,397,397,13567,13567,13814,13814,15.466562,15.466562,0,0,0.000000,,,medium,hold,keep_6154,SRC_KAGGLE_NOTEBOOK_JSRDCHT_6029
task126,E:\kagglegolf\submissions\candidates\GOLF_20260607_001_public_6154_repro\onnx\task126.onnx,E:\kagglegolf\data\external\public_bundles\jsrdcht_6029_submission_bundle\extracted\task126.onnx,True,True,2765,2765,29,29,11,11,300,300,86344,86344,86391,86391,13.633361,13.633361,0,0,0.000000,,,medium,hold,keep_6154,SRC_KAGGLE_NOTEBOOK_JSRDCHT_6029
task127,E:\kagglegolf\submissions\candidates\GOLF_20260607_001_public_6154_repro\onnx\task127.onnx,E:\kagglegolf\data\external\public_bundles\jsrdcht_6029_submission_bundle\extracted\task127.onnx,True,True,3772,3772,1,1,1,1,3600,3600,3600,3600,4500,4500,16.588167,16.588167,0,0,0.000000,,,medium,hold,keep_6154,SRC_KAGGLE_NOTEBOOK_JSRDCHT_6029
task128,E:\kagglegolf\submissions\candidates\GOLF_20260607_001_public_6154_repro\onnx\task128.onnx,E:\kagglegolf\data\external\public_bundles\jsrdcht_6029_submission_bundle\extracted\task128.onnx,True,True,3365,3365,28,28,13,13,804,804,95744,95744,95846,95846,13.529502,13.529502,0,0,0.000000,,,medium,hold,keep_6154,SRC_KAGGLE_NOTEBOOK_JSRDCHT_6029
task129,E:\kagglegolf\submissions\candidates\GOLF_20260607_001_public_6154_repro\onnx\task129.onnx,E:\kagglegolf\data\external\public_bundles\jsrdcht_6029_submission_bundle\extracted\task129.onnx,True,True,726,1196,7,7,6,10,228,228,1046,1076,1075,1106,18.019924,17.991495,30,31,-0.028429,,,medium,hold,keep_6154,SRC_KAGGLE_NOTEBOOK_JSRDCHT_6029
task130,E:\kagglegolf\submissions\candidates\GOLF_20260607_001_public_6154_repro\onnx\task130.onnx,E:\kagglegolf\data\external\public_bundles\jsrdcht_6029_submission_bundle\extracted\task130.onnx,True,True,1293,1293,10,10,5,5,500,500,16340,16340,16448,16448,15.292041,15.292041,0,0,0.000000,,,medium,hold,keep_6154,SRC_KAGGLE_NOTEBOOK_JSRDCHT_6029
task131,E:\kagglegolf\submissions\candidates\GOLF_20260607_001_public_6154_repro\onnx\task131.onnx,E:\kagglegolf\data\external\public_bundles\jsrdcht_6029_submission_bundle\extracted\task131.onnx,True,True,12030,12030,100,100,17,17,3992,3992,66011,66011,66962,66962,13.888119,13.888119,0,0,0.000000,,,medium,hold,keep_6154,SRC_KAGGLE_NOTEBOOK_JSRDCHT_6029
task132,E:\kagglegolf\submissions\candidates\GOLF_20260607_001_public_6154_repro\onnx\task132.onnx,E:\kagglegolf\data\external\public_bundles\jsrdcht_6029_submission_bundle\extracted\task132.onnx,True,True,3762,3762,36,36,16,16,372,372,40746,40746,40810,40810,14.383318,14.383318,0,0,0.000000,,,medium,hold,keep_6154,SRC_KAGGLE_NOTEBOOK_JSRDCHT_6029
task133,E:\kagglegolf\submissions\candidates\GOLF_20260607_001_public_6154_repro\onnx\task133.onnx,E:\kagglegolf\data\external\public_bundles\jsrdcht_6029_submission_bundle\extracted\task133.onnx,True,True,65902,783434,509,368,64,167,6616,1177928,716422,10293676,720088,10522570,11.512871,8.830967,9577254,9802482,-2.681904,,,high,high_risk_boundary_or_unknown,probe_bottom15_structural_difference,SRC_KAGGLE_NOTEBOOK_JSRDCHT_6029
task134,E:\kagglegolf\submissions\candidates\GOLF_20260607_001_public_6154_repro\onnx\task134.onnx,E:\kagglegolf\data\external\public_bundles\jsrdcht_6029_submission_bundle\extracted\task134.onnx,True,True,7220,7220,68,68,25,25,520,520,17407,17437,17487,17517,15.230787,15.229073,30,30,-0.001714,,,medium,hold,keep_6154,SRC_KAGGLE_NOTEBOOK_JSRDCHT_6029
task135,E:\kagglegolf\submissions\candidates\GOLF_20260607_001_public_6154_repro\onnx\task135.onnx,E:\kagglegolf\data\external\public_bundles\jsrdcht_6029_submission_bundle\extracted\task135.onnx,True,True,381,381,2,2,3,3,48,48,408,408,414,414,18.974134,18.974134,0,0,0.000000,,,medium,hold,keep_6154,SRC_KAGGLE_NOTEBOOK_JSRDCHT_6029
task136,E:\kagglegolf\submissions\candidates\GOLF_20260607_001_public_6154_repro\onnx\task136.onnx,E:\kagglegolf\data\external\public_bundles\jsrdcht_6029_submission_bundle\extracted\task136.onnx,True,True,3173,4980,25,31,14,17,698,1796,5398,19796,5567,20229,16.375388,15.085128,14398,14662,-1.290261,,,medium,hold,keep_6154,SRC_KAGGLE_NOTEBOOK_JSRDCHT_6029
task137,E:\kagglegolf\submissions\candidates\GOLF_20260607_001_public_6154_repro\onnx\task137.onnx,E:\kagglegolf\data\external\public_bundles\jsrdcht_6029_submission_bundle\extracted\task137.onnx,True,True,3864,3864,36,36,9,9,1062,1062,72568,72578,73534,73544,13.794497,13.794361,10,10,-0.000136,,,medium,hold,keep_6154,SRC_KAGGLE_NOTEBOOK_JSRDCHT_6029
task138,E:\kagglegolf\submissions\candidates\GOLF_20260607_001_public_6154_repro\onnx\task138.onnx,E:\kagglegolf\data\external\public_bundles\jsrdcht_6029_submission_bundle\extracted\task138.onnx,True,True,11562,11562,143,143,11,11,654,654,198363,198483,198498,198618,12.801466,12.800861,120,120,-0.000604,,,medium,hold,keep_6154,SRC_KAGGLE_NOTEBOOK_JSRDCHT_6029
task139,E:\kagglegolf\submissions\candidates\GOLF_20260607_001_public_6154_repro\onnx\task139.onnx,E:\kagglegolf\data\external\public_bundles\jsrdcht_6029_submission_bundle\extracted\task139.onnx,True,True,3865,3865,33,33,22,22,814,814,4270,4270,4444,4444,16.600690,16.600690,0,0,0.000000,,,medium,hold,keep_6154,SRC_KAGGLE_NOTEBOOK_JSRDCHT_6029
task140,E:\kagglegolf\submissions\candidates\GOLF_20260607_001_public_6154_repro\onnx\task140.onnx,E:\kagglegolf\data\external\public_bundles\jsrdcht_6029_submission_bundle\extracted\task140.onnx,True,True,474,474,2,2,5,5,128,128,488,488,504,504,18.777424,18.777424,0,0,0.000000,,,medium,hold,keep_6154,SRC_KAGGLE_NOTEBOOK_JSRDCHT_6029
task141,E:\kagglegolf\submissions\candidates\GOLF_20260607_001_public_6154_repro\onnx\task141.onnx,E:\kagglegolf\data\external\public_bundles\jsrdcht_6029_submission_bundle\extracted\task141.onnx,True,True,2345,2345,21,21,10,10,340,340,16090,16090,16159,16159,15.309768,15.309768,0,0,0.000000,,,medium,hold,keep_6154,SRC_KAGGLE_NOTEBOOK_JSRDCHT_6029
task142,E:\kagglegolf\submissions\candidates\GOLF_20260607_001_public_6154_repro\onnx\task142.onnx,E:\kagglegolf\data\external\public_bundles\jsrdcht_6029_submission_bundle\extracted\task142.onnx,True,True,7454,7454,1,1,1,1,7200,7200,7200,7200,9000,9000,15.895020,15.895020,0,0,0.000000,,,medium,hold,keep_6154,SRC_KAGGLE_NOTEBOOK_JSRDCHT_6029
task143,E:\kagglegolf\submissions\candidates\GOLF_20260607_001_public_6154_repro\onnx\task143.onnx,E:\kagglegolf\data\external\public_bundles\jsrdcht_6029_submission_bundle\extracted\task143.onnx,True,True,2690,2690,21,21,15,15,408,408,23276,23276,23333,23333,14.942376,14.942376,0,0,0.000000,,,medium,hold,keep_6154,SRC_KAGGLE_NOTEBOOK_JSRDCHT_6029
task144,E:\kagglegolf\submissions\candidates\GOLF_20260607_001_public_6154_repro\onnx\task144.onnx,E:\kagglegolf\data\external\public_bundles\jsrdcht_6029_submission_bundle\extracted\task144.onnx,True,True,1639,1639,11,11,8,8,272,272,1488,1488,1538,1538,17.661762,17.661762,0,0,0.000000,,,medium,hold,keep_6154,SRC_KAGGLE_NOTEBOOK_JSRDCHT_6029
task145,E:\kagglegolf\submissions\candidates\GOLF_20260607_001_public_6154_repro\onnx\task145.onnx,E:\kagglegolf\data\external\public_bundles\jsrdcht_6029_submission_bundle\extracted\task145.onnx,True,True,31434,31434,325,325,34,34,2046,2046,74470,74470,75403,75403,13.769398,13.769398,0,0,0.000000,,,medium,hold,keep_6154,SRC_KAGGLE_NOTEBOOK_JSRDCHT_6029
task146,E:\kagglegolf\submissions\candidates\GOLF_20260607_001_public_6154_repro\onnx\task146.onnx,E:\kagglegolf\data\external\public_bundles\jsrdcht_6029_submission_bundle\extracted\task146.onnx,True,True,1894,1931,29,29,10,12,179,182,2411,2414,2435,2440,17.202298,17.200247,3,5,-0.002051,,,medium,hold,keep_6154,SRC_KAGGLE_NOTEBOOK_JSRDCHT_6029
task147,E:\kagglegolf\submissions\candidates\GOLF_20260607_001_public_6154_repro\onnx\task147.onnx,E:\kagglegolf\data\external\public_bundles\jsrdcht_6029_submission_bundle\extracted\task147.onnx,True,True,3825,3825,1,1,2,2,3640,3640,3640,3640,4550,4550,16.577117,16.577117,0,0,0.000000,,,medium,hold,keep_6154,SRC_KAGGLE_NOTEBOOK_JSRDCHT_6029
task148,E:\kagglegolf\submissions\candidates\GOLF_20260607_001_public_6154_repro\onnx\task148.onnx,E:\kagglegolf\data\external\public_bundles\jsrdcht_6029_submission_bundle\extracted\task148.onnx,True,True,10573,10573,107,107,16,16,1520,1520,36916,36916,37269,37269,14.474083,14.474083,0,0,0.000000,,,medium,hold,keep_6154,SRC_KAGGLE_NOTEBOOK_JSRDCHT_6029
task149,E:\kagglegolf\submissions\candidates\GOLF_20260607_001_public_6154_repro\onnx\task149.onnx,E:\kagglegolf\data\external\public_bundles\jsrdcht_6029_submission_bundle\extracted\task149.onnx,True,True,1404,1404,13,13,7,7,188,188,5283,5283,5327,5327,16.419456,16.419456,0,0,0.000000,,,medium,hold,keep_6154,SRC_KAGGLE_NOTEBOOK_JSRDCHT_6029
task150,E:\kagglegolf\submissions\candidates\GOLF_20260607_001_public_6154_repro\onnx\task150.onnx,E:\kagglegolf\data\external\public_bundles\jsrdcht_6029_submission_bundle\extracted\task150.onnx,True,True,1299,1320,11,12,6,5,284,268,1262,4908,1298,4942,17.831420,16.494475,3646,3644,-1.336945,,,medium,hold,keep_6154,SRC_KAGGLE_NOTEBOOK_JSRDCHT_6029
task151,E:\kagglegolf\submissions\candidates\GOLF_20260607_001_public_6154_repro\onnx\task151.onnx,E:\kagglegolf\data\external\public_bundles\jsrdcht_6029_submission_bundle\extracted\task151.onnx,True,True,2352,2352,20,20,14,14,440,440,23480,23480,23565,23565,14.932482,14.932482,0,0,0.000000,,,medium,hold,keep_6154,SRC_KAGGLE_NOTEBOOK_JSRDCHT_6029
task152,E:\kagglegolf\submissions\candidates\GOLF_20260607_001_public_6154_repro\onnx\task152.onnx,E:\kagglegolf\data\external\public_bundles\jsrdcht_6029_submission_bundle\extracted\task152.onnx,True,True,7454,7454,1,1,1,1,7200,7200,7200,7200,9000,9000,15.895020,15.895020,0,0,0.000000,,,medium,hold,keep_6154,SRC_KAGGLE_NOTEBOOK_JSRDCHT_6029
task153,E:\kagglegolf\submissions\candidates\GOLF_20260607_001_public_6154_repro\onnx\task153.onnx,E:\kagglegolf\data\external\public_bundles\jsrdcht_6029_submission_bundle\extracted\task153.onnx,True,True,54531,862351,544,14744,45,1348,2904,21464,62331,1465073,63432,1470420,13.942276,10.798941,1402742,1406988,-3.143335,,,medium,hold,keep_6154,SRC_KAGGLE_NOTEBOOK_JSRDCHT_6029
task154,E:\kagglegolf\submissions\candidates\GOLF_20260607_001_public_6154_repro\onnx\task154.onnx,E:\kagglegolf\data\external\public_bundles\jsrdcht_6029_submission_bundle\extracted\task154.onnx,True,True,8020,7650,44,43,14,8,4192,4000,48776,77384,49766,78350,14.184913,13.731059,28608,28584,-0.453854,,,medium,hold,keep_6154,SRC_KAGGLE_NOTEBOOK_JSRDCHT_6029
task155,E:\kagglegolf\submissions\candidates\GOLF_20260607_001_public_6154_repro\onnx\task155.onnx,E:\kagglegolf\data\external\public_bundles\jsrdcht_6029_submission_bundle\extracted\task155.onnx,True,True,1299,1347,11,12,6,6,284,276,1262,4916,1298,4951,17.831420,16.492655,3654,3653,-1.338765,,,medium,hold,keep_6154,SRC_KAGGLE_NOTEBOOK_JSRDCHT_6029
task156,E:\kagglegolf\submissions\candidates\GOLF_20260607_001_public_6154_repro\onnx\task156.onnx,E:\kagglegolf\data\external\public_bundles\jsrdcht_6029_submission_bundle\extracted\task156.onnx,True,True,49215,7856,375,65,73,15,3990,2012,28643,60147,30542,61114,14.673142,13.979504,31504,30572,-0.693638,,,medium,hold,keep_6154,SRC_KAGGLE_NOTEBOOK_JSRDCHT_6029
task157,E:\kagglegolf\submissions\candidates\GOLF_20260607_001_public_6154_repro\onnx\task157.onnx,E:\kagglegolf\data\external\public_bundles\jsrdcht_6029_submission_bundle\extracted\task157.onnx,True,True,327441,857911,678,433,102,464,253083,821196,2659741,8327396,2713954,8529677,10.186083,9.040938,5667655,5815723,-1.145145,,,medium,hold,keep_6154,SRC_KAGGLE_NOTEBOOK_JSRDCHT_6029
task158,E:\kagglegolf\submissions\candidates\GOLF_20260607_001_public_6154_repro\onnx\task158.onnx,E:\kagglegolf\data\external\public_bundles\jsrdcht_6029_submission_bundle\extracted\task158.onnx,True,True,58188,95337,345,822,101,101,12261,3848,473266,6567456,478433,6568221,11.921729,9.302246,6094190,6089788,-2.619482,,,high,high_risk_boundary_or_unknown,probe_bottom15_structural_difference,SRC_KAGGLE_NOTEBOOK_JSRDCHT_6029
task159,E:\kagglegolf\submissions\candidates\GOLF_20260607_001_public_6154_repro\onnx\task159.onnx,E:\kagglegolf\data\external\public_bundles\jsrdcht_6029_submission_bundle\extracted\task159.onnx,True,True,12966,12966,57,57,16,16,8444,8444,93840,93840,97945,97945,13.507839,13.507839,0,0,0.000000,,,medium,hold,keep_6154,SRC_KAGGLE_NOTEBOOK_JSRDCHT_6029
task160,E:\kagglegolf\submissions\candidates\GOLF_20260607_001_public_6154_repro\onnx\task160.onnx,E:\kagglegolf\data\external\public_bundles\jsrdcht_6029_submission_bundle\extracted\task160.onnx,True,True,2189,2362,19,18,11,13,300,476,4820,14376,4886,14471,16.505871,15.420098,9556,9585,-1.085773,,,medium,hold,keep_6154,SRC_KAGGLE_NOTEBOOK_JSRDCHT_6029
task161,E:\kagglegolf\submissions\candidates\GOLF_20260607_001_public_6154_repro\onnx\task161.onnx,E:\kagglegolf\data\external\public_bundles\jsrdcht_6029_submission_bundle\extracted\task161.onnx,True,True,6008,6008,51,51,18,18,308,308,136935,136935,137016,137016,13.172147,13.172147,0,0,0.000000,,,medium,hold,keep_6154,SRC_KAGGLE_NOTEBOOK_JSRDCHT_6029
task162,E:\kagglegolf\submissions\candidates\GOLF_20260607_001_public_6154_repro\onnx\task162.onnx,E:\kagglegolf\data\external\public_bundles\jsrdcht_6029_submission_bundle\extracted\task162.onnx,True,True,2268,2268,19,19,11,11,140,140,63388,63388,63431,63431,13.942292,13.942292,0,0,0.000000,,,medium,hold,keep_6154,SRC_KAGGLE_NOTEBOOK_JSRDCHT_6029
task163,E:\kagglegolf\submissions\candidates\GOLF_20260607_001_public_6154_repro\onnx\task163.onnx,E:\kagglegolf\data\external\public_bundles\jsrdcht_6029_submission_bundle\extracted\task163.onnx,True,True,13875,13875,66,66,22,22,7784,7784,41108,41108,42763,42763,14.336571,14.336571,0,0,0.000000,,,medium,hold,keep_6154,SRC_KAGGLE_NOTEBOOK_JSRDCHT_6029
task164,E:\kagglegolf\submissions\candidates\GOLF_20260607_001_public_6154_repro\onnx\task164.onnx,E:\kagglegolf\data\external\public_bundles\jsrdcht_6029_submission_bundle\extracted\task164.onnx,True,True,479,479,1,1,1,1,240,240,240,240,270,270,19.401578,19.401578,0,0,0.000000,,,medium,hold,keep_6154,SRC_KAGGLE_NOTEBOOK_JSRDCHT_6029
task165,E:\kagglegolf\submissions\candidates\GOLF_20260607_001_public_6154_repro\onnx\task165.onnx,E:\kagglegolf\data\external\public_bundles\jsrdcht_6029_submission_bundle\extracted\task165.onnx,True,True,4910,4910,25,25,15,15,2168,2168,68698,68698,69692,69692,13.848159,13.848159,0,0,0.000000,,,medium,hold,keep_6154,SRC_KAGGLE_NOTEBOOK_JSRDCHT_6029
task166,E:\kagglegolf\submissions\candidates\GOLF_20260607_001_public_6154_repro\onnx\task166.onnx,E:\kagglegolf\data\external\public_bundles\jsrdcht_6029_submission_bundle\extracted\task166.onnx,True,True,1628,1628,10,10,8,8,252,252,34076,34076,34113,34113,14.562566,14.562566,0,0,0.000000,,,medium,hold,keep_6154,SRC_KAGGLE_NOTEBOOK_JSRDCHT_6029
task167,E:\kagglegolf\submissions\candidates\GOLF_20260607_001_public_6154_repro\onnx\task167.onnx,E:\kagglegolf\data\external\public_bundles\jsrdcht_6029_submission_bundle\extracted\task167.onnx,True,True,2375,2375,8,8,9,9,1268,1268,1791,1791,2085,2085,17.357476,17.357476,0,0,0.000000,,,medium,hold,keep_6154,SRC_KAGGLE_NOTEBOOK_JSRDCHT_6029
task168,E:\kagglegolf\submissions\candidates\GOLF_20260607_001_public_6154_repro\onnx\task168.onnx,E:\kagglegolf\data\external\public_bundles\jsrdcht_6029_submission_bundle\extracted\task168.onnx,True,True,7297,7297,44,44,11,11,1220,1220,32856,32856,33141,33141,14.591474,14.591474,0,0,0.000000,,,medium,hold,keep_6154,SRC_KAGGLE_NOTEBOOK_JSRDCHT_6029
task169,E:\kagglegolf\submissions\candidates\GOLF_20260607_001_public_6154_repro\onnx\task169.onnx,E:\kagglegolf\data\external\public_bundles\jsrdcht_6029_submission_bundle\extracted\task169.onnx,True,True,21301,23816,168,179,87,71,1528,4072,24501,61888,25181,62615,14.866155,13.955240,37387,37434,-0.910915,,,medium,hold,keep_6154,SRC_KAGGLE_NOTEBOOK_JSRDCHT_6029
task170,E:\kagglegolf\submissions\candidates\GOLF_20260607_001_public_6154_repro\onnx\task170.onnx,E:\kagglegolf\data\external\public_bundles\jsrdcht_6029_submission_bundle\extracted\task170.onnx,True,True,64849,64849,681,681,33,33,15440,15440,93755,93755,97570,97570,13.511675,13.511675,0,0,0.000000,,,medium,hold,keep_6154,SRC_KAGGLE_NOTEBOOK_JSRDCHT_6029
task171,E:\kagglegolf\submissions\candidates\GOLF_20260607_001_public_6154_repro\onnx\task171.onnx,E:\kagglegolf\data\external\public_bundles\jsrdcht_6029_submission_bundle\extracted\task171.onnx,True,True,3825,3825,1,1,2,2,3640,3640,3640,3640,4550,4550,16.577117,16.577117,0,0,0.000000,,,medium,hold,keep_6154,SRC_KAGGLE_NOTEBOOK_JSRDCHT_6029
task172,E:\kagglegolf\submissions\candidates\GOLF_20260607_001_public_6154_repro\onnx\task172.onnx,E:\kagglegolf\data\external\public_bundles\jsrdcht_6029_submission_bundle\extracted\task172.onnx,True,True,479,479,1,1,1,1,240,240,240,240,270,270,19.401578,19.401578,0,0,0.000000,,,medium,hold,keep_6154,SRC_KAGGLE_NOTEBOOK_JSRDCHT_6029
task173,E:\kagglegolf\submissions\candidates\GOLF_20260607_001_public_6154_repro\onnx\task173.onnx,E:\kagglegolf\data\external\public_bundles\jsrdcht_6029_submission_bundle\extracted\task173.onnx,True,True,10061,10108,68,69,24,23,536,535,175562,181811,175779,182027,12.923017,12.888090,6249,6248,-0.034928,,,high,high_risk_boundary_or_unknown,probe_bottom15_structural_difference,SRC_KAGGLE_NOTEBOOK_JSRDCHT_6029
task174,E:\kagglegolf\submissions\candidates\GOLF_20260607_001_public_6154_repro\onnx\task174.onnx,E:\kagglegolf\data\external\public_bundles\jsrdcht_6029_submission_bundle\extracted\task174.onnx,True,True,61839,61839,790,790,24,24,540,540,52485,53565,52559,53639,14.130308,14.109968,1080,1080,-0.020340,,,medium,hold,keep_6154,SRC_KAGGLE_NOTEBOOK_JSRDCHT_6029
task175,E:\kagglegolf\submissions\candidates\GOLF_20260607_001_public_6154_repro\onnx\task175.onnx,E:\kagglegolf\data\external\public_bundles\jsrdcht_6029_submission_bundle\extracted\task175.onnx,True,True,11343,12412,22,22,15,15,9232,11036,103306,123110,106057,125861,13.428268,13.257067,19804,19804,-0.171201,,,medium,hold,keep_6154,SRC_KAGGLE_NOTEBOOK_JSRDCHT_6029
task176,E:\kagglegolf\submissions\candidates\GOLF_20260607_001_public_6154_repro\onnx\task176.onnx,E:\kagglegolf\data\external\public_bundles\jsrdcht_6029_submission_bundle\extracted\task176.onnx,True,True,1420,1420,6,6,9,9,576,576,10176,10176,10296,10296,15.760489,15.760489,0,0,0.000000,,,medium,hold,keep_6154,SRC_KAGGLE_NOTEBOOK_JSRDCHT_6029
task177,E:\kagglegolf\submissions\candidates\GOLF_20260607_001_public_6154_repro\onnx\task177.onnx,E:\kagglegolf\data\external\public_bundles\jsrdcht_6029_submission_bundle\extracted\task177.onnx,True,True,4180,4180,37,37,12,12,840,840,75440,75440,75545,75545,13.767516,13.767516,0,0,0.000000,,,medium,hold,keep_6154,SRC_KAGGLE_NOTEBOOK_JSRDCHT_6029
task178,E:\kagglegolf\submissions\candidates\GOLF_20260607_001_public_6154_repro\onnx\task178.onnx,E:\kagglegolf\data\external\public_bundles\jsrdcht_6029_submission_bundle\extracted\task178.onnx,True,True,11303,11303,123,123,30,30,2440,2440,41706,41706,42275,42275,14.348049,14.348049,0,0,0.000000,,,medium,hold,keep_6154,SRC_KAGGLE_NOTEBOOK_JSRDCHT_6029
task179,E:\kagglegolf\submissions\candidates\GOLF_20260607_001_public_6154_repro\onnx\task179.onnx,E:\kagglegolf\data\external\public_bundles\jsrdcht_6029_submission_bundle\extracted\task179.onnx,True,True,170,170,1,1,0,0,0,0,0,0,0,0,25.000000,25.000000,0,0,0.000000,,,medium,hold,keep_6154,SRC_KAGGLE_NOTEBOOK_JSRDCHT_6029
task180,E:\kagglegolf\submissions\candidates\GOLF_20260607_001_public_6154_repro\onnx\task180.onnx,E:\kagglegolf\data\external\public_bundles\jsrdcht_6029_submission_bundle\extracted\task180.onnx,True,True,4414,4414,5,5,5,5,3736,3736,11672,11672,12594,12594,15.559024,15.559024,0,0,0.000000,,,medium,hold,keep_6154,SRC_KAGGLE_NOTEBOOK_JSRDCHT_6029
task181,E:\kagglegolf\submissions\candidates\GOLF_20260607_001_public_6154_repro\onnx\task181.onnx,E:\kagglegolf\data\external\public_bundles\jsrdcht_6029_submission_bundle\extracted\task181.onnx,True,True,3083,3083,21,21,21,21,586,586,1694,1694,1780,1780,17.515631,17.515631,0,0,0.000000,,,medium,hold,keep_6154,SRC_KAGGLE_NOTEBOOK_JSRDCHT_6029
task182,E:\kagglegolf\submissions\candidates\GOLF_20260607_001_public_6154_repro\onnx\task182.onnx,E:\kagglegolf\data\external\public_bundles\jsrdcht_6029_submission_bundle\extracted\task182.onnx,True,True,30831,70465,291,522,81,57,1286,1984,206484,766184,207078,767130,12.759149,11.449588,559700,560052,-1.309561,,,medium,hold,keep_6154,SRC_KAGGLE_NOTEBOOK_JSRDCHT_6029
task183,E:\kagglegolf\submissions\candidates\GOLF_20260607_001_public_6154_repro\onnx\task183.onnx,E:\kagglegolf\data\external\public_bundles\jsrdcht_6029_submission_bundle\extracted\task183.onnx,True,True,4645,4645,55,55,9,9,212,212,25052,25052,25090,25090,14.869775,14.869775,0,0,0.000000,,,medium,hold,keep_6154,SRC_KAGGLE_NOTEBOOK_JSRDCHT_6029
task184,E:\kagglegolf\submissions\candidates\GOLF_20260607_001_public_6154_repro\onnx\task184.onnx,E:\kagglegolf\data\external\public_bundles\jsrdcht_6029_submission_bundle\extracted\task184.onnx,True,True,6934,6934,51,51,15,15,207,207,51828,51828,51871,51871,14.143485,14.143485,0,0,0.000000,,,medium,hold,keep_6154,SRC_KAGGLE_NOTEBOOK_JSRDCHT_6029
task185,E:\kagglegolf\submissions\candidates\GOLF_20260607_001_public_6154_repro\onnx\task185.onnx,E:\kagglegolf\data\external\public_bundles\jsrdcht_6029_submission_bundle\extracted\task185.onnx,True,True,18881,18881,242,242,19,19,528,528,60045,76299,60112,76366,13.996035,13.756707,16254,16254,-0.239328,,,medium,hold,keep_6154,SRC_KAGGLE_NOTEBOOK_JSRDCHT_6029
task186,E:\kagglegolf\submissions\candidates\GOLF_20260607_001_public_6154_repro\onnx\task186.onnx,E:\kagglegolf\data\external\public_bundles\jsrdcht_6029_submission_bundle\extracted\task186.onnx,True,True,2418,2418,6,6,8,8,1612,1612,2028,2028,2410,2410,17.212618,17.212618,0,0,0.000000,,,medium,hold,keep_6154,SRC_KAGGLE_NOTEBOOK_JSRDCHT_6029
task187,E:\kagglegolf\submissions\candidates\GOLF_20260607_001_public_6154_repro\onnx\task187.onnx,E:\kagglegolf\data\external\public_bundles\jsrdcht_6029_submission_bundle\extracted\task187.onnx,True,True,8852,8852,87,87,14,14,986,986,108086,108086,108999,108999,13.400906,13.400906,0,0,0.000000,,,medium,hold,keep_6154,SRC_KAGGLE_NOTEBOOK_JSRDCHT_6029
task188,E:\kagglegolf\submissions\candidates\GOLF_20260607_001_public_6154_repro\onnx\task188.onnx,E:\kagglegolf\data\external\public_bundles\jsrdcht_6029_submission_bundle\extracted\task188.onnx,True,True,4356,4356,41,41,15,15,304,304,11276,11276,11324,11324,15.665320,15.665320,0,0,0.000000,,,medium,hold,keep_6154,SRC_KAGGLE_NOTEBOOK_JSRDCHT_6029
task189,E:\kagglegolf\submissions\candidates\GOLF_20260607_001_public_6154_repro\onnx\task189.onnx,E:\kagglegolf\data\external\public_bundles\jsrdcht_6029_submission_bundle\extracted\task189.onnx,True,True,8560,8560,86,86,55,55,1664,1664,47700,47700,48004,48004,14.220960,14.220960,0,0,0.000000,,,medium,hold,keep_6154,SRC_KAGGLE_NOTEBOOK_JSRDCHT_6029
task190,E:\kagglegolf\submissions\candidates\GOLF_20260607_001_public_6154_repro\onnx\task190.onnx,E:\kagglegolf\data\external\public_bundles\jsrdcht_6029_submission_bundle\extracted\task190.onnx,True,True,8781,8781,63,63,40,40,1360,1360,12386,12386,12564,12564,15.561409,15.561409,0,0,0.000000,,,medium,hold,keep_6154,SRC_KAGGLE_NOTEBOOK_JSRDCHT_6029
task191,E:\kagglegolf\submissions\candidates\GOLF_20260607_001_public_6154_repro\onnx\task191.onnx,E:\kagglegolf\data\external\public_bundles\jsrdcht_6029_submission_bundle\extracted\task191.onnx,True,True,13532,132233,210,1037,27,39,732,608,129868,709785,130008,709950,13.224649,11.527050,579917,579942,-1.697599,,,medium,hold,keep_6154,SRC_KAGGLE_NOTEBOOK_JSRDCHT_6029
task192,E:\kagglegolf\submissions\candidates\GOLF_20260607_001_public_6154_repro\onnx\task192.onnx,E:\kagglegolf\data\external\public_bundles\jsrdcht_6029_submission_bundle\extracted\task192.onnx,True,True,2511,2511,21,21,12,12,266,266,54740,54740,54801,54801,14.088536,14.088536,0,0,0.000000,,,medium,hold,keep_6154,SRC_KAGGLE_NOTEBOOK_JSRDCHT_6029
task193,E:\kagglegolf\submissions\candidates\GOLF_20260607_001_public_6154_repro\onnx\task193.onnx,E:\kagglegolf\data\external\public_bundles\jsrdcht_6029_submission_bundle\extracted\task193.onnx,True,True,1925,1925,14,14,12,12,266,266,53866,53866,53927,53927,14.104613,14.104613,0,0,0.000000,,,medium,hold,keep_6154,SRC_KAGGLE_NOTEBOOK_JSRDCHT_6029
task194,E:\kagglegolf\submissions\candidates\GOLF_20260607_001_public_6154_repro\onnx\task194.onnx,E:\kagglegolf\data\external\public_bundles\jsrdcht_6029_submission_bundle\extracted\task194.onnx,True,True,7454,7454,1,1,1,1,7200,7200,7200,7200,9000,9000,15.895020,15.895020,0,0,0.000000,,,medium,hold,keep_6154,SRC_KAGGLE_NOTEBOOK_JSRDCHT_6029
task195,E:\kagglegolf\submissions\candidates\GOLF_20260607_001_public_6154_repro\onnx\task195.onnx,E:\kagglegolf\data\external\public_bundles\jsrdcht_6029_submission_bundle\extracted\task195.onnx,True,True,5381,5381,33,33,10,10,2154,2154,14464,14464,16383,16383,15.296001,15.296001,0,0,0.000000,,,medium,hold,keep_6154,SRC_KAGGLE_NOTEBOOK_JSRDCHT_6029
task196,E:\kagglegolf\submissions\candidates\GOLF_20260607_001_public_6154_repro\onnx\task196.onnx,E:\kagglegolf\data\external\public_bundles\jsrdcht_6029_submission_bundle\extracted\task196.onnx,True,True,3457,3457,30,30,14,14,364,364,44689,44689,44756,44756,14.291019,14.291019,0,0,0.000000,,,medium,hold,keep_6154,SRC_KAGGLE_NOTEBOOK_JSRDCHT_6029
task197,E:\kagglegolf\submissions\candidates\GOLF_20260607_001_public_6154_repro\onnx\task197.onnx,E:\kagglegolf\data\external\public_bundles\jsrdcht_6029_submission_bundle\extracted\task197.onnx,True,True,1758,1758,17,17,7,7,76,76,65390,65390,65406,65406,13.911631,13.911631,0,0,0.000000,,,medium,hold,keep_6154,SRC_KAGGLE_NOTEBOOK_JSRDCHT_6029
task198,E:\kagglegolf\submissions\candidates\GOLF_20260607_001_public_6154_repro\onnx\task198.onnx,E:\kagglegolf\data\external\public_bundles\jsrdcht_6029_submission_bundle\extracted\task198.onnx,True,True,6979,6979,51,51,14,14,1886,1886,104794,104794,105707,105707,13.431574,13.431574,0,0,0.000000,,,medium,hold,keep_6154,SRC_KAGGLE_NOTEBOOK_JSRDCHT_6029
task199,E:\kagglegolf\submissions\candidates\GOLF_20260607_001_public_6154_repro\onnx\task199.onnx,E:\kagglegolf\data\external\public_bundles\jsrdcht_6029_submission_bundle\extracted\task199.onnx,True,True,2948,2948,22,22,14,14,324,324,16427,16427,16481,16481,15.290037,15.290037,0,0,0.000000,,,medium,hold,keep_6154,SRC_KAGGLE_NOTEBOOK_JSRDCHT_6029
task200,E:\kagglegolf\submissions\candidates\GOLF_20260607_001_public_6154_repro\onnx\task200.onnx,E:\kagglegolf\data\external\public_bundles\jsrdcht_6029_submission_bundle\extracted\task200.onnx,True,True,3848,797905,38,91,17,41,272,792040,8524,2952880,8578,3150890,15.943044,10.036804,2944356,3142312,-5.906239,,,medium,hold,keep_6154,SRC_KAGGLE_NOTEBOOK_JSRDCHT_6029
task201,E:\kagglegolf\submissions\candidates\GOLF_20260607_001_public_6154_repro\onnx\task201.onnx,E:\kagglegolf\data\external\public_bundles\jsrdcht_6029_submission_bundle\extracted\task201.onnx,True,True,10924,10924,135,135,20,20,2314,2314,94706,94862,95638,95794,13.531674,13.530045,156,156,-0.001630,,,medium,hold,keep_6154,SRC_KAGGLE_NOTEBOOK_JSRDCHT_6029
task202,E:\kagglegolf\submissions\candidates\GOLF_20260607_001_public_6154_repro\onnx\task202.onnx,E:\kagglegolf\data\external\public_bundles\jsrdcht_6029_submission_bundle\extracted\task202.onnx,True,True,3582,3582,31,31,5,5,36,36,125742,125742,125756,125756,13.257901,13.257901,0,0,0.000000,,,medium,hold,keep_6154,SRC_KAGGLE_NOTEBOOK_JSRDCHT_6029
task203,E:\kagglegolf\submissions\candidates\GOLF_20260607_001_public_6154_repro\onnx\task203.onnx,E:\kagglegolf\data\external\public_bundles\jsrdcht_6029_submission_bundle\extracted\task203.onnx,True,True,6437,6437,36,36,15,15,2854,2854,90566,91290,91256,91980,13.578576,13.570674,724,724,-0.007902,,,medium,hold,keep_6154,SRC_KAGGLE_NOTEBOOK_JSRDCHT_6029
task204,E:\kagglegolf\submissions\candidates\GOLF_20260607_001_public_6154_repro\onnx\task204.onnx,E:\kagglegolf\data\external\public_bundles\jsrdcht_6029_submission_bundle\extracted\task204.onnx,True,True,9669,5801,69,71,24,13,2393,2156,133593,309958,134848,311004,13.188097,12.352439,176365,176156,-0.835658,,,medium,hold,keep_6154,SRC_KAGGLE_NOTEBOOK_JSRDCHT_6029
task205,E:\kagglegolf\submissions\candidates\GOLF_20260607_001_public_6154_repro\onnx\task205.onnx,E:\kagglegolf\data\external\public_bundles\jsrdcht_6029_submission_bundle\extracted\task205.onnx,True,True,48180,48510,672,671,58,58,450,892,196155,333587,196377,333809,12.812208,12.281676,137432,137432,-0.530533,,,medium,hold,keep_6154,SRC_KAGGLE_NOTEBOOK_JSRDCHT_6029
task206,E:\kagglegolf\submissions\candidates\GOLF_20260607_001_public_6154_repro\onnx\task206.onnx,E:\kagglegolf\data\external\public_bundles\jsrdcht_6029_submission_bundle\extracted\task206.onnx,True,True,20303,20303,224,224,33,33,790,790,67040,67040,67270,67270,13.883530,13.883530,0,0,0.000000,,,medium,hold,keep_6154,SRC_KAGGLE_NOTEBOOK_JSRDCHT_6029
task207,E:\kagglegolf\submissions\candidates\GOLF_20260607_001_public_6154_repro\onnx\task207.onnx,E:\kagglegolf\data\external\public_bundles\jsrdcht_6029_submission_bundle\extracted\task207.onnx,True,True,2330,2330,21,21,15,15,272,272,2624,2624,2659,2659,17.114295,17.114295,0,0,0.000000,,,medium,hold,keep_6154,SRC_KAGGLE_NOTEBOOK_JSRDCHT_6029
task208,E:\kagglegolf\submissions\candidates\GOLF_20260607_001_public_6154_repro\onnx\task208.onnx,E:\kagglegolf\data\external\public_bundles\jsrdcht_6029_submission_bundle\extracted\task208.onnx,True,True,15885,15885,196,196,39,39,1284,1284,93170,93170,93692,93692,13.552232,13.552232,0,0,0.000000,,,medium,hold,keep_6154,SRC_KAGGLE_NOTEBOOK_JSRDCHT_6029
task209,E:\kagglegolf\submissions\candidates\GOLF_20260607_001_public_6154_repro\onnx\task209.onnx,E:\kagglegolf\data\external\public_bundles\jsrdcht_6029_submission_bundle\extracted\task209.onnx,True,True,122649,1294052,845,4286,182,2153,6419,1032088,274780,3820388,276204,3958650,12.471105,9.808586,3545608,3682446,-2.662519,,,medium,hold,keep_6154,SRC_KAGGLE_NOTEBOOK_JSRDCHT_6029
task210,E:\kagglegolf\submissions\candidates\GOLF_20260607_001_public_6154_repro\onnx\task210.onnx,E:\kagglegolf\data\external\public_bundles\jsrdcht_6029_submission_bundle\extracted\task210.onnx,True,True,479,479,1,1,1,1,240,240,240,240,270,270,19.401578,19.401578,0,0,0.000000,,,medium,hold,keep_6154,SRC_KAGGLE_NOTEBOOK_JSRDCHT_6029
task211,E:\kagglegolf\submissions\candidates\GOLF_20260607_001_public_6154_repro\onnx\task211.onnx,E:\kagglegolf\data\external\public_bundles\jsrdcht_6029_submission_bundle\extracted\task211.onnx,True,True,7454,7454,1,1,1,1,7200,7200,7200,7200,9000,9000,15.895020,15.895020,0,0,0.000000,,,medium,hold,keep_6154,SRC_KAGGLE_NOTEBOOK_JSRDCHT_6029
task212,E:\kagglegolf\submissions\candidates\GOLF_20260607_001_public_6154_repro\onnx\task212.onnx,E:\kagglegolf\data\external\public_bundles\jsrdcht_6029_submission_bundle\extracted\task212.onnx,True,True,6853,6853,50,50,16,16,1084,1084,17018,17018,17255,17255,15.244143,15.244143,0,0,0.000000,,,medium,hold,keep_6154,SRC_KAGGLE_NOTEBOOK_JSRDCHT_6029
task213,E:\kagglegolf\submissions\candidates\GOLF_20260607_001_public_6154_repro\onnx\task213.onnx,E:\kagglegolf\data\external\public_bundles\jsrdcht_6029_submission_bundle\extracted\task213.onnx,True,True,26897,25091,392,385,36,18,1076,500,51081,52809,51313,52969,14.154301,14.122538,1728,1656,-0.031763,,,medium,hold,keep_6154,SRC_KAGGLE_NOTEBOOK_JSRDCHT_6029
task214,E:\kagglegolf\submissions\candidates\GOLF_20260607_001_public_6154_repro\onnx\task214.onnx,E:\kagglegolf\data\external\public_bundles\jsrdcht_6029_submission_bundle\extracted\task214.onnx,True,True,7454,7454,1,1,1,1,7200,7200,7200,7200,9000,9000,15.895020,15.895020,0,0,0.000000,,,medium,hold,keep_6154,SRC_KAGGLE_NOTEBOOK_JSRDCHT_6029
task215,E:\kagglegolf\submissions\candidates\GOLF_20260607_001_public_6154_repro\onnx\task215.onnx,E:\kagglegolf\data\external\public_bundles\jsrdcht_6029_submission_bundle\extracted\task215.onnx,True,True,4015,4015,38,38,19,19,464,464,50312,50312,50407,50407,14.172115,14.172115,0,0,0.000000,,,medium,hold,keep_6154,SRC_KAGGLE_NOTEBOOK_JSRDCHT_6029
task216,E:\kagglegolf\submissions\candidates\GOLF_20260607_001_public_6154_repro\onnx\task216.onnx,E:\kagglegolf\data\external\public_bundles\jsrdcht_6029_submission_bundle\extracted\task216.onnx,True,True,19626,20396,276,286,10,10,788,788,104380,105100,104480,105200,13.443249,13.436381,720,720,-0.006868,,,medium,hold,keep_6154,SRC_KAGGLE_NOTEBOOK_JSRDCHT_6029
task217,E:\kagglegolf\submissions\candidates\GOLF_20260607_001_public_6154_repro\onnx\task217.onnx,E:\kagglegolf\data\external\public_bundles\jsrdcht_6029_submission_bundle\extracted\task217.onnx,True,True,7268,7268,34,34,12,12,3714,3714,78840,78840,80775,80775,13.700577,13.700577,0,0,0.000000,,,medium,hold,keep_6154,SRC_KAGGLE_NOTEBOOK_JSRDCHT_6029
task218,E:\kagglegolf\submissions\candidates\GOLF_20260607_001_public_6154_repro\onnx\task218.onnx,E:\kagglegolf\data\external\public_bundles\jsrdcht_6029_submission_bundle\extracted\task218.onnx,True,True,9594,9594,137,137,21,21,284,284,23442,23442,23486,23486,14.935840,14.935840,0,0,0.000000,,,medium,hold,keep_6154,SRC_KAGGLE_NOTEBOOK_JSRDCHT_6029
task219,E:\kagglegolf\submissions\candidates\GOLF_20260607_001_public_6154_repro\onnx\task219.onnx,E:\kagglegolf\data\external\public_bundles\jsrdcht_6029_submission_bundle\extracted\task219.onnx,True,True,87016,87016,532,532,99,99,13446,13446,15852763,15852763,15856211,15856211,8.420928,8.420928,0,0,0.000000,,,medium,hold,keep_6154,SRC_KAGGLE_NOTEBOOK_JSRDCHT_6029
task220,E:\kagglegolf\submissions\candidates\GOLF_20260607_001_public_6154_repro\onnx\task220.onnx,E:\kagglegolf\data\external\public_bundles\jsrdcht_6029_submission_bundle\extracted\task220.onnx,True,True,3798,3798,1,1,1,1,3600,3600,3600,3600,4500,4500,16.588167,16.588167,0,0,0.000000,,,medium,hold,keep_6154,SRC_KAGGLE_NOTEBOOK_JSRDCHT_6029
task221,E:\kagglegolf\submissions\candidates\GOLF_20260607_001_public_6154_repro\onnx\task221.onnx,E:\kagglegolf\data\external\public_bundles\jsrdcht_6029_submission_bundle\extracted\task221.onnx,True,True,13333,13333,28,28,26,26,10218,10218,61059,61059,66087,66087,13.901273,13.901273,0,0,0.000000,,,medium,hold,keep_6154,SRC_KAGGLE_NOTEBOOK_JSRDCHT_6029
task222,E:\kagglegolf\submissions\candidates\GOLF_20260607_001_public_6154_repro\onnx\task222.onnx,E:\kagglegolf\data\external\public_bundles\jsrdcht_6029_submission_bundle\extracted\task222.onnx,True,True,2578,2578,21,21,11,11,318,318,58266,58266,58353,58353,14.025734,14.025734,0,0,0.000000,,,medium,hold,keep_6154,SRC_KAGGLE_NOTEBOOK_JSRDCHT_6029
task223,E:\kagglegolf\submissions\candidates\GOLF_20260607_001_public_6154_repro\onnx\task223.onnx,E:\kagglegolf\data\external\public_bundles\jsrdcht_6029_submission_bundle\extracted\task223.onnx,True,True,7454,7454,1,1,1,1,7200,7200,7200,7200,9000,9000,15.895020,15.895020,0,0,0.000000,,,medium,hold,keep_6154,SRC_KAGGLE_NOTEBOOK_JSRDCHT_6029
task224,E:\kagglegolf\submissions\candidates\GOLF_20260607_001_public_6154_repro\onnx\task224.onnx,E:\kagglegolf\data\external\public_bundles\jsrdcht_6029_submission_bundle\extracted\task224.onnx,True,True,6314,6314,54,54,17,17,824,824,70630,70630,70812,70812,13.832216,13.832216,0,0,0.000000,,,medium,hold,keep_6154,SRC_KAGGLE_NOTEBOOK_JSRDCHT_6029
task225,E:\kagglegolf\submissions\candidates\GOLF_20260607_001_public_6154_repro\onnx\task225.onnx,E:\kagglegolf\data\external\public_bundles\jsrdcht_6029_submission_bundle\extracted\task225.onnx,True,True,5386,5386,31,31,17,17,2560,2560,20944,20944,21552,21552,15.021776,15.021776,0,0,0.000000,,,medium,hold,keep_6154,SRC_KAGGLE_NOTEBOOK_JSRDCHT_6029
task226,E:\kagglegolf\submissions\candidates\GOLF_20260607_001_public_6154_repro\onnx\task226.onnx,E:\kagglegolf\data\external\public_bundles\jsrdcht_6029_submission_bundle\extracted\task226.onnx,True,True,4694,4694,37,37,15,15,716,716,9752,9752,9903,9903,15.799407,15.799407,0,0,0.000000,,,medium,hold,keep_6154,SRC_KAGGLE_NOTEBOOK_JSRDCHT_6029
task227,E:\kagglegolf\submissions\candidates\GOLF_20260607_001_public_6154_repro\onnx\task227.onnx,E:\kagglegolf\data\external\public_bundles\jsrdcht_6029_submission_bundle\extracted\task227.onnx,True,True,1435,1435,12,12,10,10,292,292,3748,3748,3795,3795,16.758560,16.758560,0,0,0.000000,,,medium,hold,keep_6154,SRC_KAGGLE_NOTEBOOK_JSRDCHT_6029
task228,E:\kagglegolf\submissions\candidates\GOLF_20260607_001_public_6154_repro\onnx\task228.onnx,E:\kagglegolf\data\external\public_bundles\jsrdcht_6029_submission_bundle\extracted\task228.onnx,True,True,4406,4406,59,59,15,15,484,484,41600,41600,41678,41678,14.362271,14.362271,0,0,0.000000,,,medium,hold,keep_6154,SRC_KAGGLE_NOTEBOOK_JSRDCHT_6029
task229,E:\kagglegolf\submissions\candidates\GOLF_20260607_001_public_6154_repro\onnx\task229.onnx,E:\kagglegolf\data\external\public_bundles\jsrdcht_6029_submission_bundle\extracted\task229.onnx,True,True,1735,1735,13,13,12,12,312,312,2292,2292,2337,2337,17.243377,17.243377,0,0,0.000000,,,medium,hold,keep_6154,SRC_KAGGLE_NOTEBOOK_JSRDCHT_6029
task230,E:\kagglegolf\submissions\candidates\GOLF_20260607_001_public_6154_repro\onnx\task230.onnx,E:\kagglegolf\data\external\public_bundles\jsrdcht_6029_submission_bundle\extracted\task230.onnx,True,True,3798,3798,1,1,1,1,3600,3600,3600,3600,4500,4500,16.588167,16.588167,0,0,0.000000,,,medium,hold,keep_6154,SRC_KAGGLE_NOTEBOOK_JSRDCHT_6029
task231,E:\kagglegolf\submissions\candidates\GOLF_20260607_001_public_6154_repro\onnx\task231.onnx,E:\kagglegolf\data\external\public_bundles\jsrdcht_6029_submission_bundle\extracted\task231.onnx,True,True,3468,3468,42,42,13,13,764,764,42950,42950,43052,43052,14.329836,14.329836,0,0,0.000000,,,medium,hold,keep_6154,SRC_KAGGLE_NOTEBOOK_JSRDCHT_6029
task232,E:\kagglegolf\submissions\candidates\GOLF_20260607_001_public_6154_repro\onnx\task232.onnx,E:\kagglegolf\data\external\public_bundles\jsrdcht_6029_submission_bundle\extracted\task232.onnx,True,True,2435,2435,27,27,14,14,320,320,41732,41732,41801,41801,14.359324,14.359324,0,0,0.000000,,,medium,hold,keep_6154,SRC_KAGGLE_NOTEBOOK_JSRDCHT_6029
task233,E:\kagglegolf\submissions\candidates\GOLF_20260607_001_public_6154_repro\onnx\task233.onnx,E:\kagglegolf\data\external\public_bundles\jsrdcht_6029_submission_bundle\extracted\task233.onnx,True,True,321271,938774,2428,1372,147,346,27203,799436,1674732,5554132,1686786,5697092,10.661664,9.444534,3879400,4010306,-1.217131,,,high,high_risk_boundary_or_unknown,probe_bottom15_structural_difference,SRC_KAGGLE_NOTEBOOK_JSRDCHT_6029
task234,E:\kagglegolf\submissions\candidates\GOLF_20260607_001_public_6154_repro\onnx\task234.onnx,E:\kagglegolf\data\external\public_bundles\jsrdcht_6029_submission_bundle\extracted\task234.onnx,True,True,8333,8333,96,96,9,9,2904,2904,141396,141396,142842,142842,13.130506,13.130506,0,0,0.000000,,,medium,hold,keep_6154,SRC_KAGGLE_NOTEBOOK_JSRDCHT_6029
task235,E:\kagglegolf\submissions\candidates\GOLF_20260607_001_public_6154_repro\onnx\task235.onnx,E:\kagglegolf\data\external\public_bundles\jsrdcht_6029_submission_bundle\extracted\task235.onnx,True,True,3931,3931,32,32,19,19,636,636,2460,2460,2574,2574,17.146784,17.146784,0,0,0.000000,,,medium,hold,keep_6154,SRC_KAGGLE_NOTEBOOK_JSRDCHT_6029
task236,E:\kagglegolf\submissions\candidates\GOLF_20260607_001_public_6154_repro\onnx\task236.onnx,E:\kagglegolf\data\external\public_bundles\jsrdcht_6029_submission_bundle\extracted\task236.onnx,True,True,1511,1511,9,9,8,8,272,272,1360,1360,1410,1410,17.748655,17.748655,0,0,0.000000,,,medium,hold,keep_6154,SRC_KAGGLE_NOTEBOOK_JSRDCHT_6029
task237,E:\kagglegolf\submissions\candidates\GOLF_20260607_001_public_6154_repro\onnx\task237.onnx,E:\kagglegolf\data\external\public_bundles\jsrdcht_6029_submission_bundle\extracted\task237.onnx,True,True,2237,2237,23,23,11,11,276,276,22191,22191,22232,22232,14.990712,14.990712,0,0,0.000000,,,medium,hold,keep_6154,SRC_KAGGLE_NOTEBOOK_JSRDCHT_6029
task238,E:\kagglegolf\submissions\candidates\GOLF_20260607_001_public_6154_repro\onnx\task238.onnx,E:\kagglegolf\data\external\public_bundles\jsrdcht_6029_submission_bundle\extracted\task238.onnx,True,True,11927,11927,102,102,40,40,3060,3060,65965,65965,67432,67432,13.881125,13.881125,0,0,0.000000,,,medium,hold,keep_6154,SRC_KAGGLE_NOTEBOOK_JSRDCHT_6029
task239,E:\kagglegolf\submissions\candidates\GOLF_20260607_001_public_6154_repro\onnx\task239.onnx,E:\kagglegolf\data\external\public_bundles\jsrdcht_6029_submission_bundle\extracted\task239.onnx,True,True,4143,4143,33,33,19,19,898,898,96789,96789,97175,97175,13.515731,13.515731,0,0,0.000000,,,medium,hold,keep_6154,SRC_KAGGLE_NOTEBOOK_JSRDCHT_6029
task240,E:\kagglegolf\submissions\candidates\GOLF_20260607_001_public_6154_repro\onnx\task240.onnx,E:\kagglegolf\data\external\public_bundles\jsrdcht_6029_submission_bundle\extracted\task240.onnx,True,True,3953,3953,28,28,20,20,508,508,67028,67028,67102,67102,13.886031,13.886031,0,0,0.000000,,,medium,hold,keep_6154,SRC_KAGGLE_NOTEBOOK_JSRDCHT_6029
task241,E:\kagglegolf\submissions\candidates\GOLF_20260607_001_public_6154_repro\onnx\task241.onnx,E:\kagglegolf\data\external\public_bundles\jsrdcht_6029_submission_bundle\extracted\task241.onnx,True,True,170,170,1,1,0,0,0,0,0,0,0,0,25.000000,25.000000,0,0,0.000000,,,medium,hold,keep_6154,SRC_KAGGLE_NOTEBOOK_JSRDCHT_6029
task242,E:\kagglegolf\submissions\candidates\GOLF_20260607_001_public_6154_repro\onnx\task242.onnx,E:\kagglegolf\data\external\public_bundles\jsrdcht_6029_submission_bundle\extracted\task242.onnx,True,True,1968,2031,16,16,7,5,357,288,21335,24682,21381,24718,15.029742,14.884713,3347,3337,-0.145029,,,medium,hold,keep_6154,SRC_KAGGLE_NOTEBOOK_JSRDCHT_6029
task243,E:\kagglegolf\submissions\candidates\GOLF_20260607_001_public_6154_repro\onnx\task243.onnx,E:\kagglegolf\data\external\public_bundles\jsrdcht_6029_submission_bundle\extracted\task243.onnx,True,True,16926,23604,137,437,31,24,876,212,110388,1243112,110501,1243144,13.387220,10.966846,1132724,1132643,-2.420374,,,high,high_risk_boundary_or_unknown,probe_bottom15_structural_difference,SRC_KAGGLE_NOTEBOOK_JSRDCHT_6029
task244,E:\kagglegolf\submissions\candidates\GOLF_20260607_001_public_6154_repro\onnx\task244.onnx,E:\kagglegolf\data\external\public_bundles\jsrdcht_6029_submission_bundle\extracted\task244.onnx,True,True,6538,6538,66,66,31,31,676,676,32373,33215,32458,33300,14.612298,14.586687,842,842,-0.025610,,,medium,hold,keep_6154,SRC_KAGGLE_NOTEBOOK_JSRDCHT_6029
task245,E:\kagglegolf\submissions\candidates\GOLF_20260607_001_public_6154_repro\onnx\task245.onnx,E:\kagglegolf\data\external\public_bundles\jsrdcht_6029_submission_bundle\extracted\task245.onnx,True,True,2843,6141,37,47,18,16,263,1540,29179,89804,29278,90801,14.715408,13.583574,60625,61523,-1.131834,,,medium,hold,keep_6154,SRC_KAGGLE_NOTEBOOK_JSRDCHT_6029
task246,E:\kagglegolf\submissions\candidates\GOLF_20260607_001_public_6154_repro\onnx\task246.onnx,E:\kagglegolf\data\external\public_bundles\jsrdcht_6029_submission_bundle\extracted\task246.onnx,True,True,3824,3824,31,31,11,11,648,648,13608,13608,14039,14039,15.450406,15.450406,0,0,0.000000,,,medium,hold,keep_6154,SRC_KAGGLE_NOTEBOOK_JSRDCHT_6029
task247,E:\kagglegolf\submissions\candidates\GOLF_20260607_001_public_6154_repro\onnx\task247.onnx,E:\kagglegolf\data\external\public_bundles\jsrdcht_6029_submission_bundle\extracted\task247.onnx,True,True,2056,2056,25,25,6,6,208,208,22296,22350,22329,22383,14.986358,14.983943,54,54,-0.002415,,,medium,hold,keep_6154,SRC_KAGGLE_NOTEBOOK_JSRDCHT_6029
task248,E:\kagglegolf\submissions\candidates\GOLF_20260607_001_public_6154_repro\onnx\task248.onnx,E:\kagglegolf\data\external\public_bundles\jsrdcht_6029_submission_bundle\extracted\task248.onnx,True,True,2328,2328,23,23,11,11,222,222,7354,7354,7402,7402,16.090494,16.090494,0,0,0.000000,,,medium,hold,keep_6154,SRC_KAGGLE_NOTEBOOK_JSRDCHT_6029
task249,E:\kagglegolf\submissions\candidates\GOLF_20260607_001_public_6154_repro\onnx\task249.onnx,E:\kagglegolf\data\external\public_bundles\jsrdcht_6029_submission_bundle\extracted\task249.onnx,True,True,2901,2901,17,17,14,14,1376,1376,14926,14926,15249,15249,15.367731,15.367731,0,0,0.000000,,,medium,hold,keep_6154,SRC_KAGGLE_NOTEBOOK_JSRDCHT_6029
task250,E:\kagglegolf\submissions\candidates\GOLF_20260607_001_public_6154_repro\onnx\task250.onnx,E:\kagglegolf\data\external\public_bundles\jsrdcht_6029_submission_bundle\extracted\task250.onnx,True,True,13543,13543,127,127,19,19,1105,1105,17497,17497,17746,17746,15.216085,15.216085,0,0,0.000000,,,medium,hold,keep_6154,SRC_KAGGLE_NOTEBOOK_JSRDCHT_6029
task251,E:\kagglegolf\submissions\candidates\GOLF_20260607_001_public_6154_repro\onnx\task251.onnx,E:\kagglegolf\data\external\public_bundles\jsrdcht_6029_submission_bundle\extracted\task251.onnx,True,True,6906,6906,53,53,13,13,1952,1952,102512,102512,103431,103431,13.453340,13.453340,0,0,0.000000,,,medium,hold,keep_6154,SRC_KAGGLE_NOTEBOOK_JSRDCHT_6029
task252,E:\kagglegolf\submissions\candidates\GOLF_20260607_001_public_6154_repro\onnx\task252.onnx,E:\kagglegolf\data\external\public_bundles\jsrdcht_6029_submission_bundle\extracted\task252.onnx,True,True,4879,4879,27,27,19,19,2084,2084,41684,41684,42170,42170,14.350536,14.350536,0,0,0.000000,,,medium,hold,keep_6154,SRC_KAGGLE_NOTEBOOK_JSRDCHT_6029
task253,E:\kagglegolf\submissions\candidates\GOLF_20260607_001_public_6154_repro\onnx\task253.onnx,E:\kagglegolf\data\external\public_bundles\jsrdcht_6029_submission_bundle\extracted\task253.onnx,True,True,3510,3510,17,17,13,13,1968,1968,49798,49798,50237,50237,14.175493,14.175493,0,0,0.000000,,,medium,hold,keep_6154,SRC_KAGGLE_NOTEBOOK_JSRDCHT_6029
task254,E:\kagglegolf\submissions\candidates\GOLF_20260607_001_public_6154_repro\onnx\task254.onnx,E:\kagglegolf\data\external\public_bundles\jsrdcht_6029_submission_bundle\extracted\task254.onnx,True,True,6052,6052,39,39,27,27,928,928,10044,10044,10202,10202,15.769661,15.769661,0,0,0.000000,,,medium,hold,keep_6154,SRC_KAGGLE_NOTEBOOK_JSRDCHT_6029
task255,E:\kagglegolf\submissions\candidates\GOLF_20260607_001_public_6154_repro\onnx\task255.onnx,E:\kagglegolf\data\external\public_bundles\jsrdcht_6029_submission_bundle\extracted\task255.onnx,True,True,301761,106804,185,851,42,10,283662,42034,1826186,43382402,1970952,43400302,10.505973,7.414023,41556216,41429350,-3.091950,,,high,high_risk_boundary_or_unknown,probe_bottom15_structural_difference,SRC_KAGGLE_NOTEBOOK_JSRDCHT_6029
task256,E:\kagglegolf\submissions\candidates\GOLF_20260607_001_public_6154_repro\onnx\task256.onnx,E:\kagglegolf\data\external\public_bundles\jsrdcht_6029_submission_bundle\extracted\task256.onnx,True,True,8793,8793,38,38,17,17,5072,5072,30300,30300,31541,31541,14.640956,14.640956,0,0,0.000000,,,medium,hold,keep_6154,SRC_KAGGLE_NOTEBOOK_JSRDCHT_6029
task257,E:\kagglegolf\submissions\candidates\GOLF_20260607_001_public_6154_repro\onnx\task257.onnx,E:\kagglegolf\data\external\public_bundles\jsrdcht_6029_submission_bundle\extracted\task257.onnx,True,True,1669,1669,16,16,11,11,356,356,1892,1892,1945,1945,17.426983,17.426983,0,0,0.000000,,,medium,hold,keep_6154,SRC_KAGGLE_NOTEBOOK_JSRDCHT_6029
task258,E:\kagglegolf\submissions\candidates\GOLF_20260607_001_public_6154_repro\onnx\task258.onnx,E:\kagglegolf\data\external\public_bundles\jsrdcht_6029_submission_bundle\extracted\task258.onnx,True,True,3836,3836,1,1,2,2,3640,3640,3640,3640,4550,4550,16.577117,16.577117,0,0,0.000000,,,medium,hold,keep_6154,SRC_KAGGLE_NOTEBOOK_JSRDCHT_6029
task259,E:\kagglegolf\submissions\candidates\GOLF_20260607_001_public_6154_repro\onnx\task259.onnx,E:\kagglegolf\data\external\public_bundles\jsrdcht_6029_submission_bundle\extracted\task259.onnx,True,True,3882,3882,30,30,15,15,332,332,7125,7167,7175,7217,16.121642,16.115805,42,42,-0.005837,,,medium,hold,keep_6154,SRC_KAGGLE_NOTEBOOK_JSRDCHT_6029
task260,E:\kagglegolf\submissions\candidates\GOLF_20260607_001_public_6154_repro\onnx\task260.onnx,E:\kagglegolf\data\external\public_bundles\jsrdcht_6029_submission_bundle\extracted\task260.onnx,True,True,3320,3320,26,26,15,15,636,636,15598,15598,15740,15740,15.336039,15.336039,0,0,0.000000,,,medium,hold,keep_6154,SRC_KAGGLE_NOTEBOOK_JSRDCHT_6029
task261,E:\kagglegolf\submissions\candidates\GOLF_20260607_001_public_6154_repro\onnx\task261.onnx,E:\kagglegolf\data\external\public_bundles\jsrdcht_6029_submission_bundle\extracted\task261.onnx,True,True,995,995,1,1,1,1,800,800,800,800,1000,1000,18.092245,18.092245,0,0,0.000000,,,medium,hold,keep_6154,SRC_KAGGLE_NOTEBOOK_JSRDCHT_6029
task262,E:\kagglegolf\submissions\candidates\GOLF_20260607_001_public_6154_repro\onnx\task262.onnx,E:\kagglegolf\data\external\public_bundles\jsrdcht_6029_submission_bundle\extracted\task262.onnx,True,True,1329,1329,8,8,11,11,224,224,7628,7628,7657,7657,16.056624,16.056624,0,0,0.000000,,,medium,hold,keep_6154,SRC_KAGGLE_NOTEBOOK_JSRDCHT_6029
task263,E:\kagglegolf\submissions\candidates\GOLF_20260607_001_public_6154_repro\onnx\task263.onnx,E:\kagglegolf\data\external\public_bundles\jsrdcht_6029_submission_bundle\extracted\task263.onnx,True,True,10867,10867,140,140,27,27,404,404,8610,8610,8662,8662,15.933299,15.933299,0,0,0.000000,,,medium,hold,keep_6154,SRC_KAGGLE_NOTEBOOK_JSRDCHT_6029
task264,E:\kagglegolf\submissions\candidates\GOLF_20260607_001_public_6154_repro\onnx\task264.onnx,E:\kagglegolf\data\external\public_bundles\jsrdcht_6029_submission_bundle\extracted\task264.onnx,True,True,10074,10074,115,115,38,38,2382,2382,140966,140966,141818,141818,13.137700,13.137700,0,0,0.000000,,,medium,hold,keep_6154,SRC_KAGGLE_NOTEBOOK_JSRDCHT_6029
task265,E:\kagglegolf\submissions\candidates\GOLF_20260607_001_public_6154_repro\onnx\task265.onnx,E:\kagglegolf\data\external\public_bundles\jsrdcht_6029_submission_bundle\extracted\task265.onnx,True,True,3110,3110,32,32,13,13,382,382,40063,40063,40194,40194,14.398527,14.398527,0,0,0.000000,,,medium,hold,keep_6154,SRC_KAGGLE_NOTEBOOK_JSRDCHT_6029
task266,E:\kagglegolf\submissions\candidates\GOLF_20260607_001_public_6154_repro\onnx\task266.onnx,E:\kagglegolf\data\external\public_bundles\jsrdcht_6029_submission_bundle\extracted\task266.onnx,True,True,3825,3825,1,1,2,2,3640,3640,3640,3640,4550,4550,16.577117,16.577117,0,0,0.000000,,,medium,hold,keep_6154,SRC_KAGGLE_NOTEBOOK_JSRDCHT_6029
task267,E:\kagglegolf\submissions\candidates\GOLF_20260607_001_public_6154_repro\onnx\task267.onnx,E:\kagglegolf\data\external\public_bundles\jsrdcht_6029_submission_bundle\extracted\task267.onnx,True,True,1659,1624,9,9,12,13,488,496,1814,1854,1908,1949,17.446189,17.424928,40,41,-0.021261,,,medium,hold,keep_6154,SRC_KAGGLE_NOTEBOOK_JSRDCHT_6029
task268,E:\kagglegolf\submissions\candidates\GOLF_20260607_001_public_6154_repro\onnx\task268.onnx,E:\kagglegolf\data\external\public_bundles\jsrdcht_6029_submission_bundle\extracted\task268.onnx,True,True,19789,19789,169,169,30,30,692,692,25468,25468,25567,25567,14.850942,14.850942,0,0,0.000000,,,medium,hold,keep_6154,SRC_KAGGLE_NOTEBOOK_JSRDCHT_6029
task269,E:\kagglegolf\submissions\candidates\GOLF_20260607_001_public_6154_repro\onnx\task269.onnx,E:\kagglegolf\data\external\public_bundles\jsrdcht_6029_submission_bundle\extracted\task269.onnx,True,True,3349,3349,29,29,18,18,472,472,15036,15036,15132,15132,15.375433,15.375433,0,0,0.000000,,,medium,hold,keep_6154,SRC_KAGGLE_NOTEBOOK_JSRDCHT_6029
task270,E:\kagglegolf\submissions\candidates\GOLF_20260607_001_public_6154_repro\onnx\task270.onnx,E:\kagglegolf\data\external\public_bundles\jsrdcht_6029_submission_bundle\extracted\task270.onnx,True,True,10862,10862,56,56,21,21,2160,2160,48975,48975,49475,49475,14.190777,14.190777,0,0,0.000000,,,medium,hold,keep_6154,SRC_KAGGLE_NOTEBOOK_JSRDCHT_6029
task271,E:\kagglegolf\submissions\candidates\GOLF_20260607_001_public_6154_repro\onnx\task271.onnx,E:\kagglegolf\data\external\public_bundles\jsrdcht_6029_submission_bundle\extracted\task271.onnx,True,True,1993,1993,22,22,10,10,376,376,29304,29304,29367,29367,14.712373,14.712373,0,0,0.000000,,,medium,hold,keep_6154,SRC_KAGGLE_NOTEBOOK_JSRDCHT_6029
task272,E:\kagglegolf\submissions\candidates\GOLF_20260607_001_public_6154_repro\onnx\task272.onnx,E:\kagglegolf\data\external\public_bundles\jsrdcht_6029_submission_bundle\extracted\task272.onnx,True,True,3825,3825,1,1,2,2,3640,3640,3640,3640,4550,4550,16.577117,16.577117,0,0,0.000000,,,medium,hold,keep_6154,SRC_KAGGLE_NOTEBOOK_JSRDCHT_6029
task273,E:\kagglegolf\submissions\candidates\GOLF_20260607_001_public_6154_repro\onnx\task273.onnx,E:\kagglegolf\data\external\public_bundles\jsrdcht_6029_submission_bundle\extracted\task273.onnx,True,True,2414,2414,22,22,13,13,233,233,6233,6233,6270,6270,16.256468,16.256468,0,0,0.000000,,,medium,hold,keep_6154,SRC_KAGGLE_NOTEBOOK_JSRDCHT_6029
task274,E:\kagglegolf\submissions\candidates\GOLF_20260607_001_public_6154_repro\onnx\task274.onnx,E:\kagglegolf\data\external\public_bundles\jsrdcht_6029_submission_bundle\extracted\task274.onnx,True,True,3619,3619,16,16,11,11,1668,1668,9860,10040,10249,10429,15.765065,15.747654,180,180,-0.017410,,,medium,hold,keep_6154,SRC_KAGGLE_NOTEBOOK_JSRDCHT_6029
task275,E:\kagglegolf\submissions\candidates\GOLF_20260607_001_public_6154_repro\onnx\task275.onnx,E:\kagglegolf\data\external\public_bundles\jsrdcht_6029_submission_bundle\extracted\task275.onnx,True,True,24193,24193,253,253,27,27,5962,5962,87072,87072,89846,89846,13.594148,13.594148,0,0,0.000000,,,medium,hold,keep_6154,SRC_KAGGLE_NOTEBOOK_JSRDCHT_6029
task276,E:\kagglegolf\submissions\candidates\GOLF_20260607_001_public_6154_repro\onnx\task276.onnx,E:\kagglegolf\data\external\public_bundles\jsrdcht_6029_submission_bundle\extracted\task276.onnx,True,True,217,217,1,1,1,1,80,80,80,80,90,90,20.500190,20.500190,0,0,0.000000,,,medium,hold,keep_6154,SRC_KAGGLE_NOTEBOOK_JSRDCHT_6029
task277,E:\kagglegolf\submissions\candidates\GOLF_20260607_001_public_6154_repro\onnx\task277.onnx,E:\kagglegolf\data\external\public_bundles\jsrdcht_6029_submission_bundle\extracted\task277.onnx,True,True,6687,57052,60,286,17,39,663,27916,15030,41984,15280,48924,15.365700,14.201977,26954,33644,-1.163723,,,medium,hold,keep_6154,SRC_KAGGLE_NOTEBOOK_JSRDCHT_6029
task278,E:\kagglegolf\submissions\candidates\GOLF_20260607_001_public_6154_repro\onnx\task278.onnx,E:\kagglegolf\data\external\public_bundles\jsrdcht_6029_submission_bundle\extracted\task278.onnx,True,True,3294,3294,14,14,13,13,1560,1560,40764,40764,41127,41127,14.375580,14.375580,0,0,0.000000,,,medium,hold,keep_6154,SRC_KAGGLE_NOTEBOOK_JSRDCHT_6029
task279,E:\kagglegolf\submissions\candidates\GOLF_20260607_001_public_6154_repro\onnx\task279.onnx,E:\kagglegolf\data\external\public_bundles\jsrdcht_6029_submission_bundle\extracted\task279.onnx,True,True,4658,4658,41,41,8,8,1224,1224,51400,51400,51686,51686,14.147058,14.147058,0,0,0.000000,,,medium,hold,keep_6154,SRC_KAGGLE_NOTEBOOK_JSRDCHT_6029
task280,E:\kagglegolf\submissions\candidates\GOLF_20260607_001_public_6154_repro\onnx\task280.onnx,E:\kagglegolf\data\external\public_bundles\jsrdcht_6029_submission_bundle\extracted\task280.onnx,True,True,16655,16655,138,138,11,11,350,350,139550,139550,139596,139596,13.153492,13.153492,0,0,0.000000,,,medium,hold,keep_6154,SRC_KAGGLE_NOTEBOOK_JSRDCHT_6029
task281,E:\kagglegolf\submissions\candidates\GOLF_20260607_001_public_6154_repro\onnx\task281.onnx,E:\kagglegolf\data\external\public_bundles\jsrdcht_6029_submission_bundle\extracted\task281.onnx,True,True,7659,7659,64,64,15,15,1512,1512,90100,90100,91087,91087,13.580430,13.580430,0,0,0.000000,,,medium,hold,keep_6154,SRC_KAGGLE_NOTEBOOK_JSRDCHT_6029
task282,E:\kagglegolf\submissions\candidates\GOLF_20260607_001_public_6154_repro\onnx\task282.onnx,E:\kagglegolf\data\external\public_bundles\jsrdcht_6029_submission_bundle\extracted\task282.onnx,True,True,3798,3798,1,1,1,1,3600,3600,3600,3600,4500,4500,16.588167,16.588167,0,0,0.000000,,,medium,hold,keep_6154,SRC_KAGGLE_NOTEBOOK_JSRDCHT_6029
task283,E:\kagglegolf\submissions\candidates\GOLF_20260607_001_public_6154_repro\onnx\task283.onnx,E:\kagglegolf\data\external\public_bundles\jsrdcht_6029_submission_bundle\extracted\task283.onnx,True,True,3825,3825,1,1,2,2,3640,3640,3640,3640,4550,4550,16.577117,16.577117,0,0,0.000000,,,medium,hold,keep_6154,SRC_KAGGLE_NOTEBOOK_JSRDCHT_6029
task284,E:\kagglegolf\submissions\candidates\GOLF_20260607_001_public_6154_repro\onnx\task284.onnx,E:\kagglegolf\data\external\public_bundles\jsrdcht_6029_submission_bundle\extracted\task284.onnx,True,True,30975,30975,145,145,19,19,16142,16142,133299,133299,136174,136174,13.178311,13.178311,0,0,0.000000,,,medium,hold,keep_6154,SRC_KAGGLE_NOTEBOOK_JSRDCHT_6029
task285,E:\kagglegolf\submissions\candidates\GOLF_20260607_001_public_6154_repro\onnx\task285.onnx,E:\kagglegolf\data\external\public_bundles\jsrdcht_6029_submission_bundle\extracted\task285.onnx,True,True,64932,42591,325,473,63,318,32280,12652,505928,181224052,519543,181226591,11.839295,5.984741,180718124,180707048,-5.854554,,,high,high_risk_boundary_or_unknown,probe_bottom15_structural_difference,SRC_KAGGLE_NOTEBOOK_JSRDCHT_6029
task286,E:\kagglegolf\submissions\candidates\GOLF_20260607_001_public_6154_repro\onnx\task286.onnx,E:\kagglegolf\data\external\public_bundles\jsrdcht_6029_submission_bundle\extracted\task286.onnx,True,True,19743,13714,169,168,21,20,2860,2843,163755,169972,165060,171274,12.985936,12.948980,6217,6214,-0.036956,,,high,high_risk_boundary_or_unknown,probe_bottom15_structural_difference,SRC_KAGGLE_NOTEBOOK_JSRDCHT_6029
task287,E:\kagglegolf\submissions\candidates\GOLF_20260607_001_public_6154_repro\onnx\task287.onnx,E:\kagglegolf\data\external\public_bundles\jsrdcht_6029_submission_bundle\extracted\task287.onnx,True,True,1706,1706,22,22,14,14,217,217,22745,22745,22784,22784,14.966186,14.966186,0,0,0.000000,,,medium,hold,keep_6154,SRC_KAGGLE_NOTEBOOK_JSRDCHT_6029
task288,E:\kagglegolf\submissions\candidates\GOLF_20260607_001_public_6154_repro\onnx\task288.onnx,E:\kagglegolf\data\external\public_bundles\jsrdcht_6029_submission_bundle\extracted\task288.onnx,True,True,7847,7847,52,52,15,15,312,312,49264,49264,49305,49305,14.194219,14.194219,0,0,0.000000,,,medium,hold,keep_6154,SRC_KAGGLE_NOTEBOOK_JSRDCHT_6029
task289,E:\kagglegolf\submissions\candidates\GOLF_20260607_001_public_6154_repro\onnx\task289.onnx,E:\kagglegolf\data\external\public_bundles\jsrdcht_6029_submission_bundle\extracted\task289.onnx,True,True,2883,2883,26,26,17,17,440,440,32094,32094,32174,32174,14.621086,14.621086,0,0,0.000000,,,medium,hold,keep_6154,SRC_KAGGLE_NOTEBOOK_JSRDCHT_6029
task290,E:\kagglegolf\submissions\candidates\GOLF_20260607_001_public_6154_repro\onnx\task290.onnx,E:\kagglegolf\data\external\public_bundles\jsrdcht_6029_submission_bundle\extracted\task290.onnx,True,True,42089,42089,87,87,42,42,31842,31842,138150,138150,142694,142694,13.131542,13.131542,0,0,0.000000,,,medium,hold,keep_6154,SRC_KAGGLE_NOTEBOOK_JSRDCHT_6029
task291,E:\kagglegolf\submissions\candidates\GOLF_20260607_001_public_6154_repro\onnx\task291.onnx,E:\kagglegolf\data\external\public_bundles\jsrdcht_6029_submission_bundle\extracted\task291.onnx,True,True,6009,6009,22,22,9,9,3800,3800,7196,7196,8127,8127,15.997053,15.997053,0,0,0.000000,,,medium,hold,keep_6154,SRC_KAGGLE_NOTEBOOK_JSRDCHT_6029
task292,E:\kagglegolf\submissions\candidates\GOLF_20260607_001_public_6154_repro\onnx\task292.onnx,E:\kagglegolf\data\external\public_bundles\jsrdcht_6029_submission_bundle\extracted\task292.onnx,True,True,1411,1411,6,6,9,9,516,516,8196,8196,8301,8301,15.975869,15.975869,0,0,0.000000,,,medium,hold,keep_6154,SRC_KAGGLE_NOTEBOOK_JSRDCHT_6029
task293,E:\kagglegolf\submissions\candidates\GOLF_20260607_001_public_6154_repro\onnx\task293.onnx,E:\kagglegolf\data\external\public_bundles\jsrdcht_6029_submission_bundle\extracted\task293.onnx,True,True,9897,9897,52,52,20,20,3881,3881,28156,28670,28652,29166,14.737021,14.719241,514,514,-0.017780,,,medium,hold,keep_6154,SRC_KAGGLE_NOTEBOOK_JSRDCHT_6029
task294,E:\kagglegolf\submissions\candidates\GOLF_20260607_001_public_6154_repro\onnx\task294.onnx,E:\kagglegolf\data\external\public_bundles\jsrdcht_6029_submission_bundle\extracted\task294.onnx,True,True,3825,3825,1,1,2,2,3640,3640,3640,3640,4550,4550,16.577117,16.577117,0,0,0.000000,,,medium,hold,keep_6154,SRC_KAGGLE_NOTEBOOK_JSRDCHT_6029
task295,E:\kagglegolf\submissions\candidates\GOLF_20260607_001_public_6154_repro\onnx\task295.onnx,E:\kagglegolf\data\external\public_bundles\jsrdcht_6029_submission_bundle\extracted\task295.onnx,True,True,2771,2771,22,22,11,11,324,324,23007,23007,23072,23072,14.953625,14.953625,0,0,0.000000,,,medium,hold,keep_6154,SRC_KAGGLE_NOTEBOOK_JSRDCHT_6029
task296,E:\kagglegolf\submissions\candidates\GOLF_20260607_001_public_6154_repro\onnx\task296.onnx,E:\kagglegolf\data\external\public_bundles\jsrdcht_6029_submission_bundle\extracted\task296.onnx,True,True,2843,2843,10,10,11,11,1524,1524,5286,5286,5639,5639,16.362538,16.362538,0,0,0.000000,,,medium,hold,keep_6154,SRC_KAGGLE_NOTEBOOK_JSRDCHT_6029
task297,E:\kagglegolf\submissions\candidates\GOLF_20260607_001_public_6154_repro\onnx\task297.onnx,E:\kagglegolf\data\external\public_bundles\jsrdcht_6029_submission_bundle\extracted\task297.onnx,True,True,2651,2778,31,31,17,20,308,360,11356,11408,11412,11476,15.657579,15.651987,52,64,-0.005592,,,medium,hold,keep_6154,SRC_KAGGLE_NOTEBOOK_JSRDCHT_6029
task298,E:\kagglegolf\submissions\candidates\GOLF_20260607_001_public_6154_repro\onnx\task298.onnx,E:\kagglegolf\data\external\public_bundles\jsrdcht_6029_submission_bundle\extracted\task298.onnx,True,True,5059,5059,31,31,19,19,2252,2252,24686,24686,25220,25220,14.864607,14.864607,0,0,0.000000,,,medium,hold,keep_6154,SRC_KAGGLE_NOTEBOOK_JSRDCHT_6029
task299,E:\kagglegolf\submissions\candidates\GOLF_20260607_001_public_6154_repro\onnx\task299.onnx,E:\kagglegolf\data\external\public_bundles\jsrdcht_6029_submission_bundle\extracted\task299.onnx,True,True,1980,1980,19,19,8,8,352,352,2968,2968,3030,3030,16.983682,16.983682,0,0,0.000000,,,medium,hold,keep_6154,SRC_KAGGLE_NOTEBOOK_JSRDCHT_6029
task300,E:\kagglegolf\submissions\candidates\GOLF_20260607_001_public_6154_repro\onnx\task300.onnx,E:\kagglegolf\data\external\public_bundles\jsrdcht_6029_submission_bundle\extracted\task300.onnx,True,True,4688,4688,43,43,14,14,976,976,78414,78414,78551,78551,13.728497,13.728497,0,0,0.000000,,,medium,hold,keep_6154,SRC_KAGGLE_NOTEBOOK_JSRDCHT_6029
task301,E:\kagglegolf\submissions\candidates\GOLF_20260607_001_public_6154_repro\onnx\task301.onnx,E:\kagglegolf\data\external\public_bundles\jsrdcht_6029_submission_bundle\extracted\task301.onnx,True,True,19261,19240,48,48,11,10,14718,14720,77858,99824,79706,101671,13.713900,13.470503,21966,21965,-0.243397,,,medium,hold,keep_6154,SRC_KAGGLE_NOTEBOOK_JSRDCHT_6029
task302,E:\kagglegolf\submissions\candidates\GOLF_20260607_001_public_6154_repro\onnx\task302.onnx,E:\kagglegolf\data\external\public_bundles\jsrdcht_6029_submission_bundle\extracted\task302.onnx,True,True,4372,3609,43,33,4,10,160,228,7936,29028,7956,29057,16.018318,14.722985,21092,21101,-1.295333,,,medium,hold,keep_6154,SRC_KAGGLE_NOTEBOOK_JSRDCHT_6029
task303,E:\kagglegolf\submissions\candidates\GOLF_20260607_001_public_6154_repro\onnx\task303.onnx,E:\kagglegolf\data\external\public_bundles\jsrdcht_6029_submission_bundle\extracted\task303.onnx,True,True,2084,2084,8,8,4,4,1240,1240,81640,81640,81950,81950,13.686135,13.686135,0,0,0.000000,,,medium,hold,keep_6154,SRC_KAGGLE_NOTEBOOK_JSRDCHT_6029
task304,E:\kagglegolf\submissions\candidates\GOLF_20260607_001_public_6154_repro\onnx\task304.onnx,E:\kagglegolf\data\external\public_bundles\jsrdcht_6029_submission_bundle\extracted\task304.onnx,True,True,2136,2136,17,17,9,9,440,440,14916,14916,15014,15014,15.383262,15.383262,0,0,0.000000,,,medium,hold,keep_6154,SRC_KAGGLE_NOTEBOOK_JSRDCHT_6029
task305,E:\kagglegolf\submissions\candidates\GOLF_20260607_001_public_6154_repro\onnx\task305.onnx,E:\kagglegolf\data\external\public_bundles\jsrdcht_6029_submission_bundle\extracted\task305.onnx,True,True,1865,1865,6,6,4,4,1168,1168,4836,4836,5120,5120,16.459090,16.459090,0,0,0.000000,,,medium,hold,keep_6154,SRC_KAGGLE_NOTEBOOK_JSRDCHT_6029
task306,E:\kagglegolf\submissions\candidates\GOLF_20260607_001_public_6154_repro\onnx\task306.onnx,E:\kagglegolf\data\external\public_bundles\jsrdcht_6029_submission_bundle\extracted\task306.onnx,True,True,4155,4101,33,33,33,32,543,541,64917,99715,64987,99784,13.918057,13.489237,34798,34797,-0.428821,,,medium,hold,keep_6154,SRC_KAGGLE_NOTEBOOK_JSRDCHT_6029
task307,E:\kagglegolf\submissions\candidates\GOLF_20260607_001_public_6154_repro\onnx\task307.onnx,E:\kagglegolf\data\external\public_bundles\jsrdcht_6029_submission_bundle\extracted\task307.onnx,True,True,7454,7454,1,1,1,1,7200,7200,7200,7200,9000,9000,15.895020,15.895020,0,0,0.000000,,,medium,hold,keep_6154,SRC_KAGGLE_NOTEBOOK_JSRDCHT_6029
task308,E:\kagglegolf\submissions\candidates\GOLF_20260607_001_public_6154_repro\onnx\task308.onnx,E:\kagglegolf\data\external\public_bundles\jsrdcht_6029_submission_bundle\extracted\task308.onnx,True,True,6118,6118,59,59,17,17,868,868,52362,52362,52472,52472,14.131965,14.131965,0,0,0.000000,,,medium,hold,keep_6154,SRC_KAGGLE_NOTEBOOK_JSRDCHT_6029
task309,E:\kagglegolf\submissions\candidates\GOLF_20260607_001_public_6154_repro\onnx\task309.onnx,E:\kagglegolf\data\external\public_bundles\jsrdcht_6029_submission_bundle\extracted\task309.onnx,True,True,217,217,1,1,1,1,80,80,80,80,90,90,20.500190,20.500190,0,0,0.000000,,,medium,hold,keep_6154,SRC_KAGGLE_NOTEBOOK_JSRDCHT_6029
task310,E:\kagglegolf\submissions\candidates\GOLF_20260607_001_public_6154_repro\onnx\task310.onnx,E:\kagglegolf\data\external\public_bundles\jsrdcht_6029_submission_bundle\extracted\task310.onnx,True,True,5449,5449,44,44,18,18,1684,1684,59689,59689,60558,60558,13.988643,13.988643,0,0,0.000000,,,medium,hold,keep_6154,SRC_KAGGLE_NOTEBOOK_JSRDCHT_6029
task311,E:\kagglegolf\submissions\candidates\GOLF_20260607_001_public_6154_repro\onnx\task311.onnx,E:\kagglegolf\data\external\public_bundles\jsrdcht_6029_submission_bundle\extracted\task311.onnx,True,True,479,479,1,1,1,1,240,240,240,240,270,270,19.401578,19.401578,0,0,0.000000,,,medium,hold,keep_6154,SRC_KAGGLE_NOTEBOOK_JSRDCHT_6029
task312,E:\kagglegolf\submissions\candidates\GOLF_20260607_001_public_6154_repro\onnx\task312.onnx,E:\kagglegolf\data\external\public_bundles\jsrdcht_6029_submission_bundle\extracted\task312.onnx,True,True,1202,1202,8,8,9,9,152,152,10112,10112,10131,10131,15.776645,15.776645,0,0,0.000000,,,medium,hold,keep_6154,SRC_KAGGLE_NOTEBOOK_JSRDCHT_6029
task313,E:\kagglegolf\submissions\candidates\GOLF_20260607_001_public_6154_repro\onnx\task313.onnx,E:\kagglegolf\data\external\public_bundles\jsrdcht_6029_submission_bundle\extracted\task313.onnx,True,True,39887,39887,34,34,12,12,36310,36310,115335,116295,119882,120842,13.305737,13.297761,960,960,-0.007976,,,medium,hold,keep_6154,SRC_KAGGLE_NOTEBOOK_JSRDCHT_6029
task314,E:\kagglegolf\submissions\candidates\GOLF_20260607_001_public_6154_repro\onnx\task314.onnx,E:\kagglegolf\data\external\public_bundles\jsrdcht_6029_submission_bundle\extracted\task314.onnx,True,True,28414,28414,218,218,83,83,1380,1380,13092,13092,13270,13270,15.506739,15.506739,0,0,0.000000,,,medium,hold,keep_6154,SRC_KAGGLE_NOTEBOOK_JSRDCHT_6029
task315,E:\kagglegolf\submissions\candidates\GOLF_20260607_001_public_6154_repro\onnx\task315.onnx,E:\kagglegolf\data\external\public_bundles\jsrdcht_6029_submission_bundle\extracted\task315.onnx,True,True,1520,1520,10,10,10,10,452,452,14132,14132,14231,14231,15.436822,15.436822,0,0,0.000000,,,medium,hold,keep_6154,SRC_KAGGLE_NOTEBOOK_JSRDCHT_6029
task316,E:\kagglegolf\submissions\candidates\GOLF_20260607_001_public_6154_repro\onnx\task316.onnx,E:\kagglegolf\data\external\public_bundles\jsrdcht_6029_submission_bundle\extracted\task316.onnx,True,True,5537,5537,49,49,15,15,228,228,51690,51690,51738,51738,14.146052,14.146052,0,0,0.000000,,,medium,hold,keep_6154,SRC_KAGGLE_NOTEBOOK_JSRDCHT_6029
task317,E:\kagglegolf\submissions\candidates\GOLF_20260607_001_public_6154_repro\onnx\task317.onnx,E:\kagglegolf\data\external\public_bundles\jsrdcht_6029_submission_bundle\extracted\task317.onnx,True,True,3798,3798,1,1,1,1,3600,3600,3600,3600,4500,4500,16.588167,16.588167,0,0,0.000000,,,medium,hold,keep_6154,SRC_KAGGLE_NOTEBOOK_JSRDCHT_6029
task318,E:\kagglegolf\submissions\candidates\GOLF_20260607_001_public_6154_repro\onnx\task318.onnx,E:\kagglegolf\data\external\public_bundles\jsrdcht_6029_submission_bundle\extracted\task318.onnx,True,True,1569,1569,10,10,8,8,272,272,1424,1424,1474,1474,17.704265,17.704265,0,0,0.000000,,,medium,hold,keep_6154,SRC_KAGGLE_NOTEBOOK_JSRDCHT_6029
task319,E:\kagglegolf\submissions\candidates\GOLF_20260607_001_public_6154_repro\onnx\task319.onnx,E:\kagglegolf\data\external\public_bundles\jsrdcht_6029_submission_bundle\extracted\task319.onnx,True,True,260816,247340,2051,2709,54,2381,35381,69796,764238,26526616,773315,26535559,11.441558,7.906004,25762378,25762244,-3.535554,,,medium,hold,keep_6154,SRC_KAGGLE_NOTEBOOK_JSRDCHT_6029
task320,E:\kagglegolf\submissions\candidates\GOLF_20260607_001_public_6154_repro\onnx\task320.onnx,E:\kagglegolf\data\external\public_bundles\jsrdcht_6029_submission_bundle\extracted\task320.onnx,True,True,2183,2183,19,19,11,11,424,424,5473,5473,5614,5614,16.366981,16.366981,0,0,0.000000,,,medium,hold,keep_6154,SRC_KAGGLE_NOTEBOOK_JSRDCHT_6029
task321,E:\kagglegolf\submissions\candidates\GOLF_20260607_001_public_6154_repro\onnx\task321.onnx,E:\kagglegolf\data\external\public_bundles\jsrdcht_6029_submission_bundle\extracted\task321.onnx,True,True,2449,2449,19,19,11,11,596,596,7508,7508,7643,7643,16.058455,16.058455,0,0,0.000000,,,medium,hold,keep_6154,SRC_KAGGLE_NOTEBOOK_JSRDCHT_6029
task322,E:\kagglegolf\submissions\candidates\GOLF_20260607_001_public_6154_repro\onnx\task322.onnx,E:\kagglegolf\data\external\public_bundles\jsrdcht_6029_submission_bundle\extracted\task322.onnx,True,True,985,1194,9,9,7,6,196,164,1474,1487,1499,1508,17.687447,17.681460,13,9,-0.005986,,,medium,hold,keep_6154,SRC_KAGGLE_NOTEBOOK_JSRDCHT_6029
task323,E:\kagglegolf\submissions\candidates\GOLF_20260607_001_public_6154_repro\onnx\task323.onnx,E:\kagglegolf\data\external\public_bundles\jsrdcht_6029_submission_bundle\extracted\task323.onnx,True,True,2497,11252,10,57,6,57,1412,2412,5299,52200,5945,52787,16.309694,14.125980,46901,46842,-2.183714,,,medium,hold,keep_6154,SRC_KAGGLE_NOTEBOOK_JSRDCHT_6029
task324,E:\kagglegolf\submissions\candidates\GOLF_20260607_001_public_6154_repro\onnx\task324.onnx,E:\kagglegolf\data\external\public_bundles\jsrdcht_6029_submission_bundle\extracted\task324.onnx,True,True,26081,30635,263,260,40,144,3889,16288,193841,693970,195480,697772,12.816787,11.544352,500129,502292,-1.272434,,,medium,hold,keep_6154,SRC_KAGGLE_NOTEBOOK_JSRDCHT_6029
task325,E:\kagglegolf\submissions\candidates\GOLF_20260607_001_public_6154_repro\onnx\task325.onnx,E:\kagglegolf\data\external\public_bundles\jsrdcht_6029_submission_bundle\extracted\task325.onnx,True,True,5072,5072,39,39,22,22,2094,2094,43214,43214,45116,45116,14.283008,14.283008,0,0,0.000000,,,medium,hold,keep_6154,SRC_KAGGLE_NOTEBOOK_JSRDCHT_6029
task326,E:\kagglegolf\submissions\candidates\GOLF_20260607_001_public_6154_repro\onnx\task326.onnx,E:\kagglegolf\data\external\public_bundles\jsrdcht_6029_submission_bundle\extracted\task326.onnx,True,True,388,388,2,2,3,3,48,48,208,208,214,214,19.634024,19.634024,0,0,0.000000,,,medium,hold,keep_6154,SRC_KAGGLE_NOTEBOOK_JSRDCHT_6029
task327,E:\kagglegolf\submissions\candidates\GOLF_20260607_001_public_6154_repro\onnx\task327.onnx,E:\kagglegolf\data\external\public_bundles\jsrdcht_6029_submission_bundle\extracted\task327.onnx,True,True,2235,2235,17,17,9,9,168,168,14480,14480,14512,14512,15.417269,15.417269,0,0,0.000000,,,medium,hold,keep_6154,SRC_KAGGLE_NOTEBOOK_JSRDCHT_6029
task328,E:\kagglegolf\submissions\candidates\GOLF_20260607_001_public_6154_repro\onnx\task328.onnx,E:\kagglegolf\data\external\public_bundles\jsrdcht_6029_submission_bundle\extracted\task328.onnx,True,True,16420,16269,121,121,26,27,6232,6252,72966,73042,76004,76090,13.761459,13.760328,76,86,-0.001131,,,medium,hold,keep_6154,SRC_KAGGLE_NOTEBOOK_JSRDCHT_6029
task329,E:\kagglegolf\submissions\candidates\GOLF_20260607_001_public_6154_repro\onnx\task329.onnx,E:\kagglegolf\data\external\public_bundles\jsrdcht_6029_submission_bundle\extracted\task329.onnx,True,True,2361,2361,20,20,10,10,280,280,14228,14228,14274,14274,15.433805,15.433805,0,0,0.000000,,,medium,hold,keep_6154,SRC_KAGGLE_NOTEBOOK_JSRDCHT_6029
task330,E:\kagglegolf\submissions\candidates\GOLF_20260607_001_public_6154_repro\onnx\task330.onnx,E:\kagglegolf\data\external\public_bundles\jsrdcht_6029_submission_bundle\extracted\task330.onnx,True,True,7543,43441,22,484,16,136,5662,4066,65862,97966,67698,99949,13.877188,13.487585,32104,32251,-0.389603,,,medium,hold,keep_6154,SRC_KAGGLE_NOTEBOOK_JSRDCHT_6029
task331,E:\kagglegolf\submissions\candidates\GOLF_20260607_001_public_6154_repro\onnx\task331.onnx,E:\kagglegolf\data\external\public_bundles\jsrdcht_6029_submission_bundle\extracted\task331.onnx,True,True,3836,3836,1,1,2,2,3640,3640,3640,3640,4550,4550,16.577117,16.577117,0,0,0.000000,,,medium,hold,keep_6154,SRC_KAGGLE_NOTEBOOK_JSRDCHT_6029
task332,E:\kagglegolf\submissions\candidates\GOLF_20260607_001_public_6154_repro\onnx\task332.onnx,E:\kagglegolf\data\external\public_bundles\jsrdcht_6029_submission_bundle\extracted\task332.onnx,True,True,4180,4135,29,29,17,15,1236,1236,10062,12632,10226,12794,15.767311,15.543268,2570,2568,-0.224043,,,medium,hold,keep_6154,SRC_KAGGLE_NOTEBOOK_JSRDCHT_6029
task333,E:\kagglegolf\submissions\candidates\GOLF_20260607_001_public_6154_repro\onnx\task333.onnx,E:\kagglegolf\data\external\public_bundles\jsrdcht_6029_submission_bundle\extracted\task333.onnx,True,True,4379,4379,55,55,19,19,340,340,25180,25180,25233,25233,14.864092,14.864092,0,0,0.000000,,,medium,hold,keep_6154,SRC_KAGGLE_NOTEBOOK_JSRDCHT_6029
task334,E:\kagglegolf\submissions\candidates\GOLF_20260607_001_public_6154_repro\onnx\task334.onnx,E:\kagglegolf\data\external\public_bundles\jsrdcht_6029_submission_bundle\extracted\task334.onnx,True,True,2063,2063,5,5,8,8,1260,1260,1940,1940,2233,2233,17.288899,17.288899,0,0,0.000000,,,medium,hold,keep_6154,SRC_KAGGLE_NOTEBOOK_JSRDCHT_6029
task335,E:\kagglegolf\submissions\candidates\GOLF_20260607_001_public_6154_repro\onnx\task335.onnx,E:\kagglegolf\data\external\public_bundles\jsrdcht_6029_submission_bundle\extracted\task335.onnx,True,True,3914,3914,35,35,17,17,580,580,60556,60556,60670,60670,13.986795,13.986795,0,0,0.000000,,,medium,hold,keep_6154,SRC_KAGGLE_NOTEBOOK_JSRDCHT_6029
task336,E:\kagglegolf\submissions\candidates\GOLF_20260607_001_public_6154_repro\onnx\task336.onnx,E:\kagglegolf\data\external\public_bundles\jsrdcht_6029_submission_bundle\extracted\task336.onnx,True,True,5276,5276,54,54,12,12,369,369,6269,6269,6405,6405,16.235166,16.235166,0,0,0.000000,,,medium,hold,keep_6154,SRC_KAGGLE_NOTEBOOK_JSRDCHT_6029
task337,E:\kagglegolf\submissions\candidates\GOLF_20260607_001_public_6154_repro\onnx\task337.onnx,E:\kagglegolf\data\external\public_bundles\jsrdcht_6029_submission_bundle\extracted\task337.onnx,True,True,159,159,1,1,1,1,80,80,80,80,90,90,20.500190,20.500190,0,0,0.000000,,,medium,hold,keep_6154,SRC_KAGGLE_NOTEBOOK_JSRDCHT_6029
task338,E:\kagglegolf\submissions\candidates\GOLF_20260607_001_public_6154_repro\onnx\task338.onnx,E:\kagglegolf\data\external\public_bundles\jsrdcht_6029_submission_bundle\extracted\task338.onnx,True,True,5846,5846,38,38,9,9,2061,2061,47061,47686,48335,48960,14.214089,14.201241,625,625,-0.012848,,,medium,hold,keep_6154,SRC_KAGGLE_NOTEBOOK_JSRDCHT_6029
task339,E:\kagglegolf\submissions\candidates\GOLF_20260607_001_public_6154_repro\onnx\task339.onnx,E:\kagglegolf\data\external\public_bundles\jsrdcht_6029_submission_bundle\extracted\task339.onnx,True,True,2038,2038,12,12,11,11,528,528,1400,1400,1508,1508,17.681460,17.681460,0,0,0.000000,,,medium,hold,keep_6154,SRC_KAGGLE_NOTEBOOK_JSRDCHT_6029
task340,E:\kagglegolf\submissions\candidates\GOLF_20260607_001_public_6154_repro\onnx\task340.onnx,E:\kagglegolf\data\external\public_bundles\jsrdcht_6029_submission_bundle\extracted\task340.onnx,True,True,6593,6593,71,71,26,26,786,786,71146,71146,71309,71309,13.825222,13.825222,0,0,0.000000,,,medium,hold,keep_6154,SRC_KAGGLE_NOTEBOOK_JSRDCHT_6029
task341,E:\kagglegolf\submissions\candidates\GOLF_20260607_001_public_6154_repro\onnx\task341.onnx,E:\kagglegolf\data\external\public_bundles\jsrdcht_6029_submission_bundle\extracted\task341.onnx,True,True,11979,11979,99,99,52,52,2260,2260,24212,24212,24501,24501,14.893531,14.893531,0,0,0.000000,,,medium,hold,keep_6154,SRC_KAGGLE_NOTEBOOK_JSRDCHT_6029
task342,E:\kagglegolf\submissions\candidates\GOLF_20260607_001_public_6154_repro\onnx\task342.onnx,E:\kagglegolf\data\external\public_bundles\jsrdcht_6029_submission_bundle\extracted\task342.onnx,True,True,4815,4815,38,38,16,16,1021,1021,14153,14153,14390,14390,15.425711,15.425711,0,0,0.000000,,,medium,hold,keep_6154,SRC_KAGGLE_NOTEBOOK_JSRDCHT_6029
task343,E:\kagglegolf\submissions\candidates\GOLF_20260607_001_public_6154_repro\onnx\task343.onnx,E:\kagglegolf\data\external\public_bundles\jsrdcht_6029_submission_bundle\extracted\task343.onnx,True,True,7569,7569,86,86,16,16,2228,2228,31590,31590,31959,31959,14.627791,14.627791,0,0,0.000000,,,medium,hold,keep_6154,SRC_KAGGLE_NOTEBOOK_JSRDCHT_6029
task344,E:\kagglegolf\submissions\candidates\GOLF_20260607_001_public_6154_repro\onnx\task344.onnx,E:\kagglegolf\data\external\public_bundles\jsrdcht_6029_submission_bundle\extracted\task344.onnx,True,True,10236,10236,1,1,2,2,10040,10040,10040,10040,12550,12550,15.562524,15.562524,0,0,0.000000,,,medium,hold,keep_6154,SRC_KAGGLE_NOTEBOOK_JSRDCHT_6029
task345,E:\kagglegolf\submissions\candidates\GOLF_20260607_001_public_6154_repro\onnx\task345.onnx,E:\kagglegolf\data\external\public_bundles\jsrdcht_6029_submission_bundle\extracted\task345.onnx,True,True,6721,6721,30,30,13,13,3800,3800,54188,54188,55129,55129,14.082569,14.082569,0,0,0.000000,,,medium,hold,keep_6154,SRC_KAGGLE_NOTEBOOK_JSRDCHT_6029
task346,E:\kagglegolf\submissions\candidates\GOLF_20260607_001_public_6154_repro\onnx\task346.onnx,E:\kagglegolf\data\external\public_bundles\jsrdcht_6029_submission_bundle\extracted\task346.onnx,True,True,2236,2236,13,13,12,12,532,532,9601,9601,9710,9710,15.819088,15.819088,0,0,0.000000,,,medium,hold,keep_6154,SRC_KAGGLE_NOTEBOOK_JSRDCHT_6029
task347,E:\kagglegolf\submissions\candidates\GOLF_20260607_001_public_6154_repro\onnx\task347.onnx,E:\kagglegolf\data\external\public_bundles\jsrdcht_6029_submission_bundle\extracted\task347.onnx,True,True,1369,1369,10,10,10,10,292,292,2164,2164,2211,2211,17.298800,17.298800,0,0,0.000000,,,medium,hold,keep_6154,SRC_KAGGLE_NOTEBOOK_JSRDCHT_6029
task348,E:\kagglegolf\submissions\candidates\GOLF_20260607_001_public_6154_repro\onnx\task348.onnx,E:\kagglegolf\data\external\public_bundles\jsrdcht_6029_submission_bundle\extracted\task348.onnx,True,True,3000,3000,29,29,12,12,324,324,7492,7492,7631,7631,16.060026,16.060026,0,0,0.000000,,,medium,hold,keep_6154,SRC_KAGGLE_NOTEBOOK_JSRDCHT_6029
task349,E:\kagglegolf\submissions\candidates\GOLF_20260607_001_public_6154_repro\onnx\task349.onnx,E:\kagglegolf\data\external\public_bundles\jsrdcht_6029_submission_bundle\extracted\task349.onnx,True,True,8755,8755,89,89,22,22,176,176,146876,146876,146958,146958,13.102098,13.102098,0,0,0.000000,,,medium,hold,keep_6154,SRC_KAGGLE_NOTEBOOK_JSRDCHT_6029
task350,E:\kagglegolf\submissions\candidates\GOLF_20260607_001_public_6154_repro\onnx\task350.onnx,E:\kagglegolf\data\external\public_bundles\jsrdcht_6029_submission_bundle\extracted\task350.onnx,True,True,1437,2670,17,19,7,9,204,824,20004,28904,20035,29553,15.094764,14.706059,8900,9518,-0.388705,,,medium,hold,keep_6154,SRC_KAGGLE_NOTEBOOK_JSRDCHT_6029
task351,E:\kagglegolf\submissions\candidates\GOLF_20260607_001_public_6154_repro\onnx\task351.onnx,E:\kagglegolf\data\external\public_bundles\jsrdcht_6029_submission_bundle\extracted\task351.onnx,True,True,3049,3049,25,25,7,7,314,314,35428,35428,35468,35468,14.523614,14.523614,0,0,0.000000,,,medium,hold,keep_6154,SRC_KAGGLE_NOTEBOOK_JSRDCHT_6029
task352,E:\kagglegolf\submissions\candidates\GOLF_20260607_001_public_6154_repro\onnx\task352.onnx,E:\kagglegolf\data\external\public_bundles\jsrdcht_6029_submission_bundle\extracted\task352.onnx,True,True,1398,1398,11,11,7,7,208,208,6808,6808,6834,6834,16.170335,16.170335,0,0,0.000000,,,medium,hold,keep_6154,SRC_KAGGLE_NOTEBOOK_JSRDCHT_6029
task353,E:\kagglegolf\submissions\candidates\GOLF_20260607_001_public_6154_repro\onnx\task353.onnx,E:\kagglegolf\data\external\public_bundles\jsrdcht_6029_submission_bundle\extracted\task353.onnx,True,True,3244,3244,31,31,13,13,520,520,5706,5706,5931,5931,16.312052,16.312052,0,0,0.000000,,,medium,hold,keep_6154,SRC_KAGGLE_NOTEBOOK_JSRDCHT_6029
task354,E:\kagglegolf\submissions\candidates\GOLF_20260607_001_public_6154_repro\onnx\task354.onnx,E:\kagglegolf\data\external\public_bundles\jsrdcht_6029_submission_bundle\extracted\task354.onnx,True,True,4335,4335,38,38,24,24,1084,1084,47304,47304,47555,47555,14.230358,14.230358,0,0,0.000000,,,medium,hold,keep_6154,SRC_KAGGLE_NOTEBOOK_JSRDCHT_6029
task355,E:\kagglegolf\submissions\candidates\GOLF_20260607_001_public_6154_repro\onnx\task355.onnx,E:\kagglegolf\data\external\public_bundles\jsrdcht_6029_submission_bundle\extracted\task355.onnx,True,True,4506,4506,45,45,12,12,933,933,15471,19101,15595,19225,15.345294,15.136033,3630,3630,-0.209261,,,medium,hold,keep_6154,SRC_KAGGLE_NOTEBOOK_JSRDCHT_6029
task356,E:\kagglegolf\submissions\candidates\GOLF_20260607_001_public_6154_repro\onnx\task356.onnx,E:\kagglegolf\data\external\public_bundles\jsrdcht_6029_submission_bundle\extracted\task356.onnx,True,True,2344,2344,21,21,10,10,272,272,5152,5152,5274,5274,16.429456,16.429456,0,0,0.000000,,,medium,hold,keep_6154,SRC_KAGGLE_NOTEBOOK_JSRDCHT_6029
task357,E:\kagglegolf\submissions\candidates\GOLF_20260607_001_public_6154_repro\onnx\task357.onnx,E:\kagglegolf\data\external\public_bundles\jsrdcht_6029_submission_bundle\extracted\task357.onnx,True,True,2328,2328,23,23,11,11,222,222,7354,7354,7402,7402,16.090494,16.090494,0,0,0.000000,,,medium,hold,keep_6154,SRC_KAGGLE_NOTEBOOK_JSRDCHT_6029
task358,E:\kagglegolf\submissions\candidates\GOLF_20260607_001_public_6154_repro\onnx\task358.onnx,E:\kagglegolf\data\external\public_bundles\jsrdcht_6029_submission_bundle\extracted\task358.onnx,True,True,10944,10944,132,132,37,37,1030,1030,114635,114635,115051,115051,13.346869,13.346869,0,0,0.000000,,,medium,hold,keep_6154,SRC_KAGGLE_NOTEBOOK_JSRDCHT_6029
task359,E:\kagglegolf\submissions\candidates\GOLF_20260607_001_public_6154_repro\onnx\task359.onnx,E:\kagglegolf\data\external\public_bundles\jsrdcht_6029_submission_bundle\extracted\task359.onnx,True,True,3909,3909,32,32,9,9,706,706,51748,51748,51882,51882,14.143273,14.143273,0,0,0.000000,,,medium,hold,keep_6154,SRC_KAGGLE_NOTEBOOK_JSRDCHT_6029
task360,E:\kagglegolf\submissions\candidates\GOLF_20260607_001_public_6154_repro\onnx\task360.onnx,E:\kagglegolf\data\external\public_bundles\jsrdcht_6029_submission_bundle\extracted\task360.onnx,True,True,1399,1399,10,10,15,15,284,284,11644,11644,11680,11680,15.634367,15.634367,0,0,0.000000,,,medium,hold,keep_6154,SRC_KAGGLE_NOTEBOOK_JSRDCHT_6029
task361,E:\kagglegolf\submissions\candidates\GOLF_20260607_001_public_6154_repro\onnx\task361.onnx,E:\kagglegolf\data\external\public_bundles\jsrdcht_6029_submission_bundle\extracted\task361.onnx,True,True,6886,6930,60,61,21,20,2062,2061,17703,18702,17980,18978,15.202985,15.148964,999,998,-0.054020,,,medium,hold,keep_6154,SRC_KAGGLE_NOTEBOOK_JSRDCHT_6029
task362,E:\kagglegolf\submissions\candidates\GOLF_20260607_001_public_6154_repro\onnx\task362.onnx,E:\kagglegolf\data\external\public_bundles\jsrdcht_6029_submission_bundle\extracted\task362.onnx,True,True,2814,2814,26,26,11,11,660,660,15944,15944,16088,16088,15.314171,15.314171,0,0,0.000000,,,medium,hold,keep_6154,SRC_KAGGLE_NOTEBOOK_JSRDCHT_6029
task363,E:\kagglegolf\submissions\candidates\GOLF_20260607_001_public_6154_repro\onnx\task363.onnx,E:\kagglegolf\data\external\public_bundles\jsrdcht_6029_submission_bundle\extracted\task363.onnx,True,True,5499,170389,48,260,22,108,784,155224,89422,668450,89679,707167,13.596008,11.530978,579028,617488,-2.065030,,,medium,hold,keep_6154,SRC_KAGGLE_NOTEBOOK_JSRDCHT_6029
task364,E:\kagglegolf\submissions\candidates\GOLF_20260607_001_public_6154_repro\onnx\task364.onnx,E:\kagglegolf\data\external\public_bundles\jsrdcht_6029_submission_bundle\extracted\task364.onnx,True,True,9250,8082,63,104,28,57,2098,1384,78994,158584,79974,158772,13.710543,13.024776,79590,78798,-0.685768,,,medium,hold,keep_6154,SRC_KAGGLE_NOTEBOOK_JSRDCHT_6029
task365,E:\kagglegolf\submissions\candidates\GOLF_20260607_001_public_6154_repro\onnx\task365.onnx,E:\kagglegolf\data\external\public_bundles\jsrdcht_6029_submission_bundle\extracted\task365.onnx,True,True,16991,17605,234,242,12,12,556,556,59299,59489,59370,59560,14.008456,14.005261,190,190,-0.003195,,,medium,hold,keep_6154,SRC_KAGGLE_NOTEBOOK_JSRDCHT_6029
task366,E:\kagglegolf\submissions\candidates\GOLF_20260607_001_public_6154_repro\onnx\task366.onnx,E:\kagglegolf\data\external\public_bundles\jsrdcht_6029_submission_bundle\extracted\task366.onnx,True,True,107036,1269927,899,12512,72,367,12104,214712,1098373,60592286,1103908,60644265,11.085633,7.079464,59493913,59540357,-4.006168,,,high,high_risk_boundary_or_unknown,probe_bottom15_structural_difference,SRC_KAGGLE_NOTEBOOK_JSRDCHT_6029
task367,E:\kagglegolf\submissions\candidates\GOLF_20260607_001_public_6154_repro\onnx\task367.onnx,E:\kagglegolf\data\external\public_bundles\jsrdcht_6029_submission_bundle\extracted\task367.onnx,True,True,26515,293653,196,694,69,474,6274,236776,252534,2015126,255143,2074299,12.550421,10.454866,1762592,1819156,-2.095554,,,medium,hold,keep_6154,SRC_KAGGLE_NOTEBOOK_JSRDCHT_6029
task368,E:\kagglegolf\submissions\candidates\GOLF_20260607_001_public_6154_repro\onnx\task368.onnx,E:\kagglegolf\data\external\public_bundles\jsrdcht_6029_submission_bundle\extracted\task368.onnx,True,True,14735,14770,183,183,31,32,396,436,51028,54268,51093,54343,14.158597,14.096929,3240,3250,-0.061668,,,medium,hold,keep_6154,SRC_KAGGLE_NOTEBOOK_JSRDCHT_6029
task369,E:\kagglegolf\submissions\candidates\GOLF_20260607_001_public_6154_repro\onnx\task369.onnx,E:\kagglegolf\data\external\public_bundles\jsrdcht_6029_submission_bundle\extracted\task369.onnx,True,True,4692,4692,24,24,11,11,2188,2188,14988,14988,15517,15517,15.350309,15.350309,0,0,0.000000,,,medium,hold,keep_6154,SRC_KAGGLE_NOTEBOOK_JSRDCHT_6029
task370,E:\kagglegolf\submissions\candidates\GOLF_20260607_001_public_6154_repro\onnx\task370.onnx,E:\kagglegolf\data\external\public_bundles\jsrdcht_6029_submission_bundle\extracted\task370.onnx,True,True,43394,37248,388,316,139,134,6105,4640,163659,371131,165029,371712,12.986124,12.174125,207472,206683,-0.811998,,,medium,hold,keep_6154,SRC_KAGGLE_NOTEBOOK_JSRDCHT_6029
task371,E:\kagglegolf\submissions\candidates\GOLF_20260607_001_public_6154_repro\onnx\task371.onnx,E:\kagglegolf\data\external\public_bundles\jsrdcht_6029_submission_bundle\extracted\task371.onnx,True,True,2475,2475,21,21,14,14,468,468,25208,25208,25297,25297,14.861559,14.861559,0,0,0.000000,,,medium,hold,keep_6154,SRC_KAGGLE_NOTEBOOK_JSRDCHT_6029
task372,E:\kagglegolf\submissions\candidates\GOLF_20260607_001_public_6154_repro\onnx\task372.onnx,E:\kagglegolf\data\external\public_bundles\jsrdcht_6029_submission_bundle\extracted\task372.onnx,True,True,1328,1328,10,10,9,9,240,240,13880,13880,13910,13910,15.459637,15.459637,0,0,0.000000,,,medium,hold,keep_6154,SRC_KAGGLE_NOTEBOOK_JSRDCHT_6029
task373,E:\kagglegolf\submissions\candidates\GOLF_20260607_001_public_6154_repro\onnx\task373.onnx,E:\kagglegolf\data\external\public_bundles\jsrdcht_6029_submission_bundle\extracted\task373.onnx,True,True,988,988,6,6,8,8,212,212,1252,1252,1279,1279,17.846166,17.846166,0,0,0.000000,,,medium,hold,keep_6154,SRC_KAGGLE_NOTEBOOK_JSRDCHT_6029
task374,E:\kagglegolf\submissions\candidates\GOLF_20260607_001_public_6154_repro\onnx\task374.onnx,E:\kagglegolf\data\external\public_bundles\jsrdcht_6029_submission_bundle\extracted\task374.onnx,True,True,16450,16450,144,144,27,27,1458,1458,52862,52862,53495,53495,14.112657,14.112657,0,0,0.000000,,,medium,hold,keep_6154,SRC_KAGGLE_NOTEBOOK_JSRDCHT_6029
task375,E:\kagglegolf\submissions\candidates\GOLF_20260607_001_public_6154_repro\onnx\task375.onnx,E:\kagglegolf\data\external\public_bundles\jsrdcht_6029_submission_bundle\extracted\task375.onnx,True,True,2214,2214,19,19,12,12,308,308,15421,15421,15480,15480,15.352696,15.352696,0,0,0.000000,,,medium,hold,keep_6154,SRC_KAGGLE_NOTEBOOK_JSRDCHT_6029
task376,E:\kagglegolf\submissions\candidates\GOLF_20260607_001_public_6154_repro\onnx\task376.onnx,E:\kagglegolf\data\external\public_bundles\jsrdcht_6029_submission_bundle\extracted\task376.onnx,True,True,2344,2344,26,26,7,7,304,304,42772,42892,42811,42931,14.335450,14.332651,120,120,-0.002799,,,medium,hold,keep_6154,SRC_KAGGLE_NOTEBOOK_JSRDCHT_6029
task377,E:\kagglegolf\submissions\candidates\GOLF_20260607_001_public_6154_repro\onnx\task377.onnx,E:\kagglegolf\data\external\public_bundles\jsrdcht_6029_submission_bundle\extracted\task377.onnx,True,True,19220,19220,208,208,17,17,4879,4879,67620,67620,69760,69760,13.847184,13.847184,0,0,0.000000,,,medium,hold,keep_6154,SRC_KAGGLE_NOTEBOOK_JSRDCHT_6029
task378,E:\kagglegolf\submissions\candidates\GOLF_20260607_001_public_6154_repro\onnx\task378.onnx,E:\kagglegolf\data\external\public_bundles\jsrdcht_6029_submission_bundle\extracted\task378.onnx,True,True,10496,10496,95,95,17,17,2040,2040,66022,66022,66506,66506,13.894953,13.894953,0,0,0.000000,,,medium,hold,keep_6154,SRC_KAGGLE_NOTEBOOK_JSRDCHT_6029
task379,E:\kagglegolf\submissions\candidates\GOLF_20260607_001_public_6154_repro\onnx\task379.onnx,E:\kagglegolf\data\external\public_bundles\jsrdcht_6029_submission_bundle\extracted\task379.onnx,True,True,10260,10260,107,107,31,31,3638,3638,74407,74407,76139,76139,13.759684,13.759684,0,0,0.000000,,,medium,hold,keep_6154,SRC_KAGGLE_NOTEBOOK_JSRDCHT_6029
task380,E:\kagglegolf\submissions\candidates\GOLF_20260607_001_public_6154_repro\onnx\task380.onnx,E:\kagglegolf\data\external\public_bundles\jsrdcht_6029_submission_bundle\extracted\task380.onnx,True,True,531,531,3,3,6,6,132,132,852,852,869,869,18.232657,18.232657,0,0,0.000000,,,medium,hold,keep_6154,SRC_KAGGLE_NOTEBOOK_JSRDCHT_6029
task381,E:\kagglegolf\submissions\candidates\GOLF_20260607_001_public_6154_repro\onnx\task381.onnx,E:\kagglegolf\data\external\public_bundles\jsrdcht_6029_submission_bundle\extracted\task381.onnx,True,True,3773,5721,31,20,12,9,336,3772,3976,58012,4018,58949,16.701460,14.015572,54036,54931,-2.685888,,,medium,hold,keep_6154,SRC_KAGGLE_NOTEBOOK_JSRDCHT_6029
task382,E:\kagglegolf\submissions\candidates\GOLF_20260607_001_public_6154_repro\onnx\task382.onnx,E:\kagglegolf\data\external\public_bundles\jsrdcht_6029_submission_bundle\extracted\task382.onnx,True,True,32747,65997,242,322,91,27,6712,43800,119008,358308,121206,369246,13.294753,12.180782,239300,248040,-1.113972,,,medium,hold,keep_6154,SRC_KAGGLE_NOTEBOOK_JSRDCHT_6029
task383,E:\kagglegolf\submissions\candidates\GOLF_20260607_001_public_6154_repro\onnx\task383.onnx,E:\kagglegolf\data\external\public_bundles\jsrdcht_6029_submission_bundle\extracted\task383.onnx,True,True,6805,6805,57,57,11,11,1892,1892,130922,130922,131859,131859,13.210512,13.210512,0,0,0.000000,,,medium,hold,keep_6154,SRC_KAGGLE_NOTEBOOK_JSRDCHT_6029
task384,E:\kagglegolf\submissions\candidates\GOLF_20260607_001_public_6154_repro\onnx\task384.onnx,E:\kagglegolf\data\external\public_bundles\jsrdcht_6029_submission_bundle\extracted\task384.onnx,True,True,4542,4542,39,39,13,13,1080,1080,75696,75696,75831,75831,13.763738,13.763738,0,0,0.000000,,,medium,hold,keep_6154,SRC_KAGGLE_NOTEBOOK_JSRDCHT_6029
task385,E:\kagglegolf\submissions\candidates\GOLF_20260607_001_public_6154_repro\onnx\task385.onnx,E:\kagglegolf\data\external\public_bundles\jsrdcht_6029_submission_bundle\extracted\task385.onnx,True,True,175,175,1,1,1,1,240,240,240,240,270,270,19.401578,19.401578,0,0,0.000000,,,medium,hold,keep_6154,SRC_KAGGLE_NOTEBOOK_JSRDCHT_6029
task386,E:\kagglegolf\submissions\candidates\GOLF_20260607_001_public_6154_repro\onnx\task386.onnx,E:\kagglegolf\data\external\public_bundles\jsrdcht_6029_submission_bundle\extracted\task386.onnx,True,True,1471,1471,12,12,10,10,292,292,2884,2884,2931,2931,17.016901,17.016901,0,0,0.000000,,,medium,hold,keep_6154,SRC_KAGGLE_NOTEBOOK_JSRDCHT_6029
task387,E:\kagglegolf\submissions\candidates\GOLF_20260607_001_public_6154_repro\onnx\task387.onnx,E:\kagglegolf\data\external\public_bundles\jsrdcht_6029_submission_bundle\extracted\task387.onnx,True,True,13036,89870,125,875,25,381,1056,15380,64526,2075552,64937,2077516,13.918827,10.453316,2011026,2012579,-3.465511,,,medium,hold,keep_6154,SRC_KAGGLE_NOTEBOOK_JSRDCHT_6029
task388,E:\kagglegolf\submissions\candidates\GOLF_20260607_001_public_6154_repro\onnx\task388.onnx,E:\kagglegolf\data\external\public_bundles\jsrdcht_6029_submission_bundle\extracted\task388.onnx,True,True,6368,6368,48,48,30,30,1340,1340,17936,17936,18111,18111,15.195725,15.195725,0,0,0.000000,,,medium,hold,keep_6154,SRC_KAGGLE_NOTEBOOK_JSRDCHT_6029
task389,E:\kagglegolf\submissions\candidates\GOLF_20260607_001_public_6154_repro\onnx\task389.onnx,E:\kagglegolf\data\external\public_bundles\jsrdcht_6029_submission_bundle\extracted\task389.onnx,True,True,1421,1421,13,13,9,9,208,208,2064,2064,2106,2106,17.347454,17.347454,0,0,0.000000,,,medium,hold,keep_6154,SRC_KAGGLE_NOTEBOOK_JSRDCHT_6029
task390,E:\kagglegolf\submissions\candidates\GOLF_20260607_001_public_6154_repro\onnx\task390.onnx,E:\kagglegolf\data\external\public_bundles\jsrdcht_6029_submission_bundle\extracted\task390.onnx,True,True,7851,7851,41,41,11,11,4252,4252,35598,35598,36595,36595,14.492333,14.492333,0,0,0.000000,,,medium,hold,keep_6154,SRC_KAGGLE_NOTEBOOK_JSRDCHT_6029
task391,E:\kagglegolf\submissions\candidates\GOLF_20260607_001_public_6154_repro\onnx\task391.onnx,E:\kagglegolf\data\external\public_bundles\jsrdcht_6029_submission_bundle\extracted\task391.onnx,True,True,2841,2841,26,26,12,12,216,216,10208,10208,10237,10237,15.766236,15.766236,0,0,0.000000,,,medium,hold,keep_6154,SRC_KAGGLE_NOTEBOOK_JSRDCHT_6029
task392,E:\kagglegolf\submissions\candidates\GOLF_20260607_001_public_6154_repro\onnx\task392.onnx,E:\kagglegolf\data\external\public_bundles\jsrdcht_6029_submission_bundle\extracted\task392.onnx,True,True,13503,13503,49,49,35,35,9188,9188,57220,57448,59318,59546,14.009332,14.005496,228,228,-0.003836,,,medium,hold,keep_6154,SRC_KAGGLE_NOTEBOOK_JSRDCHT_6029
task393,E:\kagglegolf\submissions\candidates\GOLF_20260607_001_public_6154_repro\onnx\task393.onnx,E:\kagglegolf\data\external\public_bundles\jsrdcht_6029_submission_bundle\extracted\task393.onnx,True,True,2433,2433,22,22,12,12,216,216,6060,6060,6089,6089,16.285761,16.285761,0,0,0.000000,,,medium,hold,keep_6154,SRC_KAGGLE_NOTEBOOK_JSRDCHT_6029
task394,E:\kagglegolf\submissions\candidates\GOLF_20260607_001_public_6154_repro\onnx\task394.onnx,E:\kagglegolf\data\external\public_bundles\jsrdcht_6029_submission_bundle\extracted\task394.onnx,True,True,5312,5312,78,78,14,14,276,276,5004,5016,5039,5051,16.475037,16.472658,12,12,-0.002379,,,medium,hold,keep_6154,SRC_KAGGLE_NOTEBOOK_JSRDCHT_6029
task395,E:\kagglegolf\submissions\candidates\GOLF_20260607_001_public_6154_repro\onnx\task395.onnx,E:\kagglegolf\data\external\public_bundles\jsrdcht_6029_submission_bundle\extracted\task395.onnx,True,True,1479,1479,12,12,10,10,292,292,2236,2236,2283,2283,17.266754,17.266754,0,0,0.000000,,,medium,hold,keep_6154,SRC_KAGGLE_NOTEBOOK_JSRDCHT_6029
task396,E:\kagglegolf\submissions\candidates\GOLF_20260607_001_public_6154_repro\onnx\task396.onnx,E:\kagglegolf\data\external\public_bundles\jsrdcht_6029_submission_bundle\extracted\task396.onnx,True,True,148123,148123,407,407,160,160,98424,98424,249816,249816,266472,266472,12.506976,12.506976,0,0,0.000000,,,medium,hold,keep_6154,SRC_KAGGLE_NOTEBOOK_JSRDCHT_6029
task397,E:\kagglegolf\submissions\candidates\GOLF_20260607_001_public_6154_repro\onnx\task397.onnx,E:\kagglegolf\data\external\public_bundles\jsrdcht_6029_submission_bundle\extracted\task397.onnx,True,True,7101,7101,77,77,30,30,904,904,30038,30038,30233,30233,14.683311,14.683311,0,0,0.000000,,,medium,hold,keep_6154,SRC_KAGGLE_NOTEBOOK_JSRDCHT_6029
task398,E:\kagglegolf\submissions\candidates\GOLF_20260607_001_public_6154_repro\onnx\task398.onnx,E:\kagglegolf\data\external\public_bundles\jsrdcht_6029_submission_bundle\extracted\task398.onnx,True,True,8768,8768,44,44,28,28,6016,6016,89549,89549,90319,90319,13.588897,13.588897,0,0,0.000000,,,medium,hold,keep_6154,SRC_KAGGLE_NOTEBOOK_JSRDCHT_6029
task399,E:\kagglegolf\submissions\candidates\GOLF_20260607_001_public_6154_repro\onnx\task399.onnx,E:\kagglegolf\data\external\public_bundles\jsrdcht_6029_submission_bundle\extracted\task399.onnx,True,True,1907,1907,8,8,4,4,1235,1235,2165,2165,3074,3074,16.969265,16.969265,0,0,0.000000,,,medium,hold,keep_6154,SRC_KAGGLE_NOTEBOOK_JSRDCHT_6029
task400,E:\kagglegolf\submissions\candidates\GOLF_20260607_001_public_6154_repro\onnx\task400.onnx,E:\kagglegolf\data\external\public_bundles\jsrdcht_6029_submission_bundle\extracted\task400.onnx,True,True,3021,3021,25,25,6,6,306,306,35420,35420,35459,35459,14.523868,14.523868,0,0,0.000000,,,medium,hold,keep_6154,SRC_KAGGLE_NOTEBOOK_JSRDCHT_6029
