"task_id","candidate_model_path","model_path","source_id","source_exp_id","method_family","memory_footprint","parameter_count","file_size","cost_proxy","utility_proxy","local_valid","risk","candidate_rank","recommended_action"
"task001","E:\kagglegolf\data\interim\vyanktesh_multi_source_onnx_solver_submission\task001.onnx","E:\kagglegolf\data\interim\vyanktesh_multi_source_onnx_solver_submission\task001.onnx","SRC_KAGGLE_NOTEBOOK_VYANKTESH_MULTI_SOURCE","GOLF_20260608_047_vyanktesh_multi_source_full","public_full_replace_except_task133","","","","","","true","medium","1","submit_full_source_except_failed_task133"
"task002","E:\kagglegolf\data\interim\vyanktesh_multi_source_onnx_solver_submission\task002.onnx","E:\kagglegolf\data\interim\vyanktesh_multi_source_onnx_solver_submission\task002.onnx","SRC_KAGGLE_NOTEBOOK_VYANKTESH_MULTI_SOURCE","GOLF_20260608_047_vyanktesh_multi_source_full","public_full_replace_except_task133","","","","","","true","medium","2","submit_full_source_except_failed_task133"
"task003","E:\kagglegolf\data\interim\vyanktesh_multi_source_onnx_solver_submission\task003.onnx","E:\kagglegolf\data\interim\vyanktesh_multi_source_onnx_solver_submission\task003.onnx","SRC_KAGGLE_NOTEBOOK_VYANKTESH_MULTI_SOURCE","GOLF_20260608_047_vyanktesh_multi_source_full","public_full_replace_except_task133","","","","","","true","medium","3","submit_full_source_except_failed_task133"
"task004","E:\kagglegolf\data\interim\vyanktesh_multi_source_onnx_solver_submission\task004.onnx","E:\kagglegolf\data\interim\vyanktesh_multi_source_onnx_solver_submission\task004.onnx","SRC_KAGGLE_NOTEBOOK_VYANKTESH_MULTI_SOURCE","GOLF_20260608_047_vyanktesh_multi_source_full","public_full_replace_except_task133","","","","","","true","medium","4","submit_full_source_except_failed_task133"
"task005","E:\kagglegolf\data\interim\vyanktesh_multi_source_onnx_solver_submission\task005.onnx","E:\kagglegolf\data\interim\vyanktesh_multi_source_onnx_solver_submission\task005.onnx","SRC_KAGGLE_NOTEBOOK_VYANKTESH_MULTI_SOURCE","GOLF_20260608_047_vyanktesh_multi_source_full","public_full_replace_except_task133","","","","","","true","medium","5","submit_full_source_except_failed_task133"
"task006","E:\kagglegolf\data\interim\vyanktesh_multi_source_onnx_solver_submission\task006.onnx","E:\kagglegolf\data\interim\vyanktesh_multi_source_onnx_solver_submission\task006.onnx","SRC_KAGGLE_NOTEBOOK_VYANKTESH_MULTI_SOURCE","GOLF_20260608_047_vyanktesh_multi_source_full","public_full_replace_except_task133","","","","","","true","medium","6","submit_full_source_except_failed_task133"
"task007","E:\kagglegolf\data\interim\vyanktesh_multi_source_onnx_solver_submission\task007.onnx","E:\kagglegolf\data\interim\vyanktesh_multi_source_onnx_solver_submission\task007.onnx","SRC_KAGGLE_NOTEBOOK_VYANKTESH_MULTI_SOURCE","GOLF_20260608_047_vyanktesh_multi_source_full","public_full_replace_except_task133","","","","","","true","medium","7","submit_full_source_except_failed_task133"
"task008","E:\kagglegolf\data\interim\vyanktesh_multi_source_onnx_solver_submission\task008.onnx","E:\kagglegolf\data\interim\vyanktesh_multi_source_onnx_solver_submission\task008.onnx","SRC_KAGGLE_NOTEBOOK_VYANKTESH_MULTI_SOURCE","GOLF_20260608_047_vyanktesh_multi_source_full","public_full_replace_except_task133","","","","","","true","medium","8","submit_full_source_except_failed_task133"
"task009","E:\kagglegolf\data\interim\vyanktesh_multi_source_onnx_solver_submission\task009.onnx","E:\kagglegolf\data\interim\vyanktesh_multi_source_onnx_solver_submission\task009.onnx","SRC_KAGGLE_NOTEBOOK_VYANKTESH_MULTI_SOURCE","GOLF_20260608_047_vyanktesh_multi_source_full","public_full_replace_except_task133","","","","","","true","medium","9","submit_full_source_except_failed_task133"
"task010","E:\kagglegolf\data\interim\vyanktesh_multi_source_onnx_solver_submission\task010.onnx","E:\kagglegolf\data\interim\vyanktesh_multi_source_onnx_solver_submission\task010.onnx","SRC_KAGGLE_NOTEBOOK_VYANKTESH_MULTI_SOURCE","GOLF_20260608_047_vyanktesh_multi_source_full","public_full_replace_except_task133","","","","","","true","medium","10","submit_full_source_except_failed_task133"
"task011","E:\kagglegolf\data\interim\vyanktesh_multi_source_onnx_solver_submission\task011.onnx","E:\kagglegolf\data\interim\vyanktesh_multi_source_onnx_solver_submission\task011.onnx","SRC_KAGGLE_NOTEBOOK_VYANKTESH_MULTI_SOURCE","GOLF_20260608_047_vyanktesh_multi_source_full","public_full_replace_except_task133","","","","","","true","medium","11","submit_full_source_except_failed_task133"
"task012","E:\kagglegolf\data\interim\vyanktesh_multi_source_onnx_solver_submission\task012.onnx","E:\kagglegolf\data\interim\vyanktesh_multi_source_onnx_solver_submission\task012.onnx","SRC_KAGGLE_NOTEBOOK_VYANKTESH_MULTI_SOURCE","GOLF_20260608_047_vyanktesh_multi_source_full","public_full_replace_except_task133","","","","","","true","medium","12","submit_full_source_except_failed_task133"
"task013","E:\kagglegolf\data\interim\vyanktesh_multi_source_onnx_solver_submission\task013.onnx","E:\kagglegolf\data\interim\vyanktesh_multi_source_onnx_solver_submission\task013.onnx","SRC_KAGGLE_NOTEBOOK_VYANKTESH_MULTI_SOURCE","GOLF_20260608_047_vyanktesh_multi_source_full","public_full_replace_except_task133","","","","","","true","medium","13","submit_full_source_except_failed_task133"
"task014","E:\kagglegolf\data\interim\vyanktesh_multi_source_onnx_solver_submission\task014.onnx","E:\kagglegolf\data\interim\vyanktesh_multi_source_onnx_solver_submission\task014.onnx","SRC_KAGGLE_NOTEBOOK_VYANKTESH_MULTI_SOURCE","GOLF_20260608_047_vyanktesh_multi_source_full","public_full_replace_except_task133","","","","","","true","medium","14","submit_full_source_except_failed_task133"
"task015","E:\kagglegolf\data\interim\vyanktesh_multi_source_onnx_solver_submission\task015.onnx","E:\kagglegolf\data\interim\vyanktesh_multi_source_onnx_solver_submission\task015.onnx","SRC_KAGGLE_NOTEBOOK_VYANKTESH_MULTI_SOURCE","GOLF_20260608_047_vyanktesh_multi_source_full","public_full_replace_except_task133","","","","","","true","medium","15","submit_full_source_except_failed_task133"
"task016","E:\kagglegolf\data\interim\vyanktesh_multi_source_onnx_solver_submission\task016.onnx","E:\kagglegolf\data\interim\vyanktesh_multi_source_onnx_solver_submission\task016.onnx","SRC_KAGGLE_NOTEBOOK_VYANKTESH_MULTI_SOURCE","GOLF_20260608_047_vyanktesh_multi_source_full","public_full_replace_except_task133","","","","","","true","medium","16","submit_full_source_except_failed_task133"
"task017","E:\kagglegolf\data\interim\vyanktesh_multi_source_onnx_solver_submission\task017.onnx","E:\kagglegolf\data\interim\vyanktesh_multi_source_onnx_solver_submission\task017.onnx","SRC_KAGGLE_NOTEBOOK_VYANKTESH_MULTI_SOURCE","GOLF_20260608_047_vyanktesh_multi_source_full","public_full_replace_except_task133","","","","","","true","medium","17","submit_full_source_except_failed_task133"
"task018","E:\kagglegolf\data\interim\vyanktesh_multi_source_onnx_solver_submission\task018.onnx","E:\kagglegolf\data\interim\vyanktesh_multi_source_onnx_solver_submission\task018.onnx","SRC_KAGGLE_NOTEBOOK_VYANKTESH_MULTI_SOURCE","GOLF_20260608_047_vyanktesh_multi_source_full","public_full_replace_except_task133","","","","","","true","medium","18","submit_full_source_except_failed_task133"
"task019","E:\kagglegolf\data\interim\vyanktesh_multi_source_onnx_solver_submission\task019.onnx","E:\kagglegolf\data\interim\vyanktesh_multi_source_onnx_solver_submission\task019.onnx","SRC_KAGGLE_NOTEBOOK_VYANKTESH_MULTI_SOURCE","GOLF_20260608_047_vyanktesh_multi_source_full","public_full_replace_except_task133","","","","","","true","medium","19","submit_full_source_except_failed_task133"
"task020","E:\kagglegolf\data\interim\vyanktesh_multi_source_onnx_solver_submission\task020.onnx","E:\kagglegolf\data\interim\vyanktesh_multi_source_onnx_solver_submission\task020.onnx","SRC_KAGGLE_NOTEBOOK_VYANKTESH_MULTI_SOURCE","GOLF_20260608_047_vyanktesh_multi_source_full","public_full_replace_except_task133","","","","","","true","medium","20","submit_full_source_except_failed_task133"
"task021","E:\kagglegolf\data\interim\vyanktesh_multi_source_onnx_solver_submission\task021.onnx","E:\kagglegolf\data\interim\vyanktesh_multi_source_onnx_solver_submission\task021.onnx","SRC_KAGGLE_NOTEBOOK_VYANKTESH_MULTI_SOURCE","GOLF_20260608_047_vyanktesh_multi_source_full","public_full_replace_except_task133","","","","","","true","medium","21","submit_full_source_except_failed_task133"
"task022","E:\kagglegolf\data\interim\vyanktesh_multi_source_onnx_solver_submission\task022.onnx","E:\kagglegolf\data\interim\vyanktesh_multi_source_onnx_solver_submission\task022.onnx","SRC_KAGGLE_NOTEBOOK_VYANKTESH_MULTI_SOURCE","GOLF_20260608_047_vyanktesh_multi_source_full","public_full_replace_except_task133","","","","","","true","medium","22","submit_full_source_except_failed_task133"
"task023","E:\kagglegolf\data\interim\vyanktesh_multi_source_onnx_solver_submission\task023.onnx","E:\kagglegolf\data\interim\vyanktesh_multi_source_onnx_solver_submission\task023.onnx","SRC_KAGGLE_NOTEBOOK_VYANKTESH_MULTI_SOURCE","GOLF_20260608_047_vyanktesh_multi_source_full","public_full_replace_except_task133","","","","","","true","medium","23","submit_full_source_except_failed_task133"
"task024","E:\kagglegolf\data\interim\vyanktesh_multi_source_onnx_solver_submission\task024.onnx","E:\kagglegolf\data\interim\vyanktesh_multi_source_onnx_solver_submission\task024.onnx","SRC_KAGGLE_NOTEBOOK_VYANKTESH_MULTI_SOURCE","GOLF_20260608_047_vyanktesh_multi_source_full","public_full_replace_except_task133","","","","","","true","medium","24","submit_full_source_except_failed_task133"
"task025","E:\kagglegolf\data\interim\vyanktesh_multi_source_onnx_solver_submission\task025.onnx","E:\kagglegolf\data\interim\vyanktesh_multi_source_onnx_solver_submission\task025.onnx","SRC_KAGGLE_NOTEBOOK_VYANKTESH_MULTI_SOURCE","GOLF_20260608_047_vyanktesh_multi_source_full","public_full_replace_except_task133","","","","","","true","medium","25","submit_full_source_except_failed_task133"
"task026","E:\kagglegolf\data\interim\vyanktesh_multi_source_onnx_solver_submission\task026.onnx","E:\kagglegolf\data\interim\vyanktesh_multi_source_onnx_solver_submission\task026.onnx","SRC_KAGGLE_NOTEBOOK_VYANKTESH_MULTI_SOURCE","GOLF_20260608_047_vyanktesh_multi_source_full","public_full_replace_except_task133","","","","","","true","medium","26","submit_full_source_except_failed_task133"
"task027","E:\kagglegolf\data\interim\vyanktesh_multi_source_onnx_solver_submission\task027.onnx","E:\kagglegolf\data\interim\vyanktesh_multi_source_onnx_solver_submission\task027.onnx","SRC_KAGGLE_NOTEBOOK_VYANKTESH_MULTI_SOURCE","GOLF_20260608_047_vyanktesh_multi_source_full","public_full_replace_except_task133","","","","","","true","medium","27","submit_full_source_except_failed_task133"
"task028","E:\kagglegolf\data\interim\vyanktesh_multi_source_onnx_solver_submission\task028.onnx","E:\kagglegolf\data\interim\vyanktesh_multi_source_onnx_solver_submission\task028.onnx","SRC_KAGGLE_NOTEBOOK_VYANKTESH_MULTI_SOURCE","GOLF_20260608_047_vyanktesh_multi_source_full","public_full_replace_except_task133","","","","","","true","medium","28","submit_full_source_except_failed_task133"
"task029","E:\kagglegolf\data\interim\vyanktesh_multi_source_onnx_solver_submission\task029.onnx","E:\kagglegolf\data\interim\vyanktesh_multi_source_onnx_solver_submission\task029.onnx","SRC_KAGGLE_NOTEBOOK_VYANKTESH_MULTI_SOURCE","GOLF_20260608_047_vyanktesh_multi_source_full","public_full_replace_except_task133","","","","","","true","medium","29","submit_full_source_except_failed_task133"
"task030","E:\kagglegolf\data\interim\vyanktesh_multi_source_onnx_solver_submission\task030.onnx","E:\kagglegolf\data\interim\vyanktesh_multi_source_onnx_solver_submission\task030.onnx","SRC_KAGGLE_NOTEBOOK_VYANKTESH_MULTI_SOURCE","GOLF_20260608_047_vyanktesh_multi_source_full","public_full_replace_except_task133","","","","","","true","medium","30","submit_full_source_except_failed_task133"
"task031","E:\kagglegolf\data\interim\vyanktesh_multi_source_onnx_solver_submission\task031.onnx","E:\kagglegolf\data\interim\vyanktesh_multi_source_onnx_solver_submission\task031.onnx","SRC_KAGGLE_NOTEBOOK_VYANKTESH_MULTI_SOURCE","GOLF_20260608_047_vyanktesh_multi_source_full","public_full_replace_except_task133","","","","","","true","medium","31","submit_full_source_except_failed_task133"
"task032","E:\kagglegolf\data\interim\vyanktesh_multi_source_onnx_solver_submission\task032.onnx","E:\kagglegolf\data\interim\vyanktesh_multi_source_onnx_solver_submission\task032.onnx","SRC_KAGGLE_NOTEBOOK_VYANKTESH_MULTI_SOURCE","GOLF_20260608_047_vyanktesh_multi_source_full","public_full_replace_except_task133","","","","","","true","medium","32","submit_full_source_except_failed_task133"
"task033","E:\kagglegolf\data\interim\vyanktesh_multi_source_onnx_solver_submission\task033.onnx","E:\kagglegolf\data\interim\vyanktesh_multi_source_onnx_solver_submission\task033.onnx","SRC_KAGGLE_NOTEBOOK_VYANKTESH_MULTI_SOURCE","GOLF_20260608_047_vyanktesh_multi_source_full","public_full_replace_except_task133","","","","","","true","medium","33","submit_full_source_except_failed_task133"
"task034","E:\kagglegolf\data\interim\vyanktesh_multi_source_onnx_solver_submission\task034.onnx","E:\kagglegolf\data\interim\vyanktesh_multi_source_onnx_solver_submission\task034.onnx","SRC_KAGGLE_NOTEBOOK_VYANKTESH_MULTI_SOURCE","GOLF_20260608_047_vyanktesh_multi_source_full","public_full_replace_except_task133","","","","","","true","medium","34","submit_full_source_except_failed_task133"
"task035","E:\kagglegolf\data\interim\vyanktesh_multi_source_onnx_solver_submission\task035.onnx","E:\kagglegolf\data\interim\vyanktesh_multi_source_onnx_solver_submission\task035.onnx","SRC_KAGGLE_NOTEBOOK_VYANKTESH_MULTI_SOURCE","GOLF_20260608_047_vyanktesh_multi_source_full","public_full_replace_except_task133","","","","","","true","medium","35","submit_full_source_except_failed_task133"
"task036","E:\kagglegolf\data\interim\vyanktesh_multi_source_onnx_solver_submission\task036.onnx","E:\kagglegolf\data\interim\vyanktesh_multi_source_onnx_solver_submission\task036.onnx","SRC_KAGGLE_NOTEBOOK_VYANKTESH_MULTI_SOURCE","GOLF_20260608_047_vyanktesh_multi_source_full","public_full_replace_except_task133","","","","","","true","medium","36","submit_full_source_except_failed_task133"
"task037","E:\kagglegolf\data\interim\vyanktesh_multi_source_onnx_solver_submission\task037.onnx","E:\kagglegolf\data\interim\vyanktesh_multi_source_onnx_solver_submission\task037.onnx","SRC_KAGGLE_NOTEBOOK_VYANKTESH_MULTI_SOURCE","GOLF_20260608_047_vyanktesh_multi_source_full","public_full_replace_except_task133","","","","","","true","medium","37","submit_full_source_except_failed_task133"
"task038","E:\kagglegolf\data\interim\vyanktesh_multi_source_onnx_solver_submission\task038.onnx","E:\kagglegolf\data\interim\vyanktesh_multi_source_onnx_solver_submission\task038.onnx","SRC_KAGGLE_NOTEBOOK_VYANKTESH_MULTI_SOURCE","GOLF_20260608_047_vyanktesh_multi_source_full","public_full_replace_except_task133","","","","","","true","medium","38","submit_full_source_except_failed_task133"
"task039","E:\kagglegolf\data\interim\vyanktesh_multi_source_onnx_solver_submission\task039.onnx","E:\kagglegolf\data\interim\vyanktesh_multi_source_onnx_solver_submission\task039.onnx","SRC_KAGGLE_NOTEBOOK_VYANKTESH_MULTI_SOURCE","GOLF_20260608_047_vyanktesh_multi_source_full","public_full_replace_except_task133","","","","","","true","medium","39","submit_full_source_except_failed_task133"
"task040","E:\kagglegolf\data\interim\vyanktesh_multi_source_onnx_solver_submission\task040.onnx","E:\kagglegolf\data\interim\vyanktesh_multi_source_onnx_solver_submission\task040.onnx","SRC_KAGGLE_NOTEBOOK_VYANKTESH_MULTI_SOURCE","GOLF_20260608_047_vyanktesh_multi_source_full","public_full_replace_except_task133","","","","","","true","medium","40","submit_full_source_except_failed_task133"
"task041","E:\kagglegolf\data\interim\vyanktesh_multi_source_onnx_solver_submission\task041.onnx","E:\kagglegolf\data\interim\vyanktesh_multi_source_onnx_solver_submission\task041.onnx","SRC_KAGGLE_NOTEBOOK_VYANKTESH_MULTI_SOURCE","GOLF_20260608_047_vyanktesh_multi_source_full","public_full_replace_except_task133","","","","","","true","medium","41","submit_full_source_except_failed_task133"
"task042","E:\kagglegolf\data\interim\vyanktesh_multi_source_onnx_solver_submission\task042.onnx","E:\kagglegolf\data\interim\vyanktesh_multi_source_onnx_solver_submission\task042.onnx","SRC_KAGGLE_NOTEBOOK_VYANKTESH_MULTI_SOURCE","GOLF_20260608_047_vyanktesh_multi_source_full","public_full_replace_except_task133","","","","","","true","medium","42","submit_full_source_except_failed_task133"
"task043","E:\kagglegolf\data\interim\vyanktesh_multi_source_onnx_solver_submission\task043.onnx","E:\kagglegolf\data\interim\vyanktesh_multi_source_onnx_solver_submission\task043.onnx","SRC_KAGGLE_NOTEBOOK_VYANKTESH_MULTI_SOURCE","GOLF_20260608_047_vyanktesh_multi_source_full","public_full_replace_except_task133","","","","","","true","medium","43","submit_full_source_except_failed_task133"
"task044","E:\kagglegolf\data\interim\vyanktesh_multi_source_onnx_solver_submission\task044.onnx","E:\kagglegolf\data\interim\vyanktesh_multi_source_onnx_solver_submission\task044.onnx","SRC_KAGGLE_NOTEBOOK_VYANKTESH_MULTI_SOURCE","GOLF_20260608_047_vyanktesh_multi_source_full","public_full_replace_except_task133","","","","","","true","medium","44","submit_full_source_except_failed_task133"
"task045","E:\kagglegolf\data\interim\vyanktesh_multi_source_onnx_solver_submission\task045.onnx","E:\kagglegolf\data\interim\vyanktesh_multi_source_onnx_solver_submission\task045.onnx","SRC_KAGGLE_NOTEBOOK_VYANKTESH_MULTI_SOURCE","GOLF_20260608_047_vyanktesh_multi_source_full","public_full_replace_except_task133","","","","","","true","medium","45","submit_full_source_except_failed_task133"
"task046","E:\kagglegolf\data\interim\vyanktesh_multi_source_onnx_solver_submission\task046.onnx","E:\kagglegolf\data\interim\vyanktesh_multi_source_onnx_solver_submission\task046.onnx","SRC_KAGGLE_NOTEBOOK_VYANKTESH_MULTI_SOURCE","GOLF_20260608_047_vyanktesh_multi_source_full","public_full_replace_except_task133","","","","","","true","medium","46","submit_full_source_except_failed_task133"
"task047","E:\kagglegolf\data\interim\vyanktesh_multi_source_onnx_solver_submission\task047.onnx","E:\kagglegolf\data\interim\vyanktesh_multi_source_onnx_solver_submission\task047.onnx","SRC_KAGGLE_NOTEBOOK_VYANKTESH_MULTI_SOURCE","GOLF_20260608_047_vyanktesh_multi_source_full","public_full_replace_except_task133","","","","","","true","medium","47","submit_full_source_except_failed_task133"
"task048","E:\kagglegolf\data\interim\vyanktesh_multi_source_onnx_solver_submission\task048.onnx","E:\kagglegolf\data\interim\vyanktesh_multi_source_onnx_solver_submission\task048.onnx","SRC_KAGGLE_NOTEBOOK_VYANKTESH_MULTI_SOURCE","GOLF_20260608_047_vyanktesh_multi_source_full","public_full_replace_except_task133","","","","","","true","medium","48","submit_full_source_except_failed_task133"
"task049","E:\kagglegolf\data\interim\vyanktesh_multi_source_onnx_solver_submission\task049.onnx","E:\kagglegolf\data\interim\vyanktesh_multi_source_onnx_solver_submission\task049.onnx","SRC_KAGGLE_NOTEBOOK_VYANKTESH_MULTI_SOURCE","GOLF_20260608_047_vyanktesh_multi_source_full","public_full_replace_except_task133","","","","","","true","medium","49","submit_full_source_except_failed_task133"
"task050","E:\kagglegolf\data\interim\vyanktesh_multi_source_onnx_solver_submission\task050.onnx","E:\kagglegolf\data\interim\vyanktesh_multi_source_onnx_solver_submission\task050.onnx","SRC_KAGGLE_NOTEBOOK_VYANKTESH_MULTI_SOURCE","GOLF_20260608_047_vyanktesh_multi_source_full","public_full_replace_except_task133","","","","","","true","medium","50","submit_full_source_except_failed_task133"
"task051","E:\kagglegolf\data\interim\vyanktesh_multi_source_onnx_solver_submission\task051.onnx","E:\kagglegolf\data\interim\vyanktesh_multi_source_onnx_solver_submission\task051.onnx","SRC_KAGGLE_NOTEBOOK_VYANKTESH_MULTI_SOURCE","GOLF_20260608_047_vyanktesh_multi_source_full","public_full_replace_except_task133","","","","","","true","medium","51","submit_full_source_except_failed_task133"
"task052","E:\kagglegolf\data\interim\vyanktesh_multi_source_onnx_solver_submission\task052.onnx","E:\kagglegolf\data\interim\vyanktesh_multi_source_onnx_solver_submission\task052.onnx","SRC_KAGGLE_NOTEBOOK_VYANKTESH_MULTI_SOURCE","GOLF_20260608_047_vyanktesh_multi_source_full","public_full_replace_except_task133","","","","","","true","medium","52","submit_full_source_except_failed_task133"
"task053","E:\kagglegolf\data\interim\vyanktesh_multi_source_onnx_solver_submission\task053.onnx","E:\kagglegolf\data\interim\vyanktesh_multi_source_onnx_solver_submission\task053.onnx","SRC_KAGGLE_NOTEBOOK_VYANKTESH_MULTI_SOURCE","GOLF_20260608_047_vyanktesh_multi_source_full","public_full_replace_except_task133","","","","","","true","medium","53","submit_full_source_except_failed_task133"
"task054","E:\kagglegolf\data\interim\vyanktesh_multi_source_onnx_solver_submission\task054.onnx","E:\kagglegolf\data\interim\vyanktesh_multi_source_onnx_solver_submission\task054.onnx","SRC_KAGGLE_NOTEBOOK_VYANKTESH_MULTI_SOURCE","GOLF_20260608_047_vyanktesh_multi_source_full","public_full_replace_except_task133","","","","","","true","medium","54","submit_full_source_except_failed_task133"
"task055","E:\kagglegolf\data\interim\vyanktesh_multi_source_onnx_solver_submission\task055.onnx","E:\kagglegolf\data\interim\vyanktesh_multi_source_onnx_solver_submission\task055.onnx","SRC_KAGGLE_NOTEBOOK_VYANKTESH_MULTI_SOURCE","GOLF_20260608_047_vyanktesh_multi_source_full","public_full_replace_except_task133","","","","","","true","medium","55","submit_full_source_except_failed_task133"
"task056","E:\kagglegolf\data\interim\vyanktesh_multi_source_onnx_solver_submission\task056.onnx","E:\kagglegolf\data\interim\vyanktesh_multi_source_onnx_solver_submission\task056.onnx","SRC_KAGGLE_NOTEBOOK_VYANKTESH_MULTI_SOURCE","GOLF_20260608_047_vyanktesh_multi_source_full","public_full_replace_except_task133","","","","","","true","medium","56","submit_full_source_except_failed_task133"
"task057","E:\kagglegolf\data\interim\vyanktesh_multi_source_onnx_solver_submission\task057.onnx","E:\kagglegolf\data\interim\vyanktesh_multi_source_onnx_solver_submission\task057.onnx","SRC_KAGGLE_NOTEBOOK_VYANKTESH_MULTI_SOURCE","GOLF_20260608_047_vyanktesh_multi_source_full","public_full_replace_except_task133","","","","","","true","medium","57","submit_full_source_except_failed_task133"
"task058","E:\kagglegolf\data\interim\vyanktesh_multi_source_onnx_solver_submission\task058.onnx","E:\kagglegolf\data\interim\vyanktesh_multi_source_onnx_solver_submission\task058.onnx","SRC_KAGGLE_NOTEBOOK_VYANKTESH_MULTI_SOURCE","GOLF_20260608_047_vyanktesh_multi_source_full","public_full_replace_except_task133","","","","","","true","medium","58","submit_full_source_except_failed_task133"
"task059","E:\kagglegolf\data\interim\vyanktesh_multi_source_onnx_solver_submission\task059.onnx","E:\kagglegolf\data\interim\vyanktesh_multi_source_onnx_solver_submission\task059.onnx","SRC_KAGGLE_NOTEBOOK_VYANKTESH_MULTI_SOURCE","GOLF_20260608_047_vyanktesh_multi_source_full","public_full_replace_except_task133","","","","","","true","medium","59","submit_full_source_except_failed_task133"
"task060","E:\kagglegolf\data\interim\vyanktesh_multi_source_onnx_solver_submission\task060.onnx","E:\kagglegolf\data\interim\vyanktesh_multi_source_onnx_solver_submission\task060.onnx","SRC_KAGGLE_NOTEBOOK_VYANKTESH_MULTI_SOURCE","GOLF_20260608_047_vyanktesh_multi_source_full","public_full_replace_except_task133","","","","","","true","medium","60","submit_full_source_except_failed_task133"
"task061","E:\kagglegolf\data\interim\vyanktesh_multi_source_onnx_solver_submission\task061.onnx","E:\kagglegolf\data\interim\vyanktesh_multi_source_onnx_solver_submission\task061.onnx","SRC_KAGGLE_NOTEBOOK_VYANKTESH_MULTI_SOURCE","GOLF_20260608_047_vyanktesh_multi_source_full","public_full_replace_except_task133","","","","","","true","medium","61","submit_full_source_except_failed_task133"
"task062","E:\kagglegolf\data\interim\vyanktesh_multi_source_onnx_solver_submission\task062.onnx","E:\kagglegolf\data\interim\vyanktesh_multi_source_onnx_solver_submission\task062.onnx","SRC_KAGGLE_NOTEBOOK_VYANKTESH_MULTI_SOURCE","GOLF_20260608_047_vyanktesh_multi_source_full","public_full_replace_except_task133","","","","","","true","medium","62","submit_full_source_except_failed_task133"
"task063","E:\kagglegolf\data\interim\vyanktesh_multi_source_onnx_solver_submission\task063.onnx","E:\kagglegolf\data\interim\vyanktesh_multi_source_onnx_solver_submission\task063.onnx","SRC_KAGGLE_NOTEBOOK_VYANKTESH_MULTI_SOURCE","GOLF_20260608_047_vyanktesh_multi_source_full","public_full_replace_except_task133","","","","","","true","medium","63","submit_full_source_except_failed_task133"
"task064","E:\kagglegolf\data\interim\vyanktesh_multi_source_onnx_solver_submission\task064.onnx","E:\kagglegolf\data\interim\vyanktesh_multi_source_onnx_solver_submission\task064.onnx","SRC_KAGGLE_NOTEBOOK_VYANKTESH_MULTI_SOURCE","GOLF_20260608_047_vyanktesh_multi_source_full","public_full_replace_except_task133","","","","","","true","medium","64","submit_full_source_except_failed_task133"
"task065","E:\kagglegolf\data\interim\vyanktesh_multi_source_onnx_solver_submission\task065.onnx","E:\kagglegolf\data\interim\vyanktesh_multi_source_onnx_solver_submission\task065.onnx","SRC_KAGGLE_NOTEBOOK_VYANKTESH_MULTI_SOURCE","GOLF_20260608_047_vyanktesh_multi_source_full","public_full_replace_except_task133","","","","","","true","medium","65","submit_full_source_except_failed_task133"
"task066","E:\kagglegolf\data\interim\vyanktesh_multi_source_onnx_solver_submission\task066.onnx","E:\kagglegolf\data\interim\vyanktesh_multi_source_onnx_solver_submission\task066.onnx","SRC_KAGGLE_NOTEBOOK_VYANKTESH_MULTI_SOURCE","GOLF_20260608_047_vyanktesh_multi_source_full","public_full_replace_except_task133","","","","","","true","medium","66","submit_full_source_except_failed_task133"
"task067","E:\kagglegolf\data\interim\vyanktesh_multi_source_onnx_solver_submission\task067.onnx","E:\kagglegolf\data\interim\vyanktesh_multi_source_onnx_solver_submission\task067.onnx","SRC_KAGGLE_NOTEBOOK_VYANKTESH_MULTI_SOURCE","GOLF_20260608_047_vyanktesh_multi_source_full","public_full_replace_except_task133","","","","","","true","medium","67","submit_full_source_except_failed_task133"
"task068","E:\kagglegolf\data\interim\vyanktesh_multi_source_onnx_solver_submission\task068.onnx","E:\kagglegolf\data\interim\vyanktesh_multi_source_onnx_solver_submission\task068.onnx","SRC_KAGGLE_NOTEBOOK_VYANKTESH_MULTI_SOURCE","GOLF_20260608_047_vyanktesh_multi_source_full","public_full_replace_except_task133","","","","","","true","medium","68","submit_full_source_except_failed_task133"
"task069","E:\kagglegolf\data\interim\vyanktesh_multi_source_onnx_solver_submission\task069.onnx","E:\kagglegolf\data\interim\vyanktesh_multi_source_onnx_solver_submission\task069.onnx","SRC_KAGGLE_NOTEBOOK_VYANKTESH_MULTI_SOURCE","GOLF_20260608_047_vyanktesh_multi_source_full","public_full_replace_except_task133","","","","","","true","medium","69","submit_full_source_except_failed_task133"
"task070","E:\kagglegolf\data\interim\vyanktesh_multi_source_onnx_solver_submission\task070.onnx","E:\kagglegolf\data\interim\vyanktesh_multi_source_onnx_solver_submission\task070.onnx","SRC_KAGGLE_NOTEBOOK_VYANKTESH_MULTI_SOURCE","GOLF_20260608_047_vyanktesh_multi_source_full","public_full_replace_except_task133","","","","","","true","medium","70","submit_full_source_except_failed_task133"
"task071","E:\kagglegolf\data\interim\vyanktesh_multi_source_onnx_solver_submission\task071.onnx","E:\kagglegolf\data\interim\vyanktesh_multi_source_onnx_solver_submission\task071.onnx","SRC_KAGGLE_NOTEBOOK_VYANKTESH_MULTI_SOURCE","GOLF_20260608_047_vyanktesh_multi_source_full","public_full_replace_except_task133","","","","","","true","medium","71","submit_full_source_except_failed_task133"
"task072","E:\kagglegolf\data\interim\vyanktesh_multi_source_onnx_solver_submission\task072.onnx","E:\kagglegolf\data\interim\vyanktesh_multi_source_onnx_solver_submission\task072.onnx","SRC_KAGGLE_NOTEBOOK_VYANKTESH_MULTI_SOURCE","GOLF_20260608_047_vyanktesh_multi_source_full","public_full_replace_except_task133","","","","","","true","medium","72","submit_full_source_except_failed_task133"
"task073","E:\kagglegolf\data\interim\vyanktesh_multi_source_onnx_solver_submission\task073.onnx","E:\kagglegolf\data\interim\vyanktesh_multi_source_onnx_solver_submission\task073.onnx","SRC_KAGGLE_NOTEBOOK_VYANKTESH_MULTI_SOURCE","GOLF_20260608_047_vyanktesh_multi_source_full","public_full_replace_except_task133","","","","","","true","medium","73","submit_full_source_except_failed_task133"
"task074","E:\kagglegolf\data\interim\vyanktesh_multi_source_onnx_solver_submission\task074.onnx","E:\kagglegolf\data\interim\vyanktesh_multi_source_onnx_solver_submission\task074.onnx","SRC_KAGGLE_NOTEBOOK_VYANKTESH_MULTI_SOURCE","GOLF_20260608_047_vyanktesh_multi_source_full","public_full_replace_except_task133","","","","","","true","medium","74","submit_full_source_except_failed_task133"
"task075","E:\kagglegolf\data\interim\vyanktesh_multi_source_onnx_solver_submission\task075.onnx","E:\kagglegolf\data\interim\vyanktesh_multi_source_onnx_solver_submission\task075.onnx","SRC_KAGGLE_NOTEBOOK_VYANKTESH_MULTI_SOURCE","GOLF_20260608_047_vyanktesh_multi_source_full","public_full_replace_except_task133","","","","","","true","medium","75","submit_full_source_except_failed_task133"
"task076","E:\kagglegolf\data\interim\vyanktesh_multi_source_onnx_solver_submission\task076.onnx","E:\kagglegolf\data\interim\vyanktesh_multi_source_onnx_solver_submission\task076.onnx","SRC_KAGGLE_NOTEBOOK_VYANKTESH_MULTI_SOURCE","GOLF_20260608_047_vyanktesh_multi_source_full","public_full_replace_except_task133","","","","","","true","medium","76","submit_full_source_except_failed_task133"
"task077","E:\kagglegolf\data\interim\vyanktesh_multi_source_onnx_solver_submission\task077.onnx","E:\kagglegolf\data\interim\vyanktesh_multi_source_onnx_solver_submission\task077.onnx","SRC_KAGGLE_NOTEBOOK_VYANKTESH_MULTI_SOURCE","GOLF_20260608_047_vyanktesh_multi_source_full","public_full_replace_except_task133","","","","","","true","medium","77","submit_full_source_except_failed_task133"
"task078","E:\kagglegolf\data\interim\vyanktesh_multi_source_onnx_solver_submission\task078.onnx","E:\kagglegolf\data\interim\vyanktesh_multi_source_onnx_solver_submission\task078.onnx","SRC_KAGGLE_NOTEBOOK_VYANKTESH_MULTI_SOURCE","GOLF_20260608_047_vyanktesh_multi_source_full","public_full_replace_except_task133","","","","","","true","medium","78","submit_full_source_except_failed_task133"
"task079","E:\kagglegolf\data\interim\vyanktesh_multi_source_onnx_solver_submission\task079.onnx","E:\kagglegolf\data\interim\vyanktesh_multi_source_onnx_solver_submission\task079.onnx","SRC_KAGGLE_NOTEBOOK_VYANKTESH_MULTI_SOURCE","GOLF_20260608_047_vyanktesh_multi_source_full","public_full_replace_except_task133","","","","","","true","medium","79","submit_full_source_except_failed_task133"
"task080","E:\kagglegolf\data\interim\vyanktesh_multi_source_onnx_solver_submission\task080.onnx","E:\kagglegolf\data\interim\vyanktesh_multi_source_onnx_solver_submission\task080.onnx","SRC_KAGGLE_NOTEBOOK_VYANKTESH_MULTI_SOURCE","GOLF_20260608_047_vyanktesh_multi_source_full","public_full_replace_except_task133","","","","","","true","medium","80","submit_full_source_except_failed_task133"
"task081","E:\kagglegolf\data\interim\vyanktesh_multi_source_onnx_solver_submission\task081.onnx","E:\kagglegolf\data\interim\vyanktesh_multi_source_onnx_solver_submission\task081.onnx","SRC_KAGGLE_NOTEBOOK_VYANKTESH_MULTI_SOURCE","GOLF_20260608_047_vyanktesh_multi_source_full","public_full_replace_except_task133","","","","","","true","medium","81","submit_full_source_except_failed_task133"
"task082","E:\kagglegolf\data\interim\vyanktesh_multi_source_onnx_solver_submission\task082.onnx","E:\kagglegolf\data\interim\vyanktesh_multi_source_onnx_solver_submission\task082.onnx","SRC_KAGGLE_NOTEBOOK_VYANKTESH_MULTI_SOURCE","GOLF_20260608_047_vyanktesh_multi_source_full","public_full_replace_except_task133","","","","","","true","medium","82","submit_full_source_except_failed_task133"
"task083","E:\kagglegolf\data\interim\vyanktesh_multi_source_onnx_solver_submission\task083.onnx","E:\kagglegolf\data\interim\vyanktesh_multi_source_onnx_solver_submission\task083.onnx","SRC_KAGGLE_NOTEBOOK_VYANKTESH_MULTI_SOURCE","GOLF_20260608_047_vyanktesh_multi_source_full","public_full_replace_except_task133","","","","","","true","medium","83","submit_full_source_except_failed_task133"
"task084","E:\kagglegolf\data\interim\vyanktesh_multi_source_onnx_solver_submission\task084.onnx","E:\kagglegolf\data\interim\vyanktesh_multi_source_onnx_solver_submission\task084.onnx","SRC_KAGGLE_NOTEBOOK_VYANKTESH_MULTI_SOURCE","GOLF_20260608_047_vyanktesh_multi_source_full","public_full_replace_except_task133","","","","","","true","medium","84","submit_full_source_except_failed_task133"
"task085","E:\kagglegolf\data\interim\vyanktesh_multi_source_onnx_solver_submission\task085.onnx","E:\kagglegolf\data\interim\vyanktesh_multi_source_onnx_solver_submission\task085.onnx","SRC_KAGGLE_NOTEBOOK_VYANKTESH_MULTI_SOURCE","GOLF_20260608_047_vyanktesh_multi_source_full","public_full_replace_except_task133","","","","","","true","medium","85","submit_full_source_except_failed_task133"
"task086","E:\kagglegolf\data\interim\vyanktesh_multi_source_onnx_solver_submission\task086.onnx","E:\kagglegolf\data\interim\vyanktesh_multi_source_onnx_solver_submission\task086.onnx","SRC_KAGGLE_NOTEBOOK_VYANKTESH_MULTI_SOURCE","GOLF_20260608_047_vyanktesh_multi_source_full","public_full_replace_except_task133","","","","","","true","medium","86","submit_full_source_except_failed_task133"
"task087","E:\kagglegolf\data\interim\vyanktesh_multi_source_onnx_solver_submission\task087.onnx","E:\kagglegolf\data\interim\vyanktesh_multi_source_onnx_solver_submission\task087.onnx","SRC_KAGGLE_NOTEBOOK_VYANKTESH_MULTI_SOURCE","GOLF_20260608_047_vyanktesh_multi_source_full","public_full_replace_except_task133","","","","","","true","medium","87","submit_full_source_except_failed_task133"
"task088","E:\kagglegolf\data\interim\vyanktesh_multi_source_onnx_solver_submission\task088.onnx","E:\kagglegolf\data\interim\vyanktesh_multi_source_onnx_solver_submission\task088.onnx","SRC_KAGGLE_NOTEBOOK_VYANKTESH_MULTI_SOURCE","GOLF_20260608_047_vyanktesh_multi_source_full","public_full_replace_except_task133","","","","","","true","medium","88","submit_full_source_except_failed_task133"
"task089","E:\kagglegolf\data\interim\vyanktesh_multi_source_onnx_solver_submission\task089.onnx","E:\kagglegolf\data\interim\vyanktesh_multi_source_onnx_solver_submission\task089.onnx","SRC_KAGGLE_NOTEBOOK_VYANKTESH_MULTI_SOURCE","GOLF_20260608_047_vyanktesh_multi_source_full","public_full_replace_except_task133","","","","","","true","medium","89","submit_full_source_except_failed_task133"
"task090","E:\kagglegolf\data\interim\vyanktesh_multi_source_onnx_solver_submission\task090.onnx","E:\kagglegolf\data\interim\vyanktesh_multi_source_onnx_solver_submission\task090.onnx","SRC_KAGGLE_NOTEBOOK_VYANKTESH_MULTI_SOURCE","GOLF_20260608_047_vyanktesh_multi_source_full","public_full_replace_except_task133","","","","","","true","medium","90","submit_full_source_except_failed_task133"
"task091","E:\kagglegolf\data\interim\vyanktesh_multi_source_onnx_solver_submission\task091.onnx","E:\kagglegolf\data\interim\vyanktesh_multi_source_onnx_solver_submission\task091.onnx","SRC_KAGGLE_NOTEBOOK_VYANKTESH_MULTI_SOURCE","GOLF_20260608_047_vyanktesh_multi_source_full","public_full_replace_except_task133","","","","","","true","medium","91","submit_full_source_except_failed_task133"
"task092","E:\kagglegolf\data\interim\vyanktesh_multi_source_onnx_solver_submission\task092.onnx","E:\kagglegolf\data\interim\vyanktesh_multi_source_onnx_solver_submission\task092.onnx","SRC_KAGGLE_NOTEBOOK_VYANKTESH_MULTI_SOURCE","GOLF_20260608_047_vyanktesh_multi_source_full","public_full_replace_except_task133","","","","","","true","medium","92","submit_full_source_except_failed_task133"
"task093","E:\kagglegolf\data\interim\vyanktesh_multi_source_onnx_solver_submission\task093.onnx","E:\kagglegolf\data\interim\vyanktesh_multi_source_onnx_solver_submission\task093.onnx","SRC_KAGGLE_NOTEBOOK_VYANKTESH_MULTI_SOURCE","GOLF_20260608_047_vyanktesh_multi_source_full","public_full_replace_except_task133","","","","","","true","medium","93","submit_full_source_except_failed_task133"
"task094","E:\kagglegolf\data\interim\vyanktesh_multi_source_onnx_solver_submission\task094.onnx","E:\kagglegolf\data\interim\vyanktesh_multi_source_onnx_solver_submission\task094.onnx","SRC_KAGGLE_NOTEBOOK_VYANKTESH_MULTI_SOURCE","GOLF_20260608_047_vyanktesh_multi_source_full","public_full_replace_except_task133","","","","","","true","medium","94","submit_full_source_except_failed_task133"
"task095","E:\kagglegolf\data\interim\vyanktesh_multi_source_onnx_solver_submission\task095.onnx","E:\kagglegolf\data\interim\vyanktesh_multi_source_onnx_solver_submission\task095.onnx","SRC_KAGGLE_NOTEBOOK_VYANKTESH_MULTI_SOURCE","GOLF_20260608_047_vyanktesh_multi_source_full","public_full_replace_except_task133","","","","","","true","medium","95","submit_full_source_except_failed_task133"
"task096","E:\kagglegolf\data\interim\vyanktesh_multi_source_onnx_solver_submission\task096.onnx","E:\kagglegolf\data\interim\vyanktesh_multi_source_onnx_solver_submission\task096.onnx","SRC_KAGGLE_NOTEBOOK_VYANKTESH_MULTI_SOURCE","GOLF_20260608_047_vyanktesh_multi_source_full","public_full_replace_except_task133","","","","","","true","medium","96","submit_full_source_except_failed_task133"
"task097","E:\kagglegolf\data\interim\vyanktesh_multi_source_onnx_solver_submission\task097.onnx","E:\kagglegolf\data\interim\vyanktesh_multi_source_onnx_solver_submission\task097.onnx","SRC_KAGGLE_NOTEBOOK_VYANKTESH_MULTI_SOURCE","GOLF_20260608_047_vyanktesh_multi_source_full","public_full_replace_except_task133","","","","","","true","medium","97","submit_full_source_except_failed_task133"
"task098","E:\kagglegolf\data\interim\vyanktesh_multi_source_onnx_solver_submission\task098.onnx","E:\kagglegolf\data\interim\vyanktesh_multi_source_onnx_solver_submission\task098.onnx","SRC_KAGGLE_NOTEBOOK_VYANKTESH_MULTI_SOURCE","GOLF_20260608_047_vyanktesh_multi_source_full","public_full_replace_except_task133","","","","","","true","medium","98","submit_full_source_except_failed_task133"
"task099","E:\kagglegolf\data\interim\vyanktesh_multi_source_onnx_solver_submission\task099.onnx","E:\kagglegolf\data\interim\vyanktesh_multi_source_onnx_solver_submission\task099.onnx","SRC_KAGGLE_NOTEBOOK_VYANKTESH_MULTI_SOURCE","GOLF_20260608_047_vyanktesh_multi_source_full","public_full_replace_except_task133","","","","","","true","medium","99","submit_full_source_except_failed_task133"
"task100","E:\kagglegolf\data\interim\vyanktesh_multi_source_onnx_solver_submission\task100.onnx","E:\kagglegolf\data\interim\vyanktesh_multi_source_onnx_solver_submission\task100.onnx","SRC_KAGGLE_NOTEBOOK_VYANKTESH_MULTI_SOURCE","GOLF_20260608_047_vyanktesh_multi_source_full","public_full_replace_except_task133","","","","","","true","medium","100","submit_full_source_except_failed_task133"
"task101","E:\kagglegolf\data\interim\vyanktesh_multi_source_onnx_solver_submission\task101.onnx","E:\kagglegolf\data\interim\vyanktesh_multi_source_onnx_solver_submission\task101.onnx","SRC_KAGGLE_NOTEBOOK_VYANKTESH_MULTI_SOURCE","GOLF_20260608_047_vyanktesh_multi_source_full","public_full_replace_except_task133","","","","","","true","medium","101","submit_full_source_except_failed_task133"
"task102","E:\kagglegolf\data\interim\vyanktesh_multi_source_onnx_solver_submission\task102.onnx","E:\kagglegolf\data\interim\vyanktesh_multi_source_onnx_solver_submission\task102.onnx","SRC_KAGGLE_NOTEBOOK_VYANKTESH_MULTI_SOURCE","GOLF_20260608_047_vyanktesh_multi_source_full","public_full_replace_except_task133","","","","","","true","medium","102","submit_full_source_except_failed_task133"
"task103","E:\kagglegolf\data\interim\vyanktesh_multi_source_onnx_solver_submission\task103.onnx","E:\kagglegolf\data\interim\vyanktesh_multi_source_onnx_solver_submission\task103.onnx","SRC_KAGGLE_NOTEBOOK_VYANKTESH_MULTI_SOURCE","GOLF_20260608_047_vyanktesh_multi_source_full","public_full_replace_except_task133","","","","","","true","medium","103","submit_full_source_except_failed_task133"
"task104","E:\kagglegolf\data\interim\vyanktesh_multi_source_onnx_solver_submission\task104.onnx","E:\kagglegolf\data\interim\vyanktesh_multi_source_onnx_solver_submission\task104.onnx","SRC_KAGGLE_NOTEBOOK_VYANKTESH_MULTI_SOURCE","GOLF_20260608_047_vyanktesh_multi_source_full","public_full_replace_except_task133","","","","","","true","medium","104","submit_full_source_except_failed_task133"
"task105","E:\kagglegolf\data\interim\vyanktesh_multi_source_onnx_solver_submission\task105.onnx","E:\kagglegolf\data\interim\vyanktesh_multi_source_onnx_solver_submission\task105.onnx","SRC_KAGGLE_NOTEBOOK_VYANKTESH_MULTI_SOURCE","GOLF_20260608_047_vyanktesh_multi_source_full","public_full_replace_except_task133","","","","","","true","medium","105","submit_full_source_except_failed_task133"
"task106","E:\kagglegolf\data\interim\vyanktesh_multi_source_onnx_solver_submission\task106.onnx","E:\kagglegolf\data\interim\vyanktesh_multi_source_onnx_solver_submission\task106.onnx","SRC_KAGGLE_NOTEBOOK_VYANKTESH_MULTI_SOURCE","GOLF_20260608_047_vyanktesh_multi_source_full","public_full_replace_except_task133","","","","","","true","medium","106","submit_full_source_except_failed_task133"
"task107","E:\kagglegolf\data\interim\vyanktesh_multi_source_onnx_solver_submission\task107.onnx","E:\kagglegolf\data\interim\vyanktesh_multi_source_onnx_solver_submission\task107.onnx","SRC_KAGGLE_NOTEBOOK_VYANKTESH_MULTI_SOURCE","GOLF_20260608_047_vyanktesh_multi_source_full","public_full_replace_except_task133","","","","","","true","medium","107","submit_full_source_except_failed_task133"
"task108","E:\kagglegolf\data\interim\vyanktesh_multi_source_onnx_solver_submission\task108.onnx","E:\kagglegolf\data\interim\vyanktesh_multi_source_onnx_solver_submission\task108.onnx","SRC_KAGGLE_NOTEBOOK_VYANKTESH_MULTI_SOURCE","GOLF_20260608_047_vyanktesh_multi_source_full","public_full_replace_except_task133","","","","","","true","medium","108","submit_full_source_except_failed_task133"
"task109","E:\kagglegolf\data\interim\vyanktesh_multi_source_onnx_solver_submission\task109.onnx","E:\kagglegolf\data\interim\vyanktesh_multi_source_onnx_solver_submission\task109.onnx","SRC_KAGGLE_NOTEBOOK_VYANKTESH_MULTI_SOURCE","GOLF_20260608_047_vyanktesh_multi_source_full","public_full_replace_except_task133","","","","","","true","medium","109","submit_full_source_except_failed_task133"
"task110","E:\kagglegolf\data\interim\vyanktesh_multi_source_onnx_solver_submission\task110.onnx","E:\kagglegolf\data\interim\vyanktesh_multi_source_onnx_solver_submission\task110.onnx","SRC_KAGGLE_NOTEBOOK_VYANKTESH_MULTI_SOURCE","GOLF_20260608_047_vyanktesh_multi_source_full","public_full_replace_except_task133","","","","","","true","medium","110","submit_full_source_except_failed_task133"
"task111","E:\kagglegolf\data\interim\vyanktesh_multi_source_onnx_solver_submission\task111.onnx","E:\kagglegolf\data\interim\vyanktesh_multi_source_onnx_solver_submission\task111.onnx","SRC_KAGGLE_NOTEBOOK_VYANKTESH_MULTI_SOURCE","GOLF_20260608_047_vyanktesh_multi_source_full","public_full_replace_except_task133","","","","","","true","medium","111","submit_full_source_except_failed_task133"
"task112","E:\kagglegolf\data\interim\vyanktesh_multi_source_onnx_solver_submission\task112.onnx","E:\kagglegolf\data\interim\vyanktesh_multi_source_onnx_solver_submission\task112.onnx","SRC_KAGGLE_NOTEBOOK_VYANKTESH_MULTI_SOURCE","GOLF_20260608_047_vyanktesh_multi_source_full","public_full_replace_except_task133","","","","","","true","medium","112","submit_full_source_except_failed_task133"
"task113","E:\kagglegolf\data\interim\vyanktesh_multi_source_onnx_solver_submission\task113.onnx","E:\kagglegolf\data\interim\vyanktesh_multi_source_onnx_solver_submission\task113.onnx","SRC_KAGGLE_NOTEBOOK_VYANKTESH_MULTI_SOURCE","GOLF_20260608_047_vyanktesh_multi_source_full","public_full_replace_except_task133","","","","","","true","medium","113","submit_full_source_except_failed_task133"
"task114","E:\kagglegolf\data\interim\vyanktesh_multi_source_onnx_solver_submission\task114.onnx","E:\kagglegolf\data\interim\vyanktesh_multi_source_onnx_solver_submission\task114.onnx","SRC_KAGGLE_NOTEBOOK_VYANKTESH_MULTI_SOURCE","GOLF_20260608_047_vyanktesh_multi_source_full","public_full_replace_except_task133","","","","","","true","medium","114","submit_full_source_except_failed_task133"
"task115","E:\kagglegolf\data\interim\vyanktesh_multi_source_onnx_solver_submission\task115.onnx","E:\kagglegolf\data\interim\vyanktesh_multi_source_onnx_solver_submission\task115.onnx","SRC_KAGGLE_NOTEBOOK_VYANKTESH_MULTI_SOURCE","GOLF_20260608_047_vyanktesh_multi_source_full","public_full_replace_except_task133","","","","","","true","medium","115","submit_full_source_except_failed_task133"
"task116","E:\kagglegolf\data\interim\vyanktesh_multi_source_onnx_solver_submission\task116.onnx","E:\kagglegolf\data\interim\vyanktesh_multi_source_onnx_solver_submission\task116.onnx","SRC_KAGGLE_NOTEBOOK_VYANKTESH_MULTI_SOURCE","GOLF_20260608_047_vyanktesh_multi_source_full","public_full_replace_except_task133","","","","","","true","medium","116","submit_full_source_except_failed_task133"
"task117","E:\kagglegolf\data\interim\vyanktesh_multi_source_onnx_solver_submission\task117.onnx","E:\kagglegolf\data\interim\vyanktesh_multi_source_onnx_solver_submission\task117.onnx","SRC_KAGGLE_NOTEBOOK_VYANKTESH_MULTI_SOURCE","GOLF_20260608_047_vyanktesh_multi_source_full","public_full_replace_except_task133","","","","","","true","medium","117","submit_full_source_except_failed_task133"
"task118","E:\kagglegolf\data\interim\vyanktesh_multi_source_onnx_solver_submission\task118.onnx","E:\kagglegolf\data\interim\vyanktesh_multi_source_onnx_solver_submission\task118.onnx","SRC_KAGGLE_NOTEBOOK_VYANKTESH_MULTI_SOURCE","GOLF_20260608_047_vyanktesh_multi_source_full","public_full_replace_except_task133","","","","","","true","medium","118","submit_full_source_except_failed_task133"
"task119","E:\kagglegolf\data\interim\vyanktesh_multi_source_onnx_solver_submission\task119.onnx","E:\kagglegolf\data\interim\vyanktesh_multi_source_onnx_solver_submission\task119.onnx","SRC_KAGGLE_NOTEBOOK_VYANKTESH_MULTI_SOURCE","GOLF_20260608_047_vyanktesh_multi_source_full","public_full_replace_except_task133","","","","","","true","medium","119","submit_full_source_except_failed_task133"
"task120","E:\kagglegolf\data\interim\vyanktesh_multi_source_onnx_solver_submission\task120.onnx","E:\kagglegolf\data\interim\vyanktesh_multi_source_onnx_solver_submission\task120.onnx","SRC_KAGGLE_NOTEBOOK_VYANKTESH_MULTI_SOURCE","GOLF_20260608_047_vyanktesh_multi_source_full","public_full_replace_except_task133","","","","","","true","medium","120","submit_full_source_except_failed_task133"
"task121","E:\kagglegolf\data\interim\vyanktesh_multi_source_onnx_solver_submission\task121.onnx","E:\kagglegolf\data\interim\vyanktesh_multi_source_onnx_solver_submission\task121.onnx","SRC_KAGGLE_NOTEBOOK_VYANKTESH_MULTI_SOURCE","GOLF_20260608_047_vyanktesh_multi_source_full","public_full_replace_except_task133","","","","","","true","medium","121","submit_full_source_except_failed_task133"
"task122","E:\kagglegolf\data\interim\vyanktesh_multi_source_onnx_solver_submission\task122.onnx","E:\kagglegolf\data\interim\vyanktesh_multi_source_onnx_solver_submission\task122.onnx","SRC_KAGGLE_NOTEBOOK_VYANKTESH_MULTI_SOURCE","GOLF_20260608_047_vyanktesh_multi_source_full","public_full_replace_except_task133","","","","","","true","medium","122","submit_full_source_except_failed_task133"
"task123","E:\kagglegolf\data\interim\vyanktesh_multi_source_onnx_solver_submission\task123.onnx","E:\kagglegolf\data\interim\vyanktesh_multi_source_onnx_solver_submission\task123.onnx","SRC_KAGGLE_NOTEBOOK_VYANKTESH_MULTI_SOURCE","GOLF_20260608_047_vyanktesh_multi_source_full","public_full_replace_except_task133","","","","","","true","medium","123","submit_full_source_except_failed_task133"
"task124","E:\kagglegolf\data\interim\vyanktesh_multi_source_onnx_solver_submission\task124.onnx","E:\kagglegolf\data\interim\vyanktesh_multi_source_onnx_solver_submission\task124.onnx","SRC_KAGGLE_NOTEBOOK_VYANKTESH_MULTI_SOURCE","GOLF_20260608_047_vyanktesh_multi_source_full","public_full_replace_except_task133","","","","","","true","medium","124","submit_full_source_except_failed_task133"
"task125","E:\kagglegolf\data\interim\vyanktesh_multi_source_onnx_solver_submission\task125.onnx","E:\kagglegolf\data\interim\vyanktesh_multi_source_onnx_solver_submission\task125.onnx","SRC_KAGGLE_NOTEBOOK_VYANKTESH_MULTI_SOURCE","GOLF_20260608_047_vyanktesh_multi_source_full","public_full_replace_except_task133","","","","","","true","medium","125","submit_full_source_except_failed_task133"
"task126","E:\kagglegolf\data\interim\vyanktesh_multi_source_onnx_solver_submission\task126.onnx","E:\kagglegolf\data\interim\vyanktesh_multi_source_onnx_solver_submission\task126.onnx","SRC_KAGGLE_NOTEBOOK_VYANKTESH_MULTI_SOURCE","GOLF_20260608_047_vyanktesh_multi_source_full","public_full_replace_except_task133","","","","","","true","medium","126","submit_full_source_except_failed_task133"
"task127","E:\kagglegolf\data\interim\vyanktesh_multi_source_onnx_solver_submission\task127.onnx","E:\kagglegolf\data\interim\vyanktesh_multi_source_onnx_solver_submission\task127.onnx","SRC_KAGGLE_NOTEBOOK_VYANKTESH_MULTI_SOURCE","GOLF_20260608_047_vyanktesh_multi_source_full","public_full_replace_except_task133","","","","","","true","medium","127","submit_full_source_except_failed_task133"
"task128","E:\kagglegolf\data\interim\vyanktesh_multi_source_onnx_solver_submission\task128.onnx","E:\kagglegolf\data\interim\vyanktesh_multi_source_onnx_solver_submission\task128.onnx","SRC_KAGGLE_NOTEBOOK_VYANKTESH_MULTI_SOURCE","GOLF_20260608_047_vyanktesh_multi_source_full","public_full_replace_except_task133","","","","","","true","medium","128","submit_full_source_except_failed_task133"
"task129","E:\kagglegolf\data\interim\vyanktesh_multi_source_onnx_solver_submission\task129.onnx","E:\kagglegolf\data\interim\vyanktesh_multi_source_onnx_solver_submission\task129.onnx","SRC_KAGGLE_NOTEBOOK_VYANKTESH_MULTI_SOURCE","GOLF_20260608_047_vyanktesh_multi_source_full","public_full_replace_except_task133","","","","","","true","medium","129","submit_full_source_except_failed_task133"
"task130","E:\kagglegolf\data\interim\vyanktesh_multi_source_onnx_solver_submission\task130.onnx","E:\kagglegolf\data\interim\vyanktesh_multi_source_onnx_solver_submission\task130.onnx","SRC_KAGGLE_NOTEBOOK_VYANKTESH_MULTI_SOURCE","GOLF_20260608_047_vyanktesh_multi_source_full","public_full_replace_except_task133","","","","","","true","medium","130","submit_full_source_except_failed_task133"
"task131","E:\kagglegolf\data\interim\vyanktesh_multi_source_onnx_solver_submission\task131.onnx","E:\kagglegolf\data\interim\vyanktesh_multi_source_onnx_solver_submission\task131.onnx","SRC_KAGGLE_NOTEBOOK_VYANKTESH_MULTI_SOURCE","GOLF_20260608_047_vyanktesh_multi_source_full","public_full_replace_except_task133","","","","","","true","medium","131","submit_full_source_except_failed_task133"
"task132","E:\kagglegolf\data\interim\vyanktesh_multi_source_onnx_solver_submission\task132.onnx","E:\kagglegolf\data\interim\vyanktesh_multi_source_onnx_solver_submission\task132.onnx","SRC_KAGGLE_NOTEBOOK_VYANKTESH_MULTI_SOURCE","GOLF_20260608_047_vyanktesh_multi_source_full","public_full_replace_except_task133","","","","","","true","medium","132","submit_full_source_except_failed_task133"
"task134","E:\kagglegolf\data\interim\vyanktesh_multi_source_onnx_solver_submission\task134.onnx","E:\kagglegolf\data\interim\vyanktesh_multi_source_onnx_solver_submission\task134.onnx","SRC_KAGGLE_NOTEBOOK_VYANKTESH_MULTI_SOURCE","GOLF_20260608_047_vyanktesh_multi_source_full","public_full_replace_except_task133","","","","","","true","medium","133","submit_full_source_except_failed_task133"
"task135","E:\kagglegolf\data\interim\vyanktesh_multi_source_onnx_solver_submission\task135.onnx","E:\kagglegolf\data\interim\vyanktesh_multi_source_onnx_solver_submission\task135.onnx","SRC_KAGGLE_NOTEBOOK_VYANKTESH_MULTI_SOURCE","GOLF_20260608_047_vyanktesh_multi_source_full","public_full_replace_except_task133","","","","","","true","medium","134","submit_full_source_except_failed_task133"
"task136","E:\kagglegolf\data\interim\vyanktesh_multi_source_onnx_solver_submission\task136.onnx","E:\kagglegolf\data\interim\vyanktesh_multi_source_onnx_solver_submission\task136.onnx","SRC_KAGGLE_NOTEBOOK_VYANKTESH_MULTI_SOURCE","GOLF_20260608_047_vyanktesh_multi_source_full","public_full_replace_except_task133","","","","","","true","medium","135","submit_full_source_except_failed_task133"
"task137","E:\kagglegolf\data\interim\vyanktesh_multi_source_onnx_solver_submission\task137.onnx","E:\kagglegolf\data\interim\vyanktesh_multi_source_onnx_solver_submission\task137.onnx","SRC_KAGGLE_NOTEBOOK_VYANKTESH_MULTI_SOURCE","GOLF_20260608_047_vyanktesh_multi_source_full","public_full_replace_except_task133","","","","","","true","medium","136","submit_full_source_except_failed_task133"
"task138","E:\kagglegolf\data\interim\vyanktesh_multi_source_onnx_solver_submission\task138.onnx","E:\kagglegolf\data\interim\vyanktesh_multi_source_onnx_solver_submission\task138.onnx","SRC_KAGGLE_NOTEBOOK_VYANKTESH_MULTI_SOURCE","GOLF_20260608_047_vyanktesh_multi_source_full","public_full_replace_except_task133","","","","","","true","medium","137","submit_full_source_except_failed_task133"
"task139","E:\kagglegolf\data\interim\vyanktesh_multi_source_onnx_solver_submission\task139.onnx","E:\kagglegolf\data\interim\vyanktesh_multi_source_onnx_solver_submission\task139.onnx","SRC_KAGGLE_NOTEBOOK_VYANKTESH_MULTI_SOURCE","GOLF_20260608_047_vyanktesh_multi_source_full","public_full_replace_except_task133","","","","","","true","medium","138","submit_full_source_except_failed_task133"
"task140","E:\kagglegolf\data\interim\vyanktesh_multi_source_onnx_solver_submission\task140.onnx","E:\kagglegolf\data\interim\vyanktesh_multi_source_onnx_solver_submission\task140.onnx","SRC_KAGGLE_NOTEBOOK_VYANKTESH_MULTI_SOURCE","GOLF_20260608_047_vyanktesh_multi_source_full","public_full_replace_except_task133","","","","","","true","medium","139","submit_full_source_except_failed_task133"
"task141","E:\kagglegolf\data\interim\vyanktesh_multi_source_onnx_solver_submission\task141.onnx","E:\kagglegolf\data\interim\vyanktesh_multi_source_onnx_solver_submission\task141.onnx","SRC_KAGGLE_NOTEBOOK_VYANKTESH_MULTI_SOURCE","GOLF_20260608_047_vyanktesh_multi_source_full","public_full_replace_except_task133","","","","","","true","medium","140","submit_full_source_except_failed_task133"
"task142","E:\kagglegolf\data\interim\vyanktesh_multi_source_onnx_solver_submission\task142.onnx","E:\kagglegolf\data\interim\vyanktesh_multi_source_onnx_solver_submission\task142.onnx","SRC_KAGGLE_NOTEBOOK_VYANKTESH_MULTI_SOURCE","GOLF_20260608_047_vyanktesh_multi_source_full","public_full_replace_except_task133","","","","","","true","medium","141","submit_full_source_except_failed_task133"
"task143","E:\kagglegolf\data\interim\vyanktesh_multi_source_onnx_solver_submission\task143.onnx","E:\kagglegolf\data\interim\vyanktesh_multi_source_onnx_solver_submission\task143.onnx","SRC_KAGGLE_NOTEBOOK_VYANKTESH_MULTI_SOURCE","GOLF_20260608_047_vyanktesh_multi_source_full","public_full_replace_except_task133","","","","","","true","medium","142","submit_full_source_except_failed_task133"
"task144","E:\kagglegolf\data\interim\vyanktesh_multi_source_onnx_solver_submission\task144.onnx","E:\kagglegolf\data\interim\vyanktesh_multi_source_onnx_solver_submission\task144.onnx","SRC_KAGGLE_NOTEBOOK_VYANKTESH_MULTI_SOURCE","GOLF_20260608_047_vyanktesh_multi_source_full","public_full_replace_except_task133","","","","","","true","medium","143","submit_full_source_except_failed_task133"
"task145","E:\kagglegolf\data\interim\vyanktesh_multi_source_onnx_solver_submission\task145.onnx","E:\kagglegolf\data\interim\vyanktesh_multi_source_onnx_solver_submission\task145.onnx","SRC_KAGGLE_NOTEBOOK_VYANKTESH_MULTI_SOURCE","GOLF_20260608_047_vyanktesh_multi_source_full","public_full_replace_except_task133","","","","","","true","medium","144","submit_full_source_except_failed_task133"
"task146","E:\kagglegolf\data\interim\vyanktesh_multi_source_onnx_solver_submission\task146.onnx","E:\kagglegolf\data\interim\vyanktesh_multi_source_onnx_solver_submission\task146.onnx","SRC_KAGGLE_NOTEBOOK_VYANKTESH_MULTI_SOURCE","GOLF_20260608_047_vyanktesh_multi_source_full","public_full_replace_except_task133","","","","","","true","medium","145","submit_full_source_except_failed_task133"
"task147","E:\kagglegolf\data\interim\vyanktesh_multi_source_onnx_solver_submission\task147.onnx","E:\kagglegolf\data\interim\vyanktesh_multi_source_onnx_solver_submission\task147.onnx","SRC_KAGGLE_NOTEBOOK_VYANKTESH_MULTI_SOURCE","GOLF_20260608_047_vyanktesh_multi_source_full","public_full_replace_except_task133","","","","","","true","medium","146","submit_full_source_except_failed_task133"
"task148","E:\kagglegolf\data\interim\vyanktesh_multi_source_onnx_solver_submission\task148.onnx","E:\kagglegolf\data\interim\vyanktesh_multi_source_onnx_solver_submission\task148.onnx","SRC_KAGGLE_NOTEBOOK_VYANKTESH_MULTI_SOURCE","GOLF_20260608_047_vyanktesh_multi_source_full","public_full_replace_except_task133","","","","","","true","medium","147","submit_full_source_except_failed_task133"
"task149","E:\kagglegolf\data\interim\vyanktesh_multi_source_onnx_solver_submission\task149.onnx","E:\kagglegolf\data\interim\vyanktesh_multi_source_onnx_solver_submission\task149.onnx","SRC_KAGGLE_NOTEBOOK_VYANKTESH_MULTI_SOURCE","GOLF_20260608_047_vyanktesh_multi_source_full","public_full_replace_except_task133","","","","","","true","medium","148","submit_full_source_except_failed_task133"
"task150","E:\kagglegolf\data\interim\vyanktesh_multi_source_onnx_solver_submission\task150.onnx","E:\kagglegolf\data\interim\vyanktesh_multi_source_onnx_solver_submission\task150.onnx","SRC_KAGGLE_NOTEBOOK_VYANKTESH_MULTI_SOURCE","GOLF_20260608_047_vyanktesh_multi_source_full","public_full_replace_except_task133","","","","","","true","medium","149","submit_full_source_except_failed_task133"
"task151","E:\kagglegolf\data\interim\vyanktesh_multi_source_onnx_solver_submission\task151.onnx","E:\kagglegolf\data\interim\vyanktesh_multi_source_onnx_solver_submission\task151.onnx","SRC_KAGGLE_NOTEBOOK_VYANKTESH_MULTI_SOURCE","GOLF_20260608_047_vyanktesh_multi_source_full","public_full_replace_except_task133","","","","","","true","medium","150","submit_full_source_except_failed_task133"
"task152","E:\kagglegolf\data\interim\vyanktesh_multi_source_onnx_solver_submission\task152.onnx","E:\kagglegolf\data\interim\vyanktesh_multi_source_onnx_solver_submission\task152.onnx","SRC_KAGGLE_NOTEBOOK_VYANKTESH_MULTI_SOURCE","GOLF_20260608_047_vyanktesh_multi_source_full","public_full_replace_except_task133","","","","","","true","medium","151","submit_full_source_except_failed_task133"
"task153","E:\kagglegolf\data\interim\vyanktesh_multi_source_onnx_solver_submission\task153.onnx","E:\kagglegolf\data\interim\vyanktesh_multi_source_onnx_solver_submission\task153.onnx","SRC_KAGGLE_NOTEBOOK_VYANKTESH_MULTI_SOURCE","GOLF_20260608_047_vyanktesh_multi_source_full","public_full_replace_except_task133","","","","","","true","medium","152","submit_full_source_except_failed_task133"
"task154","E:\kagglegolf\data\interim\vyanktesh_multi_source_onnx_solver_submission\task154.onnx","E:\kagglegolf\data\interim\vyanktesh_multi_source_onnx_solver_submission\task154.onnx","SRC_KAGGLE_NOTEBOOK_VYANKTESH_MULTI_SOURCE","GOLF_20260608_047_vyanktesh_multi_source_full","public_full_replace_except_task133","","","","","","true","medium","153","submit_full_source_except_failed_task133"
"task155","E:\kagglegolf\data\interim\vyanktesh_multi_source_onnx_solver_submission\task155.onnx","E:\kagglegolf\data\interim\vyanktesh_multi_source_onnx_solver_submission\task155.onnx","SRC_KAGGLE_NOTEBOOK_VYANKTESH_MULTI_SOURCE","GOLF_20260608_047_vyanktesh_multi_source_full","public_full_replace_except_task133","","","","","","true","medium","154","submit_full_source_except_failed_task133"
"task156","E:\kagglegolf\data\interim\vyanktesh_multi_source_onnx_solver_submission\task156.onnx","E:\kagglegolf\data\interim\vyanktesh_multi_source_onnx_solver_submission\task156.onnx","SRC_KAGGLE_NOTEBOOK_VYANKTESH_MULTI_SOURCE","GOLF_20260608_047_vyanktesh_multi_source_full","public_full_replace_except_task133","","","","","","true","medium","155","submit_full_source_except_failed_task133"
"task157","E:\kagglegolf\data\interim\vyanktesh_multi_source_onnx_solver_submission\task157.onnx","E:\kagglegolf\data\interim\vyanktesh_multi_source_onnx_solver_submission\task157.onnx","SRC_KAGGLE_NOTEBOOK_VYANKTESH_MULTI_SOURCE","GOLF_20260608_047_vyanktesh_multi_source_full","public_full_replace_except_task133","","","","","","true","medium","156","submit_full_source_except_failed_task133"
"task158","E:\kagglegolf\data\interim\vyanktesh_multi_source_onnx_solver_submission\task158.onnx","E:\kagglegolf\data\interim\vyanktesh_multi_source_onnx_solver_submission\task158.onnx","SRC_KAGGLE_NOTEBOOK_VYANKTESH_MULTI_SOURCE","GOLF_20260608_047_vyanktesh_multi_source_full","public_full_replace_except_task133","","","","","","true","medium","157","submit_full_source_except_failed_task133"
"task159","E:\kagglegolf\data\interim\vyanktesh_multi_source_onnx_solver_submission\task159.onnx","E:\kagglegolf\data\interim\vyanktesh_multi_source_onnx_solver_submission\task159.onnx","SRC_KAGGLE_NOTEBOOK_VYANKTESH_MULTI_SOURCE","GOLF_20260608_047_vyanktesh_multi_source_full","public_full_replace_except_task133","","","","","","true","medium","158","submit_full_source_except_failed_task133"
"task160","E:\kagglegolf\data\interim\vyanktesh_multi_source_onnx_solver_submission\task160.onnx","E:\kagglegolf\data\interim\vyanktesh_multi_source_onnx_solver_submission\task160.onnx","SRC_KAGGLE_NOTEBOOK_VYANKTESH_MULTI_SOURCE","GOLF_20260608_047_vyanktesh_multi_source_full","public_full_replace_except_task133","","","","","","true","medium","159","submit_full_source_except_failed_task133"
"task161","E:\kagglegolf\data\interim\vyanktesh_multi_source_onnx_solver_submission\task161.onnx","E:\kagglegolf\data\interim\vyanktesh_multi_source_onnx_solver_submission\task161.onnx","SRC_KAGGLE_NOTEBOOK_VYANKTESH_MULTI_SOURCE","GOLF_20260608_047_vyanktesh_multi_source_full","public_full_replace_except_task133","","","","","","true","medium","160","submit_full_source_except_failed_task133"
"task162","E:\kagglegolf\data\interim\vyanktesh_multi_source_onnx_solver_submission\task162.onnx","E:\kagglegolf\data\interim\vyanktesh_multi_source_onnx_solver_submission\task162.onnx","SRC_KAGGLE_NOTEBOOK_VYANKTESH_MULTI_SOURCE","GOLF_20260608_047_vyanktesh_multi_source_full","public_full_replace_except_task133","","","","","","true","medium","161","submit_full_source_except_failed_task133"
"task163","E:\kagglegolf\data\interim\vyanktesh_multi_source_onnx_solver_submission\task163.onnx","E:\kagglegolf\data\interim\vyanktesh_multi_source_onnx_solver_submission\task163.onnx","SRC_KAGGLE_NOTEBOOK_VYANKTESH_MULTI_SOURCE","GOLF_20260608_047_vyanktesh_multi_source_full","public_full_replace_except_task133","","","","","","true","medium","162","submit_full_source_except_failed_task133"
"task164","E:\kagglegolf\data\interim\vyanktesh_multi_source_onnx_solver_submission\task164.onnx","E:\kagglegolf\data\interim\vyanktesh_multi_source_onnx_solver_submission\task164.onnx","SRC_KAGGLE_NOTEBOOK_VYANKTESH_MULTI_SOURCE","GOLF_20260608_047_vyanktesh_multi_source_full","public_full_replace_except_task133","","","","","","true","medium","163","submit_full_source_except_failed_task133"
"task165","E:\kagglegolf\data\interim\vyanktesh_multi_source_onnx_solver_submission\task165.onnx","E:\kagglegolf\data\interim\vyanktesh_multi_source_onnx_solver_submission\task165.onnx","SRC_KAGGLE_NOTEBOOK_VYANKTESH_MULTI_SOURCE","GOLF_20260608_047_vyanktesh_multi_source_full","public_full_replace_except_task133","","","","","","true","medium","164","submit_full_source_except_failed_task133"
"task166","E:\kagglegolf\data\interim\vyanktesh_multi_source_onnx_solver_submission\task166.onnx","E:\kagglegolf\data\interim\vyanktesh_multi_source_onnx_solver_submission\task166.onnx","SRC_KAGGLE_NOTEBOOK_VYANKTESH_MULTI_SOURCE","GOLF_20260608_047_vyanktesh_multi_source_full","public_full_replace_except_task133","","","","","","true","medium","165","submit_full_source_except_failed_task133"
"task167","E:\kagglegolf\data\interim\vyanktesh_multi_source_onnx_solver_submission\task167.onnx","E:\kagglegolf\data\interim\vyanktesh_multi_source_onnx_solver_submission\task167.onnx","SRC_KAGGLE_NOTEBOOK_VYANKTESH_MULTI_SOURCE","GOLF_20260608_047_vyanktesh_multi_source_full","public_full_replace_except_task133","","","","","","true","medium","166","submit_full_source_except_failed_task133"
"task168","E:\kagglegolf\data\interim\vyanktesh_multi_source_onnx_solver_submission\task168.onnx","E:\kagglegolf\data\interim\vyanktesh_multi_source_onnx_solver_submission\task168.onnx","SRC_KAGGLE_NOTEBOOK_VYANKTESH_MULTI_SOURCE","GOLF_20260608_047_vyanktesh_multi_source_full","public_full_replace_except_task133","","","","","","true","medium","167","submit_full_source_except_failed_task133"
"task169","E:\kagglegolf\data\interim\vyanktesh_multi_source_onnx_solver_submission\task169.onnx","E:\kagglegolf\data\interim\vyanktesh_multi_source_onnx_solver_submission\task169.onnx","SRC_KAGGLE_NOTEBOOK_VYANKTESH_MULTI_SOURCE","GOLF_20260608_047_vyanktesh_multi_source_full","public_full_replace_except_task133","","","","","","true","medium","168","submit_full_source_except_failed_task133"
"task170","E:\kagglegolf\data\interim\vyanktesh_multi_source_onnx_solver_submission\task170.onnx","E:\kagglegolf\data\interim\vyanktesh_multi_source_onnx_solver_submission\task170.onnx","SRC_KAGGLE_NOTEBOOK_VYANKTESH_MULTI_SOURCE","GOLF_20260608_047_vyanktesh_multi_source_full","public_full_replace_except_task133","","","","","","true","medium","169","submit_full_source_except_failed_task133"
"task171","E:\kagglegolf\data\interim\vyanktesh_multi_source_onnx_solver_submission\task171.onnx","E:\kagglegolf\data\interim\vyanktesh_multi_source_onnx_solver_submission\task171.onnx","SRC_KAGGLE_NOTEBOOK_VYANKTESH_MULTI_SOURCE","GOLF_20260608_047_vyanktesh_multi_source_full","public_full_replace_except_task133","","","","","","true","medium","170","submit_full_source_except_failed_task133"
"task172","E:\kagglegolf\data\interim\vyanktesh_multi_source_onnx_solver_submission\task172.onnx","E:\kagglegolf\data\interim\vyanktesh_multi_source_onnx_solver_submission\task172.onnx","SRC_KAGGLE_NOTEBOOK_VYANKTESH_MULTI_SOURCE","GOLF_20260608_047_vyanktesh_multi_source_full","public_full_replace_except_task133","","","","","","true","medium","171","submit_full_source_except_failed_task133"
"task173","E:\kagglegolf\data\interim\vyanktesh_multi_source_onnx_solver_submission\task173.onnx","E:\kagglegolf\data\interim\vyanktesh_multi_source_onnx_solver_submission\task173.onnx","SRC_KAGGLE_NOTEBOOK_VYANKTESH_MULTI_SOURCE","GOLF_20260608_047_vyanktesh_multi_source_full","public_full_replace_except_task133","","","","","","true","medium","172","submit_full_source_except_failed_task133"
"task174","E:\kagglegolf\data\interim\vyanktesh_multi_source_onnx_solver_submission\task174.onnx","E:\kagglegolf\data\interim\vyanktesh_multi_source_onnx_solver_submission\task174.onnx","SRC_KAGGLE_NOTEBOOK_VYANKTESH_MULTI_SOURCE","GOLF_20260608_047_vyanktesh_multi_source_full","public_full_replace_except_task133","","","","","","true","medium","173","submit_full_source_except_failed_task133"
"task175","E:\kagglegolf\data\interim\vyanktesh_multi_source_onnx_solver_submission\task175.onnx","E:\kagglegolf\data\interim\vyanktesh_multi_source_onnx_solver_submission\task175.onnx","SRC_KAGGLE_NOTEBOOK_VYANKTESH_MULTI_SOURCE","GOLF_20260608_047_vyanktesh_multi_source_full","public_full_replace_except_task133","","","","","","true","medium","174","submit_full_source_except_failed_task133"
"task176","E:\kagglegolf\data\interim\vyanktesh_multi_source_onnx_solver_submission\task176.onnx","E:\kagglegolf\data\interim\vyanktesh_multi_source_onnx_solver_submission\task176.onnx","SRC_KAGGLE_NOTEBOOK_VYANKTESH_MULTI_SOURCE","GOLF_20260608_047_vyanktesh_multi_source_full","public_full_replace_except_task133","","","","","","true","medium","175","submit_full_source_except_failed_task133"
"task177","E:\kagglegolf\data\interim\vyanktesh_multi_source_onnx_solver_submission\task177.onnx","E:\kagglegolf\data\interim\vyanktesh_multi_source_onnx_solver_submission\task177.onnx","SRC_KAGGLE_NOTEBOOK_VYANKTESH_MULTI_SOURCE","GOLF_20260608_047_vyanktesh_multi_source_full","public_full_replace_except_task133","","","","","","true","medium","176","submit_full_source_except_failed_task133"
"task178","E:\kagglegolf\data\interim\vyanktesh_multi_source_onnx_solver_submission\task178.onnx","E:\kagglegolf\data\interim\vyanktesh_multi_source_onnx_solver_submission\task178.onnx","SRC_KAGGLE_NOTEBOOK_VYANKTESH_MULTI_SOURCE","GOLF_20260608_047_vyanktesh_multi_source_full","public_full_replace_except_task133","","","","","","true","medium","177","submit_full_source_except_failed_task133"
"task179","E:\kagglegolf\data\interim\vyanktesh_multi_source_onnx_solver_submission\task179.onnx","E:\kagglegolf\data\interim\vyanktesh_multi_source_onnx_solver_submission\task179.onnx","SRC_KAGGLE_NOTEBOOK_VYANKTESH_MULTI_SOURCE","GOLF_20260608_047_vyanktesh_multi_source_full","public_full_replace_except_task133","","","","","","true","medium","178","submit_full_source_except_failed_task133"
"task180","E:\kagglegolf\data\interim\vyanktesh_multi_source_onnx_solver_submission\task180.onnx","E:\kagglegolf\data\interim\vyanktesh_multi_source_onnx_solver_submission\task180.onnx","SRC_KAGGLE_NOTEBOOK_VYANKTESH_MULTI_SOURCE","GOLF_20260608_047_vyanktesh_multi_source_full","public_full_replace_except_task133","","","","","","true","medium","179","submit_full_source_except_failed_task133"
"task181","E:\kagglegolf\data\interim\vyanktesh_multi_source_onnx_solver_submission\task181.onnx","E:\kagglegolf\data\interim\vyanktesh_multi_source_onnx_solver_submission\task181.onnx","SRC_KAGGLE_NOTEBOOK_VYANKTESH_MULTI_SOURCE","GOLF_20260608_047_vyanktesh_multi_source_full","public_full_replace_except_task133","","","","","","true","medium","180","submit_full_source_except_failed_task133"
"task182","E:\kagglegolf\data\interim\vyanktesh_multi_source_onnx_solver_submission\task182.onnx","E:\kagglegolf\data\interim\vyanktesh_multi_source_onnx_solver_submission\task182.onnx","SRC_KAGGLE_NOTEBOOK_VYANKTESH_MULTI_SOURCE","GOLF_20260608_047_vyanktesh_multi_source_full","public_full_replace_except_task133","","","","","","true","medium","181","submit_full_source_except_failed_task133"
"task183","E:\kagglegolf\data\interim\vyanktesh_multi_source_onnx_solver_submission\task183.onnx","E:\kagglegolf\data\interim\vyanktesh_multi_source_onnx_solver_submission\task183.onnx","SRC_KAGGLE_NOTEBOOK_VYANKTESH_MULTI_SOURCE","GOLF_20260608_047_vyanktesh_multi_source_full","public_full_replace_except_task133","","","","","","true","medium","182","submit_full_source_except_failed_task133"
"task184","E:\kagglegolf\data\interim\vyanktesh_multi_source_onnx_solver_submission\task184.onnx","E:\kagglegolf\data\interim\vyanktesh_multi_source_onnx_solver_submission\task184.onnx","SRC_KAGGLE_NOTEBOOK_VYANKTESH_MULTI_SOURCE","GOLF_20260608_047_vyanktesh_multi_source_full","public_full_replace_except_task133","","","","","","true","medium","183","submit_full_source_except_failed_task133"
"task185","E:\kagglegolf\data\interim\vyanktesh_multi_source_onnx_solver_submission\task185.onnx","E:\kagglegolf\data\interim\vyanktesh_multi_source_onnx_solver_submission\task185.onnx","SRC_KAGGLE_NOTEBOOK_VYANKTESH_MULTI_SOURCE","GOLF_20260608_047_vyanktesh_multi_source_full","public_full_replace_except_task133","","","","","","true","medium","184","submit_full_source_except_failed_task133"
"task186","E:\kagglegolf\data\interim\vyanktesh_multi_source_onnx_solver_submission\task186.onnx","E:\kagglegolf\data\interim\vyanktesh_multi_source_onnx_solver_submission\task186.onnx","SRC_KAGGLE_NOTEBOOK_VYANKTESH_MULTI_SOURCE","GOLF_20260608_047_vyanktesh_multi_source_full","public_full_replace_except_task133","","","","","","true","medium","185","submit_full_source_except_failed_task133"
"task187","E:\kagglegolf\data\interim\vyanktesh_multi_source_onnx_solver_submission\task187.onnx","E:\kagglegolf\data\interim\vyanktesh_multi_source_onnx_solver_submission\task187.onnx","SRC_KAGGLE_NOTEBOOK_VYANKTESH_MULTI_SOURCE","GOLF_20260608_047_vyanktesh_multi_source_full","public_full_replace_except_task133","","","","","","true","medium","186","submit_full_source_except_failed_task133"
"task188","E:\kagglegolf\data\interim\vyanktesh_multi_source_onnx_solver_submission\task188.onnx","E:\kagglegolf\data\interim\vyanktesh_multi_source_onnx_solver_submission\task188.onnx","SRC_KAGGLE_NOTEBOOK_VYANKTESH_MULTI_SOURCE","GOLF_20260608_047_vyanktesh_multi_source_full","public_full_replace_except_task133","","","","","","true","medium","187","submit_full_source_except_failed_task133"
"task189","E:\kagglegolf\data\interim\vyanktesh_multi_source_onnx_solver_submission\task189.onnx","E:\kagglegolf\data\interim\vyanktesh_multi_source_onnx_solver_submission\task189.onnx","SRC_KAGGLE_NOTEBOOK_VYANKTESH_MULTI_SOURCE","GOLF_20260608_047_vyanktesh_multi_source_full","public_full_replace_except_task133","","","","","","true","medium","188","submit_full_source_except_failed_task133"
"task190","E:\kagglegolf\data\interim\vyanktesh_multi_source_onnx_solver_submission\task190.onnx","E:\kagglegolf\data\interim\vyanktesh_multi_source_onnx_solver_submission\task190.onnx","SRC_KAGGLE_NOTEBOOK_VYANKTESH_MULTI_SOURCE","GOLF_20260608_047_vyanktesh_multi_source_full","public_full_replace_except_task133","","","","","","true","medium","189","submit_full_source_except_failed_task133"
"task191","E:\kagglegolf\data\interim\vyanktesh_multi_source_onnx_solver_submission\task191.onnx","E:\kagglegolf\data\interim\vyanktesh_multi_source_onnx_solver_submission\task191.onnx","SRC_KAGGLE_NOTEBOOK_VYANKTESH_MULTI_SOURCE","GOLF_20260608_047_vyanktesh_multi_source_full","public_full_replace_except_task133","","","","","","true","medium","190","submit_full_source_except_failed_task133"
"task192","E:\kagglegolf\data\interim\vyanktesh_multi_source_onnx_solver_submission\task192.onnx","E:\kagglegolf\data\interim\vyanktesh_multi_source_onnx_solver_submission\task192.onnx","SRC_KAGGLE_NOTEBOOK_VYANKTESH_MULTI_SOURCE","GOLF_20260608_047_vyanktesh_multi_source_full","public_full_replace_except_task133","","","","","","true","medium","191","submit_full_source_except_failed_task133"
"task193","E:\kagglegolf\data\interim\vyanktesh_multi_source_onnx_solver_submission\task193.onnx","E:\kagglegolf\data\interim\vyanktesh_multi_source_onnx_solver_submission\task193.onnx","SRC_KAGGLE_NOTEBOOK_VYANKTESH_MULTI_SOURCE","GOLF_20260608_047_vyanktesh_multi_source_full","public_full_replace_except_task133","","","","","","true","medium","192","submit_full_source_except_failed_task133"
"task194","E:\kagglegolf\data\interim\vyanktesh_multi_source_onnx_solver_submission\task194.onnx","E:\kagglegolf\data\interim\vyanktesh_multi_source_onnx_solver_submission\task194.onnx","SRC_KAGGLE_NOTEBOOK_VYANKTESH_MULTI_SOURCE","GOLF_20260608_047_vyanktesh_multi_source_full","public_full_replace_except_task133","","","","","","true","medium","193","submit_full_source_except_failed_task133"
"task195","E:\kagglegolf\data\interim\vyanktesh_multi_source_onnx_solver_submission\task195.onnx","E:\kagglegolf\data\interim\vyanktesh_multi_source_onnx_solver_submission\task195.onnx","SRC_KAGGLE_NOTEBOOK_VYANKTESH_MULTI_SOURCE","GOLF_20260608_047_vyanktesh_multi_source_full","public_full_replace_except_task133","","","","","","true","medium","194","submit_full_source_except_failed_task133"
"task196","E:\kagglegolf\data\interim\vyanktesh_multi_source_onnx_solver_submission\task196.onnx","E:\kagglegolf\data\interim\vyanktesh_multi_source_onnx_solver_submission\task196.onnx","SRC_KAGGLE_NOTEBOOK_VYANKTESH_MULTI_SOURCE","GOLF_20260608_047_vyanktesh_multi_source_full","public_full_replace_except_task133","","","","","","true","medium","195","submit_full_source_except_failed_task133"
"task197","E:\kagglegolf\data\interim\vyanktesh_multi_source_onnx_solver_submission\task197.onnx","E:\kagglegolf\data\interim\vyanktesh_multi_source_onnx_solver_submission\task197.onnx","SRC_KAGGLE_NOTEBOOK_VYANKTESH_MULTI_SOURCE","GOLF_20260608_047_vyanktesh_multi_source_full","public_full_replace_except_task133","","","","","","true","medium","196","submit_full_source_except_failed_task133"
"task198","E:\kagglegolf\data\interim\vyanktesh_multi_source_onnx_solver_submission\task198.onnx","E:\kagglegolf\data\interim\vyanktesh_multi_source_onnx_solver_submission\task198.onnx","SRC_KAGGLE_NOTEBOOK_VYANKTESH_MULTI_SOURCE","GOLF_20260608_047_vyanktesh_multi_source_full","public_full_replace_except_task133","","","","","","true","medium","197","submit_full_source_except_failed_task133"
"task199","E:\kagglegolf\data\interim\vyanktesh_multi_source_onnx_solver_submission\task199.onnx","E:\kagglegolf\data\interim\vyanktesh_multi_source_onnx_solver_submission\task199.onnx","SRC_KAGGLE_NOTEBOOK_VYANKTESH_MULTI_SOURCE","GOLF_20260608_047_vyanktesh_multi_source_full","public_full_replace_except_task133","","","","","","true","medium","198","submit_full_source_except_failed_task133"
"task200","E:\kagglegolf\data\interim\vyanktesh_multi_source_onnx_solver_submission\task200.onnx","E:\kagglegolf\data\interim\vyanktesh_multi_source_onnx_solver_submission\task200.onnx","SRC_KAGGLE_NOTEBOOK_VYANKTESH_MULTI_SOURCE","GOLF_20260608_047_vyanktesh_multi_source_full","public_full_replace_except_task133","","","","","","true","medium","199","submit_full_source_except_failed_task133"
"task201","E:\kagglegolf\data\interim\vyanktesh_multi_source_onnx_solver_submission\task201.onnx","E:\kagglegolf\data\interim\vyanktesh_multi_source_onnx_solver_submission\task201.onnx","SRC_KAGGLE_NOTEBOOK_VYANKTESH_MULTI_SOURCE","GOLF_20260608_047_vyanktesh_multi_source_full","public_full_replace_except_task133","","","","","","true","medium","200","submit_full_source_except_failed_task133"
"task202","E:\kagglegolf\data\interim\vyanktesh_multi_source_onnx_solver_submission\task202.onnx","E:\kagglegolf\data\interim\vyanktesh_multi_source_onnx_solver_submission\task202.onnx","SRC_KAGGLE_NOTEBOOK_VYANKTESH_MULTI_SOURCE","GOLF_20260608_047_vyanktesh_multi_source_full","public_full_replace_except_task133","","","","","","true","medium","201","submit_full_source_except_failed_task133"
"task203","E:\kagglegolf\data\interim\vyanktesh_multi_source_onnx_solver_submission\task203.onnx","E:\kagglegolf\data\interim\vyanktesh_multi_source_onnx_solver_submission\task203.onnx","SRC_KAGGLE_NOTEBOOK_VYANKTESH_MULTI_SOURCE","GOLF_20260608_047_vyanktesh_multi_source_full","public_full_replace_except_task133","","","","","","true","medium","202","submit_full_source_except_failed_task133"
"task204","E:\kagglegolf\data\interim\vyanktesh_multi_source_onnx_solver_submission\task204.onnx","E:\kagglegolf\data\interim\vyanktesh_multi_source_onnx_solver_submission\task204.onnx","SRC_KAGGLE_NOTEBOOK_VYANKTESH_MULTI_SOURCE","GOLF_20260608_047_vyanktesh_multi_source_full","public_full_replace_except_task133","","","","","","true","medium","203","submit_full_source_except_failed_task133"
"task205","E:\kagglegolf\data\interim\vyanktesh_multi_source_onnx_solver_submission\task205.onnx","E:\kagglegolf\data\interim\vyanktesh_multi_source_onnx_solver_submission\task205.onnx","SRC_KAGGLE_NOTEBOOK_VYANKTESH_MULTI_SOURCE","GOLF_20260608_047_vyanktesh_multi_source_full","public_full_replace_except_task133","","","","","","true","medium","204","submit_full_source_except_failed_task133"
"task206","E:\kagglegolf\data\interim\vyanktesh_multi_source_onnx_solver_submission\task206.onnx","E:\kagglegolf\data\interim\vyanktesh_multi_source_onnx_solver_submission\task206.onnx","SRC_KAGGLE_NOTEBOOK_VYANKTESH_MULTI_SOURCE","GOLF_20260608_047_vyanktesh_multi_source_full","public_full_replace_except_task133","","","","","","true","medium","205","submit_full_source_except_failed_task133"
"task207","E:\kagglegolf\data\interim\vyanktesh_multi_source_onnx_solver_submission\task207.onnx","E:\kagglegolf\data\interim\vyanktesh_multi_source_onnx_solver_submission\task207.onnx","SRC_KAGGLE_NOTEBOOK_VYANKTESH_MULTI_SOURCE","GOLF_20260608_047_vyanktesh_multi_source_full","public_full_replace_except_task133","","","","","","true","medium","206","submit_full_source_except_failed_task133"
"task208","E:\kagglegolf\data\interim\vyanktesh_multi_source_onnx_solver_submission\task208.onnx","E:\kagglegolf\data\interim\vyanktesh_multi_source_onnx_solver_submission\task208.onnx","SRC_KAGGLE_NOTEBOOK_VYANKTESH_MULTI_SOURCE","GOLF_20260608_047_vyanktesh_multi_source_full","public_full_replace_except_task133","","","","","","true","medium","207","submit_full_source_except_failed_task133"
"task209","E:\kagglegolf\data\interim\vyanktesh_multi_source_onnx_solver_submission\task209.onnx","E:\kagglegolf\data\interim\vyanktesh_multi_source_onnx_solver_submission\task209.onnx","SRC_KAGGLE_NOTEBOOK_VYANKTESH_MULTI_SOURCE","GOLF_20260608_047_vyanktesh_multi_source_full","public_full_replace_except_task133","","","","","","true","medium","208","submit_full_source_except_failed_task133"
"task210","E:\kagglegolf\data\interim\vyanktesh_multi_source_onnx_solver_submission\task210.onnx","E:\kagglegolf\data\interim\vyanktesh_multi_source_onnx_solver_submission\task210.onnx","SRC_KAGGLE_NOTEBOOK_VYANKTESH_MULTI_SOURCE","GOLF_20260608_047_vyanktesh_multi_source_full","public_full_replace_except_task133","","","","","","true","medium","209","submit_full_source_except_failed_task133"
"task211","E:\kagglegolf\data\interim\vyanktesh_multi_source_onnx_solver_submission\task211.onnx","E:\kagglegolf\data\interim\vyanktesh_multi_source_onnx_solver_submission\task211.onnx","SRC_KAGGLE_NOTEBOOK_VYANKTESH_MULTI_SOURCE","GOLF_20260608_047_vyanktesh_multi_source_full","public_full_replace_except_task133","","","","","","true","medium","210","submit_full_source_except_failed_task133"
"task212","E:\kagglegolf\data\interim\vyanktesh_multi_source_onnx_solver_submission\task212.onnx","E:\kagglegolf\data\interim\vyanktesh_multi_source_onnx_solver_submission\task212.onnx","SRC_KAGGLE_NOTEBOOK_VYANKTESH_MULTI_SOURCE","GOLF_20260608_047_vyanktesh_multi_source_full","public_full_replace_except_task133","","","","","","true","medium","211","submit_full_source_except_failed_task133"
"task213","E:\kagglegolf\data\interim\vyanktesh_multi_source_onnx_solver_submission\task213.onnx","E:\kagglegolf\data\interim\vyanktesh_multi_source_onnx_solver_submission\task213.onnx","SRC_KAGGLE_NOTEBOOK_VYANKTESH_MULTI_SOURCE","GOLF_20260608_047_vyanktesh_multi_source_full","public_full_replace_except_task133","","","","","","true","medium","212","submit_full_source_except_failed_task133"
"task214","E:\kagglegolf\data\interim\vyanktesh_multi_source_onnx_solver_submission\task214.onnx","E:\kagglegolf\data\interim\vyanktesh_multi_source_onnx_solver_submission\task214.onnx","SRC_KAGGLE_NOTEBOOK_VYANKTESH_MULTI_SOURCE","GOLF_20260608_047_vyanktesh_multi_source_full","public_full_replace_except_task133","","","","","","true","medium","213","submit_full_source_except_failed_task133"
"task215","E:\kagglegolf\data\interim\vyanktesh_multi_source_onnx_solver_submission\task215.onnx","E:\kagglegolf\data\interim\vyanktesh_multi_source_onnx_solver_submission\task215.onnx","SRC_KAGGLE_NOTEBOOK_VYANKTESH_MULTI_SOURCE","GOLF_20260608_047_vyanktesh_multi_source_full","public_full_replace_except_task133","","","","","","true","medium","214","submit_full_source_except_failed_task133"
"task216","E:\kagglegolf\data\interim\vyanktesh_multi_source_onnx_solver_submission\task216.onnx","E:\kagglegolf\data\interim\vyanktesh_multi_source_onnx_solver_submission\task216.onnx","SRC_KAGGLE_NOTEBOOK_VYANKTESH_MULTI_SOURCE","GOLF_20260608_047_vyanktesh_multi_source_full","public_full_replace_except_task133","","","","","","true","medium","215","submit_full_source_except_failed_task133"
"task217","E:\kagglegolf\data\interim\vyanktesh_multi_source_onnx_solver_submission\task217.onnx","E:\kagglegolf\data\interim\vyanktesh_multi_source_onnx_solver_submission\task217.onnx","SRC_KAGGLE_NOTEBOOK_VYANKTESH_MULTI_SOURCE","GOLF_20260608_047_vyanktesh_multi_source_full","public_full_replace_except_task133","","","","","","true","medium","216","submit_full_source_except_failed_task133"
"task218","E:\kagglegolf\data\interim\vyanktesh_multi_source_onnx_solver_submission\task218.onnx","E:\kagglegolf\data\interim\vyanktesh_multi_source_onnx_solver_submission\task218.onnx","SRC_KAGGLE_NOTEBOOK_VYANKTESH_MULTI_SOURCE","GOLF_20260608_047_vyanktesh_multi_source_full","public_full_replace_except_task133","","","","","","true","medium","217","submit_full_source_except_failed_task133"
"task219","E:\kagglegolf\data\interim\vyanktesh_multi_source_onnx_solver_submission\task219.onnx","E:\kagglegolf\data\interim\vyanktesh_multi_source_onnx_solver_submission\task219.onnx","SRC_KAGGLE_NOTEBOOK_VYANKTESH_MULTI_SOURCE","GOLF_20260608_047_vyanktesh_multi_source_full","public_full_replace_except_task133","","","","","","true","medium","218","submit_full_source_except_failed_task133"
"task220","E:\kagglegolf\data\interim\vyanktesh_multi_source_onnx_solver_submission\task220.onnx","E:\kagglegolf\data\interim\vyanktesh_multi_source_onnx_solver_submission\task220.onnx","SRC_KAGGLE_NOTEBOOK_VYANKTESH_MULTI_SOURCE","GOLF_20260608_047_vyanktesh_multi_source_full","public_full_replace_except_task133","","","","","","true","medium","219","submit_full_source_except_failed_task133"
"task221","E:\kagglegolf\data\interim\vyanktesh_multi_source_onnx_solver_submission\task221.onnx","E:\kagglegolf\data\interim\vyanktesh_multi_source_onnx_solver_submission\task221.onnx","SRC_KAGGLE_NOTEBOOK_VYANKTESH_MULTI_SOURCE","GOLF_20260608_047_vyanktesh_multi_source_full","public_full_replace_except_task133","","","","","","true","medium","220","submit_full_source_except_failed_task133"
"task222","E:\kagglegolf\data\interim\vyanktesh_multi_source_onnx_solver_submission\task222.onnx","E:\kagglegolf\data\interim\vyanktesh_multi_source_onnx_solver_submission\task222.onnx","SRC_KAGGLE_NOTEBOOK_VYANKTESH_MULTI_SOURCE","GOLF_20260608_047_vyanktesh_multi_source_full","public_full_replace_except_task133","","","","","","true","medium","221","submit_full_source_except_failed_task133"
"task223","E:\kagglegolf\data\interim\vyanktesh_multi_source_onnx_solver_submission\task223.onnx","E:\kagglegolf\data\interim\vyanktesh_multi_source_onnx_solver_submission\task223.onnx","SRC_KAGGLE_NOTEBOOK_VYANKTESH_MULTI_SOURCE","GOLF_20260608_047_vyanktesh_multi_source_full","public_full_replace_except_task133","","","","","","true","medium","222","submit_full_source_except_failed_task133"
"task224","E:\kagglegolf\data\interim\vyanktesh_multi_source_onnx_solver_submission\task224.onnx","E:\kagglegolf\data\interim\vyanktesh_multi_source_onnx_solver_submission\task224.onnx","SRC_KAGGLE_NOTEBOOK_VYANKTESH_MULTI_SOURCE","GOLF_20260608_047_vyanktesh_multi_source_full","public_full_replace_except_task133","","","","","","true","medium","223","submit_full_source_except_failed_task133"
"task225","E:\kagglegolf\data\interim\vyanktesh_multi_source_onnx_solver_submission\task225.onnx","E:\kagglegolf\data\interim\vyanktesh_multi_source_onnx_solver_submission\task225.onnx","SRC_KAGGLE_NOTEBOOK_VYANKTESH_MULTI_SOURCE","GOLF_20260608_047_vyanktesh_multi_source_full","public_full_replace_except_task133","","","","","","true","medium","224","submit_full_source_except_failed_task133"
"task226","E:\kagglegolf\data\interim\vyanktesh_multi_source_onnx_solver_submission\task226.onnx","E:\kagglegolf\data\interim\vyanktesh_multi_source_onnx_solver_submission\task226.onnx","SRC_KAGGLE_NOTEBOOK_VYANKTESH_MULTI_SOURCE","GOLF_20260608_047_vyanktesh_multi_source_full","public_full_replace_except_task133","","","","","","true","medium","225","submit_full_source_except_failed_task133"
"task227","E:\kagglegolf\data\interim\vyanktesh_multi_source_onnx_solver_submission\task227.onnx","E:\kagglegolf\data\interim\vyanktesh_multi_source_onnx_solver_submission\task227.onnx","SRC_KAGGLE_NOTEBOOK_VYANKTESH_MULTI_SOURCE","GOLF_20260608_047_vyanktesh_multi_source_full","public_full_replace_except_task133","","","","","","true","medium","226","submit_full_source_except_failed_task133"
"task228","E:\kagglegolf\data\interim\vyanktesh_multi_source_onnx_solver_submission\task228.onnx","E:\kagglegolf\data\interim\vyanktesh_multi_source_onnx_solver_submission\task228.onnx","SRC_KAGGLE_NOTEBOOK_VYANKTESH_MULTI_SOURCE","GOLF_20260608_047_vyanktesh_multi_source_full","public_full_replace_except_task133","","","","","","true","medium","227","submit_full_source_except_failed_task133"
"task229","E:\kagglegolf\data\interim\vyanktesh_multi_source_onnx_solver_submission\task229.onnx","E:\kagglegolf\data\interim\vyanktesh_multi_source_onnx_solver_submission\task229.onnx","SRC_KAGGLE_NOTEBOOK_VYANKTESH_MULTI_SOURCE","GOLF_20260608_047_vyanktesh_multi_source_full","public_full_replace_except_task133","","","","","","true","medium","228","submit_full_source_except_failed_task133"
"task230","E:\kagglegolf\data\interim\vyanktesh_multi_source_onnx_solver_submission\task230.onnx","E:\kagglegolf\data\interim\vyanktesh_multi_source_onnx_solver_submission\task230.onnx","SRC_KAGGLE_NOTEBOOK_VYANKTESH_MULTI_SOURCE","GOLF_20260608_047_vyanktesh_multi_source_full","public_full_replace_except_task133","","","","","","true","medium","229","submit_full_source_except_failed_task133"
"task231","E:\kagglegolf\data\interim\vyanktesh_multi_source_onnx_solver_submission\task231.onnx","E:\kagglegolf\data\interim\vyanktesh_multi_source_onnx_solver_submission\task231.onnx","SRC_KAGGLE_NOTEBOOK_VYANKTESH_MULTI_SOURCE","GOLF_20260608_047_vyanktesh_multi_source_full","public_full_replace_except_task133","","","","","","true","medium","230","submit_full_source_except_failed_task133"
"task232","E:\kagglegolf\data\interim\vyanktesh_multi_source_onnx_solver_submission\task232.onnx","E:\kagglegolf\data\interim\vyanktesh_multi_source_onnx_solver_submission\task232.onnx","SRC_KAGGLE_NOTEBOOK_VYANKTESH_MULTI_SOURCE","GOLF_20260608_047_vyanktesh_multi_source_full","public_full_replace_except_task133","","","","","","true","medium","231","submit_full_source_except_failed_task133"
"task233","E:\kagglegolf\data\interim\vyanktesh_multi_source_onnx_solver_submission\task233.onnx","E:\kagglegolf\data\interim\vyanktesh_multi_source_onnx_solver_submission\task233.onnx","SRC_KAGGLE_NOTEBOOK_VYANKTESH_MULTI_SOURCE","GOLF_20260608_047_vyanktesh_multi_source_full","public_full_replace_except_task133","","","","","","true","medium","232","submit_full_source_except_failed_task133"
"task234","E:\kagglegolf\data\interim\vyanktesh_multi_source_onnx_solver_submission\task234.onnx","E:\kagglegolf\data\interim\vyanktesh_multi_source_onnx_solver_submission\task234.onnx","SRC_KAGGLE_NOTEBOOK_VYANKTESH_MULTI_SOURCE","GOLF_20260608_047_vyanktesh_multi_source_full","public_full_replace_except_task133","","","","","","true","medium","233","submit_full_source_except_failed_task133"
"task235","E:\kagglegolf\data\interim\vyanktesh_multi_source_onnx_solver_submission\task235.onnx","E:\kagglegolf\data\interim\vyanktesh_multi_source_onnx_solver_submission\task235.onnx","SRC_KAGGLE_NOTEBOOK_VYANKTESH_MULTI_SOURCE","GOLF_20260608_047_vyanktesh_multi_source_full","public_full_replace_except_task133","","","","","","true","medium","234","submit_full_source_except_failed_task133"
"task236","E:\kagglegolf\data\interim\vyanktesh_multi_source_onnx_solver_submission\task236.onnx","E:\kagglegolf\data\interim\vyanktesh_multi_source_onnx_solver_submission\task236.onnx","SRC_KAGGLE_NOTEBOOK_VYANKTESH_MULTI_SOURCE","GOLF_20260608_047_vyanktesh_multi_source_full","public_full_replace_except_task133","","","","","","true","medium","235","submit_full_source_except_failed_task133"
"task237","E:\kagglegolf\data\interim\vyanktesh_multi_source_onnx_solver_submission\task237.onnx","E:\kagglegolf\data\interim\vyanktesh_multi_source_onnx_solver_submission\task237.onnx","SRC_KAGGLE_NOTEBOOK_VYANKTESH_MULTI_SOURCE","GOLF_20260608_047_vyanktesh_multi_source_full","public_full_replace_except_task133","","","","","","true","medium","236","submit_full_source_except_failed_task133"
"task238","E:\kagglegolf\data\interim\vyanktesh_multi_source_onnx_solver_submission\task238.onnx","E:\kagglegolf\data\interim\vyanktesh_multi_source_onnx_solver_submission\task238.onnx","SRC_KAGGLE_NOTEBOOK_VYANKTESH_MULTI_SOURCE","GOLF_20260608_047_vyanktesh_multi_source_full","public_full_replace_except_task133","","","","","","true","medium","237","submit_full_source_except_failed_task133"
"task239","E:\kagglegolf\data\interim\vyanktesh_multi_source_onnx_solver_submission\task239.onnx","E:\kagglegolf\data\interim\vyanktesh_multi_source_onnx_solver_submission\task239.onnx","SRC_KAGGLE_NOTEBOOK_VYANKTESH_MULTI_SOURCE","GOLF_20260608_047_vyanktesh_multi_source_full","public_full_replace_except_task133","","","","","","true","medium","238","submit_full_source_except_failed_task133"
"task240","E:\kagglegolf\data\interim\vyanktesh_multi_source_onnx_solver_submission\task240.onnx","E:\kagglegolf\data\interim\vyanktesh_multi_source_onnx_solver_submission\task240.onnx","SRC_KAGGLE_NOTEBOOK_VYANKTESH_MULTI_SOURCE","GOLF_20260608_047_vyanktesh_multi_source_full","public_full_replace_except_task133","","","","","","true","medium","239","submit_full_source_except_failed_task133"
"task241","E:\kagglegolf\data\interim\vyanktesh_multi_source_onnx_solver_submission\task241.onnx","E:\kagglegolf\data\interim\vyanktesh_multi_source_onnx_solver_submission\task241.onnx","SRC_KAGGLE_NOTEBOOK_VYANKTESH_MULTI_SOURCE","GOLF_20260608_047_vyanktesh_multi_source_full","public_full_replace_except_task133","","","","","","true","medium","240","submit_full_source_except_failed_task133"
"task242","E:\kagglegolf\data\interim\vyanktesh_multi_source_onnx_solver_submission\task242.onnx","E:\kagglegolf\data\interim\vyanktesh_multi_source_onnx_solver_submission\task242.onnx","SRC_KAGGLE_NOTEBOOK_VYANKTESH_MULTI_SOURCE","GOLF_20260608_047_vyanktesh_multi_source_full","public_full_replace_except_task133","","","","","","true","medium","241","submit_full_source_except_failed_task133"
"task243","E:\kagglegolf\data\interim\vyanktesh_multi_source_onnx_solver_submission\task243.onnx","E:\kagglegolf\data\interim\vyanktesh_multi_source_onnx_solver_submission\task243.onnx","SRC_KAGGLE_NOTEBOOK_VYANKTESH_MULTI_SOURCE","GOLF_20260608_047_vyanktesh_multi_source_full","public_full_replace_except_task133","","","","","","true","medium","242","submit_full_source_except_failed_task133"
"task244","E:\kagglegolf\data\interim\vyanktesh_multi_source_onnx_solver_submission\task244.onnx","E:\kagglegolf\data\interim\vyanktesh_multi_source_onnx_solver_submission\task244.onnx","SRC_KAGGLE_NOTEBOOK_VYANKTESH_MULTI_SOURCE","GOLF_20260608_047_vyanktesh_multi_source_full","public_full_replace_except_task133","","","","","","true","medium","243","submit_full_source_except_failed_task133"
"task245","E:\kagglegolf\data\interim\vyanktesh_multi_source_onnx_solver_submission\task245.onnx","E:\kagglegolf\data\interim\vyanktesh_multi_source_onnx_solver_submission\task245.onnx","SRC_KAGGLE_NOTEBOOK_VYANKTESH_MULTI_SOURCE","GOLF_20260608_047_vyanktesh_multi_source_full","public_full_replace_except_task133","","","","","","true","medium","244","submit_full_source_except_failed_task133"
"task246","E:\kagglegolf\data\interim\vyanktesh_multi_source_onnx_solver_submission\task246.onnx","E:\kagglegolf\data\interim\vyanktesh_multi_source_onnx_solver_submission\task246.onnx","SRC_KAGGLE_NOTEBOOK_VYANKTESH_MULTI_SOURCE","GOLF_20260608_047_vyanktesh_multi_source_full","public_full_replace_except_task133","","","","","","true","medium","245","submit_full_source_except_failed_task133"
"task247","E:\kagglegolf\data\interim\vyanktesh_multi_source_onnx_solver_submission\task247.onnx","E:\kagglegolf\data\interim\vyanktesh_multi_source_onnx_solver_submission\task247.onnx","SRC_KAGGLE_NOTEBOOK_VYANKTESH_MULTI_SOURCE","GOLF_20260608_047_vyanktesh_multi_source_full","public_full_replace_except_task133","","","","","","true","medium","246","submit_full_source_except_failed_task133"
"task248","E:\kagglegolf\data\interim\vyanktesh_multi_source_onnx_solver_submission\task248.onnx","E:\kagglegolf\data\interim\vyanktesh_multi_source_onnx_solver_submission\task248.onnx","SRC_KAGGLE_NOTEBOOK_VYANKTESH_MULTI_SOURCE","GOLF_20260608_047_vyanktesh_multi_source_full","public_full_replace_except_task133","","","","","","true","medium","247","submit_full_source_except_failed_task133"
"task249","E:\kagglegolf\data\interim\vyanktesh_multi_source_onnx_solver_submission\task249.onnx","E:\kagglegolf\data\interim\vyanktesh_multi_source_onnx_solver_submission\task249.onnx","SRC_KAGGLE_NOTEBOOK_VYANKTESH_MULTI_SOURCE","GOLF_20260608_047_vyanktesh_multi_source_full","public_full_replace_except_task133","","","","","","true","medium","248","submit_full_source_except_failed_task133"
"task250","E:\kagglegolf\data\interim\vyanktesh_multi_source_onnx_solver_submission\task250.onnx","E:\kagglegolf\data\interim\vyanktesh_multi_source_onnx_solver_submission\task250.onnx","SRC_KAGGLE_NOTEBOOK_VYANKTESH_MULTI_SOURCE","GOLF_20260608_047_vyanktesh_multi_source_full","public_full_replace_except_task133","","","","","","true","medium","249","submit_full_source_except_failed_task133"
"task251","E:\kagglegolf\data\interim\vyanktesh_multi_source_onnx_solver_submission\task251.onnx","E:\kagglegolf\data\interim\vyanktesh_multi_source_onnx_solver_submission\task251.onnx","SRC_KAGGLE_NOTEBOOK_VYANKTESH_MULTI_SOURCE","GOLF_20260608_047_vyanktesh_multi_source_full","public_full_replace_except_task133","","","","","","true","medium","250","submit_full_source_except_failed_task133"
"task252","E:\kagglegolf\data\interim\vyanktesh_multi_source_onnx_solver_submission\task252.onnx","E:\kagglegolf\data\interim\vyanktesh_multi_source_onnx_solver_submission\task252.onnx","SRC_KAGGLE_NOTEBOOK_VYANKTESH_MULTI_SOURCE","GOLF_20260608_047_vyanktesh_multi_source_full","public_full_replace_except_task133","","","","","","true","medium","251","submit_full_source_except_failed_task133"
"task253","E:\kagglegolf\data\interim\vyanktesh_multi_source_onnx_solver_submission\task253.onnx","E:\kagglegolf\data\interim\vyanktesh_multi_source_onnx_solver_submission\task253.onnx","SRC_KAGGLE_NOTEBOOK_VYANKTESH_MULTI_SOURCE","GOLF_20260608_047_vyanktesh_multi_source_full","public_full_replace_except_task133","","","","","","true","medium","252","submit_full_source_except_failed_task133"
"task254","E:\kagglegolf\data\interim\vyanktesh_multi_source_onnx_solver_submission\task254.onnx","E:\kagglegolf\data\interim\vyanktesh_multi_source_onnx_solver_submission\task254.onnx","SRC_KAGGLE_NOTEBOOK_VYANKTESH_MULTI_SOURCE","GOLF_20260608_047_vyanktesh_multi_source_full","public_full_replace_except_task133","","","","","","true","medium","253","submit_full_source_except_failed_task133"
"task255","E:\kagglegolf\data\interim\vyanktesh_multi_source_onnx_solver_submission\task255.onnx","E:\kagglegolf\data\interim\vyanktesh_multi_source_onnx_solver_submission\task255.onnx","SRC_KAGGLE_NOTEBOOK_VYANKTESH_MULTI_SOURCE","GOLF_20260608_047_vyanktesh_multi_source_full","public_full_replace_except_task133","","","","","","true","medium","254","submit_full_source_except_failed_task133"
"task256","E:\kagglegolf\data\interim\vyanktesh_multi_source_onnx_solver_submission\task256.onnx","E:\kagglegolf\data\interim\vyanktesh_multi_source_onnx_solver_submission\task256.onnx","SRC_KAGGLE_NOTEBOOK_VYANKTESH_MULTI_SOURCE","GOLF_20260608_047_vyanktesh_multi_source_full","public_full_replace_except_task133","","","","","","true","medium","255","submit_full_source_except_failed_task133"
"task257","E:\kagglegolf\data\interim\vyanktesh_multi_source_onnx_solver_submission\task257.onnx","E:\kagglegolf\data\interim\vyanktesh_multi_source_onnx_solver_submission\task257.onnx","SRC_KAGGLE_NOTEBOOK_VYANKTESH_MULTI_SOURCE","GOLF_20260608_047_vyanktesh_multi_source_full","public_full_replace_except_task133","","","","","","true","medium","256","submit_full_source_except_failed_task133"
"task258","E:\kagglegolf\data\interim\vyanktesh_multi_source_onnx_solver_submission\task258.onnx","E:\kagglegolf\data\interim\vyanktesh_multi_source_onnx_solver_submission\task258.onnx","SRC_KAGGLE_NOTEBOOK_VYANKTESH_MULTI_SOURCE","GOLF_20260608_047_vyanktesh_multi_source_full","public_full_replace_except_task133","","","","","","true","medium","257","submit_full_source_except_failed_task133"
"task259","E:\kagglegolf\data\interim\vyanktesh_multi_source_onnx_solver_submission\task259.onnx","E:\kagglegolf\data\interim\vyanktesh_multi_source_onnx_solver_submission\task259.onnx","SRC_KAGGLE_NOTEBOOK_VYANKTESH_MULTI_SOURCE","GOLF_20260608_047_vyanktesh_multi_source_full","public_full_replace_except_task133","","","","","","true","medium","258","submit_full_source_except_failed_task133"
"task260","E:\kagglegolf\data\interim\vyanktesh_multi_source_onnx_solver_submission\task260.onnx","E:\kagglegolf\data\interim\vyanktesh_multi_source_onnx_solver_submission\task260.onnx","SRC_KAGGLE_NOTEBOOK_VYANKTESH_MULTI_SOURCE","GOLF_20260608_047_vyanktesh_multi_source_full","public_full_replace_except_task133","","","","","","true","medium","259","submit_full_source_except_failed_task133"
"task261","E:\kagglegolf\data\interim\vyanktesh_multi_source_onnx_solver_submission\task261.onnx","E:\kagglegolf\data\interim\vyanktesh_multi_source_onnx_solver_submission\task261.onnx","SRC_KAGGLE_NOTEBOOK_VYANKTESH_MULTI_SOURCE","GOLF_20260608_047_vyanktesh_multi_source_full","public_full_replace_except_task133","","","","","","true","medium","260","submit_full_source_except_failed_task133"
"task262","E:\kagglegolf\data\interim\vyanktesh_multi_source_onnx_solver_submission\task262.onnx","E:\kagglegolf\data\interim\vyanktesh_multi_source_onnx_solver_submission\task262.onnx","SRC_KAGGLE_NOTEBOOK_VYANKTESH_MULTI_SOURCE","GOLF_20260608_047_vyanktesh_multi_source_full","public_full_replace_except_task133","","","","","","true","medium","261","submit_full_source_except_failed_task133"
"task263","E:\kagglegolf\data\interim\vyanktesh_multi_source_onnx_solver_submission\task263.onnx","E:\kagglegolf\data\interim\vyanktesh_multi_source_onnx_solver_submission\task263.onnx","SRC_KAGGLE_NOTEBOOK_VYANKTESH_MULTI_SOURCE","GOLF_20260608_047_vyanktesh_multi_source_full","public_full_replace_except_task133","","","","","","true","medium","262","submit_full_source_except_failed_task133"
"task264","E:\kagglegolf\data\interim\vyanktesh_multi_source_onnx_solver_submission\task264.onnx","E:\kagglegolf\data\interim\vyanktesh_multi_source_onnx_solver_submission\task264.onnx","SRC_KAGGLE_NOTEBOOK_VYANKTESH_MULTI_SOURCE","GOLF_20260608_047_vyanktesh_multi_source_full","public_full_replace_except_task133","","","","","","true","medium","263","submit_full_source_except_failed_task133"
"task265","E:\kagglegolf\data\interim\vyanktesh_multi_source_onnx_solver_submission\task265.onnx","E:\kagglegolf\data\interim\vyanktesh_multi_source_onnx_solver_submission\task265.onnx","SRC_KAGGLE_NOTEBOOK_VYANKTESH_MULTI_SOURCE","GOLF_20260608_047_vyanktesh_multi_source_full","public_full_replace_except_task133","","","","","","true","medium","264","submit_full_source_except_failed_task133"
"task266","E:\kagglegolf\data\interim\vyanktesh_multi_source_onnx_solver_submission\task266.onnx","E:\kagglegolf\data\interim\vyanktesh_multi_source_onnx_solver_submission\task266.onnx","SRC_KAGGLE_NOTEBOOK_VYANKTESH_MULTI_SOURCE","GOLF_20260608_047_vyanktesh_multi_source_full","public_full_replace_except_task133","","","","","","true","medium","265","submit_full_source_except_failed_task133"
"task267","E:\kagglegolf\data\interim\vyanktesh_multi_source_onnx_solver_submission\task267.onnx","E:\kagglegolf\data\interim\vyanktesh_multi_source_onnx_solver_submission\task267.onnx","SRC_KAGGLE_NOTEBOOK_VYANKTESH_MULTI_SOURCE","GOLF_20260608_047_vyanktesh_multi_source_full","public_full_replace_except_task133","","","","","","true","medium","266","submit_full_source_except_failed_task133"
"task268","E:\kagglegolf\data\interim\vyanktesh_multi_source_onnx_solver_submission\task268.onnx","E:\kagglegolf\data\interim\vyanktesh_multi_source_onnx_solver_submission\task268.onnx","SRC_KAGGLE_NOTEBOOK_VYANKTESH_MULTI_SOURCE","GOLF_20260608_047_vyanktesh_multi_source_full","public_full_replace_except_task133","","","","","","true","medium","267","submit_full_source_except_failed_task133"
"task269","E:\kagglegolf\data\interim\vyanktesh_multi_source_onnx_solver_submission\task269.onnx","E:\kagglegolf\data\interim\vyanktesh_multi_source_onnx_solver_submission\task269.onnx","SRC_KAGGLE_NOTEBOOK_VYANKTESH_MULTI_SOURCE","GOLF_20260608_047_vyanktesh_multi_source_full","public_full_replace_except_task133","","","","","","true","medium","268","submit_full_source_except_failed_task133"
"task270","E:\kagglegolf\data\interim\vyanktesh_multi_source_onnx_solver_submission\task270.onnx","E:\kagglegolf\data\interim\vyanktesh_multi_source_onnx_solver_submission\task270.onnx","SRC_KAGGLE_NOTEBOOK_VYANKTESH_MULTI_SOURCE","GOLF_20260608_047_vyanktesh_multi_source_full","public_full_replace_except_task133","","","","","","true","medium","269","submit_full_source_except_failed_task133"
"task271","E:\kagglegolf\data\interim\vyanktesh_multi_source_onnx_solver_submission\task271.onnx","E:\kagglegolf\data\interim\vyanktesh_multi_source_onnx_solver_submission\task271.onnx","SRC_KAGGLE_NOTEBOOK_VYANKTESH_MULTI_SOURCE","GOLF_20260608_047_vyanktesh_multi_source_full","public_full_replace_except_task133","","","","","","true","medium","270","submit_full_source_except_failed_task133"
"task272","E:\kagglegolf\data\interim\vyanktesh_multi_source_onnx_solver_submission\task272.onnx","E:\kagglegolf\data\interim\vyanktesh_multi_source_onnx_solver_submission\task272.onnx","SRC_KAGGLE_NOTEBOOK_VYANKTESH_MULTI_SOURCE","GOLF_20260608_047_vyanktesh_multi_source_full","public_full_replace_except_task133","","","","","","true","medium","271","submit_full_source_except_failed_task133"
"task273","E:\kagglegolf\data\interim\vyanktesh_multi_source_onnx_solver_submission\task273.onnx","E:\kagglegolf\data\interim\vyanktesh_multi_source_onnx_solver_submission\task273.onnx","SRC_KAGGLE_NOTEBOOK_VYANKTESH_MULTI_SOURCE","GOLF_20260608_047_vyanktesh_multi_source_full","public_full_replace_except_task133","","","","","","true","medium","272","submit_full_source_except_failed_task133"
"task274","E:\kagglegolf\data\interim\vyanktesh_multi_source_onnx_solver_submission\task274.onnx","E:\kagglegolf\data\interim\vyanktesh_multi_source_onnx_solver_submission\task274.onnx","SRC_KAGGLE_NOTEBOOK_VYANKTESH_MULTI_SOURCE","GOLF_20260608_047_vyanktesh_multi_source_full","public_full_replace_except_task133","","","","","","true","medium","273","submit_full_source_except_failed_task133"
"task275","E:\kagglegolf\data\interim\vyanktesh_multi_source_onnx_solver_submission\task275.onnx","E:\kagglegolf\data\interim\vyanktesh_multi_source_onnx_solver_submission\task275.onnx","SRC_KAGGLE_NOTEBOOK_VYANKTESH_MULTI_SOURCE","GOLF_20260608_047_vyanktesh_multi_source_full","public_full_replace_except_task133","","","","","","true","medium","274","submit_full_source_except_failed_task133"
"task276","E:\kagglegolf\data\interim\vyanktesh_multi_source_onnx_solver_submission\task276.onnx","E:\kagglegolf\data\interim\vyanktesh_multi_source_onnx_solver_submission\task276.onnx","SRC_KAGGLE_NOTEBOOK_VYANKTESH_MULTI_SOURCE","GOLF_20260608_047_vyanktesh_multi_source_full","public_full_replace_except_task133","","","","","","true","medium","275","submit_full_source_except_failed_task133"
"task277","E:\kagglegolf\data\interim\vyanktesh_multi_source_onnx_solver_submission\task277.onnx","E:\kagglegolf\data\interim\vyanktesh_multi_source_onnx_solver_submission\task277.onnx","SRC_KAGGLE_NOTEBOOK_VYANKTESH_MULTI_SOURCE","GOLF_20260608_047_vyanktesh_multi_source_full","public_full_replace_except_task133","","","","","","true","medium","276","submit_full_source_except_failed_task133"
"task278","E:\kagglegolf\data\interim\vyanktesh_multi_source_onnx_solver_submission\task278.onnx","E:\kagglegolf\data\interim\vyanktesh_multi_source_onnx_solver_submission\task278.onnx","SRC_KAGGLE_NOTEBOOK_VYANKTESH_MULTI_SOURCE","GOLF_20260608_047_vyanktesh_multi_source_full","public_full_replace_except_task133","","","","","","true","medium","277","submit_full_source_except_failed_task133"
"task279","E:\kagglegolf\data\interim\vyanktesh_multi_source_onnx_solver_submission\task279.onnx","E:\kagglegolf\data\interim\vyanktesh_multi_source_onnx_solver_submission\task279.onnx","SRC_KAGGLE_NOTEBOOK_VYANKTESH_MULTI_SOURCE","GOLF_20260608_047_vyanktesh_multi_source_full","public_full_replace_except_task133","","","","","","true","medium","278","submit_full_source_except_failed_task133"
"task280","E:\kagglegolf\data\interim\vyanktesh_multi_source_onnx_solver_submission\task280.onnx","E:\kagglegolf\data\interim\vyanktesh_multi_source_onnx_solver_submission\task280.onnx","SRC_KAGGLE_NOTEBOOK_VYANKTESH_MULTI_SOURCE","GOLF_20260608_047_vyanktesh_multi_source_full","public_full_replace_except_task133","","","","","","true","medium","279","submit_full_source_except_failed_task133"
"task281","E:\kagglegolf\data\interim\vyanktesh_multi_source_onnx_solver_submission\task281.onnx","E:\kagglegolf\data\interim\vyanktesh_multi_source_onnx_solver_submission\task281.onnx","SRC_KAGGLE_NOTEBOOK_VYANKTESH_MULTI_SOURCE","GOLF_20260608_047_vyanktesh_multi_source_full","public_full_replace_except_task133","","","","","","true","medium","280","submit_full_source_except_failed_task133"
"task282","E:\kagglegolf\data\interim\vyanktesh_multi_source_onnx_solver_submission\task282.onnx","E:\kagglegolf\data\interim\vyanktesh_multi_source_onnx_solver_submission\task282.onnx","SRC_KAGGLE_NOTEBOOK_VYANKTESH_MULTI_SOURCE","GOLF_20260608_047_vyanktesh_multi_source_full","public_full_replace_except_task133","","","","","","true","medium","281","submit_full_source_except_failed_task133"
"task283","E:\kagglegolf\data\interim\vyanktesh_multi_source_onnx_solver_submission\task283.onnx","E:\kagglegolf\data\interim\vyanktesh_multi_source_onnx_solver_submission\task283.onnx","SRC_KAGGLE_NOTEBOOK_VYANKTESH_MULTI_SOURCE","GOLF_20260608_047_vyanktesh_multi_source_full","public_full_replace_except_task133","","","","","","true","medium","282","submit_full_source_except_failed_task133"
"task284","E:\kagglegolf\data\interim\vyanktesh_multi_source_onnx_solver_submission\task284.onnx","E:\kagglegolf\data\interim\vyanktesh_multi_source_onnx_solver_submission\task284.onnx","SRC_KAGGLE_NOTEBOOK_VYANKTESH_MULTI_SOURCE","GOLF_20260608_047_vyanktesh_multi_source_full","public_full_replace_except_task133","","","","","","true","medium","283","submit_full_source_except_failed_task133"
"task285","E:\kagglegolf\data\interim\vyanktesh_multi_source_onnx_solver_submission\task285.onnx","E:\kagglegolf\data\interim\vyanktesh_multi_source_onnx_solver_submission\task285.onnx","SRC_KAGGLE_NOTEBOOK_VYANKTESH_MULTI_SOURCE","GOLF_20260608_047_vyanktesh_multi_source_full","public_full_replace_except_task133","","","","","","true","medium","284","submit_full_source_except_failed_task133"
"task286","E:\kagglegolf\data\interim\vyanktesh_multi_source_onnx_solver_submission\task286.onnx","E:\kagglegolf\data\interim\vyanktesh_multi_source_onnx_solver_submission\task286.onnx","SRC_KAGGLE_NOTEBOOK_VYANKTESH_MULTI_SOURCE","GOLF_20260608_047_vyanktesh_multi_source_full","public_full_replace_except_task133","","","","","","true","medium","285","submit_full_source_except_failed_task133"
"task287","E:\kagglegolf\data\interim\vyanktesh_multi_source_onnx_solver_submission\task287.onnx","E:\kagglegolf\data\interim\vyanktesh_multi_source_onnx_solver_submission\task287.onnx","SRC_KAGGLE_NOTEBOOK_VYANKTESH_MULTI_SOURCE","GOLF_20260608_047_vyanktesh_multi_source_full","public_full_replace_except_task133","","","","","","true","medium","286","submit_full_source_except_failed_task133"
"task288","E:\kagglegolf\data\interim\vyanktesh_multi_source_onnx_solver_submission\task288.onnx","E:\kagglegolf\data\interim\vyanktesh_multi_source_onnx_solver_submission\task288.onnx","SRC_KAGGLE_NOTEBOOK_VYANKTESH_MULTI_SOURCE","GOLF_20260608_047_vyanktesh_multi_source_full","public_full_replace_except_task133","","","","","","true","medium","287","submit_full_source_except_failed_task133"
"task289","E:\kagglegolf\data\interim\vyanktesh_multi_source_onnx_solver_submission\task289.onnx","E:\kagglegolf\data\interim\vyanktesh_multi_source_onnx_solver_submission\task289.onnx","SRC_KAGGLE_NOTEBOOK_VYANKTESH_MULTI_SOURCE","GOLF_20260608_047_vyanktesh_multi_source_full","public_full_replace_except_task133","","","","","","true","medium","288","submit_full_source_except_failed_task133"
"task290","E:\kagglegolf\data\interim\vyanktesh_multi_source_onnx_solver_submission\task290.onnx","E:\kagglegolf\data\interim\vyanktesh_multi_source_onnx_solver_submission\task290.onnx","SRC_KAGGLE_NOTEBOOK_VYANKTESH_MULTI_SOURCE","GOLF_20260608_047_vyanktesh_multi_source_full","public_full_replace_except_task133","","","","","","true","medium","289","submit_full_source_except_failed_task133"
"task291","E:\kagglegolf\data\interim\vyanktesh_multi_source_onnx_solver_submission\task291.onnx","E:\kagglegolf\data\interim\vyanktesh_multi_source_onnx_solver_submission\task291.onnx","SRC_KAGGLE_NOTEBOOK_VYANKTESH_MULTI_SOURCE","GOLF_20260608_047_vyanktesh_multi_source_full","public_full_replace_except_task133","","","","","","true","medium","290","submit_full_source_except_failed_task133"
"task292","E:\kagglegolf\data\interim\vyanktesh_multi_source_onnx_solver_submission\task292.onnx","E:\kagglegolf\data\interim\vyanktesh_multi_source_onnx_solver_submission\task292.onnx","SRC_KAGGLE_NOTEBOOK_VYANKTESH_MULTI_SOURCE","GOLF_20260608_047_vyanktesh_multi_source_full","public_full_replace_except_task133","","","","","","true","medium","291","submit_full_source_except_failed_task133"
"task293","E:\kagglegolf\data\interim\vyanktesh_multi_source_onnx_solver_submission\task293.onnx","E:\kagglegolf\data\interim\vyanktesh_multi_source_onnx_solver_submission\task293.onnx","SRC_KAGGLE_NOTEBOOK_VYANKTESH_MULTI_SOURCE","GOLF_20260608_047_vyanktesh_multi_source_full","public_full_replace_except_task133","","","","","","true","medium","292","submit_full_source_except_failed_task133"
"task294","E:\kagglegolf\data\interim\vyanktesh_multi_source_onnx_solver_submission\task294.onnx","E:\kagglegolf\data\interim\vyanktesh_multi_source_onnx_solver_submission\task294.onnx","SRC_KAGGLE_NOTEBOOK_VYANKTESH_MULTI_SOURCE","GOLF_20260608_047_vyanktesh_multi_source_full","public_full_replace_except_task133","","","","","","true","medium","293","submit_full_source_except_failed_task133"
"task295","E:\kagglegolf\data\interim\vyanktesh_multi_source_onnx_solver_submission\task295.onnx","E:\kagglegolf\data\interim\vyanktesh_multi_source_onnx_solver_submission\task295.onnx","SRC_KAGGLE_NOTEBOOK_VYANKTESH_MULTI_SOURCE","GOLF_20260608_047_vyanktesh_multi_source_full","public_full_replace_except_task133","","","","","","true","medium","294","submit_full_source_except_failed_task133"
"task296","E:\kagglegolf\data\interim\vyanktesh_multi_source_onnx_solver_submission\task296.onnx","E:\kagglegolf\data\interim\vyanktesh_multi_source_onnx_solver_submission\task296.onnx","SRC_KAGGLE_NOTEBOOK_VYANKTESH_MULTI_SOURCE","GOLF_20260608_047_vyanktesh_multi_source_full","public_full_replace_except_task133","","","","","","true","medium","295","submit_full_source_except_failed_task133"
"task297","E:\kagglegolf\data\interim\vyanktesh_multi_source_onnx_solver_submission\task297.onnx","E:\kagglegolf\data\interim\vyanktesh_multi_source_onnx_solver_submission\task297.onnx","SRC_KAGGLE_NOTEBOOK_VYANKTESH_MULTI_SOURCE","GOLF_20260608_047_vyanktesh_multi_source_full","public_full_replace_except_task133","","","","","","true","medium","296","submit_full_source_except_failed_task133"
"task298","E:\kagglegolf\data\interim\vyanktesh_multi_source_onnx_solver_submission\task298.onnx","E:\kagglegolf\data\interim\vyanktesh_multi_source_onnx_solver_submission\task298.onnx","SRC_KAGGLE_NOTEBOOK_VYANKTESH_MULTI_SOURCE","GOLF_20260608_047_vyanktesh_multi_source_full","public_full_replace_except_task133","","","","","","true","medium","297","submit_full_source_except_failed_task133"
"task299","E:\kagglegolf\data\interim\vyanktesh_multi_source_onnx_solver_submission\task299.onnx","E:\kagglegolf\data\interim\vyanktesh_multi_source_onnx_solver_submission\task299.onnx","SRC_KAGGLE_NOTEBOOK_VYANKTESH_MULTI_SOURCE","GOLF_20260608_047_vyanktesh_multi_source_full","public_full_replace_except_task133","","","","","","true","medium","298","submit_full_source_except_failed_task133"
"task300","E:\kagglegolf\data\interim\vyanktesh_multi_source_onnx_solver_submission\task300.onnx","E:\kagglegolf\data\interim\vyanktesh_multi_source_onnx_solver_submission\task300.onnx","SRC_KAGGLE_NOTEBOOK_VYANKTESH_MULTI_SOURCE","GOLF_20260608_047_vyanktesh_multi_source_full","public_full_replace_except_task133","","","","","","true","medium","299","submit_full_source_except_failed_task133"
"task301","E:\kagglegolf\data\interim\vyanktesh_multi_source_onnx_solver_submission\task301.onnx","E:\kagglegolf\data\interim\vyanktesh_multi_source_onnx_solver_submission\task301.onnx","SRC_KAGGLE_NOTEBOOK_VYANKTESH_MULTI_SOURCE","GOLF_20260608_047_vyanktesh_multi_source_full","public_full_replace_except_task133","","","","","","true","medium","300","submit_full_source_except_failed_task133"
"task302","E:\kagglegolf\data\interim\vyanktesh_multi_source_onnx_solver_submission\task302.onnx","E:\kagglegolf\data\interim\vyanktesh_multi_source_onnx_solver_submission\task302.onnx","SRC_KAGGLE_NOTEBOOK_VYANKTESH_MULTI_SOURCE","GOLF_20260608_047_vyanktesh_multi_source_full","public_full_replace_except_task133","","","","","","true","medium","301","submit_full_source_except_failed_task133"
"task303","E:\kagglegolf\data\interim\vyanktesh_multi_source_onnx_solver_submission\task303.onnx","E:\kagglegolf\data\interim\vyanktesh_multi_source_onnx_solver_submission\task303.onnx","SRC_KAGGLE_NOTEBOOK_VYANKTESH_MULTI_SOURCE","GOLF_20260608_047_vyanktesh_multi_source_full","public_full_replace_except_task133","","","","","","true","medium","302","submit_full_source_except_failed_task133"
"task304","E:\kagglegolf\data\interim\vyanktesh_multi_source_onnx_solver_submission\task304.onnx","E:\kagglegolf\data\interim\vyanktesh_multi_source_onnx_solver_submission\task304.onnx","SRC_KAGGLE_NOTEBOOK_VYANKTESH_MULTI_SOURCE","GOLF_20260608_047_vyanktesh_multi_source_full","public_full_replace_except_task133","","","","","","true","medium","303","submit_full_source_except_failed_task133"
"task305","E:\kagglegolf\data\interim\vyanktesh_multi_source_onnx_solver_submission\task305.onnx","E:\kagglegolf\data\interim\vyanktesh_multi_source_onnx_solver_submission\task305.onnx","SRC_KAGGLE_NOTEBOOK_VYANKTESH_MULTI_SOURCE","GOLF_20260608_047_vyanktesh_multi_source_full","public_full_replace_except_task133","","","","","","true","medium","304","submit_full_source_except_failed_task133"
"task306","E:\kagglegolf\data\interim\vyanktesh_multi_source_onnx_solver_submission\task306.onnx","E:\kagglegolf\data\interim\vyanktesh_multi_source_onnx_solver_submission\task306.onnx","SRC_KAGGLE_NOTEBOOK_VYANKTESH_MULTI_SOURCE","GOLF_20260608_047_vyanktesh_multi_source_full","public_full_replace_except_task133","","","","","","true","medium","305","submit_full_source_except_failed_task133"
"task307","E:\kagglegolf\data\interim\vyanktesh_multi_source_onnx_solver_submission\task307.onnx","E:\kagglegolf\data\interim\vyanktesh_multi_source_onnx_solver_submission\task307.onnx","SRC_KAGGLE_NOTEBOOK_VYANKTESH_MULTI_SOURCE","GOLF_20260608_047_vyanktesh_multi_source_full","public_full_replace_except_task133","","","","","","true","medium","306","submit_full_source_except_failed_task133"
"task308","E:\kagglegolf\data\interim\vyanktesh_multi_source_onnx_solver_submission\task308.onnx","E:\kagglegolf\data\interim\vyanktesh_multi_source_onnx_solver_submission\task308.onnx","SRC_KAGGLE_NOTEBOOK_VYANKTESH_MULTI_SOURCE","GOLF_20260608_047_vyanktesh_multi_source_full","public_full_replace_except_task133","","","","","","true","medium","307","submit_full_source_except_failed_task133"
"task309","E:\kagglegolf\data\interim\vyanktesh_multi_source_onnx_solver_submission\task309.onnx","E:\kagglegolf\data\interim\vyanktesh_multi_source_onnx_solver_submission\task309.onnx","SRC_KAGGLE_NOTEBOOK_VYANKTESH_MULTI_SOURCE","GOLF_20260608_047_vyanktesh_multi_source_full","public_full_replace_except_task133","","","","","","true","medium","308","submit_full_source_except_failed_task133"
"task310","E:\kagglegolf\data\interim\vyanktesh_multi_source_onnx_solver_submission\task310.onnx","E:\kagglegolf\data\interim\vyanktesh_multi_source_onnx_solver_submission\task310.onnx","SRC_KAGGLE_NOTEBOOK_VYANKTESH_MULTI_SOURCE","GOLF_20260608_047_vyanktesh_multi_source_full","public_full_replace_except_task133","","","","","","true","medium","309","submit_full_source_except_failed_task133"
"task311","E:\kagglegolf\data\interim\vyanktesh_multi_source_onnx_solver_submission\task311.onnx","E:\kagglegolf\data\interim\vyanktesh_multi_source_onnx_solver_submission\task311.onnx","SRC_KAGGLE_NOTEBOOK_VYANKTESH_MULTI_SOURCE","GOLF_20260608_047_vyanktesh_multi_source_full","public_full_replace_except_task133","","","","","","true","medium","310","submit_full_source_except_failed_task133"
"task312","E:\kagglegolf\data\interim\vyanktesh_multi_source_onnx_solver_submission\task312.onnx","E:\kagglegolf\data\interim\vyanktesh_multi_source_onnx_solver_submission\task312.onnx","SRC_KAGGLE_NOTEBOOK_VYANKTESH_MULTI_SOURCE","GOLF_20260608_047_vyanktesh_multi_source_full","public_full_replace_except_task133","","","","","","true","medium","311","submit_full_source_except_failed_task133"
"task313","E:\kagglegolf\data\interim\vyanktesh_multi_source_onnx_solver_submission\task313.onnx","E:\kagglegolf\data\interim\vyanktesh_multi_source_onnx_solver_submission\task313.onnx","SRC_KAGGLE_NOTEBOOK_VYANKTESH_MULTI_SOURCE","GOLF_20260608_047_vyanktesh_multi_source_full","public_full_replace_except_task133","","","","","","true","medium","312","submit_full_source_except_failed_task133"
"task314","E:\kagglegolf\data\interim\vyanktesh_multi_source_onnx_solver_submission\task314.onnx","E:\kagglegolf\data\interim\vyanktesh_multi_source_onnx_solver_submission\task314.onnx","SRC_KAGGLE_NOTEBOOK_VYANKTESH_MULTI_SOURCE","GOLF_20260608_047_vyanktesh_multi_source_full","public_full_replace_except_task133","","","","","","true","medium","313","submit_full_source_except_failed_task133"
"task315","E:\kagglegolf\data\interim\vyanktesh_multi_source_onnx_solver_submission\task315.onnx","E:\kagglegolf\data\interim\vyanktesh_multi_source_onnx_solver_submission\task315.onnx","SRC_KAGGLE_NOTEBOOK_VYANKTESH_MULTI_SOURCE","GOLF_20260608_047_vyanktesh_multi_source_full","public_full_replace_except_task133","","","","","","true","medium","314","submit_full_source_except_failed_task133"
"task316","E:\kagglegolf\data\interim\vyanktesh_multi_source_onnx_solver_submission\task316.onnx","E:\kagglegolf\data\interim\vyanktesh_multi_source_onnx_solver_submission\task316.onnx","SRC_KAGGLE_NOTEBOOK_VYANKTESH_MULTI_SOURCE","GOLF_20260608_047_vyanktesh_multi_source_full","public_full_replace_except_task133","","","","","","true","medium","315","submit_full_source_except_failed_task133"
"task317","E:\kagglegolf\data\interim\vyanktesh_multi_source_onnx_solver_submission\task317.onnx","E:\kagglegolf\data\interim\vyanktesh_multi_source_onnx_solver_submission\task317.onnx","SRC_KAGGLE_NOTEBOOK_VYANKTESH_MULTI_SOURCE","GOLF_20260608_047_vyanktesh_multi_source_full","public_full_replace_except_task133","","","","","","true","medium","316","submit_full_source_except_failed_task133"
"task318","E:\kagglegolf\data\interim\vyanktesh_multi_source_onnx_solver_submission\task318.onnx","E:\kagglegolf\data\interim\vyanktesh_multi_source_onnx_solver_submission\task318.onnx","SRC_KAGGLE_NOTEBOOK_VYANKTESH_MULTI_SOURCE","GOLF_20260608_047_vyanktesh_multi_source_full","public_full_replace_except_task133","","","","","","true","medium","317","submit_full_source_except_failed_task133"
"task319","E:\kagglegolf\data\interim\vyanktesh_multi_source_onnx_solver_submission\task319.onnx","E:\kagglegolf\data\interim\vyanktesh_multi_source_onnx_solver_submission\task319.onnx","SRC_KAGGLE_NOTEBOOK_VYANKTESH_MULTI_SOURCE","GOLF_20260608_047_vyanktesh_multi_source_full","public_full_replace_except_task133","","","","","","true","medium","318","submit_full_source_except_failed_task133"
"task320","E:\kagglegolf\data\interim\vyanktesh_multi_source_onnx_solver_submission\task320.onnx","E:\kagglegolf\data\interim\vyanktesh_multi_source_onnx_solver_submission\task320.onnx","SRC_KAGGLE_NOTEBOOK_VYANKTESH_MULTI_SOURCE","GOLF_20260608_047_vyanktesh_multi_source_full","public_full_replace_except_task133","","","","","","true","medium","319","submit_full_source_except_failed_task133"
"task321","E:\kagglegolf\data\interim\vyanktesh_multi_source_onnx_solver_submission\task321.onnx","E:\kagglegolf\data\interim\vyanktesh_multi_source_onnx_solver_submission\task321.onnx","SRC_KAGGLE_NOTEBOOK_VYANKTESH_MULTI_SOURCE","GOLF_20260608_047_vyanktesh_multi_source_full","public_full_replace_except_task133","","","","","","true","medium","320","submit_full_source_except_failed_task133"
"task322","E:\kagglegolf\data\interim\vyanktesh_multi_source_onnx_solver_submission\task322.onnx","E:\kagglegolf\data\interim\vyanktesh_multi_source_onnx_solver_submission\task322.onnx","SRC_KAGGLE_NOTEBOOK_VYANKTESH_MULTI_SOURCE","GOLF_20260608_047_vyanktesh_multi_source_full","public_full_replace_except_task133","","","","","","true","medium","321","submit_full_source_except_failed_task133"
"task323","E:\kagglegolf\data\interim\vyanktesh_multi_source_onnx_solver_submission\task323.onnx","E:\kagglegolf\data\interim\vyanktesh_multi_source_onnx_solver_submission\task323.onnx","SRC_KAGGLE_NOTEBOOK_VYANKTESH_MULTI_SOURCE","GOLF_20260608_047_vyanktesh_multi_source_full","public_full_replace_except_task133","","","","","","true","medium","322","submit_full_source_except_failed_task133"
"task324","E:\kagglegolf\data\interim\vyanktesh_multi_source_onnx_solver_submission\task324.onnx","E:\kagglegolf\data\interim\vyanktesh_multi_source_onnx_solver_submission\task324.onnx","SRC_KAGGLE_NOTEBOOK_VYANKTESH_MULTI_SOURCE","GOLF_20260608_047_vyanktesh_multi_source_full","public_full_replace_except_task133","","","","","","true","medium","323","submit_full_source_except_failed_task133"
"task325","E:\kagglegolf\data\interim\vyanktesh_multi_source_onnx_solver_submission\task325.onnx","E:\kagglegolf\data\interim\vyanktesh_multi_source_onnx_solver_submission\task325.onnx","SRC_KAGGLE_NOTEBOOK_VYANKTESH_MULTI_SOURCE","GOLF_20260608_047_vyanktesh_multi_source_full","public_full_replace_except_task133","","","","","","true","medium","324","submit_full_source_except_failed_task133"
"task326","E:\kagglegolf\data\interim\vyanktesh_multi_source_onnx_solver_submission\task326.onnx","E:\kagglegolf\data\interim\vyanktesh_multi_source_onnx_solver_submission\task326.onnx","SRC_KAGGLE_NOTEBOOK_VYANKTESH_MULTI_SOURCE","GOLF_20260608_047_vyanktesh_multi_source_full","public_full_replace_except_task133","","","","","","true","medium","325","submit_full_source_except_failed_task133"
"task327","E:\kagglegolf\data\interim\vyanktesh_multi_source_onnx_solver_submission\task327.onnx","E:\kagglegolf\data\interim\vyanktesh_multi_source_onnx_solver_submission\task327.onnx","SRC_KAGGLE_NOTEBOOK_VYANKTESH_MULTI_SOURCE","GOLF_20260608_047_vyanktesh_multi_source_full","public_full_replace_except_task133","","","","","","true","medium","326","submit_full_source_except_failed_task133"
"task328","E:\kagglegolf\data\interim\vyanktesh_multi_source_onnx_solver_submission\task328.onnx","E:\kagglegolf\data\interim\vyanktesh_multi_source_onnx_solver_submission\task328.onnx","SRC_KAGGLE_NOTEBOOK_VYANKTESH_MULTI_SOURCE","GOLF_20260608_047_vyanktesh_multi_source_full","public_full_replace_except_task133","","","","","","true","medium","327","submit_full_source_except_failed_task133"
"task329","E:\kagglegolf\data\interim\vyanktesh_multi_source_onnx_solver_submission\task329.onnx","E:\kagglegolf\data\interim\vyanktesh_multi_source_onnx_solver_submission\task329.onnx","SRC_KAGGLE_NOTEBOOK_VYANKTESH_MULTI_SOURCE","GOLF_20260608_047_vyanktesh_multi_source_full","public_full_replace_except_task133","","","","","","true","medium","328","submit_full_source_except_failed_task133"
"task330","E:\kagglegolf\data\interim\vyanktesh_multi_source_onnx_solver_submission\task330.onnx","E:\kagglegolf\data\interim\vyanktesh_multi_source_onnx_solver_submission\task330.onnx","SRC_KAGGLE_NOTEBOOK_VYANKTESH_MULTI_SOURCE","GOLF_20260608_047_vyanktesh_multi_source_full","public_full_replace_except_task133","","","","","","true","medium","329","submit_full_source_except_failed_task133"
"task331","E:\kagglegolf\data\interim\vyanktesh_multi_source_onnx_solver_submission\task331.onnx","E:\kagglegolf\data\interim\vyanktesh_multi_source_onnx_solver_submission\task331.onnx","SRC_KAGGLE_NOTEBOOK_VYANKTESH_MULTI_SOURCE","GOLF_20260608_047_vyanktesh_multi_source_full","public_full_replace_except_task133","","","","","","true","medium","330","submit_full_source_except_failed_task133"
"task332","E:\kagglegolf\data\interim\vyanktesh_multi_source_onnx_solver_submission\task332.onnx","E:\kagglegolf\data\interim\vyanktesh_multi_source_onnx_solver_submission\task332.onnx","SRC_KAGGLE_NOTEBOOK_VYANKTESH_MULTI_SOURCE","GOLF_20260608_047_vyanktesh_multi_source_full","public_full_replace_except_task133","","","","","","true","medium","331","submit_full_source_except_failed_task133"
"task333","E:\kagglegolf\data\interim\vyanktesh_multi_source_onnx_solver_submission\task333.onnx","E:\kagglegolf\data\interim\vyanktesh_multi_source_onnx_solver_submission\task333.onnx","SRC_KAGGLE_NOTEBOOK_VYANKTESH_MULTI_SOURCE","GOLF_20260608_047_vyanktesh_multi_source_full","public_full_replace_except_task133","","","","","","true","medium","332","submit_full_source_except_failed_task133"
"task334","E:\kagglegolf\data\interim\vyanktesh_multi_source_onnx_solver_submission\task334.onnx","E:\kagglegolf\data\interim\vyanktesh_multi_source_onnx_solver_submission\task334.onnx","SRC_KAGGLE_NOTEBOOK_VYANKTESH_MULTI_SOURCE","GOLF_20260608_047_vyanktesh_multi_source_full","public_full_replace_except_task133","","","","","","true","medium","333","submit_full_source_except_failed_task133"
"task335","E:\kagglegolf\data\interim\vyanktesh_multi_source_onnx_solver_submission\task335.onnx","E:\kagglegolf\data\interim\vyanktesh_multi_source_onnx_solver_submission\task335.onnx","SRC_KAGGLE_NOTEBOOK_VYANKTESH_MULTI_SOURCE","GOLF_20260608_047_vyanktesh_multi_source_full","public_full_replace_except_task133","","","","","","true","medium","334","submit_full_source_except_failed_task133"
"task336","E:\kagglegolf\data\interim\vyanktesh_multi_source_onnx_solver_submission\task336.onnx","E:\kagglegolf\data\interim\vyanktesh_multi_source_onnx_solver_submission\task336.onnx","SRC_KAGGLE_NOTEBOOK_VYANKTESH_MULTI_SOURCE","GOLF_20260608_047_vyanktesh_multi_source_full","public_full_replace_except_task133","","","","","","true","medium","335","submit_full_source_except_failed_task133"
"task337","E:\kagglegolf\data\interim\vyanktesh_multi_source_onnx_solver_submission\task337.onnx","E:\kagglegolf\data\interim\vyanktesh_multi_source_onnx_solver_submission\task337.onnx","SRC_KAGGLE_NOTEBOOK_VYANKTESH_MULTI_SOURCE","GOLF_20260608_047_vyanktesh_multi_source_full","public_full_replace_except_task133","","","","","","true","medium","336","submit_full_source_except_failed_task133"
"task338","E:\kagglegolf\data\interim\vyanktesh_multi_source_onnx_solver_submission\task338.onnx","E:\kagglegolf\data\interim\vyanktesh_multi_source_onnx_solver_submission\task338.onnx","SRC_KAGGLE_NOTEBOOK_VYANKTESH_MULTI_SOURCE","GOLF_20260608_047_vyanktesh_multi_source_full","public_full_replace_except_task133","","","","","","true","medium","337","submit_full_source_except_failed_task133"
"task339","E:\kagglegolf\data\interim\vyanktesh_multi_source_onnx_solver_submission\task339.onnx","E:\kagglegolf\data\interim\vyanktesh_multi_source_onnx_solver_submission\task339.onnx","SRC_KAGGLE_NOTEBOOK_VYANKTESH_MULTI_SOURCE","GOLF_20260608_047_vyanktesh_multi_source_full","public_full_replace_except_task133","","","","","","true","medium","338","submit_full_source_except_failed_task133"
"task340","E:\kagglegolf\data\interim\vyanktesh_multi_source_onnx_solver_submission\task340.onnx","E:\kagglegolf\data\interim\vyanktesh_multi_source_onnx_solver_submission\task340.onnx","SRC_KAGGLE_NOTEBOOK_VYANKTESH_MULTI_SOURCE","GOLF_20260608_047_vyanktesh_multi_source_full","public_full_replace_except_task133","","","","","","true","medium","339","submit_full_source_except_failed_task133"
"task341","E:\kagglegolf\data\interim\vyanktesh_multi_source_onnx_solver_submission\task341.onnx","E:\kagglegolf\data\interim\vyanktesh_multi_source_onnx_solver_submission\task341.onnx","SRC_KAGGLE_NOTEBOOK_VYANKTESH_MULTI_SOURCE","GOLF_20260608_047_vyanktesh_multi_source_full","public_full_replace_except_task133","","","","","","true","medium","340","submit_full_source_except_failed_task133"
"task342","E:\kagglegolf\data\interim\vyanktesh_multi_source_onnx_solver_submission\task342.onnx","E:\kagglegolf\data\interim\vyanktesh_multi_source_onnx_solver_submission\task342.onnx","SRC_KAGGLE_NOTEBOOK_VYANKTESH_MULTI_SOURCE","GOLF_20260608_047_vyanktesh_multi_source_full","public_full_replace_except_task133","","","","","","true","medium","341","submit_full_source_except_failed_task133"
"task343","E:\kagglegolf\data\interim\vyanktesh_multi_source_onnx_solver_submission\task343.onnx","E:\kagglegolf\data\interim\vyanktesh_multi_source_onnx_solver_submission\task343.onnx","SRC_KAGGLE_NOTEBOOK_VYANKTESH_MULTI_SOURCE","GOLF_20260608_047_vyanktesh_multi_source_full","public_full_replace_except_task133","","","","","","true","medium","342","submit_full_source_except_failed_task133"
"task344","E:\kagglegolf\data\interim\vyanktesh_multi_source_onnx_solver_submission\task344.onnx","E:\kagglegolf\data\interim\vyanktesh_multi_source_onnx_solver_submission\task344.onnx","SRC_KAGGLE_NOTEBOOK_VYANKTESH_MULTI_SOURCE","GOLF_20260608_047_vyanktesh_multi_source_full","public_full_replace_except_task133","","","","","","true","medium","343","submit_full_source_except_failed_task133"
"task345","E:\kagglegolf\data\interim\vyanktesh_multi_source_onnx_solver_submission\task345.onnx","E:\kagglegolf\data\interim\vyanktesh_multi_source_onnx_solver_submission\task345.onnx","SRC_KAGGLE_NOTEBOOK_VYANKTESH_MULTI_SOURCE","GOLF_20260608_047_vyanktesh_multi_source_full","public_full_replace_except_task133","","","","","","true","medium","344","submit_full_source_except_failed_task133"
"task346","E:\kagglegolf\data\interim\vyanktesh_multi_source_onnx_solver_submission\task346.onnx","E:\kagglegolf\data\interim\vyanktesh_multi_source_onnx_solver_submission\task346.onnx","SRC_KAGGLE_NOTEBOOK_VYANKTESH_MULTI_SOURCE","GOLF_20260608_047_vyanktesh_multi_source_full","public_full_replace_except_task133","","","","","","true","medium","345","submit_full_source_except_failed_task133"
"task347","E:\kagglegolf\data\interim\vyanktesh_multi_source_onnx_solver_submission\task347.onnx","E:\kagglegolf\data\interim\vyanktesh_multi_source_onnx_solver_submission\task347.onnx","SRC_KAGGLE_NOTEBOOK_VYANKTESH_MULTI_SOURCE","GOLF_20260608_047_vyanktesh_multi_source_full","public_full_replace_except_task133","","","","","","true","medium","346","submit_full_source_except_failed_task133"
"task348","E:\kagglegolf\data\interim\vyanktesh_multi_source_onnx_solver_submission\task348.onnx","E:\kagglegolf\data\interim\vyanktesh_multi_source_onnx_solver_submission\task348.onnx","SRC_KAGGLE_NOTEBOOK_VYANKTESH_MULTI_SOURCE","GOLF_20260608_047_vyanktesh_multi_source_full","public_full_replace_except_task133","","","","","","true","medium","347","submit_full_source_except_failed_task133"
"task349","E:\kagglegolf\data\interim\vyanktesh_multi_source_onnx_solver_submission\task349.onnx","E:\kagglegolf\data\interim\vyanktesh_multi_source_onnx_solver_submission\task349.onnx","SRC_KAGGLE_NOTEBOOK_VYANKTESH_MULTI_SOURCE","GOLF_20260608_047_vyanktesh_multi_source_full","public_full_replace_except_task133","","","","","","true","medium","348","submit_full_source_except_failed_task133"
"task350","E:\kagglegolf\data\interim\vyanktesh_multi_source_onnx_solver_submission\task350.onnx","E:\kagglegolf\data\interim\vyanktesh_multi_source_onnx_solver_submission\task350.onnx","SRC_KAGGLE_NOTEBOOK_VYANKTESH_MULTI_SOURCE","GOLF_20260608_047_vyanktesh_multi_source_full","public_full_replace_except_task133","","","","","","true","medium","349","submit_full_source_except_failed_task133"
"task351","E:\kagglegolf\data\interim\vyanktesh_multi_source_onnx_solver_submission\task351.onnx","E:\kagglegolf\data\interim\vyanktesh_multi_source_onnx_solver_submission\task351.onnx","SRC_KAGGLE_NOTEBOOK_VYANKTESH_MULTI_SOURCE","GOLF_20260608_047_vyanktesh_multi_source_full","public_full_replace_except_task133","","","","","","true","medium","350","submit_full_source_except_failed_task133"
"task352","E:\kagglegolf\data\interim\vyanktesh_multi_source_onnx_solver_submission\task352.onnx","E:\kagglegolf\data\interim\vyanktesh_multi_source_onnx_solver_submission\task352.onnx","SRC_KAGGLE_NOTEBOOK_VYANKTESH_MULTI_SOURCE","GOLF_20260608_047_vyanktesh_multi_source_full","public_full_replace_except_task133","","","","","","true","medium","351","submit_full_source_except_failed_task133"
"task353","E:\kagglegolf\data\interim\vyanktesh_multi_source_onnx_solver_submission\task353.onnx","E:\kagglegolf\data\interim\vyanktesh_multi_source_onnx_solver_submission\task353.onnx","SRC_KAGGLE_NOTEBOOK_VYANKTESH_MULTI_SOURCE","GOLF_20260608_047_vyanktesh_multi_source_full","public_full_replace_except_task133","","","","","","true","medium","352","submit_full_source_except_failed_task133"
"task354","E:\kagglegolf\data\interim\vyanktesh_multi_source_onnx_solver_submission\task354.onnx","E:\kagglegolf\data\interim\vyanktesh_multi_source_onnx_solver_submission\task354.onnx","SRC_KAGGLE_NOTEBOOK_VYANKTESH_MULTI_SOURCE","GOLF_20260608_047_vyanktesh_multi_source_full","public_full_replace_except_task133","","","","","","true","medium","353","submit_full_source_except_failed_task133"
"task355","E:\kagglegolf\data\interim\vyanktesh_multi_source_onnx_solver_submission\task355.onnx","E:\kagglegolf\data\interim\vyanktesh_multi_source_onnx_solver_submission\task355.onnx","SRC_KAGGLE_NOTEBOOK_VYANKTESH_MULTI_SOURCE","GOLF_20260608_047_vyanktesh_multi_source_full","public_full_replace_except_task133","","","","","","true","medium","354","submit_full_source_except_failed_task133"
"task356","E:\kagglegolf\data\interim\vyanktesh_multi_source_onnx_solver_submission\task356.onnx","E:\kagglegolf\data\interim\vyanktesh_multi_source_onnx_solver_submission\task356.onnx","SRC_KAGGLE_NOTEBOOK_VYANKTESH_MULTI_SOURCE","GOLF_20260608_047_vyanktesh_multi_source_full","public_full_replace_except_task133","","","","","","true","medium","355","submit_full_source_except_failed_task133"
"task357","E:\kagglegolf\data\interim\vyanktesh_multi_source_onnx_solver_submission\task357.onnx","E:\kagglegolf\data\interim\vyanktesh_multi_source_onnx_solver_submission\task357.onnx","SRC_KAGGLE_NOTEBOOK_VYANKTESH_MULTI_SOURCE","GOLF_20260608_047_vyanktesh_multi_source_full","public_full_replace_except_task133","","","","","","true","medium","356","submit_full_source_except_failed_task133"
"task358","E:\kagglegolf\data\interim\vyanktesh_multi_source_onnx_solver_submission\task358.onnx","E:\kagglegolf\data\interim\vyanktesh_multi_source_onnx_solver_submission\task358.onnx","SRC_KAGGLE_NOTEBOOK_VYANKTESH_MULTI_SOURCE","GOLF_20260608_047_vyanktesh_multi_source_full","public_full_replace_except_task133","","","","","","true","medium","357","submit_full_source_except_failed_task133"
"task359","E:\kagglegolf\data\interim\vyanktesh_multi_source_onnx_solver_submission\task359.onnx","E:\kagglegolf\data\interim\vyanktesh_multi_source_onnx_solver_submission\task359.onnx","SRC_KAGGLE_NOTEBOOK_VYANKTESH_MULTI_SOURCE","GOLF_20260608_047_vyanktesh_multi_source_full","public_full_replace_except_task133","","","","","","true","medium","358","submit_full_source_except_failed_task133"
"task360","E:\kagglegolf\data\interim\vyanktesh_multi_source_onnx_solver_submission\task360.onnx","E:\kagglegolf\data\interim\vyanktesh_multi_source_onnx_solver_submission\task360.onnx","SRC_KAGGLE_NOTEBOOK_VYANKTESH_MULTI_SOURCE","GOLF_20260608_047_vyanktesh_multi_source_full","public_full_replace_except_task133","","","","","","true","medium","359","submit_full_source_except_failed_task133"
"task361","E:\kagglegolf\data\interim\vyanktesh_multi_source_onnx_solver_submission\task361.onnx","E:\kagglegolf\data\interim\vyanktesh_multi_source_onnx_solver_submission\task361.onnx","SRC_KAGGLE_NOTEBOOK_VYANKTESH_MULTI_SOURCE","GOLF_20260608_047_vyanktesh_multi_source_full","public_full_replace_except_task133","","","","","","true","medium","360","submit_full_source_except_failed_task133"
"task362","E:\kagglegolf\data\interim\vyanktesh_multi_source_onnx_solver_submission\task362.onnx","E:\kagglegolf\data\interim\vyanktesh_multi_source_onnx_solver_submission\task362.onnx","SRC_KAGGLE_NOTEBOOK_VYANKTESH_MULTI_SOURCE","GOLF_20260608_047_vyanktesh_multi_source_full","public_full_replace_except_task133","","","","","","true","medium","361","submit_full_source_except_failed_task133"
"task363","E:\kagglegolf\data\interim\vyanktesh_multi_source_onnx_solver_submission\task363.onnx","E:\kagglegolf\data\interim\vyanktesh_multi_source_onnx_solver_submission\task363.onnx","SRC_KAGGLE_NOTEBOOK_VYANKTESH_MULTI_SOURCE","GOLF_20260608_047_vyanktesh_multi_source_full","public_full_replace_except_task133","","","","","","true","medium","362","submit_full_source_except_failed_task133"
"task364","E:\kagglegolf\data\interim\vyanktesh_multi_source_onnx_solver_submission\task364.onnx","E:\kagglegolf\data\interim\vyanktesh_multi_source_onnx_solver_submission\task364.onnx","SRC_KAGGLE_NOTEBOOK_VYANKTESH_MULTI_SOURCE","GOLF_20260608_047_vyanktesh_multi_source_full","public_full_replace_except_task133","","","","","","true","medium","363","submit_full_source_except_failed_task133"
"task365","E:\kagglegolf\data\interim\vyanktesh_multi_source_onnx_solver_submission\task365.onnx","E:\kagglegolf\data\interim\vyanktesh_multi_source_onnx_solver_submission\task365.onnx","SRC_KAGGLE_NOTEBOOK_VYANKTESH_MULTI_SOURCE","GOLF_20260608_047_vyanktesh_multi_source_full","public_full_replace_except_task133","","","","","","true","medium","364","submit_full_source_except_failed_task133"
"task366","E:\kagglegolf\data\interim\vyanktesh_multi_source_onnx_solver_submission\task366.onnx","E:\kagglegolf\data\interim\vyanktesh_multi_source_onnx_solver_submission\task366.onnx","SRC_KAGGLE_NOTEBOOK_VYANKTESH_MULTI_SOURCE","GOLF_20260608_047_vyanktesh_multi_source_full","public_full_replace_except_task133","","","","","","true","medium","365","submit_full_source_except_failed_task133"
"task367","E:\kagglegolf\data\interim\vyanktesh_multi_source_onnx_solver_submission\task367.onnx","E:\kagglegolf\data\interim\vyanktesh_multi_source_onnx_solver_submission\task367.onnx","SRC_KAGGLE_NOTEBOOK_VYANKTESH_MULTI_SOURCE","GOLF_20260608_047_vyanktesh_multi_source_full","public_full_replace_except_task133","","","","","","true","medium","366","submit_full_source_except_failed_task133"
"task368","E:\kagglegolf\data\interim\vyanktesh_multi_source_onnx_solver_submission\task368.onnx","E:\kagglegolf\data\interim\vyanktesh_multi_source_onnx_solver_submission\task368.onnx","SRC_KAGGLE_NOTEBOOK_VYANKTESH_MULTI_SOURCE","GOLF_20260608_047_vyanktesh_multi_source_full","public_full_replace_except_task133","","","","","","true","medium","367","submit_full_source_except_failed_task133"
"task369","E:\kagglegolf\data\interim\vyanktesh_multi_source_onnx_solver_submission\task369.onnx","E:\kagglegolf\data\interim\vyanktesh_multi_source_onnx_solver_submission\task369.onnx","SRC_KAGGLE_NOTEBOOK_VYANKTESH_MULTI_SOURCE","GOLF_20260608_047_vyanktesh_multi_source_full","public_full_replace_except_task133","","","","","","true","medium","368","submit_full_source_except_failed_task133"
"task370","E:\kagglegolf\data\interim\vyanktesh_multi_source_onnx_solver_submission\task370.onnx","E:\kagglegolf\data\interim\vyanktesh_multi_source_onnx_solver_submission\task370.onnx","SRC_KAGGLE_NOTEBOOK_VYANKTESH_MULTI_SOURCE","GOLF_20260608_047_vyanktesh_multi_source_full","public_full_replace_except_task133","","","","","","true","medium","369","submit_full_source_except_failed_task133"
"task371","E:\kagglegolf\data\interim\vyanktesh_multi_source_onnx_solver_submission\task371.onnx","E:\kagglegolf\data\interim\vyanktesh_multi_source_onnx_solver_submission\task371.onnx","SRC_KAGGLE_NOTEBOOK_VYANKTESH_MULTI_SOURCE","GOLF_20260608_047_vyanktesh_multi_source_full","public_full_replace_except_task133","","","","","","true","medium","370","submit_full_source_except_failed_task133"
"task372","E:\kagglegolf\data\interim\vyanktesh_multi_source_onnx_solver_submission\task372.onnx","E:\kagglegolf\data\interim\vyanktesh_multi_source_onnx_solver_submission\task372.onnx","SRC_KAGGLE_NOTEBOOK_VYANKTESH_MULTI_SOURCE","GOLF_20260608_047_vyanktesh_multi_source_full","public_full_replace_except_task133","","","","","","true","medium","371","submit_full_source_except_failed_task133"
"task373","E:\kagglegolf\data\interim\vyanktesh_multi_source_onnx_solver_submission\task373.onnx","E:\kagglegolf\data\interim\vyanktesh_multi_source_onnx_solver_submission\task373.onnx","SRC_KAGGLE_NOTEBOOK_VYANKTESH_MULTI_SOURCE","GOLF_20260608_047_vyanktesh_multi_source_full","public_full_replace_except_task133","","","","","","true","medium","372","submit_full_source_except_failed_task133"
"task374","E:\kagglegolf\data\interim\vyanktesh_multi_source_onnx_solver_submission\task374.onnx","E:\kagglegolf\data\interim\vyanktesh_multi_source_onnx_solver_submission\task374.onnx","SRC_KAGGLE_NOTEBOOK_VYANKTESH_MULTI_SOURCE","GOLF_20260608_047_vyanktesh_multi_source_full","public_full_replace_except_task133","","","","","","true","medium","373","submit_full_source_except_failed_task133"
"task375","E:\kagglegolf\data\interim\vyanktesh_multi_source_onnx_solver_submission\task375.onnx","E:\kagglegolf\data\interim\vyanktesh_multi_source_onnx_solver_submission\task375.onnx","SRC_KAGGLE_NOTEBOOK_VYANKTESH_MULTI_SOURCE","GOLF_20260608_047_vyanktesh_multi_source_full","public_full_replace_except_task133","","","","","","true","medium","374","submit_full_source_except_failed_task133"
"task376","E:\kagglegolf\data\interim\vyanktesh_multi_source_onnx_solver_submission\task376.onnx","E:\kagglegolf\data\interim\vyanktesh_multi_source_onnx_solver_submission\task376.onnx","SRC_KAGGLE_NOTEBOOK_VYANKTESH_MULTI_SOURCE","GOLF_20260608_047_vyanktesh_multi_source_full","public_full_replace_except_task133","","","","","","true","medium","375","submit_full_source_except_failed_task133"
"task377","E:\kagglegolf\data\interim\vyanktesh_multi_source_onnx_solver_submission\task377.onnx","E:\kagglegolf\data\interim\vyanktesh_multi_source_onnx_solver_submission\task377.onnx","SRC_KAGGLE_NOTEBOOK_VYANKTESH_MULTI_SOURCE","GOLF_20260608_047_vyanktesh_multi_source_full","public_full_replace_except_task133","","","","","","true","medium","376","submit_full_source_except_failed_task133"
"task378","E:\kagglegolf\data\interim\vyanktesh_multi_source_onnx_solver_submission\task378.onnx","E:\kagglegolf\data\interim\vyanktesh_multi_source_onnx_solver_submission\task378.onnx","SRC_KAGGLE_NOTEBOOK_VYANKTESH_MULTI_SOURCE","GOLF_20260608_047_vyanktesh_multi_source_full","public_full_replace_except_task133","","","","","","true","medium","377","submit_full_source_except_failed_task133"
"task379","E:\kagglegolf\data\interim\vyanktesh_multi_source_onnx_solver_submission\task379.onnx","E:\kagglegolf\data\interim\vyanktesh_multi_source_onnx_solver_submission\task379.onnx","SRC_KAGGLE_NOTEBOOK_VYANKTESH_MULTI_SOURCE","GOLF_20260608_047_vyanktesh_multi_source_full","public_full_replace_except_task133","","","","","","true","medium","378","submit_full_source_except_failed_task133"
"task380","E:\kagglegolf\data\interim\vyanktesh_multi_source_onnx_solver_submission\task380.onnx","E:\kagglegolf\data\interim\vyanktesh_multi_source_onnx_solver_submission\task380.onnx","SRC_KAGGLE_NOTEBOOK_VYANKTESH_MULTI_SOURCE","GOLF_20260608_047_vyanktesh_multi_source_full","public_full_replace_except_task133","","","","","","true","medium","379","submit_full_source_except_failed_task133"
"task381","E:\kagglegolf\data\interim\vyanktesh_multi_source_onnx_solver_submission\task381.onnx","E:\kagglegolf\data\interim\vyanktesh_multi_source_onnx_solver_submission\task381.onnx","SRC_KAGGLE_NOTEBOOK_VYANKTESH_MULTI_SOURCE","GOLF_20260608_047_vyanktesh_multi_source_full","public_full_replace_except_task133","","","","","","true","medium","380","submit_full_source_except_failed_task133"
"task382","E:\kagglegolf\data\interim\vyanktesh_multi_source_onnx_solver_submission\task382.onnx","E:\kagglegolf\data\interim\vyanktesh_multi_source_onnx_solver_submission\task382.onnx","SRC_KAGGLE_NOTEBOOK_VYANKTESH_MULTI_SOURCE","GOLF_20260608_047_vyanktesh_multi_source_full","public_full_replace_except_task133","","","","","","true","medium","381","submit_full_source_except_failed_task133"
"task383","E:\kagglegolf\data\interim\vyanktesh_multi_source_onnx_solver_submission\task383.onnx","E:\kagglegolf\data\interim\vyanktesh_multi_source_onnx_solver_submission\task383.onnx","SRC_KAGGLE_NOTEBOOK_VYANKTESH_MULTI_SOURCE","GOLF_20260608_047_vyanktesh_multi_source_full","public_full_replace_except_task133","","","","","","true","medium","382","submit_full_source_except_failed_task133"
"task384","E:\kagglegolf\data\interim\vyanktesh_multi_source_onnx_solver_submission\task384.onnx","E:\kagglegolf\data\interim\vyanktesh_multi_source_onnx_solver_submission\task384.onnx","SRC_KAGGLE_NOTEBOOK_VYANKTESH_MULTI_SOURCE","GOLF_20260608_047_vyanktesh_multi_source_full","public_full_replace_except_task133","","","","","","true","medium","383","submit_full_source_except_failed_task133"
"task385","E:\kagglegolf\data\interim\vyanktesh_multi_source_onnx_solver_submission\task385.onnx","E:\kagglegolf\data\interim\vyanktesh_multi_source_onnx_solver_submission\task385.onnx","SRC_KAGGLE_NOTEBOOK_VYANKTESH_MULTI_SOURCE","GOLF_20260608_047_vyanktesh_multi_source_full","public_full_replace_except_task133","","","","","","true","medium","384","submit_full_source_except_failed_task133"
"task386","E:\kagglegolf\data\interim\vyanktesh_multi_source_onnx_solver_submission\task386.onnx","E:\kagglegolf\data\interim\vyanktesh_multi_source_onnx_solver_submission\task386.onnx","SRC_KAGGLE_NOTEBOOK_VYANKTESH_MULTI_SOURCE","GOLF_20260608_047_vyanktesh_multi_source_full","public_full_replace_except_task133","","","","","","true","medium","385","submit_full_source_except_failed_task133"
"task387","E:\kagglegolf\data\interim\vyanktesh_multi_source_onnx_solver_submission\task387.onnx","E:\kagglegolf\data\interim\vyanktesh_multi_source_onnx_solver_submission\task387.onnx","SRC_KAGGLE_NOTEBOOK_VYANKTESH_MULTI_SOURCE","GOLF_20260608_047_vyanktesh_multi_source_full","public_full_replace_except_task133","","","","","","true","medium","386","submit_full_source_except_failed_task133"
"task388","E:\kagglegolf\data\interim\vyanktesh_multi_source_onnx_solver_submission\task388.onnx","E:\kagglegolf\data\interim\vyanktesh_multi_source_onnx_solver_submission\task388.onnx","SRC_KAGGLE_NOTEBOOK_VYANKTESH_MULTI_SOURCE","GOLF_20260608_047_vyanktesh_multi_source_full","public_full_replace_except_task133","","","","","","true","medium","387","submit_full_source_except_failed_task133"
"task389","E:\kagglegolf\data\interim\vyanktesh_multi_source_onnx_solver_submission\task389.onnx","E:\kagglegolf\data\interim\vyanktesh_multi_source_onnx_solver_submission\task389.onnx","SRC_KAGGLE_NOTEBOOK_VYANKTESH_MULTI_SOURCE","GOLF_20260608_047_vyanktesh_multi_source_full","public_full_replace_except_task133","","","","","","true","medium","388","submit_full_source_except_failed_task133"
"task390","E:\kagglegolf\data\interim\vyanktesh_multi_source_onnx_solver_submission\task390.onnx","E:\kagglegolf\data\interim\vyanktesh_multi_source_onnx_solver_submission\task390.onnx","SRC_KAGGLE_NOTEBOOK_VYANKTESH_MULTI_SOURCE","GOLF_20260608_047_vyanktesh_multi_source_full","public_full_replace_except_task133","","","","","","true","medium","389","submit_full_source_except_failed_task133"
"task391","E:\kagglegolf\data\interim\vyanktesh_multi_source_onnx_solver_submission\task391.onnx","E:\kagglegolf\data\interim\vyanktesh_multi_source_onnx_solver_submission\task391.onnx","SRC_KAGGLE_NOTEBOOK_VYANKTESH_MULTI_SOURCE","GOLF_20260608_047_vyanktesh_multi_source_full","public_full_replace_except_task133","","","","","","true","medium","390","submit_full_source_except_failed_task133"
"task392","E:\kagglegolf\data\interim\vyanktesh_multi_source_onnx_solver_submission\task392.onnx","E:\kagglegolf\data\interim\vyanktesh_multi_source_onnx_solver_submission\task392.onnx","SRC_KAGGLE_NOTEBOOK_VYANKTESH_MULTI_SOURCE","GOLF_20260608_047_vyanktesh_multi_source_full","public_full_replace_except_task133","","","","","","true","medium","391","submit_full_source_except_failed_task133"
"task393","E:\kagglegolf\data\interim\vyanktesh_multi_source_onnx_solver_submission\task393.onnx","E:\kagglegolf\data\interim\vyanktesh_multi_source_onnx_solver_submission\task393.onnx","SRC_KAGGLE_NOTEBOOK_VYANKTESH_MULTI_SOURCE","GOLF_20260608_047_vyanktesh_multi_source_full","public_full_replace_except_task133","","","","","","true","medium","392","submit_full_source_except_failed_task133"
"task394","E:\kagglegolf\data\interim\vyanktesh_multi_source_onnx_solver_submission\task394.onnx","E:\kagglegolf\data\interim\vyanktesh_multi_source_onnx_solver_submission\task394.onnx","SRC_KAGGLE_NOTEBOOK_VYANKTESH_MULTI_SOURCE","GOLF_20260608_047_vyanktesh_multi_source_full","public_full_replace_except_task133","","","","","","true","medium","393","submit_full_source_except_failed_task133"
"task395","E:\kagglegolf\data\interim\vyanktesh_multi_source_onnx_solver_submission\task395.onnx","E:\kagglegolf\data\interim\vyanktesh_multi_source_onnx_solver_submission\task395.onnx","SRC_KAGGLE_NOTEBOOK_VYANKTESH_MULTI_SOURCE","GOLF_20260608_047_vyanktesh_multi_source_full","public_full_replace_except_task133","","","","","","true","medium","394","submit_full_source_except_failed_task133"
"task396","E:\kagglegolf\data\interim\vyanktesh_multi_source_onnx_solver_submission\task396.onnx","E:\kagglegolf\data\interim\vyanktesh_multi_source_onnx_solver_submission\task396.onnx","SRC_KAGGLE_NOTEBOOK_VYANKTESH_MULTI_SOURCE","GOLF_20260608_047_vyanktesh_multi_source_full","public_full_replace_except_task133","","","","","","true","medium","395","submit_full_source_except_failed_task133"
"task397","E:\kagglegolf\data\interim\vyanktesh_multi_source_onnx_solver_submission\task397.onnx","E:\kagglegolf\data\interim\vyanktesh_multi_source_onnx_solver_submission\task397.onnx","SRC_KAGGLE_NOTEBOOK_VYANKTESH_MULTI_SOURCE","GOLF_20260608_047_vyanktesh_multi_source_full","public_full_replace_except_task133","","","","","","true","medium","396","submit_full_source_except_failed_task133"
"task398","E:\kagglegolf\data\interim\vyanktesh_multi_source_onnx_solver_submission\task398.onnx","E:\kagglegolf\data\interim\vyanktesh_multi_source_onnx_solver_submission\task398.onnx","SRC_KAGGLE_NOTEBOOK_VYANKTESH_MULTI_SOURCE","GOLF_20260608_047_vyanktesh_multi_source_full","public_full_replace_except_task133","","","","","","true","medium","397","submit_full_source_except_failed_task133"
"task399","E:\kagglegolf\data\interim\vyanktesh_multi_source_onnx_solver_submission\task399.onnx","E:\kagglegolf\data\interim\vyanktesh_multi_source_onnx_solver_submission\task399.onnx","SRC_KAGGLE_NOTEBOOK_VYANKTESH_MULTI_SOURCE","GOLF_20260608_047_vyanktesh_multi_source_full","public_full_replace_except_task133","","","","","","true","medium","398","submit_full_source_except_failed_task133"
"task400","E:\kagglegolf\data\interim\vyanktesh_multi_source_onnx_solver_submission\task400.onnx","E:\kagglegolf\data\interim\vyanktesh_multi_source_onnx_solver_submission\task400.onnx","SRC_KAGGLE_NOTEBOOK_VYANKTESH_MULTI_SOURCE","GOLF_20260608_047_vyanktesh_multi_source_full","public_full_replace_except_task133","","","","","","true","medium","399","submit_full_source_except_failed_task133"
