task_id,arc_task_id,current_score,total_cost,correctness,gap_to_target,arc_dsl_exists,arc_dsl_solver_path,arc_dsl_python_pass,arc_dsl_python_total,cgi_exists,cgi_solver_path,cgi_python_pass,cgi_python_total,other_source,other_source_path,other_source_pass_total,category,recommended_source,recommended_onnx_template,priority,notes
task001,007bbfb7,17.047384888349,2843.0,pass,7.952615111650999,true,external/arc_dsl/solvers.py,40,40,true,external/public_repos/NeurIPS-Code-Golf-2025/solutions/task001.py,,,,,,currently OK; no immediate recovery need,current ONNX,not_obvious,15.90523,sampled_public_solver_examples=40;expected_total=268
task002,00d62c1b,13.514517676859928,97293.0,pass,11.485482323140072,true,external/arc_dsl/solvers.py,40,40,true,external/public_repos/NeurIPS-Code-Golf-2025/solutions/task002.py,,,,,,ONNX passes but cost too high,memory-first ONNX surgery,not_obvious,22.970965,sampled_public_solver_examples=40;expected_total=268
task003,017c7c7b,17.918291413894426,1190.0,pass,7.081708586105574,true,external/arc_dsl/solvers.py,40,40,true,external/public_repos/NeurIPS-Code-Golf-2025/solutions/task003.py,,,,,,currently OK; no immediate recovery need,current ONNX,not_obvious,14.163417,sampled_public_solver_examples=40;expected_total=265
task004,025d127b,14.084547965521434,55020.0,pass,10.915452034478566,true,external/arc_dsl/solvers.py,40,40,true,external/public_repos/NeurIPS-Code-Golf-2025/solutions/task004.py,,,,,,ONNX passes but cost too high,memory-first ONNX surgery,not_obvious,21.830904,sampled_public_solver_examples=40;expected_total=265
task005,045e512c,13.328149556042213,117225.0,pass,11.671850443957787,true,external/arc_dsl/solvers.py,38,40,true,external/public_repos/NeurIPS-Code-Golf-2025/solutions/task005.py,,,,,,ONNX passes but cost too high,memory-first ONNX surgery,not_obvious,23.343701,arc-gen[3]:mismatch;arc-gen[33]:mismatch;sampled_public_solver_examples=40;expected_total=266
task006,0520fde7,17.603051397378987,1631.0,pass,7.396948602621013,true,external/arc_dsl/solvers.py,12,40,true,external/public_repos/NeurIPS-Code-Golf-2025/solutions/task006.py,,,,,,currently OK; no immediate recovery need,current ONNX,not_obvious,14.793897,arc-gen[0]:mismatch;arc-gen[1]:mismatch;arc-gen[2]:mismatch;sampled_public_solver_examples=40;expected_total=266
task007,05269061,16.108350887349943,7271.0,pass,8.891649112650057,true,external/arc_dsl/solvers.py,40,40,true,external/public_repos/NeurIPS-Code-Golf-2025/solutions/task007.py,,,,,,currently OK; no immediate recovery need,current ONNX,not_obvious,17.783298,sampled_public_solver_examples=40;expected_total=266
task008,05f2a901,14.94430651457454,23288.0,pass,10.05569348542546,true,external/arc_dsl/solvers.py,32,40,true,external/public_repos/NeurIPS-Code-Golf-2025/solutions/task008.py,,,,,,currently OK; no immediate recovery need,current ONNX,not_obvious,20.111387,arc-gen[0]:mismatch;arc-gen[9]:mismatch;arc-gen[11]:mismatch;sampled_public_solver_examples=40;expected_total=266
task009,06df4c85,13.69482467517415,81241.0,pass,11.30517532482585,true,external/arc_dsl/solvers.py,40,40,true,external/public_repos/NeurIPS-Code-Golf-2025/solutions/task009.py,,,,,,ONNX passes but cost too high,memory-first ONNX surgery,not_obvious,22.610351,sampled_public_solver_examples=40;expected_total=265
task010,08ed6ac7,16.479811299603966,5015.0,pass,8.520188700396034,true,external/arc_dsl/solvers.py,40,40,true,external/public_repos/NeurIPS-Code-Golf-2025/solutions/task010.py,,,,,,currently OK; no immediate recovery need,current ONNX,not_obvious,17.040377,sampled_public_solver_examples=40;expected_total=265
task011,09629e4f,13.898854540195707,66247.0,pass,11.101145459804293,true,external/arc_dsl/solvers.py,40,40,true,external/public_repos/NeurIPS-Code-Golf-2025/solutions/task011.py,,,,,,ONNX passes but cost too high,memory-first ONNX surgery,not_obvious,22.202291,sampled_public_solver_examples=40;expected_total=267
task012,0962bcdd,15.555457449352874,12639.0,pass,9.444542550647126,true,external/arc_dsl/solvers.py,40,40,true,external/public_repos/NeurIPS-Code-Golf-2025/solutions/task012.py,,,,,,currently OK; no immediate recovery need,current ONNX,not_obvious,18.889085,sampled_public_solver_examples=40;expected_total=265
task013,0a938d79,13.3310798421544,116882.0,pass,11.6689201578456,true,external/arc_dsl/solvers.py,40,40,true,external/public_repos/NeurIPS-Code-Golf-2025/solutions/task013.py,,,,,,ONNX passes but cost too high,memory-first ONNX surgery,not_obvious,23.33784,sampled_public_solver_examples=40;expected_total=267
task014,0b148d64,14.427427453254685,39049.0,pass,10.572572546745315,true,external/arc_dsl/solvers.py,40,40,true,external/public_repos/NeurIPS-Code-Golf-2025/solutions/task014.py,,,,,,currently OK; no immediate recovery need,current ONNX,not_obvious,21.145145,sampled_public_solver_examples=40;expected_total=266
task015,0ca9ddb6,18.197605236675688,900.0,pass,6.802394763324312,true,external/arc_dsl/solvers.py,40,40,true,external/public_repos/NeurIPS-Code-Golf-2025/solutions/task015.py,,,,,,currently OK; no immediate recovery need,current ONNX,not_obvious,13.60479,sampled_public_solver_examples=40;expected_total=265
task016,0d3d703e,22.697414907005953,10.0,pass,2.302585092994047,true,external/arc_dsl/solvers.py,40,40,true,external/public_repos/NeurIPS-Code-Golf-2025/solutions/task016.py,,,,,,currently OK; no immediate recovery need,current ONNX,not_obvious,4.60517,sampled_public_solver_examples=40;expected_total=267
task017,0dfd9992,14.57051253772697,33843.0,pass,10.42948746227303,true,external/arc_dsl/solvers.py,36,40,true,external/public_repos/NeurIPS-Code-Golf-2025/solutions/task017.py,,,,,,currently OK; no immediate recovery need,current ONNX,not_obvious,20.858975,arc-gen[2]:mismatch;arc-gen[5]:mismatch;arc-gen[19]:mismatch;sampled_public_solver_examples=40;expected_total=266
task018,0e206a2e,11.926440386857584,476184.0,pass,13.073559613142416,true,external/arc_dsl/solvers.py,13,40,true,external/public_repos/NeurIPS-Code-Golf-2025/solutions/task018.py,,,,,,ONNX passes but cost too high,memory-first ONNX surgery,not_obvious,26.147119,arc-gen[0]:mismatch;arc-gen[2]:mismatch;arc-gen[3]:mismatch;sampled_public_solver_examples=40;expected_total=266
task019,10fcaaa3,13.69353305881371,81346.0,pass,11.30646694118629,true,external/arc_dsl/solvers.py,40,40,true,external/public_repos/NeurIPS-Code-Golf-2025/solutions/task019.py,,,,,,ONNX passes but cost too high,memory-first ONNX surgery,not_obvious,22.612934,sampled_public_solver_examples=40;expected_total=267
task020,11852cab,16.061599593526992,7619.0,pass,8.938400406473008,true,external/arc_dsl/solvers.py,40,40,true,external/public_repos/NeurIPS-Code-Golf-2025/solutions/task020.py,,,,,,currently OK; no immediate recovery need,current ONNX,not_obvious,17.876801,sampled_public_solver_examples=40;expected_total=266
task021,1190e5a7,14.156056071090937,51223.0,pass,10.843943928909063,true,external/arc_dsl/solvers.py,40,40,true,external/public_repos/NeurIPS-Code-Golf-2025/solutions/task021.py,,,,,,ONNX passes but cost too high,memory-first ONNX surgery,not_obvious,21.687888,sampled_public_solver_examples=40;expected_total=266
task022,137eaa0f,14.542024067963268,34821.0,pass,10.457975932036732,true,external/arc_dsl/solvers.py,40,40,true,external/public_repos/NeurIPS-Code-Golf-2025/solutions/task022.py,,,,,,currently OK; no immediate recovery need,current ONNX,not_obvious,20.915952,sampled_public_solver_examples=40;expected_total=266
task023,150deff5,13.863194455943471,68652.0,pass,11.136805544056529,true,external/arc_dsl/solvers.py,14,40,true,external/public_repos/NeurIPS-Code-Golf-2025/solutions/task023.py,,,,,,ONNX passes but cost too high,memory-first ONNX surgery,not_obvious,22.273611,arc-gen[0]:mismatch;arc-gen[1]:mismatch;arc-gen[2]:mismatch;sampled_public_solver_examples=40;expected_total=266
task024,178fcbfb,15.88617052840466,9080.0,pass,9.11382947159534,true,external/arc_dsl/solvers.py,39,40,true,external/public_repos/NeurIPS-Code-Golf-2025/solutions/task024.py,,,,,,currently OK; no immediate recovery need,current ONNX,not_obvious,18.227659,arc-gen[19]:mismatch;sampled_public_solver_examples=40;expected_total=266
task025,1a07d186,13.149938233234366,140093.0,pass,11.850061766765634,true,external/arc_dsl/solvers.py,37,40,true,external/public_repos/NeurIPS-Code-Golf-2025/solutions/task025.py,,,,,,ONNX passes but cost too high,memory-first ONNX surgery,not_obvious,23.700124,arc-gen[3]:mismatch;arc-gen[4]:mismatch;arc-gen[12]:mismatch;sampled_public_solver_examples=40;expected_total=266
task026,1b2d62fb,18.415208607614282,724.0,pass,6.584791392385718,true,external/arc_dsl/solvers.py,40,40,true,external/public_repos/NeurIPS-Code-Golf-2025/solutions/task026.py,,,,,,currently OK; no immediate recovery need,current ONNX,not_obvious,13.169583,sampled_public_solver_examples=40;expected_total=268
task027,1b60fb0c,16.331975918881177,5814.0,pass,8.668024081118823,true,external/arc_dsl/solvers.py,38,40,true,external/public_repos/NeurIPS-Code-Golf-2025/solutions/task027.py,,,,,,currently OK; no immediate recovery need,current ONNX,not_obvious,17.336048,arc-gen[21]:mismatch;arc-gen[26]:mismatch;sampled_public_solver_examples=40;expected_total=265
task028,1bfc4729,16.51553663320668,4839.0,pass,8.484463366793321,true,external/arc_dsl/solvers.py,40,40,true,external/public_repos/NeurIPS-Code-Golf-2025/solutions/task028.py,,,,,,currently OK; no immediate recovery need,current ONNX,not_obvious,16.968927,sampled_public_solver_examples=40;expected_total=265
task029,1c786137,13.516328283804857,97117.0,pass,11.483671716195143,true,external/arc_dsl/solvers.py,35,40,true,external/public_repos/NeurIPS-Code-Golf-2025/solutions/task029.py,,,,,,ONNX passes but cost too high,memory-first ONNX surgery,not_obvious,22.967343,arc-gen[1]:mismatch;arc-gen[10]:mismatch;arc-gen[11]:mismatch;sampled_public_solver_examples=40;expected_total=266
task030,1caeab9d,15.69453128293224,10998.0,pass,9.30546871706776,true,external/arc_dsl/solvers.py,40,40,true,external/public_repos/NeurIPS-Code-Golf-2025/solutions/task030.py,,,,,,currently OK; no immediate recovery need,current ONNX,not_obvious,18.610937,sampled_public_solver_examples=40;expected_total=266
task031,1cf80156,15.168223295017873,18616.0,pass,9.831776704982127,true,external/arc_dsl/solvers.py,40,40,true,external/public_repos/NeurIPS-Code-Golf-2025/solutions/task031.py,,,,,,currently OK; no immediate recovery need,current ONNX,not_obvious,19.663553,sampled_public_solver_examples=40;expected_total=266
task032,1e0a9b12,16.86699978141639,3405.0,pass,8.13300021858361,true,external/arc_dsl/solvers.py,40,40,true,external/public_repos/NeurIPS-Code-Golf-2025/solutions/task032.py,,,,,,currently OK; no immediate recovery need,current ONNX,not_obvious,16.266,sampled_public_solver_examples=40;expected_total=266
task033,1e32b0e9,14.081988539178049,55161.0,pass,10.918011460821951,true,external/arc_dsl/solvers.py,40,40,true,external/public_repos/NeurIPS-Code-Golf-2025/solutions/task033.py,,,,,,ONNX passes but cost too high,memory-first ONNX surgery,not_obvious,21.836023,sampled_public_solver_examples=40;expected_total=265
task034,1f0c79e5,13.425828929592994,106316.0,pass,11.574171070407006,true,external/arc_dsl/solvers.py,40,40,true,external/public_repos/NeurIPS-Code-Golf-2025/solutions/task034.py,,,,,,ONNX passes but cost too high,memory-first ONNX surgery,not_obvious,23.148342,sampled_public_solver_examples=40;expected_total=267
task035,1f642eb9,15.36028269986934,15363.0,pass,9.63971730013066,true,external/arc_dsl/solvers.py,34,40,true,external/public_repos/NeurIPS-Code-Golf-2025/solutions/task035.py,,,,,,currently OK; no immediate recovery need,current ONNX,not_obvious,19.279435,arc-gen[4]:mismatch;arc-gen[10]:mismatch;arc-gen[18]:mismatch;sampled_public_solver_examples=40;expected_total=266
task036,1f85a75f,13.710918331458375,79944.0,pass,11.289081668541625,true,external/arc_dsl/solvers.py,40,40,true,external/public_repos/NeurIPS-Code-Golf-2025/solutions/task036.py,,,,,,ONNX passes but cost too high,memory-first ONNX surgery,not_obvious,22.578163,sampled_public_solver_examples=40;expected_total=265
task037,1f876c06,13.937652078450405,63726.0,pass,11.062347921549595,true,external/arc_dsl/solvers.py,40,40,true,external/public_repos/NeurIPS-Code-Golf-2025/solutions/task037.py,,,,,,ONNX passes but cost too high,memory-first ONNX surgery,not_obvious,22.124696,sampled_public_solver_examples=40;expected_total=266
task038,1fad071e,17.315675932318847,2174.0,pass,7.684324067681153,true,external/arc_dsl/solvers.py,40,40,true,external/public_repos/NeurIPS-Code-Golf-2025/solutions/task038.py,,,,,,currently OK; no immediate recovery need,current ONNX,not_obvious,15.368648,sampled_public_solver_examples=40;expected_total=266
task039,2013d3e2,16.04171718950267,7772.0,pass,8.95828281049733,true,external/arc_dsl/solvers.py,40,40,true,external/public_repos/NeurIPS-Code-Golf-2025/solutions/task039.py,,,,,,currently OK; no immediate recovery need,current ONNX,not_obvious,17.916566,sampled_public_solver_examples=40;expected_total=264
task040,2204b7a8,16.02944082049105,7868.0,pass,8.97055917950895,true,external/arc_dsl/solvers.py,40,40,true,external/public_repos/NeurIPS-Code-Golf-2025/solutions/task040.py,,,,,,currently OK; no immediate recovery need,current ONNX,not_obvious,17.941118,sampled_public_solver_examples=40;expected_total=266
task041,22168020,15.626775765122337,11769.0,pass,9.373224234877663,true,external/arc_dsl/solvers.py,40,40,true,external/public_repos/NeurIPS-Code-Golf-2025/solutions/task041.py,,,,,,currently OK; no immediate recovery need,current ONNX,not_obvious,18.746448,sampled_public_solver_examples=40;expected_total=266
task042,22233c11,15.95018055485892,8517.0,pass,9.04981944514108,true,external/arc_dsl/solvers.py,40,40,true,external/public_repos/NeurIPS-Code-Golf-2025/solutions/task042.py,,,,,,currently OK; no immediate recovery need,current ONNX,not_obvious,18.099639,sampled_public_solver_examples=40;expected_total=266
task043,2281f1f4,16.129617933929865,7118.0,pass,8.870382066070135,true,external/arc_dsl/solvers.py,40,40,true,external/public_repos/NeurIPS-Code-Golf-2025/solutions/task043.py,,,,,,currently OK; no immediate recovery need,current ONNX,not_obvious,17.740764,sampled_public_solver_examples=40;expected_total=266
task044,228f6490,14.354527484820627,42002.0,pass,10.645472515179373,true,external/arc_dsl/solvers.py,39,40,true,external/public_repos/NeurIPS-Code-Golf-2025/solutions/task044.py,,,,,,currently OK; no immediate recovery need,current ONNX,not_obvious,21.290945,arc-gen[12]:mismatch;sampled_public_solver_examples=40;expected_total=266
task045,22eb0ac0,16.0873920363291,7425.0,pass,8.9126079636709,true,external/arc_dsl/solvers.py,40,40,true,external/public_repos/NeurIPS-Code-Golf-2025/solutions/task045.py,,,,,,currently OK; no immediate recovery need,current ONNX,not_obvious,17.825216,sampled_public_solver_examples=40;expected_total=265
task046,234bbc79,14.58291068075113,33426.0,pass,10.41708931924887,true,external/arc_dsl/solvers.py,40,40,true,external/public_repos/NeurIPS-Code-Golf-2025/solutions/task046.py,,,,,,currently OK; no immediate recovery need,current ONNX,not_obvious,20.834179,sampled_public_solver_examples=40;expected_total=267
task047,23581191,16.985664262700574,3024.0,pass,8.014335737299426,true,external/arc_dsl/solvers.py,40,40,true,external/public_repos/NeurIPS-Code-Golf-2025/solutions/task047.py,,,,,,currently OK; no immediate recovery need,current ONNX,not_obvious,16.028671,sampled_public_solver_examples=40;expected_total=265
task048,239be575,16.367872270491663,5609.0,pass,8.632127729508337,true,external/arc_dsl/solvers.py,40,40,true,external/public_repos/NeurIPS-Code-Golf-2025/solutions/task048.py,,,,,,currently OK; no immediate recovery need,current ONNX,not_obvious,17.264255,sampled_public_solver_examples=40;expected_total=270
task049,23b5c85d,14.674878758194124,30489.0,pass,10.325121241805876,true,external/arc_dsl/solvers.py,29,40,true,external/public_repos/NeurIPS-Code-Golf-2025/solutions/task049.py,,,,,,currently OK; no immediate recovery need,current ONNX,not_obvious,20.650242,arc-gen[4]:mismatch;arc-gen[5]:mismatch;arc-gen[11]:mismatch;sampled_public_solver_examples=40;expected_total=268
task050,253bf280,15.843587970049374,9475.0,pass,9.156412029950626,true,external/arc_dsl/solvers.py,40,40,true,external/public_repos/NeurIPS-Code-Golf-2025/solutions/task050.py,,,,,,currently OK; no immediate recovery need,current ONNX,not_obvious,18.312824,sampled_public_solver_examples=40;expected_total=271
task051,25d487eb,13.866448009633856,68429.0,pass,11.133551990366144,true,external/arc_dsl/solvers.py,40,40,true,external/public_repos/NeurIPS-Code-Golf-2025/solutions/task051.py,,,,,,ONNX passes but cost too high,memory-first ONNX surgery,not_obvious,22.267104,sampled_public_solver_examples=40;expected_total=265
task052,25d8a9c8,17.886857891292912,1228.0,pass,7.113142108707088,true,external/arc_dsl/solvers.py,13,40,true,external/public_repos/NeurIPS-Code-Golf-2025/solutions/task052.py,,,,,,currently OK; no immediate recovery need,current ONNX,not_obvious,14.226284,arc-gen[1]:mismatch;arc-gen[2]:mismatch;arc-gen[3]:mismatch;sampled_public_solver_examples=40;expected_total=267
task053,25ff71a9,21.598802618337846,30.0,pass,3.401197381662154,true,external/arc_dsl/solvers.py,40,40,true,external/public_repos/NeurIPS-Code-Golf-2025/solutions/task053.py,,,,,,currently OK; no immediate recovery need,current ONNX,not_obvious,6.802395,sampled_public_solver_examples=40;expected_total=60
task054,264363fd,13.07796275080141,150548.0,pass,11.92203724919859,true,external/arc_dsl/solvers.py,40,40,true,external/public_repos/NeurIPS-Code-Golf-2025/solutions/task054.py,,,,,,ONNX passes but cost too high,memory-first ONNX surgery,not_obvious,23.844074,sampled_public_solver_examples=40;expected_total=266
task055,272f95fa,14.820017720652668,26370.0,pass,10.179982279347332,true,external/arc_dsl/solvers.py,40,40,true,external/public_repos/NeurIPS-Code-Golf-2025/solutions/task055.py,,,,,,currently OK; no immediate recovery need,current ONNX,not_obvious,20.359965,sampled_public_solver_examples=40;expected_total=265
task056,27a28665,19.638707834290575,213.0,pass,5.3612921657094255,true,external/arc_dsl/solvers.py,40,40,true,external/public_repos/NeurIPS-Code-Golf-2025/solutions/task056.py,,,,,,currently OK; no immediate recovery need,current ONNX,not_obvious,10.722584,sampled_public_solver_examples=40;expected_total=46
task057,28bf18c6,15.354118052333183,15458.0,pass,9.645881947666817,true,external/arc_dsl/solvers.py,40,40,true,external/public_repos/NeurIPS-Code-Golf-2025/solutions/task057.py,,,,,,currently OK; no immediate recovery need,current ONNX,not_obvious,19.291764,sampled_public_solver_examples=40;expected_total=265
task058,28e73c20,15.314295392535985,16086.0,pass,9.685704607464015,true,external/arc_dsl/solvers.py,22,22,true,external/public_repos/NeurIPS-Code-Golf-2025/solutions/task058.py,,,,,,public solver available for future compression,ARC-DSL,not_obvious,27.371409,cgi_error:AttributeError
task059,29623171,15.077347278202861,20387.0,pass,9.922652721797139,true,external/arc_dsl/solvers.py,40,40,true,external/public_repos/NeurIPS-Code-Golf-2025/solutions/task059.py,,,,,,currently OK; no immediate recovery need,current ONNX,not_obvious,19.845305,sampled_public_solver_examples=40;expected_total=266
task060,29c11459,16.372876749211567,5581.0,pass,8.627123250788433,true,external/arc_dsl/solvers.py,40,40,true,external/public_repos/NeurIPS-Code-Golf-2025/solutions/task060.py,,,,,,currently OK; no immediate recovery need,current ONNX,not_obvious,17.254247,sampled_public_solver_examples=40;expected_total=265
task061,29ec7d0e,15.152342332424542,18914.0,pass,9.847657667575458,true,external/arc_dsl/solvers.py,32,40,true,external/public_repos/NeurIPS-Code-Golf-2025/solutions/task061.py,,,,,,currently OK; no immediate recovery need,current ONNX,not_obvious,19.695315,arc-gen[4]:mismatch;arc-gen[9]:mismatch;arc-gen[13]:mismatch;sampled_public_solver_examples=40;expected_total=267
task062,2bcee788,14.810807327896311,26614.0,pass,10.189192672103689,true,external/arc_dsl/solvers.py,35,40,true,external/public_repos/NeurIPS-Code-Golf-2025/solutions/task062.py,,,,,,currently OK; no immediate recovery need,current ONNX,not_obvious,20.378385,arc-gen[0]:mismatch;arc-gen[6]:mismatch;arc-gen[9]:mismatch;sampled_public_solver_examples=40;expected_total=267
task063,2bee17df,14.666940264012474,30732.0,pass,10.333059735987526,true,external/arc_dsl/solvers.py,39,40,true,external/public_repos/NeurIPS-Code-Golf-2025/solutions/task063.py,,,,,,currently OK; no immediate recovery need,current ONNX,not_obvious,20.666119,arc-gen[1]:mismatch;sampled_public_solver_examples=40;expected_total=266
task064,2c608aff,13.354705067178468,114153.0,pass,11.645294932821532,true,external/arc_dsl/solvers.py,40,40,true,external/public_repos/NeurIPS-Code-Golf-2025/solutions/task064.py,,,,,,ONNX passes but cost too high,memory-first ONNX surgery,not_obvious,23.29059,sampled_public_solver_examples=40;expected_total=267
task065,2dc579da,14.534186050835478,35095.0,pass,10.465813949164522,true,external/arc_dsl/solvers.py,36,40,true,external/public_repos/NeurIPS-Code-Golf-2025/solutions/task065.py,,,,,,currently OK; no immediate recovery need,current ONNX,not_obvious,20.931628,arc-gen[1]:mismatch;arc-gen[2]:mismatch;arc-gen[16]:mismatch;sampled_public_solver_examples=40;expected_total=266
task066,2dd70a9a,13.455382088297283,103220.0,pass,11.544617911702717,true,external/arc_dsl/solvers.py,25,40,true,external/public_repos/NeurIPS-Code-Golf-2025/solutions/task066.py,,,,,,ONNX passes but cost too high,memory-first ONNX surgery,not_obvious,23.089236,arc-gen[0]:ValueError;arc-gen[1]:ValueError;arc-gen[2]:mismatch;sampled_public_solver_examples=40;expected_total=266
task067,2dee498d,19.247427361174367,315.0,pass,5.752572638825633,true,external/arc_dsl/solvers.py,40,40,true,external/public_repos/NeurIPS-Code-Golf-2025/solutions/task067.py,,,,,,currently OK; no immediate recovery need,current ONNX,not_obvious,11.505145,sampled_public_solver_examples=40;expected_total=266
task068,31aa019c,15.55942130423374,12589.0,pass,9.44057869576626,true,external/arc_dsl/solvers.py,40,40,true,external/public_repos/NeurIPS-Code-Golf-2025/solutions/task068.py,,,,,,currently OK; no immediate recovery need,current ONNX,not_obvious,18.881157,sampled_public_solver_examples=40;expected_total=266
task069,321b1fc6,13.658456151785392,84250.0,pass,11.341543848214608,true,external/arc_dsl/solvers.py,40,40,true,external/public_repos/NeurIPS-Code-Golf-2025/solutions/task069.py,,,,,,ONNX passes but cost too high,memory-first ONNX surgery,not_obvious,22.683088,sampled_public_solver_examples=40;expected_total=264
task070,32597951,15.910020984695,8866.0,pass,9.089979015305,true,external/arc_dsl/solvers.py,40,40,true,external/public_repos/NeurIPS-Code-Golf-2025/solutions/task070.py,,,,,,currently OK; no immediate recovery need,current ONNX,not_obvious,18.179958,sampled_public_solver_examples=40;expected_total=266
task071,3345333e,13.238317819353261,128243.0,pass,11.761682180646739,true,external/arc_dsl/solvers.py,27,40,true,external/public_repos/NeurIPS-Code-Golf-2025/solutions/task071.py,,,,,,ONNX passes but cost too high,memory-first ONNX surgery,not_obvious,23.523364,arc-gen[1]:mismatch;arc-gen[2]:mismatch;arc-gen[4]:mismatch;sampled_public_solver_examples=40;expected_total=265
task072,3428a4f5,17.8229812340901,1309.0,pass,7.177018765909899,true,external/arc_dsl/solvers.py,40,40,true,external/public_repos/NeurIPS-Code-Golf-2025/solutions/task072.py,,,,,,currently OK; no immediate recovery need,current ONNX,not_obvious,14.354038,sampled_public_solver_examples=40;expected_total=268
task073,3618c87e,18.186555400489105,910.0,pass,6.813444599510895,true,external/arc_dsl/solvers.py,15,15,true,external/public_repos/NeurIPS-Code-Golf-2025/solutions/task073.py,,,,,,public solver available for future compression,ARC-DSL,not_obvious,21.626889,cgi_error:AttributeError
task074,3631a71a,15.009188619292196,21825.0,pass,9.990811380707804,true,external/arc_dsl/solvers.py,39,40,true,external/public_repos/NeurIPS-Code-Golf-2025/solutions/task074.py,,,,,,currently OK; no immediate recovery need,current ONNX,not_obvious,19.981623,arc-gen[26]:mismatch;sampled_public_solver_examples=40;expected_total=267
task075,363442ee,14.742796878157792,28487.0,pass,10.257203121842208,true,external/arc_dsl/solvers.py,40,40,true,external/public_repos/NeurIPS-Code-Golf-2025/solutions/task075.py,,,,,,currently OK; no immediate recovery need,current ONNX,not_obvious,20.514406,sampled_public_solver_examples=40;expected_total=265
task076,36d67576,12.292867258634116,330094.0,pass,12.707132741365884,true,external/arc_dsl/solvers.py,37,40,true,external/public_repos/NeurIPS-Code-Golf-2025/solutions/task076.py,,,,,,ONNX passes but cost too high,memory-first ONNX surgery,not_obvious,25.414265,arc-gen[9]:mismatch;arc-gen[23]:mismatch;arc-gen[33]:mismatch;sampled_public_solver_examples=40;expected_total=266
task077,36fdfd69,13.032857358715912,157494.0,pass,11.967142641284088,true,external/arc_dsl/solvers.py,40,40,true,external/public_repos/NeurIPS-Code-Golf-2025/solutions/task077.py,,,,,,ONNX passes but cost too high,memory-first ONNX surgery,not_obvious,23.934285,sampled_public_solver_examples=40;expected_total=266
task078,3906de3d,15.65024557224114,11496.0,pass,9.34975442775886,true,external/arc_dsl/solvers.py,40,40,true,external/public_repos/NeurIPS-Code-Golf-2025/solutions/task078.py,,,,,,currently OK; no immediate recovery need,current ONNX,not_obvious,18.699509,sampled_public_solver_examples=40;expected_total=266
task079,39a8645d,15.029648507210364,21383.0,pass,9.970351492789636,true,external/arc_dsl/solvers.py,40,40,true,external/public_repos/NeurIPS-Code-Golf-2025/solutions/task079.py,,,,,,currently OK; no immediate recovery need,current ONNX,not_obvious,19.940703,sampled_public_solver_examples=40;expected_total=266
task080,39e1d7f9,14.353266435603462,42055.0,pass,10.646733564396538,true,external/arc_dsl/solvers.py,32,40,true,external/public_repos/NeurIPS-Code-Golf-2025/solutions/task080.py,,,,,,currently OK; no immediate recovery need,current ONNX,not_obvious,21.293467,arc-gen[1]:mismatch;arc-gen[2]:mismatch;arc-gen[3]:mismatch;sampled_public_solver_examples=40;expected_total=266
task081,3aa6fb7a,17.256296741826247,2307.0,pass,7.743703258173753,true,external/arc_dsl/solvers.py,40,40,true,external/public_repos/NeurIPS-Code-Golf-2025/solutions/task081.py,,,,,,currently OK; no immediate recovery need,current ONNX,not_obvious,15.487407,sampled_public_solver_examples=40;expected_total=264
task082,3ac3eb23,15.818470709877937,9716.0,pass,9.181529290122063,true,external/arc_dsl/solvers.py,40,40,true,external/public_repos/NeurIPS-Code-Golf-2025/solutions/task082.py,,,,,,currently OK; no immediate recovery need,current ONNX,not_obvious,18.363059,sampled_public_solver_examples=40;expected_total=265
task083,3af2c5a8,17.504458056115745,1800.0,pass,7.495541943884255,true,external/arc_dsl/solvers.py,40,40,true,external/public_repos/NeurIPS-Code-Golf-2025/solutions/task083.py,,,,,,currently OK; no immediate recovery need,current ONNX,not_obvious,14.991084,sampled_public_solver_examples=40;expected_total=266
task084,3bd67248,15.121163810905001,19513.0,pass,9.878836189094999,true,external/arc_dsl/solvers.py,40,40,true,external/public_repos/NeurIPS-Code-Golf-2025/solutions/task084.py,,,,,,currently OK; no immediate recovery need,current ONNX,not_obvious,19.757672,sampled_public_solver_examples=40;expected_total=175
task085,3bdb4ada,13.36328292042622,113178.0,pass,11.63671707957378,true,external/arc_dsl/solvers.py,40,40,true,external/public_repos/NeurIPS-Code-Golf-2025/solutions/task085.py,,,,,,ONNX passes but cost too high,memory-first ONNX surgery,not_obvious,23.273434,sampled_public_solver_examples=40;expected_total=265
task086,3befdf3e,14.83966336368449,25857.0,pass,10.16033663631551,true,external/arc_dsl/solvers.py,38,40,true,external/public_repos/NeurIPS-Code-Golf-2025/solutions/task086.py,,,,,,currently OK; no immediate recovery need,current ONNX,not_obvious,20.320673,arc-gen[0]:mismatch;arc-gen[31]:mismatch;sampled_public_solver_examples=40;expected_total=266
task087,3c9b0459,19.09191706183107,368.0,pass,5.908082938168931,true,external/arc_dsl/solvers.py,40,40,true,external/public_repos/NeurIPS-Code-Golf-2025/solutions/task087.py,,,,,,currently OK; no immediate recovery need,current ONNX,not_obvious,11.816166,sampled_public_solver_examples=40;expected_total=266
task088,3de23699,13.80499590787612,72766.0,pass,11.19500409212388,true,external/arc_dsl/solvers.py,40,40,true,external/public_repos/NeurIPS-Code-Golf-2025/solutions/task088.py,,,,,,ONNX passes but cost too high,memory-first ONNX surgery,not_obvious,22.390008,sampled_public_solver_examples=40;expected_total=267
task089,3e980e27,14.186179427563964,49703.0,pass,10.813820572436036,true,external/arc_dsl/solvers.py,40,40,true,external/public_repos/NeurIPS-Code-Golf-2025/solutions/task089.py,,,,,,currently OK; no immediate recovery need,current ONNX,not_obvious,21.627641,sampled_public_solver_examples=40;expected_total=267
task090,3eda0437,13.94350667496543,63354.0,pass,11.05649332503457,true,external/arc_dsl/solvers.py,40,40,true,external/public_repos/NeurIPS-Code-Golf-2025/solutions/task090.py,,,,,,ONNX passes but cost too high,memory-first ONNX surgery,not_obvious,22.112987,sampled_public_solver_examples=40;expected_total=267
task091,3f7978a0,14.151323325547068,51466.0,pass,10.848676674452932,true,external/arc_dsl/solvers.py,40,40,true,external/public_repos/NeurIPS-Code-Golf-2025/solutions/task091.py,,,,,,ONNX passes but cost too high,memory-first ONNX surgery,not_obvious,21.697353,sampled_public_solver_examples=40;expected_total=266
task092,40853293,14.25734036914603,46289.0,pass,10.74265963085397,true,external/arc_dsl/solvers.py,40,40,true,external/public_repos/NeurIPS-Code-Golf-2025/solutions/task092.py,,,,,,currently OK; no immediate recovery need,current ONNX,not_obvious,21.485319,sampled_public_solver_examples=40;expected_total=265
task093,4093f84a,15.354118052333183,15458.0,pass,9.645881947666817,true,external/arc_dsl/solvers.py,40,40,true,external/public_repos/NeurIPS-Code-Golf-2025/solutions/task093.py,,,,,,currently OK; no immediate recovery need,current ONNX,not_obvious,19.291764,sampled_public_solver_examples=40;expected_total=265
task094,41e4d17e,15.745451373359497,10452.0,pass,9.254548626640503,true,external/arc_dsl/solvers.py,40,40,true,external/public_repos/NeurIPS-Code-Golf-2025/solutions/task094.py,,,,,,currently OK; no immediate recovery need,current ONNX,not_obvious,18.509097,sampled_public_solver_examples=40;expected_total=265
task095,4258a5f9,18.186555400489105,910.0,pass,6.813444599510895,true,external/arc_dsl/solvers.py,40,40,true,external/public_repos/NeurIPS-Code-Golf-2025/solutions/task095.py,,,,,,currently OK; no immediate recovery need,current ONNX,not_obvious,13.626889,sampled_public_solver_examples=40;expected_total=265
task096,4290ef0e,12.827184286371278,193458.0,pass,12.172815713628722,true,external/arc_dsl/solvers.py,30,40,true,external/public_repos/NeurIPS-Code-Golf-2025/solutions/task096.py,,,,,,ONNX passes but cost too high,memory-first ONNX surgery,not_obvious,24.345631,arc-gen[3]:mismatch;arc-gen[4]:mismatch;arc-gen[12]:mismatch;sampled_public_solver_examples=40;expected_total=266
task097,42a50994,15.20070697648173,18021.0,pass,9.79929302351827,true,external/arc_dsl/solvers.py,40,40,true,external/public_repos/NeurIPS-Code-Golf-2025/solutions/task097.py,,,,,,currently OK; no immediate recovery need,current ONNX,not_obvious,19.598586,sampled_public_solver_examples=40;expected_total=267
task098,4347f46a,18.186555400489105,910.0,pass,6.813444599510895,true,external/arc_dsl/solvers.py,40,40,true,external/public_repos/NeurIPS-Code-Golf-2025/solutions/task098.py,,,,,,currently OK; no immediate recovery need,current ONNX,not_obvious,13.626889,sampled_public_solver_examples=40;expected_total=266
task099,444801d8,16.500970779211436,4910.0,pass,8.499029220788564,true,external/arc_dsl/solvers.py,40,40,true,external/public_repos/NeurIPS-Code-Golf-2025/solutions/task099.py,,,,,,currently OK; no immediate recovery need,current ONNX,not_obvious,16.998058,sampled_public_solver_examples=40;expected_total=265
task100,445eab21,16.21491936346016,6536.0,pass,8.785080636539838,true,external/arc_dsl/solvers.py,40,40,true,external/public_repos/NeurIPS-Code-Golf-2025/solutions/task100.py,,,,,,currently OK; no immediate recovery need,current ONNX,not_obvious,17.570161,sampled_public_solver_examples=40;expected_total=266
task101,447fd412,12.166837180696787,374431.0,pass,12.833162819303213,true,external/arc_dsl/solvers.py,24,40,true,external/public_repos/NeurIPS-Code-Golf-2025/solutions/task101.py,,,,,,ONNX passes but cost too high,memory-first ONNX surgery,not_obvious,25.666326,arc-gen[1]:mismatch;arc-gen[4]:mismatch;arc-gen[6]:mismatch;sampled_public_solver_examples=40;expected_total=266
task102,44d8ac46,15.558071829926945,12606.0,pass,9.441928170073055,true,external/arc_dsl/solvers.py,40,40,true,external/public_repos/NeurIPS-Code-Golf-2025/solutions/task102.py,,,,,,currently OK; no immediate recovery need,current ONNX,not_obvious,18.883856,sampled_public_solver_examples=40;expected_total=267
task103,44f52bb0,19.737309811095116,193.0,pass,5.262690188904884,true,external/arc_dsl/solvers.py,40,40,true,external/public_repos/NeurIPS-Code-Golf-2025/solutions/task103.py,,,,,,currently OK; no immediate recovery need,current ONNX,not_obvious,10.52538,sampled_public_solver_examples=40;expected_total=223
task104,4522001f,16.788788638206977,3682.0,pass,8.211211361793023,true,external/arc_dsl/solvers.py,7,7,true,external/public_repos/NeurIPS-Code-Golf-2025/solutions/task104.py,,,,,,public solver available for future compression,ARC-DSL,not_obvious,24.422423,cgi_error:AttributeError
task105,4612dd53,16.138508135713085,7055.0,pass,8.861491864286915,true,external/arc_dsl/solvers.py,40,40,true,external/public_repos/NeurIPS-Code-Golf-2025/solutions/task105.py,,,,,,currently OK; no immediate recovery need,current ONNX,not_obvious,17.722984,sampled_public_solver_examples=40;expected_total=266
task106,46442a0e,17.940382371708615,1164.0,pass,7.0596176282913845,true,external/arc_dsl/solvers.py,40,40,true,external/public_repos/NeurIPS-Code-Golf-2025/solutions/task106.py,,,,,,currently OK; no immediate recovery need,current ONNX,not_obvious,14.119235,sampled_public_solver_examples=40;expected_total=266
task107,469497ad,13.799992367549814,73131.0,pass,11.200007632450186,true,external/arc_dsl/solvers.py,40,40,true,external/public_repos/NeurIPS-Code-Golf-2025/solutions/task107.py,,,,,,ONNX passes but cost too high,memory-first ONNX surgery,not_obvious,22.400015,sampled_public_solver_examples=40;expected_total=266
task108,46f33fce,17.504458056115745,1800.0,pass,7.495541943884255,true,external/arc_dsl/solvers.py,40,40,true,external/public_repos/NeurIPS-Code-Golf-2025/solutions/task108.py,,,,,,currently OK; no immediate recovery need,current ONNX,not_obvious,14.991084,sampled_public_solver_examples=40;expected_total=266
task109,47c1f68c,13.539652865248629,94878.0,pass,11.460347134751371,true,external/arc_dsl/solvers.py,40,40,true,external/public_repos/NeurIPS-Code-Golf-2025/solutions/task109.py,,,,,,ONNX passes but cost too high,memory-first ONNX surgery,not_obvious,22.920694,sampled_public_solver_examples=40;expected_total=266
task110,484b58aa,13.411104725742392,107893.0,pass,11.588895274257608,true,external/arc_dsl/solvers.py,32,40,true,external/public_repos/NeurIPS-Code-Golf-2025/solutions/task110.py,,,,,,ONNX passes but cost too high,memory-first ONNX surgery,not_obvious,23.177791,arc-gen[2]:mismatch;arc-gen[7]:mismatch;arc-gen[8]:mismatch;sampled_public_solver_examples=40;expected_total=266
task111,48d8fb45,18.319145321209785,797.0,pass,6.680854678790215,true,external/arc_dsl/solvers.py,40,40,true,external/public_repos/NeurIPS-Code-Golf-2025/solutions/task111.py,,,,,,currently OK; no immediate recovery need,current ONNX,not_obvious,13.361709,sampled_public_solver_examples=40;expected_total=265
task112,4938f0c2,14.010141445218116,59270.0,pass,10.989858554781884,true,external/arc_dsl/solvers.py,40,40,true,external/public_repos/NeurIPS-Code-Golf-2025/solutions/task112.py,,,,,,ONNX passes but cost too high,memory-first ONNX surgery,not_obvious,21.979717,sampled_public_solver_examples=40;expected_total=266
task113,496994bd,21.598802618337846,30.0,pass,3.401197381662154,true,external/arc_dsl/solvers.py,40,40,true,external/public_repos/NeurIPS-Code-Golf-2025/solutions/task113.py,,,,,,currently OK; no immediate recovery need,current ONNX,not_obvious,6.802395,sampled_public_solver_examples=40;expected_total=265
task114,49d1d64f,17.869901489874422,1249.0,pass,7.130098510125578,true,external/arc_dsl/solvers.py,40,40,true,external/public_repos/NeurIPS-Code-Golf-2025/solutions/task114.py,,,,,,currently OK; no immediate recovery need,current ONNX,not_obvious,14.260197,sampled_public_solver_examples=40;expected_total=266
task115,4be741c5,16.67663430556392,4119.0,pass,8.323365694436081,true,external/arc_dsl/solvers.py,36,40,true,external/public_repos/NeurIPS-Code-Golf-2025/solutions/task115.py,,,,,,currently OK; no immediate recovery need,current ONNX,not_obvious,16.646731,arc-gen[19]:mismatch;arc-gen[22]:mismatch;arc-gen[30]:mismatch;sampled_public_solver_examples=40;expected_total=266
task116,4c4377d9,21.598802618337846,30.0,pass,3.401197381662154,true,external/arc_dsl/solvers.py,40,40,true,external/public_repos/NeurIPS-Code-Golf-2025/solutions/task116.py,,,,,,currently OK; no immediate recovery need,current ONNX,not_obvious,6.802395,sampled_public_solver_examples=40;expected_total=267
task117,4c5c2cf0,15.202317506360849,17992.0,pass,9.797682493639151,true,external/arc_dsl/solvers.py,31,40,true,external/public_repos/NeurIPS-Code-Golf-2025/solutions/task117.py,,,,,,currently OK; no immediate recovery need,current ONNX,not_obvious,19.595365,arc-gen[0]:mismatch;arc-gen[4]:StopIteration;arc-gen[9]:mismatch;sampled_public_solver_examples=40;expected_total=265
task118,50846271,13.336192047071197,116286.0,pass,11.663807952928803,true,external/arc_dsl/solvers.py,24,40,true,external/public_repos/NeurIPS-Code-Golf-2025/solutions/task118.py,,,,,,ONNX passes but cost too high,memory-first ONNX surgery,not_obvious,23.327616,arc-gen[1]:mismatch;arc-gen[4]:mismatch;arc-gen[7]:mismatch;sampled_public_solver_examples=40;expected_total=267
task119,508bd3b6,15.297955663465414,16351.0,pass,9.702044336534586,true,external/arc_dsl/solvers.py,40,40,true,external/public_repos/NeurIPS-Code-Golf-2025/solutions/task119.py,,,,,,currently OK; no immediate recovery need,current ONNX,not_obvious,19.404089,sampled_public_solver_examples=40;expected_total=266
task120,50cb2852,18.186555400489105,910.0,pass,6.813444599510895,true,external/arc_dsl/solvers.py,40,40,true,external/public_repos/NeurIPS-Code-Golf-2025/solutions/task120.py,,,,,,currently OK; no immediate recovery need,current ONNX,not_obvious,13.626889,sampled_public_solver_examples=40;expected_total=266
task121,5117e062,16.215837777729526,6530.0,pass,8.784162222270474,true,external/arc_dsl/solvers.py,40,40,true,external/public_repos/NeurIPS-Code-Golf-2025/solutions/task121.py,,,,,,currently OK; no immediate recovery need,current ONNX,not_obvious,17.568324,sampled_public_solver_examples=40;expected_total=266
task122,5168d44c,17.17196196787417,2510.0,pass,7.8280380321258285,true,external/arc_dsl/solvers.py,40,40,true,external/public_repos/NeurIPS-Code-Golf-2025/solutions/task122.py,,,,,,currently OK; no immediate recovery need,current ONNX,not_obvious,15.656076,sampled_public_solver_examples=40;expected_total=266
task123,539a4f51,16.680526307557813,4103.0,pass,8.319473692442187,true,external/arc_dsl/solvers.py,37,40,true,external/public_repos/NeurIPS-Code-Golf-2025/solutions/task123.py,,,,,,currently OK; no immediate recovery need,current ONNX,not_obvious,16.638947,arc-gen[10]:mismatch;arc-gen[17]:mismatch;arc-gen[32]:mismatch;sampled_public_solver_examples=40;expected_total=265
task124,53b68214,15.634966238347337,11673.0,pass,9.365033761652663,true,external/arc_dsl/solvers.py,28,40,true,external/public_repos/NeurIPS-Code-Golf-2025/solutions/task124.py,,,,,,currently OK; no immediate recovery need,current ONNX,not_obvious,18.730068,arc-gen[10]:mismatch;arc-gen[12]:mismatch;arc-gen[17]:mismatch;sampled_public_solver_examples=40;expected_total=267
task125,543a7ed5,15.495796696496955,13416.0,pass,9.504203303503045,true,external/arc_dsl/solvers.py,40,40,true,external/public_repos/NeurIPS-Code-Golf-2025/solutions/task125.py,,,,,,currently OK; no immediate recovery need,current ONNX,not_obvious,19.008407,sampled_public_solver_examples=40;expected_total=265
task126,54d82841,13.636839844664504,86091.0,pass,11.363160155335496,true,external/arc_dsl/solvers.py,40,40,true,external/public_repos/NeurIPS-Code-Golf-2025/solutions/task126.py,,,,,,ONNX passes but cost too high,memory-first ONNX surgery,not_obvious,22.72632,sampled_public_solver_examples=40;expected_total=266
task127,54d9e175,18.197605236675688,900.0,pass,6.802394763324312,true,external/arc_dsl/solvers.py,40,40,true,external/public_repos/NeurIPS-Code-Golf-2025/solutions/task127.py,,,,,,currently OK; no immediate recovery need,current ONNX,not_obvious,13.60479,sampled_public_solver_examples=40;expected_total=267
task128,5521c0d9,13.693373260405208,81359.0,pass,11.306626739594792,true,external/arc_dsl/solvers.py,40,40,true,external/public_repos/NeurIPS-Code-Golf-2025/solutions/task128.py,,,,,,ONNX passes but cost too high,memory-first ONNX surgery,not_obvious,22.613253,sampled_public_solver_examples=40;expected_total=266
task129,5582e5ca,18.306676331730053,807.0,pass,6.693323668269947,true,external/arc_dsl/solvers.py,40,40,true,external/public_repos/NeurIPS-Code-Golf-2025/solutions/task129.py,,,,,,currently OK; no immediate recovery need,current ONNX,not_obvious,13.386647,sampled_public_solver_examples=40;expected_total=265
task130,5614dbcf,15.323538526042306,15938.0,pass,9.676461473957694,true,external/arc_dsl/solvers.py,23,40,true,external/public_repos/NeurIPS-Code-Golf-2025/solutions/task130.py,,,,,,currently OK; no immediate recovery need,current ONNX,not_obvious,19.352923,arc-gen[3]:mismatch;arc-gen[4]:mismatch;arc-gen[8]:mismatch;sampled_public_solver_examples=40;expected_total=265
task131,56dc2b01,14.295632567101045,44550.0,pass,10.704367432898955,true,external/arc_dsl/solvers.py,35,40,true,external/public_repos/NeurIPS-Code-Golf-2025/solutions/task131.py,,,,,,currently OK; no immediate recovery need,current ONNX,not_obvious,21.408735,arc-gen[1]:mismatch;arc-gen[2]:mismatch;arc-gen[7]:mismatch;sampled_public_solver_examples=40;expected_total=266
task132,56ff96f3,14.709279200950512,29458.0,pass,10.290720799049488,true,external/arc_dsl/solvers.py,40,40,true,external/public_repos/NeurIPS-Code-Golf-2025/solutions/task132.py,,,,,,currently OK; no immediate recovery need,current ONNX,not_obvious,20.581442,sampled_public_solver_examples=40;expected_total=267
task133,57aa92db,12.810671762888107,196679.0,pass,12.189328237111893,true,external/arc_dsl/solvers.py,40,40,true,external/public_repos/NeurIPS-Code-Golf-2025/solutions/task133.py,,,,,,ONNX passes but cost too high,memory-first ONNX surgery,not_obvious,24.378656,sampled_public_solver_examples=40;expected_total=267
task134,5ad4f10b,15.576162453761413,12380.0,pass,9.423837546238587,true,external/arc_dsl/solvers.py,32,40,true,external/public_repos/NeurIPS-Code-Golf-2025/solutions/task134.py,,,,,,currently OK; no immediate recovery need,current ONNX,not_obvious,18.847675,arc-gen[15]:mismatch;arc-gen[16]:mismatch;arc-gen[19]:mismatch;sampled_public_solver_examples=40;expected_total=266
task135,5bd6f4ac,19.113895968549844,360.0,pass,5.886104031450156,true,external/arc_dsl/solvers.py,40,40,true,external/public_repos/NeurIPS-Code-Golf-2025/solutions/task135.py,,,,,,currently OK; no immediate recovery need,current ONNX,not_obvious,11.772208,sampled_public_solver_examples=40;expected_total=266
task136,5c0a986e,16.516156788265317,4836.0,pass,8.483843211734683,true,external/arc_dsl/solvers.py,40,40,true,external/public_repos/NeurIPS-Code-Golf-2025/solutions/task136.py,,,,,,currently OK; no immediate recovery need,current ONNX,not_obvious,16.967686,sampled_public_solver_examples=40;expected_total=266
task137,5c2c9af4,13.821401075304742,71582.0,pass,11.178598924695258,true,external/arc_dsl/solvers.py,39,40,true,external/public_repos/NeurIPS-Code-Golf-2025/solutions/task137.py,,,,,,ONNX passes but cost too high,memory-first ONNX surgery,not_obvious,22.357198,arc-gen[0]:mismatch;sampled_public_solver_examples=40;expected_total=266
task138,5daaa586,14.211361567031112,48467.0,pass,10.788638432968888,true,external/arc_dsl/solvers.py,36,40,true,external/public_repos/NeurIPS-Code-Golf-2025/solutions/task138.py,,,,,,currently OK; no immediate recovery need,current ONNX,not_obvious,21.577277,arc-gen[7]:mismatch;arc-gen[12]:mismatch;arc-gen[25]:mismatch;sampled_public_solver_examples=40;expected_total=266
task139,60b61512,16.803012072741105,3630.0,pass,8.196987927258895,true,external/arc_dsl/solvers.py,40,40,true,external/public_repos/NeurIPS-Code-Golf-2025/solutions/task139.py,,,,,,currently OK; no immediate recovery need,current ONNX,not_obvious,16.393976,sampled_public_solver_examples=40;expected_total=265
task140,6150a2bd,19.09191706183107,368.0,pass,5.908082938168931,true,external/arc_dsl/solvers.py,40,40,true,external/public_repos/NeurIPS-Code-Golf-2025/solutions/task140.py,,,,,,currently OK; no immediate recovery need,current ONNX,not_obvious,11.816166,sampled_public_solver_examples=40;expected_total=265
task141,623ea044,15.33103297180142,15819.0,pass,9.66896702819858,true,external/arc_dsl/solvers.py,40,40,true,external/public_repos/NeurIPS-Code-Golf-2025/solutions/task141.py,,,,,,currently OK; no immediate recovery need,current ONNX,not_obvious,19.337934,sampled_public_solver_examples=40;expected_total=265
task142,62c24649,17.504458056115745,1800.0,pass,7.495541943884255,true,external/arc_dsl/solvers.py,40,40,true,external/public_repos/NeurIPS-Code-Golf-2025/solutions/task142.py,,,,,,currently OK; no immediate recovery need,current ONNX,not_obvious,14.991084,sampled_public_solver_examples=40;expected_total=266
task143,63613498,15.12486048297936,19441.0,pass,9.87513951702064,true,external/arc_dsl/solvers.py,40,40,true,external/public_repos/NeurIPS-Code-Golf-2025/solutions/task143.py,,,,,,currently OK; no immediate recovery need,current ONNX,not_obvious,19.750279,sampled_public_solver_examples=40;expected_total=266
task144,6430c8c4,18.93621479131239,430.0,pass,6.063785208687609,true,external/arc_dsl/solvers.py,40,40,true,external/public_repos/NeurIPS-Code-Golf-2025/solutions/task144.py,,,,,,currently OK; no immediate recovery need,current ONNX,not_obvious,12.12757,sampled_public_solver_examples=40;expected_total=267
task145,6455b5f5,13.847226946929018,69757.0,pass,11.152773053070982,true,external/arc_dsl/solvers.py,29,40,true,external/public_repos/NeurIPS-Code-Golf-2025/solutions/task145.py,,,,,,ONNX passes but cost too high,memory-first ONNX surgery,not_obvious,22.305546,arc-gen[11]:mismatch;arc-gen[12]:mismatch;arc-gen[14]:mismatch;sampled_public_solver_examples=40;expected_total=267
task146,662c240a,17.27865138738205,2256.0,pass,7.721348612617948,true,external/arc_dsl/solvers.py,40,40,true,external/public_repos/NeurIPS-Code-Golf-2025/solutions/task146.py,,,,,,currently OK; no immediate recovery need,current ONNX,not_obvious,15.442697,sampled_public_solver_examples=40;expected_total=267
task147,67385a82,18.186555400489105,910.0,pass,6.813444599510895,true,external/arc_dsl/solvers.py,40,40,true,external/public_repos/NeurIPS-Code-Golf-2025/solutions/task147.py,,,,,,currently OK; no immediate recovery need,current ONNX,not_obvious,13.626889,sampled_public_solver_examples=40;expected_total=267
task148,673ef223,14.99988495388028,22029.0,pass,10.00011504611972,true,external/arc_dsl/solvers.py,38,40,true,external/public_repos/NeurIPS-Code-Golf-2025/solutions/task148.py,,,,,,currently OK; no immediate recovery need,current ONNX,not_obvious,20.00023,arc-gen[3]:mismatch;arc-gen[25]:mismatch;sampled_public_solver_examples=40;expected_total=266
task149,6773b310,19.54041448585584,235.0,pass,5.459585514144159,true,external/arc_dsl/solvers.py,40,40,true,external/public_repos/NeurIPS-Code-Golf-2025/solutions/task149.py,,,,,,currently OK; no immediate recovery need,current ONNX,not_obvious,10.919171,sampled_public_solver_examples=40;expected_total=267
task150,67a3c6ac,18.47643769385049,681.0,pass,6.523562306149511,true,external/arc_dsl/solvers.py,40,40,true,external/public_repos/NeurIPS-Code-Golf-2025/solutions/task150.py,,,,,,currently OK; no immediate recovery need,current ONNX,not_obvious,13.047125,sampled_public_solver_examples=40;expected_total=266
task151,67a423a3,18.186555400489105,910.0,pass,6.813444599510895,true,external/arc_dsl/solvers.py,40,40,true,external/public_repos/NeurIPS-Code-Golf-2025/solutions/task151.py,,,,,,currently OK; no immediate recovery need,current ONNX,not_obvious,13.626889,sampled_public_solver_examples=40;expected_total=266
task152,67e8384a,17.504458056115745,1800.0,pass,7.495541943884255,true,external/arc_dsl/solvers.py,40,40,true,external/public_repos/NeurIPS-Code-Golf-2025/solutions/task152.py,,,,,,currently OK; no immediate recovery need,current ONNX,not_obvious,14.991084,sampled_public_solver_examples=40;expected_total=267
task153,681b3aeb,15.029134212133924,21394.0,pass,9.970865787866076,true,external/arc_dsl/solvers.py,29,40,true,external/public_repos/NeurIPS-Code-Golf-2025/solutions/task153.py,,,,,,currently OK; no immediate recovery need,current ONNX,not_obvious,19.941732,arc-gen[5]:mismatch;arc-gen[6]:mismatch;arc-gen[8]:mismatch;sampled_public_solver_examples=40;expected_total=265
task154,6855a6e4,14.596525348878876,32974.0,pass,10.403474651121124,true,external/arc_dsl/solvers.py,31,40,true,external/public_repos/NeurIPS-Code-Golf-2025/solutions/task154.py,,,,,,currently OK; no immediate recovery need,current ONNX,not_obvious,20.806949,arc-gen[13]:mismatch;arc-gen[14]:mismatch;arc-gen[15]:mismatch;sampled_public_solver_examples=40;expected_total=266
task155,68b16354,18.47643769385049,681.0,pass,6.523562306149511,true,external/arc_dsl/solvers.py,40,40,true,external/public_repos/NeurIPS-Code-Golf-2025/solutions/task155.py,,,,,,currently OK; no immediate recovery need,current ONNX,not_obvious,13.047125,sampled_public_solver_examples=40;expected_total=266
task156,694f12f3,14.813177309255789,26551.0,pass,10.186822690744211,true,external/arc_dsl/solvers.py,40,40,true,external/public_repos/NeurIPS-Code-Golf-2025/solutions/task156.py,,,,,,currently OK; no immediate recovery need,current ONNX,not_obvious,20.373645,sampled_public_solver_examples=40;expected_total=265
task157,6a1e5592,13.72024316999107,79202.0,pass,11.27975683000893,true,external/arc_dsl/solvers.py,12,40,true,external/public_repos/NeurIPS-Code-Golf-2025/solutions/task157.py,,,,,,ONNX passes but cost too high,memory-first ONNX surgery,not_obvious,22.559514,arc-gen[0]:mismatch;arc-gen[1]:mismatch;arc-gen[2]:mismatch;sampled_public_solver_examples=40;expected_total=265
task158,6aa20dc0,12.837576257600388,191458.0,pass,12.162423742399612,true,external/arc_dsl/solvers.py,40,40,true,external/public_repos/NeurIPS-Code-Golf-2025/solutions/task158.py,,,,,,ONNX passes but cost too high,memory-first ONNX surgery,not_obvious,24.324847,sampled_public_solver_examples=40;expected_total=266
task159,6b9890af,15.067099286895523,20597.0,pass,9.932900713104477,true,external/arc_dsl/solvers.py,40,40,true,external/public_repos/NeurIPS-Code-Golf-2025/solutions/task159.py,,,,,,currently OK; no immediate recovery need,current ONNX,not_obvious,19.865801,sampled_public_solver_examples=40;expected_total=265
task160,6c434453,16.569454615309432,4585.0,pass,8.430545384690568,true,external/arc_dsl/solvers.py,40,40,true,external/public_repos/NeurIPS-Code-Golf-2025/solutions/task160.py,,,,,,currently OK; no immediate recovery need,current ONNX,not_obvious,16.861091,sampled_public_solver_examples=40;expected_total=265
task161,6cdd2623,13.923426777221719,64639.0,pass,11.076573222778281,true,external/arc_dsl/solvers.py,38,40,true,external/public_repos/NeurIPS-Code-Golf-2025/solutions/task161.py,,,,,,ONNX passes but cost too high,memory-first ONNX surgery,not_obvious,22.153146,arc-gen[26]:mismatch;arc-gen[30]:mismatch;sampled_public_solver_examples=40;expected_total=266
task162,6cf79266,13.944501582071068,63291.0,pass,11.055498417928932,true,external/arc_dsl/solvers.py,40,40,true,external/public_repos/NeurIPS-Code-Golf-2025/solutions/task162.py,,,,,,ONNX passes but cost too high,memory-first ONNX surgery,not_obvious,22.110997,sampled_public_solver_examples=40;expected_total=266
task163,6d0160f0,14.911070763333674,24075.0,pass,10.088929236666326,true,external/arc_dsl/solvers.py,40,40,true,external/public_repos/NeurIPS-Code-Golf-2025/solutions/task163.py,,,,,,currently OK; no immediate recovery need,current ONNX,not_obvious,20.177858,sampled_public_solver_examples=40;expected_total=267
task164,6d0aefbc,21.598802618337846,30.0,pass,3.401197381662154,true,external/arc_dsl/solvers.py,40,40,true,external/public_repos/NeurIPS-Code-Golf-2025/solutions/task164.py,,,,,,currently OK; no immediate recovery need,current ONNX,not_obvious,6.802395,sampled_public_solver_examples=40;expected_total=267
task165,6d58a25d,13.87976163077872,67524.0,pass,11.12023836922128,true,external/arc_dsl/solvers.py,13,40,true,external/public_repos/NeurIPS-Code-Golf-2025/solutions/task165.py,,,,,,ONNX passes but cost too high,memory-first ONNX surgery,not_obvious,22.240477,arc-gen[0]:mismatch;arc-gen[1]:mismatch;arc-gen[3]:mismatch;sampled_public_solver_examples=40;expected_total=265
task166,6d75e8bb,14.881844714630706,24789.0,pass,10.118155285369294,true,external/arc_dsl/solvers.py,40,40,true,external/public_repos/NeurIPS-Code-Golf-2025/solutions/task166.py,,,,,,currently OK; no immediate recovery need,current ONNX,not_obvious,20.236311,sampled_public_solver_examples=40;expected_total=266
task167,6e02f1e3,18.470581161737776,685.0,pass,6.529418838262224,true,external/arc_dsl/solvers.py,40,40,true,external/public_repos/NeurIPS-Code-Golf-2025/solutions/task167.py,,,,,,currently OK; no immediate recovery need,current ONNX,not_obvious,13.058838,sampled_public_solver_examples=40;expected_total=268
task168,6e19193c,15.076562772156251,20403.0,pass,9.923437227843749,true,external/arc_dsl/solvers.py,40,40,true,external/public_repos/NeurIPS-Code-Golf-2025/solutions/task168.py,,,,,,currently OK; no immediate recovery need,current ONNX,not_obvious,19.846874,sampled_public_solver_examples=40;expected_total=265
task169,6e82a1ae,14.929812271572874,23628.0,pass,10.070187728427126,true,external/arc_dsl/solvers.py,40,40,true,external/public_repos/NeurIPS-Code-Golf-2025/solutions/task169.py,,,,,,currently OK; no immediate recovery need,current ONNX,not_obvious,20.140375,sampled_public_solver_examples=40;expected_total=266
task170,6ecd11f4,13.728331141770909,78564.0,pass,11.271668858229091,true,external/arc_dsl/solvers.py,40,40,true,external/public_repos/NeurIPS-Code-Golf-2025/solutions/task170.py,,,,,,ONNX passes but cost too high,memory-first ONNX surgery,not_obvious,22.543338,sampled_public_solver_examples=40;expected_total=266
task171,6f8cd79b,18.186555400489105,910.0,pass,6.813444599510895,true,external/arc_dsl/solvers.py,40,40,true,external/public_repos/NeurIPS-Code-Golf-2025/solutions/task171.py,,,,,,currently OK; no immediate recovery need,current ONNX,not_obvious,13.626889,sampled_public_solver_examples=40;expected_total=54
task172,6fa7a44f,21.598802618337846,30.0,pass,3.401197381662154,true,external/arc_dsl/solvers.py,40,40,true,external/public_repos/NeurIPS-Code-Golf-2025/solutions/task172.py,,,,,,currently OK; no immediate recovery need,current ONNX,not_obvious,6.802395,sampled_public_solver_examples=40;expected_total=267
task173,72322fa7,12.926071138839562,175243.0,pass,12.073928861160438,true,external/arc_dsl/solvers.py,40,40,true,external/public_repos/NeurIPS-Code-Golf-2025/solutions/task173.py,,,,,,ONNX passes but cost too high,memory-first ONNX surgery,not_obvious,24.147858,sampled_public_solver_examples=40;expected_total=266
task174,72ca375d,14.140635684557754,52019.0,pass,10.859364315442246,true,external/arc_dsl/solvers.py,40,40,true,external/public_repos/NeurIPS-Code-Golf-2025/solutions/task174.py,,,,,,ONNX passes but cost too high,memory-first ONNX surgery,not_obvious,21.718729,sampled_public_solver_examples=40;expected_total=266
task175,73251a56,13.54026436354389,94820.0,pass,11.45973563645611,true,external/arc_dsl/solvers.py,40,40,true,external/public_repos/NeurIPS-Code-Golf-2025/solutions/task175.py,,,,,,ONNX passes but cost too high,memory-first ONNX surgery,not_obvious,22.919471,sampled_public_solver_examples=40;expected_total=266
task176,7447852a,16.022853515191528,7920.0,pass,8.977146484808472,true,external/arc_dsl/solvers.py,25,25,true,external/public_repos/NeurIPS-Code-Golf-2025/solutions/task176.py,,,,,,public solver available for future compression,ARC-DSL,not_obvious,25.954293,cgi_error:AttributeError
task177,7468f01a,13.978195575521427,61194.0,pass,11.021804424478573,true,external/arc_dsl/solvers.py,40,40,true,external/public_repos/NeurIPS-Code-Golf-2025/solutions/task177.py,,,,,,ONNX passes but cost too high,memory-first ONNX surgery,not_obvious,22.043609,sampled_public_solver_examples=40;expected_total=265
task178,746b3537,15.478065735525723,13656.0,pass,9.521934264474277,true,external/arc_dsl/solvers.py,40,40,true,external/public_repos/NeurIPS-Code-Golf-2025/solutions/task178.py,,,,,,currently OK; no immediate recovery need,current ONNX,not_obvious,19.043869,sampled_public_solver_examples=40;expected_total=268
task179,74dd1130,25.0,0.0,pass,0.0,true,external/arc_dsl/solvers.py,40,40,true,external/public_repos/NeurIPS-Code-Golf-2025/solutions/task179.py,,,,,,currently OK; no immediate recovery need,current ONNX,not_obvious,0.0,sampled_public_solver_examples=40;expected_total=267
task180,75b8110e,16.084030688626395,7450.0,pass,8.915969311373605,true,external/arc_dsl/solvers.py,40,40,true,external/public_repos/NeurIPS-Code-Golf-2025/solutions/task180.py,,,,,,currently OK; no immediate recovery need,current ONNX,not_obvious,17.831939,sampled_public_solver_examples=40;expected_total=268
task181,760b3cac,17.91493570604745,1194.0,pass,7.0850642939525486,true,external/arc_dsl/solvers.py,40,40,true,external/public_repos/NeurIPS-Code-Golf-2025/solutions/task181.py,,,,,,currently OK; no immediate recovery need,current ONNX,not_obvious,14.170129,sampled_public_solver_examples=40;expected_total=266
task182,776ffc46,14.22901287975965,47619.0,pass,10.77098712024035,true,external/arc_dsl/solvers.py,40,40,true,external/public_repos/NeurIPS-Code-Golf-2025/solutions/task182.py,,,,,,currently OK; no immediate recovery need,current ONNX,not_obvious,21.541974,sampled_public_solver_examples=40;expected_total=267
task183,77fdfe62,14.878662884610772,24868.0,pass,10.121337115389228,true,external/arc_dsl/solvers.py,29,40,true,external/public_repos/NeurIPS-Code-Golf-2025/solutions/task183.py,,,,,,currently OK; no immediate recovery need,current ONNX,not_obvious,20.242674,arc-gen[1]:IndexError;arc-gen[2]:IndexError;arc-gen[7]:IndexError;sampled_public_solver_examples=40;expected_total=265
task184,780d0b14,14.432407952356657,38855.0,pass,10.567592047643343,true,external/arc_dsl/solvers.py,9,40,true,external/public_repos/NeurIPS-Code-Golf-2025/solutions/task184.py,,,,,,currently OK; no immediate recovery need,current ONNX,not_obvious,21.135184,arc-gen[0]:mismatch;arc-gen[1]:mismatch;arc-gen[2]:mismatch;sampled_public_solver_examples=40;expected_total=266
task185,7837ac64,14.00485763936326,59584.0,pass,10.99514236063674,true,external/arc_dsl/solvers.py,40,40,true,external/public_repos/NeurIPS-Code-Golf-2025/solutions/task185.py,,,,,,ONNX passes but cost too high,memory-first ONNX surgery,not_obvious,21.990285,sampled_public_solver_examples=40;expected_total=267
task186,794b24be,19.10284613236326,364.0,pass,5.897153867636739,true,external/arc_dsl/solvers.py,40,40,true,external/public_repos/NeurIPS-Code-Golf-2025/solutions/task186.py,,,,,,currently OK; no immediate recovery need,current ONNX,not_obvious,11.794308,sampled_public_solver_examples=40;expected_total=267
task187,7b6016b9,13.654168620492959,84612.0,pass,11.345831379507041,true,external/arc_dsl/solvers.py,39,40,true,external/public_repos/NeurIPS-Code-Golf-2025/solutions/task187.py,,,,,,ONNX passes but cost too high,memory-first ONNX surgery,not_obvious,22.691663,arc-gen[14]:mismatch;sampled_public_solver_examples=40;expected_total=266
task188,7b7f7511,15.692532917293095,11020.0,pass,9.307467082706905,true,external/arc_dsl/solvers.py,39,40,true,external/public_repos/NeurIPS-Code-Golf-2025/solutions/task188.py,,,,,,currently OK; no immediate recovery need,current ONNX,not_obvious,18.614934,arc-gen[0]:mismatch;sampled_public_solver_examples=40;expected_total=266
task189,7c008303,14.887914167591697,24639.0,pass,10.112085832408303,true,external/arc_dsl/solvers.py,38,40,true,external/public_repos/NeurIPS-Code-Golf-2025/solutions/task189.py,,,,,,currently OK; no immediate recovery need,current ONNX,not_obvious,20.224172,arc-gen[14]:mismatch;arc-gen[25]:mismatch;sampled_public_solver_examples=40;expected_total=266
task190,7ddcd7ec,15.675973863620001,11204.0,pass,9.324026136379999,true,external/arc_dsl/solvers.py,40,40,true,external/public_repos/NeurIPS-Code-Golf-2025/solutions/task190.py,,,,,,currently OK; no immediate recovery need,current ONNX,not_obvious,18.648052,sampled_public_solver_examples=40;expected_total=266
task191,7df24a62,13.638839729058745,85919.0,pass,11.361160270941255,true,external/arc_dsl/solvers.py,38,40,true,external/public_repos/NeurIPS-Code-Golf-2025/solutions/task191.py,,,,,,ONNX passes but cost too high,memory-first ONNX surgery,not_obvious,22.722321,arc-gen[12]:mismatch;arc-gen[27]:mismatch;sampled_public_solver_examples=40;expected_total=267
task192,7e0986d6,14.14161657647865,51968.0,pass,10.85838342352135,true,external/arc_dsl/solvers.py,33,40,true,external/public_repos/NeurIPS-Code-Golf-2025/solutions/task192.py,,,,,,ONNX passes but cost too high,memory-first ONNX surgery,not_obvious,21.716767,arc-gen[4]:mismatch;arc-gen[7]:mismatch;arc-gen[10]:mismatch;sampled_public_solver_examples=40;expected_total=265
task193,7f4411dc,14.109558240338645,53661.0,pass,10.890441759661355,true,external/arc_dsl/solvers.py,40,40,true,external/public_repos/NeurIPS-Code-Golf-2025/solutions/task193.py,,,,,,ONNX passes but cost too high,memory-first ONNX surgery,not_obvious,21.780884,sampled_public_solver_examples=40;expected_total=266
task194,7fe24cdd,17.504458056115745,1800.0,pass,7.495541943884255,true,external/arc_dsl/solvers.py,40,40,true,external/public_repos/NeurIPS-Code-Golf-2025/solutions/task194.py,,,,,,currently OK; no immediate recovery need,current ONNX,not_obvious,14.991084,sampled_public_solver_examples=40;expected_total=266
task195,80af3007,15.436962585454308,14229.0,pass,9.563037414545692,true,external/arc_dsl/solvers.py,34,40,true,external/public_repos/NeurIPS-Code-Golf-2025/solutions/task195.py,,,,,,currently OK; no immediate recovery need,current ONNX,not_obvious,19.126075,arc-gen[5]:mismatch;arc-gen[9]:mismatch;arc-gen[24]:mismatch;sampled_public_solver_examples=40;expected_total=265
task196,810b9b61,14.619005786490737,32241.0,pass,10.380994213509263,true,external/arc_dsl/solvers.py,40,40,true,external/public_repos/NeurIPS-Code-Golf-2025/solutions/task196.py,,,,,,currently OK; no immediate recovery need,current ONNX,not_obvious,20.761988,sampled_public_solver_examples=40;expected_total=266
task197,82819916,14.166555524825903,50688.0,pass,10.833444475174097,true,external/arc_dsl/solvers.py,40,40,true,external/public_repos/NeurIPS-Code-Golf-2025/solutions/task197.py,,,,,,ONNX passes but cost too high,memory-first ONNX surgery,not_obvious,21.666889,sampled_public_solver_examples=40;expected_total=267
task198,83302e8f,13.449576458609688,103821.0,pass,11.550423541390312,true,external/arc_dsl/solvers.py,21,40,true,external/public_repos/NeurIPS-Code-Golf-2025/solutions/task198.py,,,,,,ONNX passes but cost too high,memory-first ONNX surgery,not_obvious,23.100847,arc-gen[1]:mismatch;arc-gen[5]:mismatch;arc-gen[8]:mismatch;sampled_public_solver_examples=40;expected_total=266
task199,834ec97d,15.30989132872317,16157.0,pass,9.69010867127683,true,external/arc_dsl/solvers.py,40,40,true,external/public_repos/NeurIPS-Code-Golf-2025/solutions/task199.py,,,,,,currently OK; no immediate recovery need,current ONNX,not_obvious,19.380217,sampled_public_solver_examples=40;expected_total=266
task200,8403a5d5,16.90867872646959,3266.0,pass,8.091321273530411,true,external/arc_dsl/solvers.py,40,40,true,external/public_repos/NeurIPS-Code-Golf-2025/solutions/task200.py,,,,,,currently OK; no immediate recovery need,current ONNX,not_obvious,16.182643,sampled_public_solver_examples=40;expected_total=84
task201,846bdb03,13.562876248446054,92700.0,pass,11.437123751553946,true,external/arc_dsl/solvers.py,6,40,true,external/public_repos/NeurIPS-Code-Golf-2025/solutions/task201.py,,,,,,ONNX passes but cost too high,memory-first ONNX surgery,not_obvious,22.874248,arc-gen[0]:mismatch;arc-gen[1]:StopIteration;arc-gen[2]:StopIteration;sampled_public_solver_examples=40;expected_total=266
task202,855e0971,13.258187509088495,125720.0,pass,11.741812490911505,true,external/arc_dsl/solvers.py,40,40,true,external/public_repos/NeurIPS-Code-Golf-2025/solutions/task202.py,,,,,,ONNX passes but cost too high,memory-first ONNX surgery,not_obvious,23.483625,sampled_public_solver_examples=40;expected_total=267
task203,85c4e7cd,13.610350127195805,88402.0,pass,11.389649872804195,true,external/arc_dsl/solvers.py,40,40,true,external/public_repos/NeurIPS-Code-Golf-2025/solutions/task203.py,,,,,,ONNX passes but cost too high,memory-first ONNX surgery,not_obvious,22.7793,sampled_public_solver_examples=40;expected_total=267
task204,868de0fa,13.307707338062253,119646.0,pass,11.692292661937747,true,external/arc_dsl/solvers.py,40,40,true,external/public_repos/NeurIPS-Code-Golf-2025/solutions/task204.py,,,,,,ONNX passes but cost too high,memory-first ONNX surgery,not_obvious,23.384585,sampled_public_solver_examples=40;expected_total=268
task205,8731374e,13.370955104619776,112313.0,pass,11.629044895380224,true,external/arc_dsl/solvers.py,29,40,true,external/public_repos/NeurIPS-Code-Golf-2025/solutions/task205.py,,,,,,ONNX passes but cost too high,memory-first ONNX surgery,not_obvious,23.25809,arc-gen[2]:mismatch;arc-gen[3]:mismatch;arc-gen[4]:mismatch;sampled_public_solver_examples=40;expected_total=266
task206,88a10436,13.975062924893004,61386.0,pass,11.024937075106996,true,external/arc_dsl/solvers.py,40,40,true,external/public_repos/NeurIPS-Code-Golf-2025/solutions/task206.py,,,,,,ONNX passes but cost too high,memory-first ONNX surgery,not_obvious,22.049874,sampled_public_solver_examples=40;expected_total=266
task207,88a62173,17.463636061595487,1875.0,pass,7.536363938404513,true,external/arc_dsl/solvers.py,40,40,true,external/public_repos/NeurIPS-Code-Golf-2025/solutions/task207.py,,,,,,currently OK; no immediate recovery need,current ONNX,not_obvious,15.072728,sampled_public_solver_examples=40;expected_total=265
task208,890034e9,14.236326566974489,47272.0,pass,10.763673433025511,true,external/arc_dsl/solvers.py,40,40,true,external/public_repos/NeurIPS-Code-Golf-2025/solutions/task208.py,,,,,,currently OK; no immediate recovery need,current ONNX,not_obvious,21.527347,sampled_public_solver_examples=40;expected_total=266
task209,8a004b2b,13.28530989269121,122356.0,pass,11.71469010730879,true,external/arc_dsl/solvers.py,21,40,true,external/public_repos/NeurIPS-Code-Golf-2025/solutions/task209.py,,,,,,ONNX passes but cost too high,memory-first ONNX surgery,not_obvious,23.42938,arc-gen[3]:mismatch;arc-gen[4]:mismatch;arc-gen[5]:mismatch;sampled_public_solver_examples=40;expected_total=266
task210,8be77c9e,21.598802618337846,30.0,pass,3.401197381662154,true,external/arc_dsl/solvers.py,40,40,true,external/public_repos/NeurIPS-Code-Golf-2025/solutions/task210.py,,,,,,currently OK; no immediate recovery need,current ONNX,not_obvious,6.802395,sampled_public_solver_examples=40;expected_total=266
task211,8d5021e8,17.504458056115745,1800.0,pass,7.495541943884255,true,external/arc_dsl/solvers.py,40,40,true,external/public_repos/NeurIPS-Code-Golf-2025/solutions/task211.py,,,,,,currently OK; no immediate recovery need,current ONNX,not_obvious,14.991084,sampled_public_solver_examples=40;expected_total=266
task212,8d510a79,15.876307434749489,9170.0,pass,9.123692565250511,true,external/arc_dsl/solvers.py,40,40,true,external/public_repos/NeurIPS-Code-Golf-2025/solutions/task212.py,,,,,,currently OK; no immediate recovery need,current ONNX,not_obvious,18.247385,sampled_public_solver_examples=40;expected_total=265
task213,8e1813be,14.177325912477691,50145.0,pass,10.822674087522309,true,external/arc_dsl/solvers.py,40,40,true,external/public_repos/NeurIPS-Code-Golf-2025/solutions/task213.py,,,,,,ONNX passes but cost too high,memory-first ONNX surgery,not_obvious,21.645348,sampled_public_solver_examples=40;expected_total=265
task214,8e5a5113,17.504458056115745,1800.0,pass,7.495541943884255,true,external/arc_dsl/solvers.py,40,40,true,external/public_repos/NeurIPS-Code-Golf-2025/solutions/task214.py,,,,,,currently OK; no immediate recovery need,current ONNX,not_obvious,14.991084,sampled_public_solver_examples=40;expected_total=266
task215,8eb1be9a,14.452187931601495,38094.0,pass,10.547812068398505,true,external/arc_dsl/solvers.py,22,40,true,external/public_repos/NeurIPS-Code-Golf-2025/solutions/task215.py,,,,,,currently OK; no immediate recovery need,current ONNX,not_obvious,21.095624,arc-gen[2]:mismatch;arc-gen[4]:mismatch;arc-gen[5]:mismatch;sampled_public_solver_examples=40;expected_total=265
task216,8efcae92,13.451977697992342,103572.0,pass,11.548022302007658,true,external/arc_dsl/solvers.py,31,40,true,external/public_repos/NeurIPS-Code-Golf-2025/solutions/task216.py,,,,,,ONNX passes but cost too high,memory-first ONNX surgery,not_obvious,23.096045,arc-gen[2]:mismatch;arc-gen[3]:mismatch;arc-gen[8]:mismatch;sampled_public_solver_examples=40;expected_total=266
task217,8f2ea7aa,15.206104124093967,17924.0,pass,9.793895875906033,true,external/arc_dsl/solvers.py,40,40,true,external/public_repos/NeurIPS-Code-Golf-2025/solutions/task217.py,,,,,,currently OK; no immediate recovery need,current ONNX,not_obvious,19.587792,sampled_public_solver_examples=40;expected_total=266
task218,90c28cc7,14.948006239164648,23202.0,pass,10.051993760835352,true,external/arc_dsl/solvers.py,28,40,true,external/public_repos/NeurIPS-Code-Golf-2025/solutions/task218.py,,,,,,currently OK; no immediate recovery need,current ONNX,not_obvious,20.103988,arc-gen[2]:mismatch;arc-gen[3]:mismatch;arc-gen[14]:mismatch;sampled_public_solver_examples=40;expected_total=266
task219,90f3ed37,13.651395086474174,84847.0,pass,11.348604913525826,true,external/arc_dsl/solvers.py,32,40,true,external/public_repos/NeurIPS-Code-Golf-2025/solutions/task219.py,,,,,,ONNX passes but cost too high,memory-first ONNX surgery,not_obvious,22.69721,arc-gen[8]:mismatch;arc-gen[11]:mismatch;arc-gen[13]:mismatch;sampled_public_solver_examples=40;expected_total=265
task220,913fb3ed,18.197605236675688,900.0,pass,6.802394763324312,true,external/arc_dsl/solvers.py,40,40,true,external/public_repos/NeurIPS-Code-Golf-2025/solutions/task220.py,,,,,,currently OK; no immediate recovery need,current ONNX,not_obvious,13.60479,sampled_public_solver_examples=40;expected_total=267
task221,91413438,14.069235056400384,55869.0,pass,10.930764943599616,true,external/arc_dsl/solvers.py,28,40,true,external/public_repos/NeurIPS-Code-Golf-2025/solutions/task221.py,,,,,,ONNX passes but cost too high,memory-first ONNX surgery,not_obvious,21.86153,arc-gen[2]:mismatch;arc-gen[3]:mismatch;arc-gen[6]:mismatch;sampled_public_solver_examples=40;expected_total=267
task222,91714a58,14.031198444197276,58035.0,pass,10.968801555802724,true,external/arc_dsl/solvers.py,29,40,true,external/public_repos/NeurIPS-Code-Golf-2025/solutions/task222.py,,,,,,ONNX passes but cost too high,memory-first ONNX surgery,not_obvious,21.937603,arc-gen[1]:mismatch;arc-gen[5]:mismatch;arc-gen[7]:mismatch;sampled_public_solver_examples=40;expected_total=266
task223,9172f3a0,17.504458056115745,1800.0,pass,7.495541943884255,true,external/arc_dsl/solvers.py,40,40,true,external/public_repos/NeurIPS-Code-Golf-2025/solutions/task223.py,,,,,,currently OK; no immediate recovery need,current ONNX,not_obvious,14.991084,sampled_public_solver_examples=40;expected_total=265
task224,928ad970,14.275455898281896,45458.0,pass,10.724544101718104,true,external/arc_dsl/solvers.py,40,40,true,external/public_repos/NeurIPS-Code-Golf-2025/solutions/task224.py,,,,,,currently OK; no immediate recovery need,current ONNX,not_obvious,21.449088,sampled_public_solver_examples=40;expected_total=266
task225,93b581b8,15.68728356140695,11078.0,pass,9.31271643859305,true,external/arc_dsl/solvers.py,40,40,true,external/public_repos/NeurIPS-Code-Golf-2025/solutions/task225.py,,,,,,currently OK; no immediate recovery need,current ONNX,not_obvious,18.625433,sampled_public_solver_examples=40;expected_total=265
task226,941d9a10,16.53220715887889,4759.0,pass,8.46779284112111,true,external/arc_dsl/solvers.py,24,40,true,external/public_repos/NeurIPS-Code-Golf-2025/solutions/task226.py,,,,,,currently OK; no immediate recovery need,current ONNX,not_obvious,16.935586,arc-gen[3]:StopIteration;arc-gen[4]:StopIteration;arc-gen[6]:StopIteration;sampled_public_solver_examples=40;expected_total=133
task227,94f9d214,17.018266713308115,2927.0,pass,7.981733286691885,true,external/arc_dsl/solvers.py,40,40,true,external/public_repos/NeurIPS-Code-Golf-2025/solutions/task227.py,,,,,,currently OK; no immediate recovery need,current ONNX,not_obvious,15.963467,sampled_public_solver_examples=40;expected_total=267
task228,952a094c,14.86993479941538,25086.0,pass,10.13006520058462,true,external/arc_dsl/solvers.py,40,40,true,external/public_repos/NeurIPS-Code-Golf-2025/solutions/task228.py,,,,,,currently OK; no immediate recovery need,current ONNX,not_obvious,20.26013,sampled_public_solver_examples=40;expected_total=266
task229,9565186b,17.74936448810132,1409.0,pass,7.250635511898679,true,external/arc_dsl/solvers.py,21,40,true,external/public_repos/NeurIPS-Code-Golf-2025/solutions/task229.py,,,,,,currently OK; no immediate recovery need,current ONNX,not_obvious,14.501271,arc-gen[0]:mismatch;arc-gen[1]:mismatch;arc-gen[2]:mismatch;sampled_public_solver_examples=40;expected_total=267
task230,95990924,18.197605236675688,900.0,pass,6.802394763324312,true,external/arc_dsl/solvers.py,40,40,true,external/public_repos/NeurIPS-Code-Golf-2025/solutions/task230.py,,,,,,currently OK; no immediate recovery need,current ONNX,not_obvious,13.60479,sampled_public_solver_examples=40;expected_total=266
task231,963e52fc,14.445698819920006,38342.0,pass,10.554301180079994,true,external/arc_dsl/solvers.py,40,40,true,external/public_repos/NeurIPS-Code-Golf-2025/solutions/task231.py,,,,,,currently OK; no immediate recovery need,current ONNX,not_obvious,21.108602,sampled_public_solver_examples=40;expected_total=266
task232,97999447,14.707956157758622,29497.0,pass,10.292043842241378,true,external/arc_dsl/solvers.py,34,40,true,external/public_repos/NeurIPS-Code-Golf-2025/solutions/task232.py,,,,,,currently OK; no immediate recovery need,current ONNX,not_obvious,20.584088,arc-gen[4]:mismatch;arc-gen[15]:mismatch;arc-gen[18]:mismatch;sampled_public_solver_examples=40;expected_total=266
task233,97a05b5b,10.679645472747369,1656727.0,pass,14.320354527252631,true,external/arc_dsl/solvers.py,37,40,true,external/public_repos/NeurIPS-Code-Golf-2025/solutions/task233.py,,,,,,ONNX passes but cost too high,memory-first ONNX surgery,not_obvious,28.640709,arc-gen[21]:mismatch;arc-gen[30]:mismatch;arc-gen[34]:mismatch;sampled_public_solver_examples=40;expected_total=266
task234,98cf29f8,13.689154000119816,81703.0,pass,11.310845999880184,true,external/arc_dsl/solvers.py,40,40,true,external/public_repos/NeurIPS-Code-Golf-2025/solutions/task234.py,,,,,,ONNX passes but cost too high,memory-first ONNX surgery,not_obvious,22.621692,sampled_public_solver_examples=40;expected_total=266
task235,995c5fa3,17.801068759311825,1338.0,pass,7.198931240688175,true,external/arc_dsl/solvers.py,40,40,true,external/public_repos/NeurIPS-Code-Golf-2025/solutions/task235.py,,,,,,currently OK; no immediate recovery need,current ONNX,not_obvious,14.397862,sampled_public_solver_examples=40;expected_total=69
task236,99b1bc43,18.53385527576238,643.0,pass,6.466144724237619,true,external/arc_dsl/solvers.py,40,40,true,external/public_repos/NeurIPS-Code-Golf-2025/solutions/task236.py,,,,,,currently OK; no immediate recovery need,current ONNX,not_obvious,12.932289,sampled_public_solver_examples=40;expected_total=267
task237,99fa7670,15.430308268881676,14324.0,pass,9.569691731118324,true,external/arc_dsl/solvers.py,40,40,true,external/public_repos/NeurIPS-Code-Golf-2025/solutions/task237.py,,,,,,currently OK; no immediate recovery need,current ONNX,not_obvious,19.139383,sampled_public_solver_examples=40;expected_total=266
task238,9aec4887,13.927876707427622,64352.0,pass,11.072123292572378,true,external/arc_dsl/solvers.py,21,40,true,external/public_repos/NeurIPS-Code-Golf-2025/solutions/task238.py,,,,,,ONNX passes but cost too high,memory-first ONNX surgery,not_obvious,22.144247,arc-gen[0]:mismatch;arc-gen[1]:mismatch;arc-gen[3]:mismatch;sampled_public_solver_examples=40;expected_total=266
task239,9af7a82c,13.54388830238479,94477.0,pass,11.45611169761521,true,external/arc_dsl/solvers.py,34,40,true,external/public_repos/NeurIPS-Code-Golf-2025/solutions/task239.py,,,,,,ONNX passes but cost too high,memory-first ONNX surgery,not_obvious,22.912223,arc-gen[2]:mismatch;arc-gen[11]:mismatch;arc-gen[14]:mismatch;sampled_public_solver_examples=40;expected_total=267
task240,9d9215db,14.765519480374964,27847.0,pass,10.234480519625036,true,external/arc_dsl/solvers.py,40,40,true,external/public_repos/NeurIPS-Code-Golf-2025/solutions/task240.py,,,,,,currently OK; no immediate recovery need,current ONNX,not_obvious,20.468961,sampled_public_solver_examples=40;expected_total=266
task241,9dfd6313,25.0,0.0,pass,0.0,true,external/arc_dsl/solvers.py,40,40,true,external/public_repos/NeurIPS-Code-Golf-2025/solutions/task241.py,,,,,,currently OK; no immediate recovery need,current ONNX,not_obvious,0.0,sampled_public_solver_examples=40;expected_total=266
task242,9ecd008a,16.02905960185755,7871.0,pass,8.97094039814245,true,external/arc_dsl/solvers.py,40,40,true,external/public_repos/NeurIPS-Code-Golf-2025/solutions/task242.py,,,,,,currently OK; no immediate recovery need,current ONNX,not_obvious,17.941881,sampled_public_solver_examples=40;expected_total=266
task243,9edfc990,13.401208814053447,108966.0,pass,11.598791185946553,true,external/arc_dsl/solvers.py,40,40,true,external/public_repos/NeurIPS-Code-Golf-2025/solutions/task243.py,,,,,,ONNX passes but cost too high,memory-first ONNX surgery,not_obvious,23.197582,sampled_public_solver_examples=40;expected_total=265
task244,9f236235,14.633344629227418,31782.0,pass,10.366655370772582,true,external/arc_dsl/solvers.py,40,40,true,external/public_repos/NeurIPS-Code-Golf-2025/solutions/task244.py,,,,,,currently OK; no immediate recovery need,current ONNX,not_obvious,20.733311,sampled_public_solver_examples=40;expected_total=266
task245,a1570a43,14.724535183516696,29012.0,pass,10.275464816483304,true,external/arc_dsl/solvers.py,40,40,true,external/public_repos/NeurIPS-Code-Golf-2025/solutions/task245.py,,,,,,currently OK; no immediate recovery need,current ONNX,not_obvious,20.55093,sampled_public_solver_examples=40;expected_total=267
task246,a2fd1cf0,15.497661881504435,13391.0,pass,9.502338118495565,true,external/arc_dsl/solvers.py,40,40,true,external/public_repos/NeurIPS-Code-Golf-2025/solutions/task246.py,,,,,,currently OK; no immediate recovery need,current ONNX,not_obvious,19.004676,sampled_public_solver_examples=40;expected_total=266
task247,a3325580,16.272870084756832,6168.0,pass,8.727129915243168,true,external/arc_dsl/solvers.py,40,40,true,external/public_repos/NeurIPS-Code-Golf-2025/solutions/task247.py,,,,,,currently OK; no immediate recovery need,current ONNX,not_obvious,17.45426,sampled_public_solver_examples=40;expected_total=269
task248,a3df8b1e,16.218905264797385,6510.0,pass,8.781094735202615,true,external/arc_dsl/solvers.py,8,13,true,external/public_repos/NeurIPS-Code-Golf-2025/solutions/task248.py,,,,,,currently OK; no immediate recovery need,current ONNX,not_obvious,17.562189,arc-gen[0]:mismatch;arc-gen[2]:mismatch;arc-gen[3]:mismatch
task249,a416b8f3,18.477907201829847,680.0,pass,6.522092798170153,true,external/arc_dsl/solvers.py,40,40,true,external/public_repos/NeurIPS-Code-Golf-2025/solutions/task249.py,,,,,,currently OK; no immediate recovery need,current ONNX,not_obvious,13.044186,sampled_public_solver_examples=40;expected_total=265
task250,a48eeaf7,15.59573893538651,12140.0,pass,9.40426106461349,true,external/arc_dsl/solvers.py,40,40,true,external/public_repos/NeurIPS-Code-Golf-2025/solutions/task250.py,,,,,,currently OK; no immediate recovery need,current ONNX,not_obvious,18.808522,sampled_public_solver_examples=40;expected_total=265
task251,a5313dff,13.481291290274044,100580.0,pass,11.518708709725956,true,external/arc_dsl/solvers.py,40,40,true,external/public_repos/NeurIPS-Code-Golf-2025/solutions/task251.py,,,,,,ONNX passes but cost too high,memory-first ONNX surgery,not_obvious,23.037417,sampled_public_solver_examples=40;expected_total=266
task252,a5f85a15,14.453028311923028,38062.0,pass,10.546971688076972,true,external/arc_dsl/solvers.py,28,40,true,external/public_repos/NeurIPS-Code-Golf-2025/solutions/task252.py,,,,,,currently OK; no immediate recovery need,current ONNX,not_obvious,21.093943,arc-gen[4]:mismatch;arc-gen[5]:mismatch;arc-gen[6]:mismatch;sampled_public_solver_examples=40;expected_total=266
task253,a61ba2ce,14.215455188361384,48269.0,pass,10.784544811638616,true,external/arc_dsl/solvers.py,40,40,true,external/public_repos/NeurIPS-Code-Golf-2025/solutions/task253.py,,,,,,currently OK; no immediate recovery need,current ONNX,not_obvious,21.56909,sampled_public_solver_examples=40;expected_total=265
task254,a61f2674,16.018318360026136,7956.0,pass,8.981681639973864,true,external/arc_dsl/solvers.py,40,40,true,external/public_repos/NeurIPS-Code-Golf-2025/solutions/task254.py,,,,,,currently OK; no immediate recovery need,current ONNX,not_obvious,17.963363,sampled_public_solver_examples=40;expected_total=265
task255,a64e4611,11.62208628955128,645586.0,pass,13.37791371044872,true,external/arc_dsl/solvers.py,21,40,true,external/public_repos/NeurIPS-Code-Golf-2025/solutions/task255.py,,,,,,ONNX passes but cost too high,memory-first ONNX surgery,not_obvious,26.755827,arc-gen[0]:mismatch;arc-gen[2]:mismatch;arc-gen[7]:mismatch;sampled_public_solver_examples=40;expected_total=265
task256,a65b410d,15.197383057848846,18081.0,pass,9.802616942151154,true,external/arc_dsl/solvers.py,40,40,true,external/public_repos/NeurIPS-Code-Golf-2025/solutions/task256.py,,,,,,currently OK; no immediate recovery need,current ONNX,not_obvious,19.605234,sampled_public_solver_examples=40;expected_total=266
task257,a68b268e,18.01806532284361,1077.0,pass,6.981934677156389,true,external/arc_dsl/solvers.py,40,40,true,external/public_repos/NeurIPS-Code-Golf-2025/solutions/task257.py,,,,,,currently OK; no immediate recovery need,current ONNX,not_obvious,13.963869,sampled_public_solver_examples=40;expected_total=269
task258,a699fb00,19.924826184766175,160.0,pass,5.075173815233825,true,external/arc_dsl/solvers.py,40,40,true,external/public_repos/NeurIPS-Code-Golf-2025/solutions/task258.py,,,,,,currently OK; no immediate recovery need,current ONNX,not_obvious,10.150348,sampled_public_solver_examples=40;expected_total=266
task259,a740d043,16.169018489047502,6843.0,pass,8.830981510952498,true,external/arc_dsl/solvers.py,40,40,true,external/public_repos/NeurIPS-Code-Golf-2025/solutions/task259.py,,,,,,currently OK; no immediate recovery need,current ONNX,not_obvious,17.661963,sampled_public_solver_examples=40;expected_total=266
task260,a78176bb,15.568678412874291,12473.0,pass,9.431321587125709,true,external/arc_dsl/solvers.py,40,40,true,external/public_repos/NeurIPS-Code-Golf-2025/solutions/task260.py,,,,,,currently OK; no immediate recovery need,current ONNX,not_obvious,18.862643,sampled_public_solver_examples=40;expected_total=266
task261,a79310a0,19.701682633451963,200.0,pass,5.298317366548037,true,external/arc_dsl/solvers.py,23,40,true,external/public_repos/NeurIPS-Code-Golf-2025/solutions/task261.py,,,,,,currently OK; no immediate recovery need,current ONNX,not_obvious,10.596635,arc-gen[0]:mismatch;arc-gen[5]:mismatch;arc-gen[11]:mismatch;sampled_public_solver_examples=40;expected_total=265
task262,a85d4709,16.765169719557946,3770.0,pass,8.234830280442054,true,external/arc_dsl/solvers.py,11,11,true,external/public_repos/NeurIPS-Code-Golf-2025/solutions/task262.py,,,,,,public solver available for future compression,ARC-DSL,not_obvious,24.469661,cgi_error:AttributeError
task263,a87f7484,16.006075858588602,8054.0,pass,8.993924141411398,true,external/arc_dsl/solvers.py,40,40,true,external/public_repos/NeurIPS-Code-Golf-2025/solutions/task263.py,,,,,,currently OK; no immediate recovery need,current ONNX,not_obvious,17.987848,sampled_public_solver_examples=40;expected_total=267
task264,a8c38be5,13.720116918523228,79212.0,pass,11.279883081476772,true,external/arc_dsl/solvers.py,40,40,true,external/public_repos/NeurIPS-Code-Golf-2025/solutions/task264.py,,,,,,ONNX passes but cost too high,memory-first ONNX surgery,not_obvious,22.559766,sampled_public_solver_examples=40;expected_total=265
task265,a8d7556c,14.424537832136728,39162.0,pass,10.575462167863272,true,external/arc_dsl/solvers.py,38,40,true,external/public_repos/NeurIPS-Code-Golf-2025/solutions/task265.py,,,,,,currently OK; no immediate recovery need,current ONNX,not_obvious,21.150924,arc-gen[4]:mismatch;arc-gen[24]:mismatch;sampled_public_solver_examples=40;expected_total=266
task266,a9f96cdd,18.186555400489105,910.0,pass,6.813444599510895,true,external/arc_dsl/solvers.py,20,20,true,external/public_repos/NeurIPS-Code-Golf-2025/solutions/task266.py,,,,,,public solver available for future compression,ARC-DSL,not_obvious,21.626889,cgi_error:AttributeError
task267,aabf363d,17.904106778902467,1207.0,pass,7.095893221097533,true,external/arc_dsl/solvers.py,40,40,true,external/public_repos/NeurIPS-Code-Golf-2025/solutions/task267.py,,,,,,currently OK; no immediate recovery need,current ONNX,not_obvious,14.191786,sampled_public_solver_examples=40;expected_total=264
task268,aba27056,14.983808957550787,22386.0,pass,10.016191042449213,true,external/arc_dsl/solvers.py,29,40,true,external/public_repos/NeurIPS-Code-Golf-2025/solutions/task268.py,,,,,,currently OK; no immediate recovery need,current ONNX,not_obvious,20.032382,arc-gen[1]:mismatch;arc-gen[7]:mismatch;arc-gen[11]:mismatch;sampled_public_solver_examples=40;expected_total=266
task269,ac0a08a4,15.940249986656319,8602.0,pass,9.059750013343681,true,external/arc_dsl/solvers.py,40,40,true,external/public_repos/NeurIPS-Code-Golf-2025/solutions/task269.py,,,,,,currently OK; no immediate recovery need,current ONNX,not_obvious,18.1195,sampled_public_solver_examples=40;expected_total=266
task270,ae3edfdc,14.853527053936123,25501.0,pass,10.146472946063877,true,external/arc_dsl/solvers.py,40,40,true,external/public_repos/NeurIPS-Code-Golf-2025/solutions/task270.py,,,,,,currently OK; no immediate recovery need,current ONNX,not_obvious,20.292946,sampled_public_solver_examples=40;expected_total=266
task271,ae4f1146,14.725259284025897,28991.0,pass,10.274740715974103,true,external/arc_dsl/solvers.py,40,40,true,external/public_repos/NeurIPS-Code-Golf-2025/solutions/task271.py,,,,,,currently OK; no immediate recovery need,current ONNX,not_obvious,20.549481,sampled_public_solver_examples=40;expected_total=267
task272,aedd82e4,18.86877351051686,460.0,pass,6.13122648948314,true,external/arc_dsl/solvers.py,40,40,true,external/public_repos/NeurIPS-Code-Golf-2025/solutions/task272.py,,,,,,currently OK; no immediate recovery need,current ONNX,not_obvious,12.262453,sampled_public_solver_examples=40;expected_total=267
task273,af902bf9,16.311040765729324,5937.0,pass,8.688959234270676,true,external/arc_dsl/solvers.py,40,40,true,external/public_repos/NeurIPS-Code-Golf-2025/solutions/task273.py,,,,,,currently OK; no immediate recovery need,current ONNX,not_obvious,17.377918,sampled_public_solver_examples=40;expected_total=266
task274,b0c4d837,15.942694264192879,8581.0,pass,9.057305735807121,true,external/arc_dsl/solvers.py,40,40,true,external/public_repos/NeurIPS-Code-Golf-2025/solutions/task274.py,,,,,,currently OK; no immediate recovery need,current ONNX,not_obvious,18.114611,sampled_public_solver_examples=40;expected_total=269
task275,b190f7f5,13.662869436848247,83879.0,pass,11.337130563151753,true,external/arc_dsl/solvers.py,40,40,true,external/public_repos/NeurIPS-Code-Golf-2025/solutions/task275.py,,,,,,ONNX passes but cost too high,memory-first ONNX surgery,not_obvious,22.674261,sampled_public_solver_examples=40;expected_total=266
task276,b1948b0a,22.697414907005953,10.0,pass,2.302585092994047,true,external/arc_dsl/solvers.py,40,40,true,external/public_repos/NeurIPS-Code-Golf-2025/solutions/task276.py,,,,,,currently OK; no immediate recovery need,current ONNX,not_obvious,4.60517,sampled_public_solver_examples=40;expected_total=266
task277,b230c067,15.410059486110708,14617.0,pass,9.589940513889292,true,external/arc_dsl/solvers.py,40,40,true,external/public_repos/NeurIPS-Code-Golf-2025/solutions/task277.py,,,,,,currently OK; no immediate recovery need,current ONNX,not_obvious,19.179881,sampled_public_solver_examples=40;expected_total=266
task278,b27ca6d3,14.864210958364897,25230.0,pass,10.135789041635103,true,external/arc_dsl/solvers.py,40,40,true,external/public_repos/NeurIPS-Code-Golf-2025/solutions/task278.py,,,,,,currently OK; no immediate recovery need,current ONNX,not_obvious,20.271578,sampled_public_solver_examples=40;expected_total=265
task279,b2862040,14.821535747509644,26330.0,pass,10.178464252490356,true,external/arc_dsl/solvers.py,40,40,true,external/public_repos/NeurIPS-Code-Golf-2025/solutions/task279.py,,,,,,currently OK; no immediate recovery need,current ONNX,not_obvious,20.356929,sampled_public_solver_examples=40;expected_total=266
task280,b527c5c6,13.64132188619622,85706.0,pass,11.35867811380378,true,external/arc_dsl/solvers.py,40,40,true,external/public_repos/NeurIPS-Code-Golf-2025/solutions/task280.py,,,,,,ONNX passes but cost too high,memory-first ONNX surgery,not_obvious,22.717356,sampled_public_solver_examples=40;expected_total=267
task281,b548a754,13.60794357751076,88615.0,pass,11.39205642248924,true,external/arc_dsl/solvers.py,40,40,true,external/public_repos/NeurIPS-Code-Golf-2025/solutions/task281.py,,,,,,ONNX passes but cost too high,memory-first ONNX surgery,not_obvious,22.784113,sampled_public_solver_examples=40;expected_total=266
task282,b60334d2,18.197605236675688,900.0,pass,6.802394763324312,true,external/arc_dsl/solvers.py,40,40,true,external/public_repos/NeurIPS-Code-Golf-2025/solutions/task282.py,,,,,,currently OK; no immediate recovery need,current ONNX,not_obvious,13.60479,sampled_public_solver_examples=40;expected_total=265
task283,b6afb2da,18.186555400489105,910.0,pass,6.813444599510895,true,external/arc_dsl/solvers.py,40,40,true,external/public_repos/NeurIPS-Code-Golf-2025/solutions/task283.py,,,,,,currently OK; no immediate recovery need,current ONNX,not_obvious,13.626889,sampled_public_solver_examples=40;expected_total=265
task284,b7249182,13.475808238755878,101133.0,pass,11.524191761244122,true,external/arc_dsl/solvers.py,40,40,true,external/public_repos/NeurIPS-Code-Golf-2025/solutions/task284.py,,,,,,ONNX passes but cost too high,memory-first ONNX surgery,not_obvious,23.048384,sampled_public_solver_examples=40;expected_total=266
task285,b775ac94,12.112179904635754,395466.0,pass,12.887820095364246,true,external/arc_dsl/solvers.py,40,40,true,external/public_repos/NeurIPS-Code-Golf-2025/solutions/task285.py,,,,,,ONNX passes but cost too high,memory-first ONNX surgery,not_obvious,25.77564,sampled_public_solver_examples=40;expected_total=265
task286,b782dc8a,13.00342074458367,162199.0,pass,11.99657925541633,true,external/arc_dsl/solvers.py,14,40,true,external/public_repos/NeurIPS-Code-Golf-2025/solutions/task286.py,,,,,,ONNX passes but cost too high,memory-first ONNX surgery,not_obvious,23.993159,arc-gen[0]:mismatch;arc-gen[1]:mismatch;arc-gen[2]:mismatch;sampled_public_solver_examples=40;expected_total=265
task287,b8825c91,14.975800372301608,22566.0,pass,10.024199627698392,true,external/arc_dsl/solvers.py,40,40,true,external/public_repos/NeurIPS-Code-Golf-2025/solutions/task287.py,,,,,,currently OK; no immediate recovery need,current ONNX,not_obvious,20.048399,sampled_public_solver_examples=40;expected_total=267
task288,b8cdaf2b,14.632558329669694,31807.0,pass,10.367441670330306,true,external/arc_dsl/solvers.py,40,40,true,external/public_repos/NeurIPS-Code-Golf-2025/solutions/task288.py,,,,,,currently OK; no immediate recovery need,current ONNX,not_obvious,20.734883,sampled_public_solver_examples=40;expected_total=267
task289,b91ae062,14.874489523818365,24972.0,pass,10.125510476181635,true,external/arc_dsl/solvers.py,40,40,true,external/public_repos/NeurIPS-Code-Golf-2025/solutions/task289.py,,,,,,currently OK; no immediate recovery need,current ONNX,not_obvious,20.251021,sampled_public_solver_examples=40;expected_total=268
task290,b94a9452,15.631972352188223,11708.0,pass,9.368027647811777,true,external/arc_dsl/solvers.py,40,40,true,external/public_repos/NeurIPS-Code-Golf-2025/solutions/task290.py,,,,,,currently OK; no immediate recovery need,current ONNX,not_obvious,18.736055,sampled_public_solver_examples=40;expected_total=266
task291,b9b7f026,16.627370259775116,4327.0,pass,8.372629740224884,true,external/arc_dsl/solvers.py,36,40,true,external/public_repos/NeurIPS-Code-Golf-2025/solutions/task291.py,,,,,,currently OK; no immediate recovery need,current ONNX,not_obvious,16.745259,arc-gen[8]:mismatch;arc-gen[29]:mismatch;arc-gen[31]:mismatch;sampled_public_solver_examples=40;expected_total=265
task292,ba26e723,16.250901751600978,6305.0,pass,8.749098248399022,true,external/arc_dsl/solvers.py,28,28,true,external/public_repos/NeurIPS-Code-Golf-2025/solutions/task292.py,,,,,,public solver available for future compression,ARC-DSL,not_obvious,25.498196,cgi_error:AttributeError
task293,ba97ae07,14.882571106914462,24771.0,pass,10.117428893085538,true,external/arc_dsl/solvers.py,40,40,true,external/public_repos/NeurIPS-Code-Golf-2025/solutions/task293.py,,,,,,currently OK; no immediate recovery need,current ONNX,not_obvious,20.234858,sampled_public_solver_examples=40;expected_total=267
task294,bb43febb,18.186555400489105,910.0,pass,6.813444599510895,true,external/arc_dsl/solvers.py,40,40,true,external/public_repos/NeurIPS-Code-Golf-2025/solutions/task294.py,,,,,,currently OK; no immediate recovery need,current ONNX,not_obvious,13.626889,sampled_public_solver_examples=40;expected_total=265
task295,bbc9ae5d,15.591628777524683,12190.0,pass,9.408371222475317,true,external/arc_dsl/solvers.py,40,40,true,external/public_repos/NeurIPS-Code-Golf-2025/solutions/task295.py,,,,,,currently OK; no immediate recovery need,current ONNX,not_obvious,18.816742,sampled_public_solver_examples=40;expected_total=268
task296,bc1d5164,16.67955188604344,4107.0,pass,8.320448113956559,true,external/arc_dsl/solvers.py,40,40,true,external/public_repos/NeurIPS-Code-Golf-2025/solutions/task296.py,,,,,,currently OK; no immediate recovery need,current ONNX,not_obvious,16.640896,sampled_public_solver_examples=40;expected_total=268
task297,bd4472b8,15.876198389441056,9171.0,pass,9.123801610558944,true,external/arc_dsl/solvers.py,40,40,true,external/public_repos/NeurIPS-Code-Golf-2025/solutions/task297.py,,,,,,currently OK; no immediate recovery need,current ONNX,not_obvious,18.247603,sampled_public_solver_examples=40;expected_total=265
task298,bda2d7a6,15.387667209394625,14948.0,pass,9.612332790605375,true,external/arc_dsl/solvers.py,40,40,true,external/public_repos/NeurIPS-Code-Golf-2025/solutions/task298.py,,,,,,currently OK; no immediate recovery need,current ONNX,not_obvious,19.224666,sampled_public_solver_examples=40;expected_total=267
task299,bdad9b1f,17.5510838974558,1718.0,pass,7.4489161025441994,true,external/arc_dsl/solvers.py,21,21,true,external/public_repos/NeurIPS-Code-Golf-2025/solutions/task299.py,,,,,,public solver available for future compression,ARC-DSL,not_obvious,22.897832,cgi_error:AttributeError
task300,be94b721,13.741373412351637,77546.0,pass,11.258626587648363,true,external/arc_dsl/solvers.py,40,40,true,external/public_repos/NeurIPS-Code-Golf-2025/solutions/task300.py,,,,,,ONNX passes but cost too high,memory-first ONNX surgery,not_obvious,22.517253,sampled_public_solver_examples=40;expected_total=267
task301,beb8660c,13.91804208355036,64988.0,pass,11.08195791644964,true,external/arc_dsl/solvers.py,40,40,true,external/public_repos/NeurIPS-Code-Golf-2025/solutions/task301.py,,,,,,ONNX passes but cost too high,memory-first ONNX surgery,not_obvious,22.163916,sampled_public_solver_examples=40;expected_total=266
task302,c0f76784,16.03863393937255,7796.0,pass,8.961366060627451,true,external/arc_dsl/solvers.py,40,40,true,external/public_repos/NeurIPS-Code-Golf-2025/solutions/task302.py,,,,,,currently OK; no immediate recovery need,current ONNX,not_obvious,17.922732,sampled_public_solver_examples=40;expected_total=266
task303,c1d99e64,15.848136557782793,9432.0,pass,9.151863442217207,true,external/arc_dsl/solvers.py,40,40,true,external/public_repos/NeurIPS-Code-Golf-2025/solutions/task303.py,,,,,,currently OK; no immediate recovery need,current ONNX,not_obvious,18.303727,sampled_public_solver_examples=40;expected_total=265
task304,c3e719e8,15.708263989819823,10848.0,pass,9.291736010180177,true,external/arc_dsl/solvers.py,40,40,true,external/public_repos/NeurIPS-Code-Golf-2025/solutions/task304.py,,,,,,currently OK; no immediate recovery need,current ONNX,not_obvious,18.583472,sampled_public_solver_examples=40;expected_total=266
task305,c3f564a4,16.71802294113224,3952.0,pass,8.28197705886776,true,external/arc_dsl/solvers.py,40,40,true,external/public_repos/NeurIPS-Code-Golf-2025/solutions/task305.py,,,,,,currently OK; no immediate recovery need,current ONNX,not_obvious,16.563954,sampled_public_solver_examples=40;expected_total=266
task306,c444b776,13.9264791265675,64442.0,pass,11.0735208734325,true,external/arc_dsl/solvers.py,38,40,true,external/public_repos/NeurIPS-Code-Golf-2025/solutions/task306.py,,,,,,ONNX passes but cost too high,memory-first ONNX surgery,not_obvious,22.147042,arc-gen[13]:mismatch;arc-gen[21]:mismatch;sampled_public_solver_examples=40;expected_total=265
task307,c59eb873,17.504458056115745,1800.0,pass,7.495541943884255,true,external/arc_dsl/solvers.py,40,40,true,external/public_repos/NeurIPS-Code-Golf-2025/solutions/task307.py,,,,,,currently OK; no immediate recovery need,current ONNX,not_obvious,14.991084,sampled_public_solver_examples=40;expected_total=266
task308,c8cbb738,15.010380623834585,21799.0,pass,9.989619376165415,true,external/arc_dsl/solvers.py,40,40,true,external/public_repos/NeurIPS-Code-Golf-2025/solutions/task308.py,,,,,,currently OK; no immediate recovery need,current ONNX,not_obvious,19.979239,sampled_public_solver_examples=40;expected_total=266
task309,c8f0f002,22.697414907005953,10.0,pass,2.302585092994047,true,external/arc_dsl/solvers.py,40,40,true,external/public_repos/NeurIPS-Code-Golf-2025/solutions/task309.py,,,,,,currently OK; no immediate recovery need,current ONNX,not_obvious,4.60517,sampled_public_solver_examples=40;expected_total=265
task310,c909285e,15.11442186800744,19645.0,pass,9.88557813199256,true,external/arc_dsl/solvers.py,40,40,true,external/public_repos/NeurIPS-Code-Golf-2025/solutions/task310.py,,,,,,currently OK; no immediate recovery need,current ONNX,not_obvious,19.771156,sampled_public_solver_examples=40;expected_total=266
task311,c9e6f938,21.598802618337846,30.0,pass,3.401197381662154,true,external/arc_dsl/solvers.py,40,40,true,external/public_repos/NeurIPS-Code-Golf-2025/solutions/task311.py,,,,,,currently OK; no immediate recovery need,current ONNX,not_obvious,6.802395,sampled_public_solver_examples=40;expected_total=266
task312,c9f8e694,15.791761836115688,9979.0,pass,9.208238163884312,true,external/arc_dsl/solvers.py,40,40,true,external/public_repos/NeurIPS-Code-Golf-2025/solutions/task312.py,,,,,,currently OK; no immediate recovery need,current ONNX,not_obvious,18.416476,sampled_public_solver_examples=40;expected_total=265
task313,caa06a1f,13.666536185257858,83572.0,pass,11.333463814742142,true,external/arc_dsl/solvers.py,36,40,true,external/public_repos/NeurIPS-Code-Golf-2025/solutions/task313.py,,,,,,ONNX passes but cost too high,memory-first ONNX surgery,not_obvious,22.666928,arc-gen[4]:mismatch;arc-gen[10]:mismatch;arc-gen[18]:mismatch;sampled_public_solver_examples=40;expected_total=266
task314,cbded52d,15.941180435665059,8594.0,pass,9.058819564334941,true,external/arc_dsl/solvers.py,40,40,true,external/public_repos/NeurIPS-Code-Golf-2025/solutions/task314.py,,,,,,currently OK; no immediate recovery need,current ONNX,not_obvious,18.117639,sampled_public_solver_examples=40;expected_total=266
task315,cce03e0d,16.87230014718223,3387.0,pass,8.12769985281777,true,external/arc_dsl/solvers.py,40,40,true,external/public_repos/NeurIPS-Code-Golf-2025/solutions/task315.py,,,,,,currently OK; no immediate recovery need,current ONNX,not_obvious,16.2554,sampled_public_solver_examples=40;expected_total=266
task316,cdecee7f,16.730755478816945,3902.0,pass,8.269244521183055,true,external/arc_dsl/solvers.py,38,40,true,external/public_repos/NeurIPS-Code-Golf-2025/solutions/task316.py,,,,,,currently OK; no immediate recovery need,current ONNX,not_obvious,16.538489,arc-gen[15]:mismatch;arc-gen[34]:mismatch;sampled_public_solver_examples=40;expected_total=266
task317,ce22a75a,18.197605236675688,900.0,pass,6.802394763324312,true,external/arc_dsl/solvers.py,40,40,true,external/public_repos/NeurIPS-Code-Golf-2025/solutions/task317.py,,,,,,currently OK; no immediate recovery need,current ONNX,not_obvious,13.60479,sampled_public_solver_examples=40;expected_total=265
task318,ce4f8723,18.394702079051797,739.0,pass,6.605297920948203,true,external/arc_dsl/solvers.py,40,40,true,external/public_repos/NeurIPS-Code-Golf-2025/solutions/task318.py,,,,,,currently OK; no immediate recovery need,current ONNX,not_obvious,13.210596,sampled_public_solver_examples=40;expected_total=267
task319,ce602527,14.580490348791063,33507.0,pass,10.419509651208937,true,external/arc_dsl/solvers.py,32,40,true,external/public_repos/NeurIPS-Code-Golf-2025/solutions/task319.py,,,,,,currently OK; no immediate recovery need,current ONNX,not_obvious,20.839019,arc-gen[0]:mismatch;arc-gen[3]:mismatch;arc-gen[4]:mismatch;sampled_public_solver_examples=40;expected_total=267
task320,ce9e57f2,16.445511023840066,5190.0,pass,8.554488976159934,true,external/arc_dsl/solvers.py,40,40,true,external/public_repos/NeurIPS-Code-Golf-2025/solutions/task320.py,,,,,,currently OK; no immediate recovery need,current ONNX,not_obvious,17.108978,sampled_public_solver_examples=40;expected_total=266
task321,cf98881b,16.403810802357263,5411.0,pass,8.596189197642737,true,external/arc_dsl/solvers.py,40,40,true,external/public_repos/NeurIPS-Code-Golf-2025/solutions/task321.py,,,,,,currently OK; no immediate recovery need,current ONNX,not_obvious,17.192378,sampled_public_solver_examples=40;expected_total=267
task322,d037b0a7,18.23496102321946,867.0,pass,6.7650389767805414,true,external/arc_dsl/solvers.py,40,40,true,external/public_repos/NeurIPS-Code-Golf-2025/solutions/task322.py,,,,,,currently OK; no immediate recovery need,current ONNX,not_obvious,13.530078,sampled_public_solver_examples=40;expected_total=266
task323,d06dbe63,16.5810813778521,4532.0,pass,8.418918622147899,true,external/arc_dsl/solvers.py,39,40,true,external/public_repos/NeurIPS-Code-Golf-2025/solutions/task323.py,,,,,,currently OK; no immediate recovery need,current ONNX,not_obvious,16.837837,arc-gen[16]:mismatch;sampled_public_solver_examples=40;expected_total=172
task324,d07ae81c,14.203081009735799,48870.0,pass,10.796918990264201,true,external/arc_dsl/solvers.py,40,40,true,external/public_repos/NeurIPS-Code-Golf-2025/solutions/task324.py,,,,,,currently OK; no immediate recovery need,current ONNX,not_obvious,21.593838,sampled_public_solver_examples=40;expected_total=266
task325,d0f5fe59,14.330533108254256,43022.0,pass,10.669466891745744,true,external/arc_dsl/solvers.py,40,40,true,external/public_repos/NeurIPS-Code-Golf-2025/solutions/task325.py,,,,,,currently OK; no immediate recovery need,current ONNX,not_obvious,21.338934,sampled_public_solver_examples=40;expected_total=266
task326,d10ecb37,19.924826184766175,160.0,pass,5.075173815233825,true,external/arc_dsl/solvers.py,40,40,true,external/public_repos/NeurIPS-Code-Golf-2025/solutions/task326.py,,,,,,currently OK; no immediate recovery need,current ONNX,not_obvious,10.150348,sampled_public_solver_examples=40;expected_total=266
task327,d13f3404,16.072287826172918,7538.0,pass,8.927712173827082,true,external/arc_dsl/solvers.py,40,40,true,external/public_repos/NeurIPS-Code-Golf-2025/solutions/task327.py,,,,,,currently OK; no immediate recovery need,current ONNX,not_obvious,17.855424,sampled_public_solver_examples=40;expected_total=265
task328,d22278a0,13.871957907660665,68053.0,pass,11.128042092339335,true,external/arc_dsl/solvers.py,40,40,true,external/public_repos/NeurIPS-Code-Golf-2025/solutions/task328.py,,,,,,ONNX passes but cost too high,memory-first ONNX surgery,not_obvious,22.256084,sampled_public_solver_examples=40;expected_total=267
task329,d23f8c26,15.76399188127524,10260.0,pass,9.23600811872476,true,external/arc_dsl/solvers.py,40,40,true,external/public_repos/NeurIPS-Code-Golf-2025/solutions/task329.py,,,,,,currently OK; no immediate recovery need,current ONNX,not_obvious,18.472016,sampled_public_solver_examples=40;expected_total=266
task330,d2abd087,15.216591867794413,17737.0,pass,9.783408132205587,true,external/arc_dsl/solvers.py,40,40,true,external/public_repos/NeurIPS-Code-Golf-2025/solutions/task330.py,,,,,,currently OK; no immediate recovery need,current ONNX,not_obvious,19.566816,sampled_public_solver_examples=40;expected_total=266
task331,d364b489,18.186555400489105,910.0,pass,6.813444599510895,true,external/arc_dsl/solvers.py,40,40,true,external/public_repos/NeurIPS-Code-Golf-2025/solutions/task331.py,,,,,,currently OK; no immediate recovery need,current ONNX,not_obvious,13.626889,sampled_public_solver_examples=40;expected_total=265
task332,d406998b,15.896131872534333,8990.0,pass,9.103868127465667,true,external/arc_dsl/solvers.py,40,40,true,external/public_repos/NeurIPS-Code-Golf-2025/solutions/task332.py,,,,,,currently OK; no immediate recovery need,current ONNX,not_obvious,18.207736,sampled_public_solver_examples=40;expected_total=267
task333,d43fd935,14.877658081568091,24893.0,pass,10.122341918431909,true,external/arc_dsl/solvers.py,38,40,true,external/public_repos/NeurIPS-Code-Golf-2025/solutions/task333.py,,,,,,currently OK; no immediate recovery need,current ONNX,not_obvious,20.244684,arc-gen[1]:mismatch;arc-gen[3]:mismatch;sampled_public_solver_examples=40;expected_total=265
task334,d4469b4b,18.588181732290103,609.0,pass,6.411818267709897,true,external/arc_dsl/solvers.py,40,40,true,external/public_repos/NeurIPS-Code-Golf-2025/solutions/task334.py,,,,,,currently OK; no immediate recovery need,current ONNX,not_obvious,12.823637,sampled_public_solver_examples=40;expected_total=271
task335,d4a91cb9,14.258204878914801,46249.0,pass,10.741795121085199,true,external/arc_dsl/solvers.py,40,40,true,external/public_repos/NeurIPS-Code-Golf-2025/solutions/task335.py,,,,,,currently OK; no immediate recovery need,current ONNX,not_obvious,21.48359,sampled_public_solver_examples=40;expected_total=266
task336,d4f3cd78,16.294503180112258,6036.0,pass,8.705496819887742,true,external/arc_dsl/solvers.py,31,31,true,external/public_repos/NeurIPS-Code-Golf-2025/solutions/task336.py,,,,,,public solver available for future compression,ARC-DSL,not_obvious,25.410994,cgi_error:AttributeError
task337,d511f180,22.697414907005953,10.0,pass,2.302585092994047,true,external/arc_dsl/solvers.py,40,40,true,external/public_repos/NeurIPS-Code-Golf-2025/solutions/task337.py,,,,,,currently OK; no immediate recovery need,current ONNX,not_obvious,4.60517,sampled_public_solver_examples=40;expected_total=266
task338,d5d6de2d,14.285226738886886,45016.0,pass,10.714773261113114,true,external/arc_dsl/solvers.py,14,40,true,external/public_repos/NeurIPS-Code-Golf-2025/solutions/task338.py,,,,,,currently OK; no immediate recovery need,current ONNX,not_obvious,21.429547,arc-gen[0]:mismatch;arc-gen[1]:mismatch;arc-gen[2]:mismatch;sampled_public_solver_examples=40;expected_total=267
task339,d631b094,18.112447428335383,980.0,pass,6.887552571664617,true,external/arc_dsl/solvers.py,40,40,true,external/public_repos/NeurIPS-Code-Golf-2025/solutions/task339.py,,,,,,currently OK; no immediate recovery need,current ONNX,not_obvious,13.775105,sampled_public_solver_examples=40;expected_total=266
task340,d687bc17,13.83887566105239,70342.0,pass,11.16112433894761,true,external/arc_dsl/solvers.py,38,40,true,external/public_repos/NeurIPS-Code-Golf-2025/solutions/task340.py,,,,,,ONNX passes but cost too high,memory-first ONNX surgery,not_obvious,22.322249,arc-gen[25]:mismatch;arc-gen[26]:mismatch;sampled_public_solver_examples=40;expected_total=266
task341,d6ad076f,15.15493636760159,18865.0,pass,9.84506363239841,true,external/arc_dsl/solvers.py,34,40,true,external/public_repos/NeurIPS-Code-Golf-2025/solutions/task341.py,,,,,,currently OK; no immediate recovery need,current ONNX,not_obvious,19.690127,arc-gen[0]:mismatch;arc-gen[4]:mismatch;arc-gen[6]:mismatch;sampled_public_solver_examples=40;expected_total=266
task342,d89b689b,15.5946686681292,12153.0,pass,9.4053313318708,true,external/arc_dsl/solvers.py,40,40,true,external/public_repos/NeurIPS-Code-Golf-2025/solutions/task342.py,,,,,,currently OK; no immediate recovery need,current ONNX,not_obvious,18.810663,sampled_public_solver_examples=40;expected_total=266
task343,d8c310e9,14.736881875699506,28656.0,pass,10.263118124300494,true,external/arc_dsl/solvers.py,40,40,true,external/public_repos/NeurIPS-Code-Golf-2025/solutions/task343.py,,,,,,currently OK; no immediate recovery need,current ONNX,not_obvious,20.526236,sampled_public_solver_examples=40;expected_total=266
task344,d90796e8,17.17196196787417,2510.0,pass,7.8280380321258285,true,external/arc_dsl/solvers.py,25,40,true,external/public_repos/NeurIPS-Code-Golf-2025/solutions/task344.py,,,,,,currently OK; no immediate recovery need,current ONNX,not_obvious,15.656076,arc-gen[0]:mismatch;arc-gen[4]:mismatch;arc-gen[6]:mismatch;sampled_public_solver_examples=40;expected_total=266
task345,d9f24cd1,15.631289292052376,11716.0,pass,9.368710707947624,true,external/arc_dsl/solvers.py,40,40,true,external/public_repos/NeurIPS-Code-Golf-2025/solutions/task345.py,,,,,,currently OK; no immediate recovery need,current ONNX,not_obvious,18.737421,sampled_public_solver_examples=40;expected_total=264
task346,d9fac9be,15.884849815027566,9092.0,pass,9.115150184972434,true,external/arc_dsl/solvers.py,40,40,true,external/public_repos/NeurIPS-Code-Golf-2025/solutions/task346.py,,,,,,currently OK; no immediate recovery need,current ONNX,not_obvious,18.2303,sampled_public_solver_examples=40;expected_total=267
task347,dae9d2b5,17.63039927947359,1587.0,pass,7.36960072052641,true,external/arc_dsl/solvers.py,40,40,true,external/public_repos/NeurIPS-Code-Golf-2025/solutions/task347.py,,,,,,currently OK; no immediate recovery need,current ONNX,not_obvious,14.739201,sampled_public_solver_examples=40;expected_total=269
task348,db3e9e38,16.11719194507556,7207.0,pass,8.882808054924439,true,external/arc_dsl/solvers.py,40,40,true,external/public_repos/NeurIPS-Code-Golf-2025/solutions/task348.py,,,,,,currently OK; no immediate recovery need,current ONNX,not_obvious,17.765616,sampled_public_solver_examples=40;expected_total=265
task349,db93a21d,14.306261242455944,44079.0,pass,10.693738757544056,true,external/arc_dsl/solvers.py,33,40,true,external/public_repos/NeurIPS-Code-Golf-2025/solutions/task349.py,,,,,,currently OK; no immediate recovery need,current ONNX,not_obvious,21.387478,arc-gen[0]:mismatch;arc-gen[4]:mismatch;arc-gen[14]:mismatch;sampled_public_solver_examples=40;expected_total=267
task350,dbc1a6ce,15.10504877848616,19830.0,pass,9.89495122151384,true,external/arc_dsl/solvers.py,40,40,true,external/public_repos/NeurIPS-Code-Golf-2025/solutions/task350.py,,,,,,currently OK; no immediate recovery need,current ONNX,not_obvious,19.789902,sampled_public_solver_examples=40;expected_total=267
task351,dc0a314f,14.532506311227156,35154.0,pass,10.467493688772844,true,external/arc_dsl/solvers.py,40,40,true,external/public_repos/NeurIPS-Code-Golf-2025/solutions/task351.py,,,,,,currently OK; no immediate recovery need,current ONNX,not_obvious,20.934987,sampled_public_solver_examples=40;expected_total=265
task352,dc1df850,16.20124341714016,6626.0,pass,8.798756582859841,true,external/arc_dsl/solvers.py,40,40,true,external/public_repos/NeurIPS-Code-Golf-2025/solutions/task352.py,,,,,,currently OK; no immediate recovery need,current ONNX,not_obvious,17.597513,sampled_public_solver_examples=40;expected_total=266
task353,dc433765,16.403810802357263,5411.0,pass,8.596189197642737,true,external/arc_dsl/solvers.py,40,40,true,external/public_repos/NeurIPS-Code-Golf-2025/solutions/task353.py,,,,,,currently OK; no immediate recovery need,current ONNX,not_obvious,17.192378,sampled_public_solver_examples=40;expected_total=271
task354,ddf7fa4f,15.258619697007587,17007.0,pass,9.741380302992413,true,external/arc_dsl/solvers.py,40,40,true,external/public_repos/NeurIPS-Code-Golf-2025/solutions/task354.py,,,,,,currently OK; no immediate recovery need,current ONNX,not_obvious,19.482761,sampled_public_solver_examples=40;expected_total=266
task355,de1cd16c,15.624569008158225,11795.0,pass,9.375430991841775,true,external/arc_dsl/solvers.py,40,40,true,external/public_repos/NeurIPS-Code-Golf-2025/solutions/task355.py,,,,,,currently OK; no immediate recovery need,current ONNX,not_obvious,18.750862,sampled_public_solver_examples=40;expected_total=267
task356,ded97339,16.482606828581098,5001.0,pass,8.517393171418902,true,external/arc_dsl/solvers.py,40,40,true,external/public_repos/NeurIPS-Code-Golf-2025/solutions/task356.py,,,,,,currently OK; no immediate recovery need,current ONNX,not_obvious,17.034786,sampled_public_solver_examples=40;expected_total=266
task357,e179c5f4,16.20942652084284,6572.0,pass,8.79057347915716,true,external/arc_dsl/solvers.py,8,13,true,external/public_repos/NeurIPS-Code-Golf-2025/solutions/task357.py,,,,,,currently OK; no immediate recovery need,current ONNX,not_obvious,17.581147,arc-gen[0]:mismatch;arc-gen[2]:mismatch;arc-gen[3]:mismatch
task358,e21d9049,13.356739495302836,113921.0,pass,11.643260504697164,true,external/arc_dsl/solvers.py,32,40,true,external/public_repos/NeurIPS-Code-Golf-2025/solutions/task358.py,,,,,,ONNX passes but cost too high,memory-first ONNX surgery,not_obvious,23.286521,arc-gen[3]:mismatch;arc-gen[4]:mismatch;arc-gen[14]:mismatch;sampled_public_solver_examples=40;expected_total=265
task359,e26a3af2,14.347150353576192,42313.0,pass,10.652849646423808,true,external/arc_dsl/solvers.py,40,40,true,external/public_repos/NeurIPS-Code-Golf-2025/solutions/task359.py,,,,,,currently OK; no immediate recovery need,current ONNX,not_obvious,21.305699,sampled_public_solver_examples=40;expected_total=266
task360,e3497940,15.681164031870518,11146.0,pass,9.318835968129482,true,external/arc_dsl/solvers.py,40,40,true,external/public_repos/NeurIPS-Code-Golf-2025/solutions/task360.py,,,,,,currently OK; no immediate recovery need,current ONNX,not_obvious,18.637672,sampled_public_solver_examples=40;expected_total=266
task361,e40b9e2f,15.324919828453181,15916.0,pass,9.675080171546819,true,external/arc_dsl/solvers.py,16,40,true,external/public_repos/NeurIPS-Code-Golf-2025/solutions/task361.py,,,,,,currently OK; no immediate recovery need,current ONNX,not_obvious,19.35016,train[0]:mismatch;test[0]:mismatch;arc-gen[0]:mismatch;sampled_public_solver_examples=40;expected_total=266
task362,e48d4e1a,15.612434368654611,11939.0,pass,9.387565631345389,true,external/arc_dsl/solvers.py,40,40,true,external/public_repos/NeurIPS-Code-Golf-2025/solutions/task362.py,,,,,,currently OK; no immediate recovery need,current ONNX,not_obvious,18.775131,sampled_public_solver_examples=40;expected_total=267
task363,e5062a87,13.60482257129864,88892.0,pass,11.39517742870136,true,external/arc_dsl/solvers.py,39,40,true,external/public_repos/NeurIPS-Code-Golf-2025/solutions/task363.py,,,,,,ONNX passes but cost too high,memory-first ONNX surgery,not_obvious,22.790355,arc-gen[18]:mismatch;sampled_public_solver_examples=40;expected_total=265
task364,e509e548,13.737345222483407,77859.0,pass,11.262654777516593,true,external/arc_dsl/solvers.py,40,40,true,external/public_repos/NeurIPS-Code-Golf-2025/solutions/task364.py,,,,,,ONNX passes but cost too high,memory-first ONNX surgery,not_obvious,22.52531,sampled_public_solver_examples=40;expected_total=266
task365,e50d258f,14.01786479921536,58814.0,pass,10.98213520078464,true,external/arc_dsl/solvers.py,40,40,true,external/public_repos/NeurIPS-Code-Golf-2025/solutions/task365.py,,,,,,ONNX passes but cost too high,memory-first ONNX surgery,not_obvious,21.96427,sampled_public_solver_examples=40;expected_total=266
task366,e6721834,11.362564029982357,836880.0,pass,13.637435970017643,true,external/arc_dsl/solvers.py,21,40,true,external/public_repos/NeurIPS-Code-Golf-2025/solutions/task366.py,,,,,,ONNX passes but cost too high,memory-first ONNX surgery,not_obvious,27.274872,arc-gen[1]:mismatch;arc-gen[2]:mismatch;arc-gen[3]:mismatch;sampled_public_solver_examples=40;expected_total=266
task367,e73095fd,13.125192173257059,143603.0,pass,11.874807826742941,true,external/arc_dsl/solvers.py,40,40,true,external/public_repos/NeurIPS-Code-Golf-2025/solutions/task367.py,,,,,,ONNX passes but cost too high,memory-first ONNX surgery,not_obvious,23.749616,sampled_public_solver_examples=40;expected_total=266
task368,e76a88a6,14.615970788806473,32339.0,pass,10.384029211193527,true,external/arc_dsl/solvers.py,40,40,true,external/public_repos/NeurIPS-Code-Golf-2025/solutions/task368.py,,,,,,currently OK; no immediate recovery need,current ONNX,not_obvious,20.768058,sampled_public_solver_examples=40;expected_total=265
task369,e8593010,16.07334967920606,7530.0,pass,8.92665032079394,true,external/arc_dsl/solvers.py,40,40,true,external/public_repos/NeurIPS-Code-Golf-2025/solutions/task369.py,,,,,,currently OK; no immediate recovery need,current ONNX,not_obvious,17.853301,sampled_public_solver_examples=40;expected_total=265
task370,e8dc4411,13.407505785810647,108282.0,pass,11.592494214189353,true,external/arc_dsl/solvers.py,29,40,true,external/public_repos/NeurIPS-Code-Golf-2025/solutions/task370.py,,,,,,ONNX passes but cost too high,memory-first ONNX surgery,not_obvious,23.184988,arc-gen[1]:mismatch;arc-gen[3]:mismatch;arc-gen[6]:mismatch;sampled_public_solver_examples=40;expected_total=266
task371,e9614598,15.50983333153762,13229.0,pass,9.49016666846238,true,external/arc_dsl/solvers.py,40,40,true,external/public_repos/NeurIPS-Code-Golf-2025/solutions/task371.py,,,,,,currently OK; no immediate recovery need,current ONNX,not_obvious,18.980333,sampled_public_solver_examples=40;expected_total=266
task372,e98196ab,16.027916817148075,7880.0,pass,8.972083182851925,true,external/arc_dsl/solvers.py,40,40,true,external/public_repos/NeurIPS-Code-Golf-2025/solutions/task372.py,,,,,,currently OK; no immediate recovery need,current ONNX,not_obvious,17.944166,sampled_public_solver_examples=40;expected_total=266
task373,e9afcf9a,18.738508315678956,524.0,pass,6.261491684321044,true,external/arc_dsl/solvers.py,40,40,true,external/public_repos/NeurIPS-Code-Golf-2025/solutions/task373.py,,,,,,currently OK; no immediate recovery need,current ONNX,not_obvious,12.522983,sampled_public_solver_examples=40;expected_total=75
task374,ea32f347,15.501327766730538,13342.0,pass,9.498672233269462,true,external/arc_dsl/solvers.py,40,40,true,external/public_repos/NeurIPS-Code-Golf-2025/solutions/task374.py,,,,,,currently OK; no immediate recovery need,current ONNX,not_obvious,18.997344,sampled_public_solver_examples=40;expected_total=267
task375,ea786f4a,15.372793097191211,15172.0,pass,9.627206902808789,true,external/arc_dsl/solvers.py,40,40,true,external/public_repos/NeurIPS-Code-Golf-2025/solutions/task375.py,,,,,,currently OK; no immediate recovery need,current ONNX,not_obvious,19.254414,sampled_public_solver_examples=40;expected_total=58
task376,eb281b96,14.93899600958889,23412.0,pass,10.06100399041111,true,external/arc_dsl/solvers.py,39,39,true,external/public_repos/NeurIPS-Code-Golf-2025/solutions/task376.py,,,,,,public solver available for future compression,ARC-DSL,not_obvious,28.122008,cgi_error:AttributeError
task377,eb5a1d5d,13.966336894339644,61924.0,pass,11.033663105660356,true,external/arc_dsl/solvers.py,40,40,true,external/public_repos/NeurIPS-Code-Golf-2025/solutions/task377.py,,,,,,ONNX passes but cost too high,memory-first ONNX surgery,not_obvious,22.067326,sampled_public_solver_examples=40;expected_total=266
task378,ec883f72,14.428477967719003,39008.0,pass,10.571522032280997,true,external/arc_dsl/solvers.py,32,40,true,external/public_repos/NeurIPS-Code-Golf-2025/solutions/task378.py,,,,,,currently OK; no immediate recovery need,current ONNX,not_obvious,21.143044,arc-gen[1]:mismatch;arc-gen[3]:mismatch;arc-gen[8]:mismatch;sampled_public_solver_examples=40;expected_total=267
task379,ecdecbb3,13.819767920510943,71699.0,pass,11.180232079489057,true,external/arc_dsl/solvers.py,26,40,true,external/public_repos/NeurIPS-Code-Golf-2025/solutions/task379.py,,,,,,ONNX passes but cost too high,memory-first ONNX surgery,not_obvious,22.360464,arc-gen[0]:mismatch;arc-gen[4]:mismatch;arc-gen[5]:mismatch;sampled_public_solver_examples=40;expected_total=266
task380,ed36ccf7,18.409698951803314,728.0,pass,6.590301048196686,true,external/arc_dsl/solvers.py,40,40,true,external/public_repos/NeurIPS-Code-Golf-2025/solutions/task380.py,,,,,,currently OK; no immediate recovery need,current ONNX,not_obvious,13.180602,sampled_public_solver_examples=40;expected_total=267
task381,ef135b50,16.830946850072657,3530.0,pass,8.169053149927343,true,external/arc_dsl/solvers.py,40,40,true,external/public_repos/NeurIPS-Code-Golf-2025/solutions/task381.py,,,,,,currently OK; no immediate recovery need,current ONNX,not_obvious,16.338106,sampled_public_solver_examples=40;expected_total=265
task382,f15e1fac,13.532302052966461,95578.0,pass,11.467697947033539,true,external/arc_dsl/solvers.py,31,40,true,external/public_repos/NeurIPS-Code-Golf-2025/solutions/task382.py,,,,,,ONNX passes but cost too high,memory-first ONNX surgery,not_obvious,22.935396,arc-gen[6]:mismatch;arc-gen[11]:mismatch;arc-gen[15]:mismatch;sampled_public_solver_examples=40;expected_total=266
task383,f1cefba8,13.246161795004017,127241.0,pass,11.753838204995983,true,external/arc_dsl/solvers.py,34,40,true,external/public_repos/NeurIPS-Code-Golf-2025/solutions/task383.py,,,,,,ONNX passes but cost too high,memory-first ONNX surgery,not_obvious,23.507676,arc-gen[0]:mismatch;arc-gen[1]:mismatch;arc-gen[9]:mismatch;sampled_public_solver_examples=40;expected_total=266
task384,f25fbde4,14.759112070269836,28026.0,pass,10.240887929730164,true,external/arc_dsl/solvers.py,40,40,true,external/public_repos/NeurIPS-Code-Golf-2025/solutions/task384.py,,,,,,currently OK; no immediate recovery need,current ONNX,not_obvious,20.481776,sampled_public_solver_examples=40;expected_total=266
task385,f25ffba3,21.598802618337846,30.0,pass,3.401197381662154,true,external/arc_dsl/solvers.py,40,40,true,external/public_repos/NeurIPS-Code-Golf-2025/solutions/task385.py,,,,,,currently OK; no immediate recovery need,current ONNX,not_obvious,6.802395,sampled_public_solver_examples=40;expected_total=265
task386,f2829549,17.32074857404694,2163.0,pass,7.679251425953058,true,external/arc_dsl/solvers.py,40,40,true,external/public_repos/NeurIPS-Code-Golf-2025/solutions/task386.py,,,,,,currently OK; no immediate recovery need,current ONNX,not_obvious,15.358503,sampled_public_solver_examples=40;expected_total=268
task387,f35d900a,13.940291846175448,63558.0,pass,11.059708153824552,true,external/arc_dsl/solvers.py,40,40,true,external/public_repos/NeurIPS-Code-Golf-2025/solutions/task387.py,,,,,,ONNX passes but cost too high,memory-first ONNX surgery,not_obvious,22.119416,sampled_public_solver_examples=40;expected_total=266
task388,f5b8619d,16.225377779303003,6468.0,pass,8.774622220696997,true,external/arc_dsl/solvers.py,38,40,true,external/public_repos/NeurIPS-Code-Golf-2025/solutions/task388.py,,,,,,currently OK; no immediate recovery need,current ONNX,not_obvious,17.549244,arc-gen[15]:mismatch;arc-gen[18]:mismatch;sampled_public_solver_examples=40;expected_total=266
task389,f76d97a5,17.451444020830127,1898.0,pass,7.548555979169873,true,external/arc_dsl/solvers.py,40,40,true,external/public_repos/NeurIPS-Code-Golf-2025/solutions/task389.py,,,,,,currently OK; no immediate recovery need,current ONNX,not_obvious,15.097112,sampled_public_solver_examples=40;expected_total=266
task390,f8a8fe49,14.885805916253345,24691.0,pass,10.114194083746655,true,external/arc_dsl/solvers.py,16,40,true,external/public_repos/NeurIPS-Code-Golf-2025/solutions/task390.py,,,,,,currently OK; no immediate recovery need,current ONNX,not_obvious,20.228388,arc-gen[1]:mismatch;arc-gen[2]:mismatch;arc-gen[4]:mismatch;sampled_public_solver_examples=40;expected_total=266
task391,f8b3ba0a,15.787561829941671,10021.0,pass,9.212438170058329,true,external/arc_dsl/solvers.py,40,40,true,external/public_repos/NeurIPS-Code-Golf-2025/solutions/task391.py,,,,,,currently OK; no immediate recovery need,current ONNX,not_obvious,18.424876,sampled_public_solver_examples=40;expected_total=267
task392,f8c80d96,14.662816279014882,30859.0,pass,10.337183720985118,true,external/arc_dsl/solvers.py,40,40,true,external/public_repos/NeurIPS-Code-Golf-2025/solutions/task392.py,,,,,,currently OK; no immediate recovery need,current ONNX,not_obvious,20.674367,sampled_public_solver_examples=40;expected_total=266
task393,f8ff0b80,18.870949789939456,459.0,pass,6.129050210060544,true,external/arc_dsl/solvers.py,40,40,true,external/public_repos/NeurIPS-Code-Golf-2025/solutions/task393.py,,,,,,currently OK; no immediate recovery need,current ONNX,not_obvious,12.2581,sampled_public_solver_examples=40;expected_total=265
task394,f9012d9b,16.53346872338599,4753.0,pass,8.46653127661401,true,external/arc_dsl/solvers.py,32,40,true,external/public_repos/NeurIPS-Code-Golf-2025/solutions/task394.py,,,,,,currently OK; no immediate recovery need,current ONNX,not_obvious,16.933063,arc-gen[3]:StopIteration;arc-gen[5]:StopIteration;arc-gen[14]:StopIteration;sampled_public_solver_examples=40;expected_total=266
task395,fafffa47,17.581219117249205,1667.0,pass,7.418780882750795,true,external/arc_dsl/solvers.py,40,40,true,external/public_repos/NeurIPS-Code-Golf-2025/solutions/task395.py,,,,,,currently OK; no immediate recovery need,current ONNX,not_obvious,14.837562,sampled_public_solver_examples=40;expected_total=268
task396,fcb5c309,13.126683504302262,143389.0,pass,11.873316495697738,true,external/arc_dsl/solvers.py,40,40,true,external/public_repos/NeurIPS-Code-Golf-2025/solutions/task396.py,,,,,,ONNX passes but cost too high,memory-first ONNX surgery,not_obvious,23.746633,sampled_public_solver_examples=40;expected_total=266
task397,fcc82909,15.045771805760689,21041.0,pass,9.954228194239311,true,external/arc_dsl/solvers.py,29,40,true,external/public_repos/NeurIPS-Code-Golf-2025/solutions/task397.py,,,,,,currently OK; no immediate recovery need,current ONNX,not_obvious,19.908456,arc-gen[3]:mismatch;arc-gen[5]:mismatch;arc-gen[21]:mismatch;sampled_public_solver_examples=40;expected_total=266
task398,feca6190,13.657922169750098,84295.0,pass,11.342077830249902,true,external/arc_dsl/solvers.py,33,40,true,external/public_repos/NeurIPS-Code-Golf-2025/solutions/task398.py,,,,,,ONNX passes but cost too high,memory-first ONNX surgery,not_obvious,22.684156,arc-gen[0]:mismatch;arc-gen[11]:mismatch;arc-gen[18]:mismatch;sampled_public_solver_examples=40;expected_total=268
task399,ff28f65a,17.48302277539568,1839.0,pass,7.516977224604322,true,external/arc_dsl/solvers.py,40,40,true,external/public_repos/NeurIPS-Code-Golf-2025/solutions/task399.py,,,,,,currently OK; no immediate recovery need,current ONNX,not_obvious,15.033954,sampled_public_solver_examples=40;expected_total=273
task400,ff805c23,14.532534757896764,35153.0,pass,10.467465242103236,true,external/arc_dsl/solvers.py,40,40,true,external/public_repos/NeurIPS-Code-Golf-2025/solutions/task400.py,,,,,,currently OK; no immediate recovery need,current ONNX,not_obvious,20.93493,sampled_public_solver_examples=40;expected_total=266
