source,task_id,onnx_path,container,sha256,size_bytes,extract_status
aliafzal9323__neurogolf-2026-tiny-onnx-solver,,,data/kaggle_code_single_task/outputs/aliafzal9323__neurogolf-2026-tiny-onnx-solver/submission.zip,,,zip_error:TypeError:unsupported operand type(s) for +: 'WindowsPath' and 'str'
jonathanchan__ngc26-constraint-smart-logic-mix-blending,,,data/kaggle_code_single_task/outputs/jonathanchan__ngc26-constraint-smart-logic-mix-blending/submission.zip,,,zip_error:TypeError:unsupported operand type(s) for +: 'WindowsPath' and 'str'
jonathanchan__ngc26-constraint-smart-logic-mix-blending,task000,data/kaggle_code_single_task/extracted_onnx/jonathanchan__ngc26-constraint-smart-logic-mix-blending/task000.onnx,data/kaggle_code_single_task/outputs/jonathanchan__ngc26-constraint-smart-logic-mix-blending/tmp_build/blend/task000.onnx,e3b1bdcfea9b34b45a39743a0d6f25560cd5958a70663f615a7b4c513f76c6e2,2404,direct
jonathanchan__ngc26-constraint-smart-logic-mix-blending,task001,data/kaggle_code_single_task/extracted_onnx/jonathanchan__ngc26-constraint-smart-logic-mix-blending/task001.onnx,data/kaggle_code_single_task/outputs/jonathanchan__ngc26-constraint-smart-logic-mix-blending/tmp_build/blend/task001.onnx,ffe6bc8b1bf3e6ec75dc2e92c52269d41453f6289b01a1eb2aa3e8992c178f4e,1049,direct
jonathanchan__ngc26-constraint-smart-logic-mix-blending,task002,data/kaggle_code_single_task/extracted_onnx/jonathanchan__ngc26-constraint-smart-logic-mix-blending/task002.onnx,data/kaggle_code_single_task/outputs/jonathanchan__ngc26-constraint-smart-logic-mix-blending/tmp_build/blend/task002.onnx,7d383afb96531ea0679a41689742fbd566f830712cfdd18b0520a7c29611c9ea,28687,direct
jonathanchan__ngc26-constraint-smart-logic-mix-blending,task003,data/kaggle_code_single_task/extracted_onnx/jonathanchan__ngc26-constraint-smart-logic-mix-blending/task003.onnx,data/kaggle_code_single_task/outputs/jonathanchan__ngc26-constraint-smart-logic-mix-blending/tmp_build/blend/task003.onnx,ef0f09f3020de660bef17613b7b8bcf4740f57e58f250e31d980f7a880633bed,4119,direct
jonathanchan__ngc26-constraint-smart-logic-mix-blending,task004,data/kaggle_code_single_task/extracted_onnx/jonathanchan__ngc26-constraint-smart-logic-mix-blending/task004.onnx,data/kaggle_code_single_task/outputs/jonathanchan__ngc26-constraint-smart-logic-mix-blending/tmp_build/blend/task004.onnx,b278f48508b2671ad6aac6089a3bd17fc264dc6a5e698fe11b9266a83e9e3c1a,2672,direct
jonathanchan__ngc26-constraint-smart-logic-mix-blending,task005,data/kaggle_code_single_task/extracted_onnx/jonathanchan__ngc26-constraint-smart-logic-mix-blending/task005.onnx,data/kaggle_code_single_task/outputs/jonathanchan__ngc26-constraint-smart-logic-mix-blending/tmp_build/blend/task005.onnx,1e5a397a033804490d49b859dcdf89abed719f7a654d197f705751a4c646680c,15449,direct
jonathanchan__ngc26-constraint-smart-logic-mix-blending,task006,data/kaggle_code_single_task/extracted_onnx/jonathanchan__ngc26-constraint-smart-logic-mix-blending/task006.onnx,data/kaggle_code_single_task/outputs/jonathanchan__ngc26-constraint-smart-logic-mix-blending/tmp_build/blend/task006.onnx,df495df5933717ee7b10818444bb4f8ce859bd7b005e543e805f643aade8260c,1350,direct
jonathanchan__ngc26-constraint-smart-logic-mix-blending,task007,data/kaggle_code_single_task/extracted_onnx/jonathanchan__ngc26-constraint-smart-logic-mix-blending/task007.onnx,data/kaggle_code_single_task/outputs/jonathanchan__ngc26-constraint-smart-logic-mix-blending/tmp_build/blend/task007.onnx,180253043f1e8a683f0174f68f816c6e082de988e1de2785b92f283b5187b44f,1272,direct
jonathanchan__ngc26-constraint-smart-logic-mix-blending,task008,data/kaggle_code_single_task/extracted_onnx/jonathanchan__ngc26-constraint-smart-logic-mix-blending/task008.onnx,data/kaggle_code_single_task/outputs/jonathanchan__ngc26-constraint-smart-logic-mix-blending/tmp_build/blend/task008.onnx,1b727efaffb8b86ec51d02f9be90368d6d5d96bb716dc9e573950f419498238c,109181,direct
jonathanchan__ngc26-constraint-smart-logic-mix-blending,task009,data/kaggle_code_single_task/extracted_onnx/jonathanchan__ngc26-constraint-smart-logic-mix-blending/task009.onnx,data/kaggle_code_single_task/outputs/jonathanchan__ngc26-constraint-smart-logic-mix-blending/tmp_build/blend/task009.onnx,89dcd2a3990559cf8dedc746d54743f130c660c64be7387480f21d7f3da65ecb,30710,direct
jonathanchan__ngc26-constraint-smart-logic-mix-blending,task010,data/kaggle_code_single_task/extracted_onnx/jonathanchan__ngc26-constraint-smart-logic-mix-blending/task010.onnx,data/kaggle_code_single_task/outputs/jonathanchan__ngc26-constraint-smart-logic-mix-blending/tmp_build/blend/task010.onnx,a5dd47c7b1bf11a5f9b073d7147d66749b67169969a9eb7befc020d4dc21116f,6061,direct
jonathanchan__ngc26-constraint-smart-logic-mix-blending,task011,data/kaggle_code_single_task/extracted_onnx/jonathanchan__ngc26-constraint-smart-logic-mix-blending/task011.onnx,data/kaggle_code_single_task/outputs/jonathanchan__ngc26-constraint-smart-logic-mix-blending/tmp_build/blend/task011.onnx,02738e0a9d07633b9e94f2a6894d0fb15d30662c1a910ec05767481ee6067237,10283,direct
jonathanchan__ngc26-constraint-smart-logic-mix-blending,task012,data/kaggle_code_single_task/extracted_onnx/jonathanchan__ngc26-constraint-smart-logic-mix-blending/task012.onnx,data/kaggle_code_single_task/outputs/jonathanchan__ngc26-constraint-smart-logic-mix-blending/tmp_build/blend/task012.onnx,2b06d60fd91d709f8698853a3d24aecfc975b49366bf6f53e978bc439b912912,1516,direct
jonathanchan__ngc26-constraint-smart-logic-mix-blending,task013,data/kaggle_code_single_task/extracted_onnx/jonathanchan__ngc26-constraint-smart-logic-mix-blending/task013.onnx,data/kaggle_code_single_task/outputs/jonathanchan__ngc26-constraint-smart-logic-mix-blending/tmp_build/blend/task013.onnx,5c1c83ac40b9ef822e94cec836562b71a9991272e75bb7fab8aea9b0f60ac988,22727,direct
jonathanchan__ngc26-constraint-smart-logic-mix-blending,task014,data/kaggle_code_single_task/extracted_onnx/jonathanchan__ngc26-constraint-smart-logic-mix-blending/task014.onnx,data/kaggle_code_single_task/outputs/jonathanchan__ngc26-constraint-smart-logic-mix-blending/tmp_build/blend/task014.onnx,8dcff75a795bbdb7fdea2215852efe196e7ae1f56140d50fb72c35e47de2b37b,3676,direct
jonathanchan__ngc26-constraint-smart-logic-mix-blending,task015,data/kaggle_code_single_task/extracted_onnx/jonathanchan__ngc26-constraint-smart-logic-mix-blending/task015.onnx,data/kaggle_code_single_task/outputs/jonathanchan__ngc26-constraint-smart-logic-mix-blending/tmp_build/blend/task015.onnx,5298875cb87fee542792b88d56d2688ca1d99744ca73d68a5b42fd3c48f2b511,3834,direct
jonathanchan__ngc26-constraint-smart-logic-mix-blending,task016,data/kaggle_code_single_task/extracted_onnx/jonathanchan__ngc26-constraint-smart-logic-mix-blending/task016.onnx,data/kaggle_code_single_task/outputs/jonathanchan__ngc26-constraint-smart-logic-mix-blending/tmp_build/blend/task016.onnx,fb83a8e988f586009bf17279b7aedb194e3492a8e6f357be6d5e9ed903615733,158,direct
jonathanchan__ngc26-constraint-smart-logic-mix-blending,task017,data/kaggle_code_single_task/extracted_onnx/jonathanchan__ngc26-constraint-smart-logic-mix-blending/task017.onnx,data/kaggle_code_single_task/outputs/jonathanchan__ngc26-constraint-smart-logic-mix-blending/tmp_build/blend/task017.onnx,2b541064f3247a97c81450ff37aba93b2b20d698d809944b96b3b71abbc61e5d,10614,direct
jonathanchan__ngc26-constraint-smart-logic-mix-blending,task018,data/kaggle_code_single_task/extracted_onnx/jonathanchan__ngc26-constraint-smart-logic-mix-blending/task018.onnx,data/kaggle_code_single_task/outputs/jonathanchan__ngc26-constraint-smart-logic-mix-blending/tmp_build/blend/task018.onnx,64808870a76b7223f8b7fcc999c0e407c9f458c537ad3a6666389444608c867d,49368,direct
jonathanchan__ngc26-constraint-smart-logic-mix-blending,task019,data/kaggle_code_single_task/extracted_onnx/jonathanchan__ngc26-constraint-smart-logic-mix-blending/task019.onnx,data/kaggle_code_single_task/outputs/jonathanchan__ngc26-constraint-smart-logic-mix-blending/tmp_build/blend/task019.onnx,9f3a2cdd58314196489cd1f2f1780ab916af1f4173975983b8e413e222d1b10b,4030,direct
jonathanchan__ngc26-constraint-smart-logic-mix-blending,task020,data/kaggle_code_single_task/extracted_onnx/jonathanchan__ngc26-constraint-smart-logic-mix-blending/task020.onnx,data/kaggle_code_single_task/outputs/jonathanchan__ngc26-constraint-smart-logic-mix-blending/tmp_build/blend/task020.onnx,58711cc5614c3f7311c14e4063e1bbbe18abee07b2a521df4f503c8514712432,14783,direct
jonathanchan__ngc26-constraint-smart-logic-mix-blending,task021,data/kaggle_code_single_task/extracted_onnx/jonathanchan__ngc26-constraint-smart-logic-mix-blending/task021.onnx,data/kaggle_code_single_task/outputs/jonathanchan__ngc26-constraint-smart-logic-mix-blending/tmp_build/blend/task021.onnx,2bbb09d35103ef6bf1895fdfe96bc21eb8fa7b007b0d566f725ec6e80403f02f,29463,direct
jonathanchan__ngc26-constraint-smart-logic-mix-blending,task022,data/kaggle_code_single_task/extracted_onnx/jonathanchan__ngc26-constraint-smart-logic-mix-blending/task022.onnx,data/kaggle_code_single_task/outputs/jonathanchan__ngc26-constraint-smart-logic-mix-blending/tmp_build/blend/task022.onnx,86ed2f9590f5c377c59a6b1b311d6a8b5cbca93794095fbe57a339149fdca7e4,45108,direct
jonathanchan__ngc26-constraint-smart-logic-mix-blending,task023,data/kaggle_code_single_task/extracted_onnx/jonathanchan__ngc26-constraint-smart-logic-mix-blending/task023.onnx,data/kaggle_code_single_task/outputs/jonathanchan__ngc26-constraint-smart-logic-mix-blending/tmp_build/blend/task023.onnx,a1bee796124fe076749eedf5b868a09397d4c89815da9bb6866ea225d62f678e,2838,direct
jonathanchan__ngc26-constraint-smart-logic-mix-blending,task024,data/kaggle_code_single_task/extracted_onnx/jonathanchan__ngc26-constraint-smart-logic-mix-blending/task024.onnx,data/kaggle_code_single_task/outputs/jonathanchan__ngc26-constraint-smart-logic-mix-blending/tmp_build/blend/task024.onnx,22052d16dac9de6c9e8c4c12a415c3364b437b3c60e55155a930fb97e8da5360,2232,direct
jonathanchan__ngc26-constraint-smart-logic-mix-blending,task025,data/kaggle_code_single_task/extracted_onnx/jonathanchan__ngc26-constraint-smart-logic-mix-blending/task025.onnx,data/kaggle_code_single_task/outputs/jonathanchan__ngc26-constraint-smart-logic-mix-blending/tmp_build/blend/task025.onnx,a0779740048817fb85b6ea49662a2e833055b21b3c01ef2fd208453ec74dfadc,61508,direct
jonathanchan__ngc26-constraint-smart-logic-mix-blending,task026,data/kaggle_code_single_task/extracted_onnx/jonathanchan__ngc26-constraint-smart-logic-mix-blending/task026.onnx,data/kaggle_code_single_task/outputs/jonathanchan__ngc26-constraint-smart-logic-mix-blending/tmp_build/blend/task026.onnx,f0076eada195b9fecaae2df277ed6b92e720afcf73bc8ec95617f016ccd315bd,1613,direct
jonathanchan__ngc26-constraint-smart-logic-mix-blending,task027,data/kaggle_code_single_task/extracted_onnx/jonathanchan__ngc26-constraint-smart-logic-mix-blending/task027.onnx,data/kaggle_code_single_task/outputs/jonathanchan__ngc26-constraint-smart-logic-mix-blending/tmp_build/blend/task027.onnx,bb1889e616967efa88c1ebd85c814cec77403015052951b34ba3aaaa8506a725,31128,direct
jonathanchan__ngc26-constraint-smart-logic-mix-blending,task028,data/kaggle_code_single_task/extracted_onnx/jonathanchan__ngc26-constraint-smart-logic-mix-blending/task028.onnx,data/kaggle_code_single_task/outputs/jonathanchan__ngc26-constraint-smart-logic-mix-blending/tmp_build/blend/task028.onnx,92114b35d2a986133f253a067636dc701aa8b43eeaff05a202086d8792dff4f2,2587,direct
jonathanchan__ngc26-constraint-smart-logic-mix-blending,task029,data/kaggle_code_single_task/extracted_onnx/jonathanchan__ngc26-constraint-smart-logic-mix-blending/task029.onnx,data/kaggle_code_single_task/outputs/jonathanchan__ngc26-constraint-smart-logic-mix-blending/tmp_build/blend/task029.onnx,8f0c83287b0d7a1c3531f35c46fc109e2fa0ee03519eba7821f3aa427dffb9ff,12396,direct
jonathanchan__ngc26-constraint-smart-logic-mix-blending,task030,data/kaggle_code_single_task/extracted_onnx/jonathanchan__ngc26-constraint-smart-logic-mix-blending/task030.onnx,data/kaggle_code_single_task/outputs/jonathanchan__ngc26-constraint-smart-logic-mix-blending/tmp_build/blend/task030.onnx,6441058699e1e784e2f23701a1f9778635425df7ae25f08cd9ec121c6b55e54d,9573,direct
jonathanchan__ngc26-constraint-smart-logic-mix-blending,task031,data/kaggle_code_single_task/extracted_onnx/jonathanchan__ngc26-constraint-smart-logic-mix-blending/task031.onnx,data/kaggle_code_single_task/outputs/jonathanchan__ngc26-constraint-smart-logic-mix-blending/tmp_build/blend/task031.onnx,426f304a614652d55a6654099512ddec3ee6ea2b2de65a3ef1b763f842af7cc8,2899,direct
jonathanchan__ngc26-constraint-smart-logic-mix-blending,task032,data/kaggle_code_single_task/extracted_onnx/jonathanchan__ngc26-constraint-smart-logic-mix-blending/task032.onnx,data/kaggle_code_single_task/outputs/jonathanchan__ngc26-constraint-smart-logic-mix-blending/tmp_build/blend/task032.onnx,7136b0ebf177a865135a24d9b3dd74faed9d385a19eecacb2bc78a52c18fdc3a,1662,direct
jonathanchan__ngc26-constraint-smart-logic-mix-blending,task033,data/kaggle_code_single_task/extracted_onnx/jonathanchan__ngc26-constraint-smart-logic-mix-blending/task033.onnx,data/kaggle_code_single_task/outputs/jonathanchan__ngc26-constraint-smart-logic-mix-blending/tmp_build/blend/task033.onnx,3cb1cc2cde668822646661ef3d5cd0708320ef780c07859f20a6ab048328354b,1311,direct
jonathanchan__ngc26-constraint-smart-logic-mix-blending,task034,data/kaggle_code_single_task/extracted_onnx/jonathanchan__ngc26-constraint-smart-logic-mix-blending/task034.onnx,data/kaggle_code_single_task/outputs/jonathanchan__ngc26-constraint-smart-logic-mix-blending/tmp_build/blend/task034.onnx,4b6a00bc8e6cbb35de0a88c7b7a38fd5a84a6853d072e2a0b14155fb01d06360,13710,direct
jonathanchan__ngc26-constraint-smart-logic-mix-blending,task035,data/kaggle_code_single_task/extracted_onnx/jonathanchan__ngc26-constraint-smart-logic-mix-blending/task035.onnx,data/kaggle_code_single_task/outputs/jonathanchan__ngc26-constraint-smart-logic-mix-blending/tmp_build/blend/task035.onnx,b89dac7e22236a4141126a9d09aa948bb11c5e1584331818dddab2567d4e107c,9397,direct
jonathanchan__ngc26-constraint-smart-logic-mix-blending,task036,data/kaggle_code_single_task/extracted_onnx/jonathanchan__ngc26-constraint-smart-logic-mix-blending/task036.onnx,data/kaggle_code_single_task/outputs/jonathanchan__ngc26-constraint-smart-logic-mix-blending/tmp_build/blend/task036.onnx,73c1f61cf94442d15ebed269cf27dbbf6170da32a324e9e6eb8d8683e724d69a,5765,direct
jonathanchan__ngc26-constraint-smart-logic-mix-blending,task037,data/kaggle_code_single_task/extracted_onnx/jonathanchan__ngc26-constraint-smart-logic-mix-blending/task037.onnx,data/kaggle_code_single_task/outputs/jonathanchan__ngc26-constraint-smart-logic-mix-blending/tmp_build/blend/task037.onnx,eb6b6882690d864c49b729611d83c91a528ea8eb3ca59f83beb5c2438e6553c5,10137,direct
jonathanchan__ngc26-constraint-smart-logic-mix-blending,task038,data/kaggle_code_single_task/extracted_onnx/jonathanchan__ngc26-constraint-smart-logic-mix-blending/task038.onnx,data/kaggle_code_single_task/outputs/jonathanchan__ngc26-constraint-smart-logic-mix-blending/tmp_build/blend/task038.onnx,6b37b92ae8e61c639cc632461d5bf23ebf80a1cbc81dd1df2b96146777e85804,1812,direct
jonathanchan__ngc26-constraint-smart-logic-mix-blending,task039,data/kaggle_code_single_task/extracted_onnx/jonathanchan__ngc26-constraint-smart-logic-mix-blending/task039.onnx,data/kaggle_code_single_task/outputs/jonathanchan__ngc26-constraint-smart-logic-mix-blending/tmp_build/blend/task039.onnx,bd23fe9a19b14e7747ead4ad7e50aab250e98016c5f51c7e22a4154906f07a0c,1675,direct
jonathanchan__ngc26-constraint-smart-logic-mix-blending,task040,data/kaggle_code_single_task/extracted_onnx/jonathanchan__ngc26-constraint-smart-logic-mix-blending/task040.onnx,data/kaggle_code_single_task/outputs/jonathanchan__ngc26-constraint-smart-logic-mix-blending/tmp_build/blend/task040.onnx,41a1af8deec9385f65c3be99ecc3828d457b910f27d038fdb6d4e0713653b338,4750,direct
jonathanchan__ngc26-constraint-smart-logic-mix-blending,task041,data/kaggle_code_single_task/extracted_onnx/jonathanchan__ngc26-constraint-smart-logic-mix-blending/task041.onnx,data/kaggle_code_single_task/outputs/jonathanchan__ngc26-constraint-smart-logic-mix-blending/tmp_build/blend/task041.onnx,c8936aedbfff5d9fafa85c13ec648e01d71add20345341c0a356e5a9d0185df9,1313,direct
jonathanchan__ngc26-constraint-smart-logic-mix-blending,task042,data/kaggle_code_single_task/extracted_onnx/jonathanchan__ngc26-constraint-smart-logic-mix-blending/task042.onnx,data/kaggle_code_single_task/outputs/jonathanchan__ngc26-constraint-smart-logic-mix-blending/tmp_build/blend/task042.onnx,d9d3f8d9557e32d63a3eda53dec371d4c58b3423da801b1b54637d9b6ef65157,9477,direct
jonathanchan__ngc26-constraint-smart-logic-mix-blending,task043,data/kaggle_code_single_task/extracted_onnx/jonathanchan__ngc26-constraint-smart-logic-mix-blending/task043.onnx,data/kaggle_code_single_task/outputs/jonathanchan__ngc26-constraint-smart-logic-mix-blending/tmp_build/blend/task043.onnx,6f4912ba357a701bb9a3354d70f8911d9b0d6aac68fe3b052c31e4b98023dc41,1628,direct
jonathanchan__ngc26-constraint-smart-logic-mix-blending,task044,data/kaggle_code_single_task/extracted_onnx/jonathanchan__ngc26-constraint-smart-logic-mix-blending/task044.onnx,data/kaggle_code_single_task/outputs/jonathanchan__ngc26-constraint-smart-logic-mix-blending/tmp_build/blend/task044.onnx,da7318b53306d1c308e01087954b8773f452fb07baf5cecf8488ca21b6b4dc11,25359,direct
jonathanchan__ngc26-constraint-smart-logic-mix-blending,task045,data/kaggle_code_single_task/extracted_onnx/jonathanchan__ngc26-constraint-smart-logic-mix-blending/task045.onnx,data/kaggle_code_single_task/outputs/jonathanchan__ngc26-constraint-smart-logic-mix-blending/tmp_build/blend/task045.onnx,9f1719c7516f3fbea49baf34a49b6c8ffe5d42f49cc7aa13237574499286df5a,932,direct
jonathanchan__ngc26-constraint-smart-logic-mix-blending,task046,data/kaggle_code_single_task/extracted_onnx/jonathanchan__ngc26-constraint-smart-logic-mix-blending/task046.onnx,data/kaggle_code_single_task/outputs/jonathanchan__ngc26-constraint-smart-logic-mix-blending/tmp_build/blend/task046.onnx,f156b1573878d7a6680e2d4b29b1b42a41c7763c23fc86894d3b7a08f015d150,8947,direct
jonathanchan__ngc26-constraint-smart-logic-mix-blending,task047,data/kaggle_code_single_task/extracted_onnx/jonathanchan__ngc26-constraint-smart-logic-mix-blending/task047.onnx,data/kaggle_code_single_task/outputs/jonathanchan__ngc26-constraint-smart-logic-mix-blending/tmp_build/blend/task047.onnx,3b50a81c3aebc6fe67cd16e40f0fef8ace7e7b48347c986b718a31e4348fd435,2241,direct
jonathanchan__ngc26-constraint-smart-logic-mix-blending,task048,data/kaggle_code_single_task/extracted_onnx/jonathanchan__ngc26-constraint-smart-logic-mix-blending/task048.onnx,data/kaggle_code_single_task/outputs/jonathanchan__ngc26-constraint-smart-logic-mix-blending/tmp_build/blend/task048.onnx,5776d1271d480d979454d9d3e80aba5ad41060304cdc1d2731f170987e96912f,5977,direct
jonathanchan__ngc26-constraint-smart-logic-mix-blending,task049,data/kaggle_code_single_task/extracted_onnx/jonathanchan__ngc26-constraint-smart-logic-mix-blending/task049.onnx,data/kaggle_code_single_task/outputs/jonathanchan__ngc26-constraint-smart-logic-mix-blending/tmp_build/blend/task049.onnx,8e964caa5a6c951b7b61bf23b7e2cbb1f126b7b1696ae66470b646daf4ce67fd,2631,direct
jonathanchan__ngc26-constraint-smart-logic-mix-blending,task050,data/kaggle_code_single_task/extracted_onnx/jonathanchan__ngc26-constraint-smart-logic-mix-blending/task050.onnx,data/kaggle_code_single_task/outputs/jonathanchan__ngc26-constraint-smart-logic-mix-blending/tmp_build/blend/task050.onnx,81a8802fc80cc2fbc8ec120311306bb355ce997c2bd901eca780e638a42914d2,1852,direct
jonathanchan__ngc26-constraint-smart-logic-mix-blending,task051,data/kaggle_code_single_task/extracted_onnx/jonathanchan__ngc26-constraint-smart-logic-mix-blending/task051.onnx,data/kaggle_code_single_task/outputs/jonathanchan__ngc26-constraint-smart-logic-mix-blending/tmp_build/blend/task051.onnx,33b4a2da860296c1df7592b89b618c0991f58e7922f8b1f0f680a2e5d640a90e,8540,direct
jonathanchan__ngc26-constraint-smart-logic-mix-blending,task052,data/kaggle_code_single_task/extracted_onnx/jonathanchan__ngc26-constraint-smart-logic-mix-blending/task052.onnx,data/kaggle_code_single_task/outputs/jonathanchan__ngc26-constraint-smart-logic-mix-blending/tmp_build/blend/task052.onnx,d677b832e4ea089b2811c4f05eac0e564384e3e59be7921ecfd6836caf3b7bbc,959,direct
jonathanchan__ngc26-constraint-smart-logic-mix-blending,task053,data/kaggle_code_single_task/extracted_onnx/jonathanchan__ngc26-constraint-smart-logic-mix-blending/task053.onnx,data/kaggle_code_single_task/outputs/jonathanchan__ngc26-constraint-smart-logic-mix-blending/tmp_build/blend/task053.onnx,fbe183eff0657de9d1fc60b1b62780e11bc125c1b40dd7c264f98efca85d8749,183,direct
jonathanchan__ngc26-constraint-smart-logic-mix-blending,task054,data/kaggle_code_single_task/extracted_onnx/jonathanchan__ngc26-constraint-smart-logic-mix-blending/task054.onnx,data/kaggle_code_single_task/outputs/jonathanchan__ngc26-constraint-smart-logic-mix-blending/tmp_build/blend/task054.onnx,792476daea17ee9b5bd55d84f129e9502dacf9fcb9530715703dafdcccd1e79a,8955,direct
jonathanchan__ngc26-constraint-smart-logic-mix-blending,task055,data/kaggle_code_single_task/extracted_onnx/jonathanchan__ngc26-constraint-smart-logic-mix-blending/task055.onnx,data/kaggle_code_single_task/outputs/jonathanchan__ngc26-constraint-smart-logic-mix-blending/tmp_build/blend/task055.onnx,d1db66147c9391e00e3dbe267579a44bedbc796375c4f1139d813d5e72597cbc,20952,direct
jonathanchan__ngc26-constraint-smart-logic-mix-blending,task056,data/kaggle_code_single_task/extracted_onnx/jonathanchan__ngc26-constraint-smart-logic-mix-blending/task056.onnx,data/kaggle_code_single_task/outputs/jonathanchan__ngc26-constraint-smart-logic-mix-blending/tmp_build/blend/task056.onnx,0388042d5f344f620ccc4376963538e54adba3858fef8a7da9b6a8206d546553,1471,direct
jonathanchan__ngc26-constraint-smart-logic-mix-blending,task057,data/kaggle_code_single_task/extracted_onnx/jonathanchan__ngc26-constraint-smart-logic-mix-blending/task057.onnx,data/kaggle_code_single_task/outputs/jonathanchan__ngc26-constraint-smart-logic-mix-blending/tmp_build/blend/task057.onnx,f03fc78b4f825bfd4f23801ad974dff1c87bcc0fa85f387dce20f2ae383e1e49,1453,direct
jonathanchan__ngc26-constraint-smart-logic-mix-blending,task058,data/kaggle_code_single_task/extracted_onnx/jonathanchan__ngc26-constraint-smart-logic-mix-blending/task058.onnx,data/kaggle_code_single_task/outputs/jonathanchan__ngc26-constraint-smart-logic-mix-blending/tmp_build/blend/task058.onnx,42fd97126f427d5bd1dbf08efe99d64f452198693b4e702c14d937e008fcda88,61862,direct
jonathanchan__ngc26-constraint-smart-logic-mix-blending,task059,data/kaggle_code_single_task/extracted_onnx/jonathanchan__ngc26-constraint-smart-logic-mix-blending/task059.onnx,data/kaggle_code_single_task/outputs/jonathanchan__ngc26-constraint-smart-logic-mix-blending/tmp_build/blend/task059.onnx,42f195ecea695805161a045ba9c563b5c3cbe83856eaaad3514c37ef7f1be62c,12046,direct
jonathanchan__ngc26-constraint-smart-logic-mix-blending,task060,data/kaggle_code_single_task/extracted_onnx/jonathanchan__ngc26-constraint-smart-logic-mix-blending/task060.onnx,data/kaggle_code_single_task/outputs/jonathanchan__ngc26-constraint-smart-logic-mix-blending/tmp_build/blend/task060.onnx,4bda1d762aca2acd7db6204b3dbc87458c37b7ed64a750eeadfc0a8283801025,2234,direct
jonathanchan__ngc26-constraint-smart-logic-mix-blending,task061,data/kaggle_code_single_task/extracted_onnx/jonathanchan__ngc26-constraint-smart-logic-mix-blending/task061.onnx,data/kaggle_code_single_task/outputs/jonathanchan__ngc26-constraint-smart-logic-mix-blending/tmp_build/blend/task061.onnx,63e97dbd4379f854f5c705378caaa81e70bc90a67ba8829f9fea1d5b126825cd,16988,direct
jonathanchan__ngc26-constraint-smart-logic-mix-blending,task062,data/kaggle_code_single_task/extracted_onnx/jonathanchan__ngc26-constraint-smart-logic-mix-blending/task062.onnx,data/kaggle_code_single_task/outputs/jonathanchan__ngc26-constraint-smart-logic-mix-blending/tmp_build/blend/task062.onnx,49ddfb59c42468236393b80426487a71f1a2b54b5030b69d9e3564da8bd791cb,14313,direct
jonathanchan__ngc26-constraint-smart-logic-mix-blending,task063,data/kaggle_code_single_task/extracted_onnx/jonathanchan__ngc26-constraint-smart-logic-mix-blending/task063.onnx,data/kaggle_code_single_task/outputs/jonathanchan__ngc26-constraint-smart-logic-mix-blending/tmp_build/blend/task063.onnx,123552e51923e19a4389ec717edd29361641fd8a46c5e0de597cead76fb5350c,2387,direct
jonathanchan__ngc26-constraint-smart-logic-mix-blending,task064,data/kaggle_code_single_task/extracted_onnx/jonathanchan__ngc26-constraint-smart-logic-mix-blending/task064.onnx,data/kaggle_code_single_task/outputs/jonathanchan__ngc26-constraint-smart-logic-mix-blending/tmp_build/blend/task064.onnx,e1d75c039b5b20eaf258920a48c995898be0e0bfd8294770938d399d5c0fa85d,4579,direct
jonathanchan__ngc26-constraint-smart-logic-mix-blending,task065,data/kaggle_code_single_task/extracted_onnx/jonathanchan__ngc26-constraint-smart-logic-mix-blending/task065.onnx,data/kaggle_code_single_task/outputs/jonathanchan__ngc26-constraint-smart-logic-mix-blending/tmp_build/blend/task065.onnx,d1f4ba61ceeb5bfca9fadfb7a3f384108ea25e38c5ab12ad3eabded2402a2bde,1944,direct
jonathanchan__ngc26-constraint-smart-logic-mix-blending,task066,data/kaggle_code_single_task/extracted_onnx/jonathanchan__ngc26-constraint-smart-logic-mix-blending/task066.onnx,data/kaggle_code_single_task/outputs/jonathanchan__ngc26-constraint-smart-logic-mix-blending/tmp_build/blend/task066.onnx,5ae18186ef02bcdf01966b3a1ee88c292cf6fc034bd01e1efdfed2ea94acc5ac,22387,direct
jonathanchan__ngc26-constraint-smart-logic-mix-blending,task067,data/kaggle_code_single_task/extracted_onnx/jonathanchan__ngc26-constraint-smart-logic-mix-blending/task067.onnx,data/kaggle_code_single_task/outputs/jonathanchan__ngc26-constraint-smart-logic-mix-blending/tmp_build/blend/task067.onnx,1f47fee4be9b440e6c41ad184e9bf58a3b5bf3b5eee21db910460def0f2f5c99,630,direct
jonathanchan__ngc26-constraint-smart-logic-mix-blending,task068,data/kaggle_code_single_task/extracted_onnx/jonathanchan__ngc26-constraint-smart-logic-mix-blending/task068.onnx,data/kaggle_code_single_task/outputs/jonathanchan__ngc26-constraint-smart-logic-mix-blending/tmp_build/blend/task068.onnx,69488394416bdbd0ee6b6bb685ec0a4e825ab44766923200765b3d7960ba1c91,1520,direct
jonathanchan__ngc26-constraint-smart-logic-mix-blending,task069,data/kaggle_code_single_task/extracted_onnx/jonathanchan__ngc26-constraint-smart-logic-mix-blending/task069.onnx,data/kaggle_code_single_task/outputs/jonathanchan__ngc26-constraint-smart-logic-mix-blending/tmp_build/blend/task069.onnx,4add50105f5336e0dc29d1f237728faea2528242ccd732edaff1964caf31b513,36370,direct
jonathanchan__ngc26-constraint-smart-logic-mix-blending,task070,data/kaggle_code_single_task/extracted_onnx/jonathanchan__ngc26-constraint-smart-logic-mix-blending/task070.onnx,data/kaggle_code_single_task/outputs/jonathanchan__ngc26-constraint-smart-logic-mix-blending/tmp_build/blend/task070.onnx,fa111639fd4004e2cf322a67eebb09610adcbb35ced3aec5bae33afe771f9728,6690,direct
jonathanchan__ngc26-constraint-smart-logic-mix-blending,task071,data/kaggle_code_single_task/extracted_onnx/jonathanchan__ngc26-constraint-smart-logic-mix-blending/task071.onnx,data/kaggle_code_single_task/outputs/jonathanchan__ngc26-constraint-smart-logic-mix-blending/tmp_build/blend/task071.onnx,22300922de4c1b49025fbd1e4a7d4c29900a2d54f3f283576a68a5528561ba57,11961,direct
jonathanchan__ngc26-constraint-smart-logic-mix-blending,task072,data/kaggle_code_single_task/extracted_onnx/jonathanchan__ngc26-constraint-smart-logic-mix-blending/task072.onnx,data/kaggle_code_single_task/outputs/jonathanchan__ngc26-constraint-smart-logic-mix-blending/tmp_build/blend/task072.onnx,188545c2133e8f311a556d754e465f755bfe94c8c5afb0495df211beb64cec49,1625,direct
jonathanchan__ngc26-constraint-smart-logic-mix-blending,task073,data/kaggle_code_single_task/extracted_onnx/jonathanchan__ngc26-constraint-smart-logic-mix-blending/task073.onnx,data/kaggle_code_single_task/outputs/jonathanchan__ngc26-constraint-smart-logic-mix-blending/tmp_build/blend/task073.onnx,5acbcada9ec515fac9252266f3ac86918a1f12459bb189527db45cc214857333,1388,direct
jonathanchan__ngc26-constraint-smart-logic-mix-blending,task074,data/kaggle_code_single_task/extracted_onnx/jonathanchan__ngc26-constraint-smart-logic-mix-blending/task074.onnx,data/kaggle_code_single_task/outputs/jonathanchan__ngc26-constraint-smart-logic-mix-blending/tmp_build/blend/task074.onnx,8a54887a5f8d8edf8e2e16e03d46839cbd53db1317f8b833ff66b1f8916e2a4c,2235,direct
jonathanchan__ngc26-constraint-smart-logic-mix-blending,task075,data/kaggle_code_single_task/extracted_onnx/jonathanchan__ngc26-constraint-smart-logic-mix-blending/task075.onnx,data/kaggle_code_single_task/outputs/jonathanchan__ngc26-constraint-smart-logic-mix-blending/tmp_build/blend/task075.onnx,cd07080fdb36fb2a17b091b1f1e71da22d510641968a31a9bdce41d3f90bdeb3,7717,direct
jonathanchan__ngc26-constraint-smart-logic-mix-blending,task076,data/kaggle_code_single_task/extracted_onnx/jonathanchan__ngc26-constraint-smart-logic-mix-blending/task076.onnx,data/kaggle_code_single_task/outputs/jonathanchan__ngc26-constraint-smart-logic-mix-blending/tmp_build/blend/task076.onnx,20d040e1d96ac2cf57ede57ea3039eb97263e3618f576a0b1481882893fa0403,21727,direct
jonathanchan__ngc26-constraint-smart-logic-mix-blending,task077,data/kaggle_code_single_task/extracted_onnx/jonathanchan__ngc26-constraint-smart-logic-mix-blending/task077.onnx,data/kaggle_code_single_task/outputs/jonathanchan__ngc26-constraint-smart-logic-mix-blending/tmp_build/blend/task077.onnx,626345155c57ca19d12e7f4c3865aadb883dc1b65afc42fa7339e596c408f8c1,11633,direct
jonathanchan__ngc26-constraint-smart-logic-mix-blending,task078,data/kaggle_code_single_task/extracted_onnx/jonathanchan__ngc26-constraint-smart-logic-mix-blending/task078.onnx,data/kaggle_code_single_task/outputs/jonathanchan__ngc26-constraint-smart-logic-mix-blending/tmp_build/blend/task078.onnx,e96c3682397c655476be57d0a6fddd23efc6bdfd0b09d7185c10580291bd5a66,2575,direct
jonathanchan__ngc26-constraint-smart-logic-mix-blending,task079,data/kaggle_code_single_task/extracted_onnx/jonathanchan__ngc26-constraint-smart-logic-mix-blending/task079.onnx,data/kaggle_code_single_task/outputs/jonathanchan__ngc26-constraint-smart-logic-mix-blending/tmp_build/blend/task079.onnx,e24a4910b1d60ddeb39879d2c3f2229c2e6e4842e6fd677037e19fb1f888bb7f,2165,direct
jonathanchan__ngc26-constraint-smart-logic-mix-blending,task080,data/kaggle_code_single_task/extracted_onnx/jonathanchan__ngc26-constraint-smart-logic-mix-blending/task080.onnx,data/kaggle_code_single_task/outputs/jonathanchan__ngc26-constraint-smart-logic-mix-blending/tmp_build/blend/task080.onnx,51e56a46f7ac69e0d63c9dba98ba5ae787a250d377d5b2b05477ca1a2e9982a8,20621,direct
jonathanchan__ngc26-constraint-smart-logic-mix-blending,task081,data/kaggle_code_single_task/extracted_onnx/jonathanchan__ngc26-constraint-smart-logic-mix-blending/task081.onnx,data/kaggle_code_single_task/outputs/jonathanchan__ngc26-constraint-smart-logic-mix-blending/tmp_build/blend/task081.onnx,0d1de38effabb686b5d0facd63cf32892ffe7c39497aaaa015789a994ec92562,3537,direct
jonathanchan__ngc26-constraint-smart-logic-mix-blending,task082,data/kaggle_code_single_task/extracted_onnx/jonathanchan__ngc26-constraint-smart-logic-mix-blending/task082.onnx,data/kaggle_code_single_task/outputs/jonathanchan__ngc26-constraint-smart-logic-mix-blending/tmp_build/blend/task082.onnx,36eee5cdd1f7cebeea9a938f6be94f69da9cc4b0e029007ea1e480f91e269745,2240,direct
jonathanchan__ngc26-constraint-smart-logic-mix-blending,task083,data/kaggle_code_single_task/extracted_onnx/jonathanchan__ngc26-constraint-smart-logic-mix-blending/task083.onnx,data/kaggle_code_single_task/outputs/jonathanchan__ngc26-constraint-smart-logic-mix-blending/tmp_build/blend/task083.onnx,3526144719574eafa02b2d1fa33a4be836ec96c267520ddd982697e447b8bc98,7454,direct
jonathanchan__ngc26-constraint-smart-logic-mix-blending,task084,data/kaggle_code_single_task/extracted_onnx/jonathanchan__ngc26-constraint-smart-logic-mix-blending/task084.onnx,data/kaggle_code_single_task/outputs/jonathanchan__ngc26-constraint-smart-logic-mix-blending/tmp_build/blend/task084.onnx,5bd28bac4f427d16b03dfcb9d4ae68237ccb4bb720b534e0e14b2768658ee6a0,2820,direct
jonathanchan__ngc26-constraint-smart-logic-mix-blending,task085,data/kaggle_code_single_task/extracted_onnx/jonathanchan__ngc26-constraint-smart-logic-mix-blending/task085.onnx,data/kaggle_code_single_task/outputs/jonathanchan__ngc26-constraint-smart-logic-mix-blending/tmp_build/blend/task085.onnx,7b8b8df6457da13e2fd8b1313b05f7422a4cf4e4e8d7d2c5cf839bfb2b36c8ab,2013,direct
jonathanchan__ngc26-constraint-smart-logic-mix-blending,task086,data/kaggle_code_single_task/extracted_onnx/jonathanchan__ngc26-constraint-smart-logic-mix-blending/task086.onnx,data/kaggle_code_single_task/outputs/jonathanchan__ngc26-constraint-smart-logic-mix-blending/tmp_build/blend/task086.onnx,d9a33fab1d482f5b0451b6fa13d872298412f5b785777946ecab5e2b39a11b0e,3399,direct
jonathanchan__ngc26-constraint-smart-logic-mix-blending,task087,data/kaggle_code_single_task/extracted_onnx/jonathanchan__ngc26-constraint-smart-logic-mix-blending/task087.onnx,data/kaggle_code_single_task/outputs/jonathanchan__ngc26-constraint-smart-logic-mix-blending/tmp_build/blend/task087.onnx,31188f67a76911d1396cae7cc4c7da295c630003a2173784cce70d1c97976fb8,443,direct
jonathanchan__ngc26-constraint-smart-logic-mix-blending,task088,data/kaggle_code_single_task/extracted_onnx/jonathanchan__ngc26-constraint-smart-logic-mix-blending/task088.onnx,data/kaggle_code_single_task/outputs/jonathanchan__ngc26-constraint-smart-logic-mix-blending/tmp_build/blend/task088.onnx,c74797473ae1f109fcd527104b7e631cd8ffafca6a87f69d6524c39c2d420bb8,12966,direct
jonathanchan__ngc26-constraint-smart-logic-mix-blending,task089,data/kaggle_code_single_task/extracted_onnx/jonathanchan__ngc26-constraint-smart-logic-mix-blending/task089.onnx,data/kaggle_code_single_task/outputs/jonathanchan__ngc26-constraint-smart-logic-mix-blending/tmp_build/blend/task089.onnx,2aa100d933dc0416d299588012809b6b4dc925844e708167ec77901f7d0adcd1,214991,direct
jonathanchan__ngc26-constraint-smart-logic-mix-blending,task090,data/kaggle_code_single_task/extracted_onnx/jonathanchan__ngc26-constraint-smart-logic-mix-blending/task090.onnx,data/kaggle_code_single_task/outputs/jonathanchan__ngc26-constraint-smart-logic-mix-blending/tmp_build/blend/task090.onnx,c222b63862479f5876ea1788fc2ee7b52dd6d1a9015dbb6acc24c026c951040d,19479,direct
jonathanchan__ngc26-constraint-smart-logic-mix-blending,task091,data/kaggle_code_single_task/extracted_onnx/jonathanchan__ngc26-constraint-smart-logic-mix-blending/task091.onnx,data/kaggle_code_single_task/outputs/jonathanchan__ngc26-constraint-smart-logic-mix-blending/tmp_build/blend/task091.onnx,bc6a7da0d62e880c698b01ff835433242f43748df5d5a80be397ec4ff0c6575b,2984,direct
jonathanchan__ngc26-constraint-smart-logic-mix-blending,task092,data/kaggle_code_single_task/extracted_onnx/jonathanchan__ngc26-constraint-smart-logic-mix-blending/task092.onnx,data/kaggle_code_single_task/outputs/jonathanchan__ngc26-constraint-smart-logic-mix-blending/tmp_build/blend/task092.onnx,e051e7d1edb8b7659f34ca67fcdf7f4ecac1a48d4c4bb73959458eef8a66adbf,3290,direct
jonathanchan__ngc26-constraint-smart-logic-mix-blending,task093,data/kaggle_code_single_task/extracted_onnx/jonathanchan__ngc26-constraint-smart-logic-mix-blending/task093.onnx,data/kaggle_code_single_task/outputs/jonathanchan__ngc26-constraint-smart-logic-mix-blending/tmp_build/blend/task093.onnx,8f9a52b9ae79d5dba2b673ece8ba70e2fcd382353074eb50e92942e830465f0f,3751,direct
jonathanchan__ngc26-constraint-smart-logic-mix-blending,task094,data/kaggle_code_single_task/extracted_onnx/jonathanchan__ngc26-constraint-smart-logic-mix-blending/task094.onnx,data/kaggle_code_single_task/outputs/jonathanchan__ngc26-constraint-smart-logic-mix-blending/tmp_build/blend/task094.onnx,33a74783b823dc1b112c59c2aba02bb1a1d58cbcb0330215830b427f3dfde8da,2764,direct
jonathanchan__ngc26-constraint-smart-logic-mix-blending,task095,data/kaggle_code_single_task/extracted_onnx/jonathanchan__ngc26-constraint-smart-logic-mix-blending/task095.onnx,data/kaggle_code_single_task/outputs/jonathanchan__ngc26-constraint-smart-logic-mix-blending/tmp_build/blend/task095.onnx,095e81fc018653ce1cdd6d756356de803301d87eb52f80c7f36f5842ca309bc3,4014,direct
jonathanchan__ngc26-constraint-smart-logic-mix-blending,task096,data/kaggle_code_single_task/extracted_onnx/jonathanchan__ngc26-constraint-smart-logic-mix-blending/task096.onnx,data/kaggle_code_single_task/outputs/jonathanchan__ngc26-constraint-smart-logic-mix-blending/tmp_build/blend/task096.onnx,72ff1c70f6e324f0cfe215f7c2a2c3816ffd9b94133e67f1dc4db2c578b4c33a,19499,direct
jonathanchan__ngc26-constraint-smart-logic-mix-blending,task097,data/kaggle_code_single_task/extracted_onnx/jonathanchan__ngc26-constraint-smart-logic-mix-blending/task097.onnx,data/kaggle_code_single_task/outputs/jonathanchan__ngc26-constraint-smart-logic-mix-blending/tmp_build/blend/task097.onnx,decc3aaf14d06716111d1beec811e1d1f5628deeaad55fbe1c46e45054c63ffa,2803,direct
jonathanchan__ngc26-constraint-smart-logic-mix-blending,task098,data/kaggle_code_single_task/extracted_onnx/jonathanchan__ngc26-constraint-smart-logic-mix-blending/task098.onnx,data/kaggle_code_single_task/outputs/jonathanchan__ngc26-constraint-smart-logic-mix-blending/tmp_build/blend/task098.onnx,37e4e979f4cb257022abbb72232620f70eed1599986cf32f365f6b7bc5f9abb3,1086,direct
jonathanchan__ngc26-constraint-smart-logic-mix-blending,task099,data/kaggle_code_single_task/extracted_onnx/jonathanchan__ngc26-constraint-smart-logic-mix-blending/task099.onnx,data/kaggle_code_single_task/outputs/jonathanchan__ngc26-constraint-smart-logic-mix-blending/tmp_build/blend/task099.onnx,0f0be9c0bcc58858e5b710ac1df99ef2b3d031fd48ec301d1e7d14d7f93a86db,19893,direct
jonathanchan__ngc26-constraint-smart-logic-mix-blending,task100,data/kaggle_code_single_task/extracted_onnx/jonathanchan__ngc26-constraint-smart-logic-mix-blending/task100.onnx,data/kaggle_code_single_task/outputs/jonathanchan__ngc26-constraint-smart-logic-mix-blending/tmp_build/blend/task100.onnx,1e4c83f99371dee5d0dd2894335e6f69fb568b082179b71f3c176b39e8735a2b,4992,direct
jonathanchan__ngc26-constraint-smart-logic-mix-blending,task101,data/kaggle_code_single_task/extracted_onnx/jonathanchan__ngc26-constraint-smart-logic-mix-blending/task101.onnx,data/kaggle_code_single_task/outputs/jonathanchan__ngc26-constraint-smart-logic-mix-blending/tmp_build/blend/task101.onnx,1097ccf2575df8ef91fdfbd7870a10cc2b4bdce67da9e625e16e66f5aeb89204,32723,direct
jonathanchan__ngc26-constraint-smart-logic-mix-blending,task102,data/kaggle_code_single_task/extracted_onnx/jonathanchan__ngc26-constraint-smart-logic-mix-blending/task102.onnx,data/kaggle_code_single_task/outputs/jonathanchan__ngc26-constraint-smart-logic-mix-blending/tmp_build/blend/task102.onnx,cfda65ef9b707bbbba5bf6138f3cc4951e6ca083ed5df35b6aafe5e10a5d361c,36416,direct
jonathanchan__ngc26-constraint-smart-logic-mix-blending,task103,data/kaggle_code_single_task/extracted_onnx/jonathanchan__ngc26-constraint-smart-logic-mix-blending/task103.onnx,data/kaggle_code_single_task/outputs/jonathanchan__ngc26-constraint-smart-logic-mix-blending/tmp_build/blend/task103.onnx,b9c51e1f345db496253265b5b29cef7dd145dfa1ebd3fe0ece6a1bf997cbafa2,1582,direct
jonathanchan__ngc26-constraint-smart-logic-mix-blending,task104,data/kaggle_code_single_task/extracted_onnx/jonathanchan__ngc26-constraint-smart-logic-mix-blending/task104.onnx,data/kaggle_code_single_task/outputs/jonathanchan__ngc26-constraint-smart-logic-mix-blending/tmp_build/blend/task104.onnx,61027b3e53c3bea6f67b988bd4eb85694699bfac8f12b20e01db76e5556d8c36,5723,direct
jonathanchan__ngc26-constraint-smart-logic-mix-blending,task105,data/kaggle_code_single_task/extracted_onnx/jonathanchan__ngc26-constraint-smart-logic-mix-blending/task105.onnx,data/kaggle_code_single_task/outputs/jonathanchan__ngc26-constraint-smart-logic-mix-blending/tmp_build/blend/task105.onnx,a6f1dd7862c68ee144fd6750b908a1dd89f8ad4233183b6f6af7a8b7f0294774,35213,direct
jonathanchan__ngc26-constraint-smart-logic-mix-blending,task106,data/kaggle_code_single_task/extracted_onnx/jonathanchan__ngc26-constraint-smart-logic-mix-blending/task106.onnx,data/kaggle_code_single_task/outputs/jonathanchan__ngc26-constraint-smart-logic-mix-blending/tmp_build/blend/task106.onnx,6b2ad626fb0b5283c33bdd6f054f608922c7a43830565299be4f0c322f4b20a6,24053,direct
jonathanchan__ngc26-constraint-smart-logic-mix-blending,task107,data/kaggle_code_single_task/extracted_onnx/jonathanchan__ngc26-constraint-smart-logic-mix-blending/task107.onnx,data/kaggle_code_single_task/outputs/jonathanchan__ngc26-constraint-smart-logic-mix-blending/tmp_build/blend/task107.onnx,453b03fec4e1bef2ecd2f2c63b3f3db0ba06259f99f9fb8db748181a2e0bb9b2,58113,direct
jonathanchan__ngc26-constraint-smart-logic-mix-blending,task108,data/kaggle_code_single_task/extracted_onnx/jonathanchan__ngc26-constraint-smart-logic-mix-blending/task108.onnx,data/kaggle_code_single_task/outputs/jonathanchan__ngc26-constraint-smart-logic-mix-blending/tmp_build/blend/task108.onnx,825c078fdd5cf248ddfcf1d91c57c125e6e2213304022e67810f2d3aaee2922c,7454,direct
jonathanchan__ngc26-constraint-smart-logic-mix-blending,task109,data/kaggle_code_single_task/extracted_onnx/jonathanchan__ngc26-constraint-smart-logic-mix-blending/task109.onnx,data/kaggle_code_single_task/outputs/jonathanchan__ngc26-constraint-smart-logic-mix-blending/tmp_build/blend/task109.onnx,3cb34f04af9558f9c69bf1e8a598a334dfafff93ebda7f0f7e026ac4726a2ec2,3836,direct
jonathanchan__ngc26-constraint-smart-logic-mix-blending,task110,data/kaggle_code_single_task/extracted_onnx/jonathanchan__ngc26-constraint-smart-logic-mix-blending/task110.onnx,data/kaggle_code_single_task/outputs/jonathanchan__ngc26-constraint-smart-logic-mix-blending/tmp_build/blend/task110.onnx,793a4ccb7329da07dd03279840c7c5dcc500e7911a07328206922351bd68f3ae,16176,direct
jonathanchan__ngc26-constraint-smart-logic-mix-blending,task111,data/kaggle_code_single_task/extracted_onnx/jonathanchan__ngc26-constraint-smart-logic-mix-blending/task111.onnx,data/kaggle_code_single_task/outputs/jonathanchan__ngc26-constraint-smart-logic-mix-blending/tmp_build/blend/task111.onnx,294fe9b217bc48010d14839504c2d05f18c01b58a15ebe4d22e87994c1923f81,1457,direct
jonathanchan__ngc26-constraint-smart-logic-mix-blending,task112,data/kaggle_code_single_task/extracted_onnx/jonathanchan__ngc26-constraint-smart-logic-mix-blending/task112.onnx,data/kaggle_code_single_task/outputs/jonathanchan__ngc26-constraint-smart-logic-mix-blending/tmp_build/blend/task112.onnx,2f3b62aab57da895d106fc6f18a5c592a620305f8fd19151aa27d2128ce916c8,3983,direct
jonathanchan__ngc26-constraint-smart-logic-mix-blending,task113,data/kaggle_code_single_task/extracted_onnx/jonathanchan__ngc26-constraint-smart-logic-mix-blending/task113.onnx,data/kaggle_code_single_task/outputs/jonathanchan__ngc26-constraint-smart-logic-mix-blending/tmp_build/blend/task113.onnx,356a5f1e2200cf2560f6c836ce7d21eca6b6cad9e68015c2ae31639613ef9b09,499,direct
jonathanchan__ngc26-constraint-smart-logic-mix-blending,task114,data/kaggle_code_single_task/extracted_onnx/jonathanchan__ngc26-constraint-smart-logic-mix-blending/task114.onnx,data/kaggle_code_single_task/outputs/jonathanchan__ngc26-constraint-smart-logic-mix-blending/tmp_build/blend/task114.onnx,6a274c9cd5a9ebe439174da06b838b69aa1861a6206c91ffab0a5e0ff4e0c063,2288,direct
jonathanchan__ngc26-constraint-smart-logic-mix-blending,task115,data/kaggle_code_single_task/extracted_onnx/jonathanchan__ngc26-constraint-smart-logic-mix-blending/task115.onnx,data/kaggle_code_single_task/outputs/jonathanchan__ngc26-constraint-smart-logic-mix-blending/tmp_build/blend/task115.onnx,50a7c216e0c1c2ab045e8e6039de0cfc08f27698804237c04630d0d1842004f3,4668,direct
jonathanchan__ngc26-constraint-smart-logic-mix-blending,task116,data/kaggle_code_single_task/extracted_onnx/jonathanchan__ngc26-constraint-smart-logic-mix-blending/task116.onnx,data/kaggle_code_single_task/outputs/jonathanchan__ngc26-constraint-smart-logic-mix-blending/tmp_build/blend/task116.onnx,3f87aab73b8c538752ffb070a34dd07ef95ccba2d299bd7526da67fcf956e1e5,479,direct
jonathanchan__ngc26-constraint-smart-logic-mix-blending,task117,data/kaggle_code_single_task/extracted_onnx/jonathanchan__ngc26-constraint-smart-logic-mix-blending/task117.onnx,data/kaggle_code_single_task/outputs/jonathanchan__ngc26-constraint-smart-logic-mix-blending/tmp_build/blend/task117.onnx,4bef6e4baed979d086556f905606d2a14788ff90d46f1bd71f5307e07f793e40,29241,direct
jonathanchan__ngc26-constraint-smart-logic-mix-blending,task118,data/kaggle_code_single_task/extracted_onnx/jonathanchan__ngc26-constraint-smart-logic-mix-blending/task118.onnx,data/kaggle_code_single_task/outputs/jonathanchan__ngc26-constraint-smart-logic-mix-blending/tmp_build/blend/task118.onnx,46b5d626d88d0263db53d6396e8282d2ada582fe35b31ede129ad7b9755cf413,18974,direct
jonathanchan__ngc26-constraint-smart-logic-mix-blending,task119,data/kaggle_code_single_task/extracted_onnx/jonathanchan__ngc26-constraint-smart-logic-mix-blending/task119.onnx,data/kaggle_code_single_task/outputs/jonathanchan__ngc26-constraint-smart-logic-mix-blending/tmp_build/blend/task119.onnx,2ad81ae99264f2d6289a7af0b0ef17f7054cee827e27d4b6ca9d732800e24346,48761,direct
jonathanchan__ngc26-constraint-smart-logic-mix-blending,task120,data/kaggle_code_single_task/extracted_onnx/jonathanchan__ngc26-constraint-smart-logic-mix-blending/task120.onnx,data/kaggle_code_single_task/outputs/jonathanchan__ngc26-constraint-smart-logic-mix-blending/tmp_build/blend/task120.onnx,b1e5e63231c90bb31fac903ef0ca8975a7d2468ea764f28962a49eebea6c705a,3888,direct
jonathanchan__ngc26-constraint-smart-logic-mix-blending,task121,data/kaggle_code_single_task/extracted_onnx/jonathanchan__ngc26-constraint-smart-logic-mix-blending/task121.onnx,data/kaggle_code_single_task/outputs/jonathanchan__ngc26-constraint-smart-logic-mix-blending/tmp_build/blend/task121.onnx,03880dc2a72d6781722a53ffad4b506867ebd9f9c0a7faae3760807eabe67856,3339,direct
jonathanchan__ngc26-constraint-smart-logic-mix-blending,task122,data/kaggle_code_single_task/extracted_onnx/jonathanchan__ngc26-constraint-smart-logic-mix-blending/task122.onnx,data/kaggle_code_single_task/outputs/jonathanchan__ngc26-constraint-smart-logic-mix-blending/tmp_build/blend/task122.onnx,72cb61e20e4a546da076b38e9f838b6cdad96db2d08afe306ffdf99296254e57,3438,direct
jonathanchan__ngc26-constraint-smart-logic-mix-blending,task123,data/kaggle_code_single_task/extracted_onnx/jonathanchan__ngc26-constraint-smart-logic-mix-blending/task123.onnx,data/kaggle_code_single_task/outputs/jonathanchan__ngc26-constraint-smart-logic-mix-blending/tmp_build/blend/task123.onnx,f2d7dfd3dd863f8713dd386250b196061785a0cfb2095beae7769936eef886cb,8565,direct
jonathanchan__ngc26-constraint-smart-logic-mix-blending,task124,data/kaggle_code_single_task/extracted_onnx/jonathanchan__ngc26-constraint-smart-logic-mix-blending/task124.onnx,data/kaggle_code_single_task/outputs/jonathanchan__ngc26-constraint-smart-logic-mix-blending/tmp_build/blend/task124.onnx,47d9b11bf8d59f3906c8c3717155630ff92da59f29c30e9a380bf3f8e68b364d,2821,direct
jonathanchan__ngc26-constraint-smart-logic-mix-blending,task125,data/kaggle_code_single_task/extracted_onnx/jonathanchan__ngc26-constraint-smart-logic-mix-blending/task125.onnx,data/kaggle_code_single_task/outputs/jonathanchan__ngc26-constraint-smart-logic-mix-blending/tmp_build/blend/task125.onnx,faba15400bec197981cd2ccfcc14c7ce061a1cbae40cc556ee325ebfb81ef7ba,4141,direct
jonathanchan__ngc26-constraint-smart-logic-mix-blending,task126,data/kaggle_code_single_task/extracted_onnx/jonathanchan__ngc26-constraint-smart-logic-mix-blending/task126.onnx,data/kaggle_code_single_task/outputs/jonathanchan__ngc26-constraint-smart-logic-mix-blending/tmp_build/blend/task126.onnx,a01c3539b16923b471f733187c5c64c05e53126da65dcbdd4f6f73de9c190d13,2488,direct
jonathanchan__ngc26-constraint-smart-logic-mix-blending,task127,data/kaggle_code_single_task/extracted_onnx/jonathanchan__ngc26-constraint-smart-logic-mix-blending/task127.onnx,data/kaggle_code_single_task/outputs/jonathanchan__ngc26-constraint-smart-logic-mix-blending/tmp_build/blend/task127.onnx,81f551a5b779e861ce371fdc4697595db753242954a60c50a3ac8e3108937d97,3772,direct
jonathanchan__ngc26-constraint-smart-logic-mix-blending,task128,data/kaggle_code_single_task/extracted_onnx/jonathanchan__ngc26-constraint-smart-logic-mix-blending/task128.onnx,data/kaggle_code_single_task/outputs/jonathanchan__ngc26-constraint-smart-logic-mix-blending/tmp_build/blend/task128.onnx,77d12658b491482054bcba0c93c1f915e28ef6365298681216a1c12afe8bfb39,3224,direct
jonathanchan__ngc26-constraint-smart-logic-mix-blending,task129,data/kaggle_code_single_task/extracted_onnx/jonathanchan__ngc26-constraint-smart-logic-mix-blending/task129.onnx,data/kaggle_code_single_task/outputs/jonathanchan__ngc26-constraint-smart-logic-mix-blending/tmp_build/blend/task129.onnx,b4bf8972683a55cdebeaeec284f506da67cdbf34f151d3dd78331b9294b9be0a,1196,direct
jonathanchan__ngc26-constraint-smart-logic-mix-blending,task130,data/kaggle_code_single_task/extracted_onnx/jonathanchan__ngc26-constraint-smart-logic-mix-blending/task130.onnx,data/kaggle_code_single_task/outputs/jonathanchan__ngc26-constraint-smart-logic-mix-blending/tmp_build/blend/task130.onnx,e95ff3b897c0267696d9742557a0bcd476bd6c433bd9c8a7747ff4ced0009946,1012,direct
jonathanchan__ngc26-constraint-smart-logic-mix-blending,task131,data/kaggle_code_single_task/extracted_onnx/jonathanchan__ngc26-constraint-smart-logic-mix-blending/task131.onnx,data/kaggle_code_single_task/outputs/jonathanchan__ngc26-constraint-smart-logic-mix-blending/tmp_build/blend/task131.onnx,975b200c949bb5f43008027ed6ae7832b52ab1915a7c672eb075786a11fb3c9f,12240,direct
jonathanchan__ngc26-constraint-smart-logic-mix-blending,task132,data/kaggle_code_single_task/extracted_onnx/jonathanchan__ngc26-constraint-smart-logic-mix-blending/task132.onnx,data/kaggle_code_single_task/outputs/jonathanchan__ngc26-constraint-smart-logic-mix-blending/tmp_build/blend/task132.onnx,59f093d65daa1ad802b56483d2b8a6e9ea1323b005461d7a002e6d776b17920f,2331,direct
jonathanchan__ngc26-constraint-smart-logic-mix-blending,task133,data/kaggle_code_single_task/extracted_onnx/jonathanchan__ngc26-constraint-smart-logic-mix-blending/task133.onnx,data/kaggle_code_single_task/outputs/jonathanchan__ngc26-constraint-smart-logic-mix-blending/tmp_build/blend/task133.onnx,63fb3880353654506316153d80567a3d035f13129356be26c4f871d078c94205,287675,direct
jonathanchan__ngc26-constraint-smart-logic-mix-blending,task134,data/kaggle_code_single_task/extracted_onnx/jonathanchan__ngc26-constraint-smart-logic-mix-blending/task134.onnx,data/kaggle_code_single_task/outputs/jonathanchan__ngc26-constraint-smart-logic-mix-blending/tmp_build/blend/task134.onnx,a12b9a7a357741db1c7bf631d3af2e7b1e8baf5cfeef00b638d4a5337fe7ace1,7283,direct
jonathanchan__ngc26-constraint-smart-logic-mix-blending,task135,data/kaggle_code_single_task/extracted_onnx/jonathanchan__ngc26-constraint-smart-logic-mix-blending/task135.onnx,data/kaggle_code_single_task/outputs/jonathanchan__ngc26-constraint-smart-logic-mix-blending/tmp_build/blend/task135.onnx,3d9bea2bde587509e06b69c0abb6742c540fd587c7d596a916a7a03c68e0ca36,346,direct
jonathanchan__ngc26-constraint-smart-logic-mix-blending,task136,data/kaggle_code_single_task/extracted_onnx/jonathanchan__ngc26-constraint-smart-logic-mix-blending/task136.onnx,data/kaggle_code_single_task/outputs/jonathanchan__ngc26-constraint-smart-logic-mix-blending/tmp_build/blend/task136.onnx,977d4837313ee79a1e87bddbc08fb4f2d34608f30f6443272ff687e3359399ca,8371,direct
jonathanchan__ngc26-constraint-smart-logic-mix-blending,task137,data/kaggle_code_single_task/extracted_onnx/jonathanchan__ngc26-constraint-smart-logic-mix-blending/task137.onnx,data/kaggle_code_single_task/outputs/jonathanchan__ngc26-constraint-smart-logic-mix-blending/tmp_build/blend/task137.onnx,ce722d90f6e762bf89f32d4d0a0e9d2a483fe6e84e3092d7fb25a030be6057ed,2460,direct
jonathanchan__ngc26-constraint-smart-logic-mix-blending,task138,data/kaggle_code_single_task/extracted_onnx/jonathanchan__ngc26-constraint-smart-logic-mix-blending/task138.onnx,data/kaggle_code_single_task/outputs/jonathanchan__ngc26-constraint-smart-logic-mix-blending/tmp_build/blend/task138.onnx,bd8ce86953085de3a28cf5ce221b2737cbbc5c93a6dffc7264a0dfefb2f3defb,10905,direct
jonathanchan__ngc26-constraint-smart-logic-mix-blending,task139,data/kaggle_code_single_task/extracted_onnx/jonathanchan__ngc26-constraint-smart-logic-mix-blending/task139.onnx,data/kaggle_code_single_task/outputs/jonathanchan__ngc26-constraint-smart-logic-mix-blending/tmp_build/blend/task139.onnx,360685d32dbbb81be4e905b7eafbe47a3915eeb015363763237ab231e467abee,1616,direct
jonathanchan__ngc26-constraint-smart-logic-mix-blending,task140,data/kaggle_code_single_task/extracted_onnx/jonathanchan__ngc26-constraint-smart-logic-mix-blending/task140.onnx,data/kaggle_code_single_task/outputs/jonathanchan__ngc26-constraint-smart-logic-mix-blending/tmp_build/blend/task140.onnx,31188f67a76911d1396cae7cc4c7da295c630003a2173784cce70d1c97976fb8,443,direct
jonathanchan__ngc26-constraint-smart-logic-mix-blending,task141,data/kaggle_code_single_task/extracted_onnx/jonathanchan__ngc26-constraint-smart-logic-mix-blending/task141.onnx,data/kaggle_code_single_task/outputs/jonathanchan__ngc26-constraint-smart-logic-mix-blending/tmp_build/blend/task141.onnx,f61f6a8e833ff54685eed9ac14f2d26e88e8b63b554cce682ce8772071579e45,1743,direct
jonathanchan__ngc26-constraint-smart-logic-mix-blending,task142,data/kaggle_code_single_task/extracted_onnx/jonathanchan__ngc26-constraint-smart-logic-mix-blending/task142.onnx,data/kaggle_code_single_task/outputs/jonathanchan__ngc26-constraint-smart-logic-mix-blending/tmp_build/blend/task142.onnx,b525fbe662a950ccba343052e36da4678bbd57b9039d4f6c5a15f3c0a16fd54a,7454,direct
jonathanchan__ngc26-constraint-smart-logic-mix-blending,task143,data/kaggle_code_single_task/extracted_onnx/jonathanchan__ngc26-constraint-smart-logic-mix-blending/task143.onnx,data/kaggle_code_single_task/outputs/jonathanchan__ngc26-constraint-smart-logic-mix-blending/tmp_build/blend/task143.onnx,1beb4a3c26c04b8bd7c53e6edbfb33158868ee728afabe1fde1f26ee00f636c2,2099,direct
jonathanchan__ngc26-constraint-smart-logic-mix-blending,task144,data/kaggle_code_single_task/extracted_onnx/jonathanchan__ngc26-constraint-smart-logic-mix-blending/task144.onnx,data/kaggle_code_single_task/outputs/jonathanchan__ngc26-constraint-smart-logic-mix-blending/tmp_build/blend/task144.onnx,288b3b803783d624dc52d1856811d852f8862f0f072ce79b8ba3b76922834b1a,1626,direct
jonathanchan__ngc26-constraint-smart-logic-mix-blending,task145,data/kaggle_code_single_task/extracted_onnx/jonathanchan__ngc26-constraint-smart-logic-mix-blending/task145.onnx,data/kaggle_code_single_task/outputs/jonathanchan__ngc26-constraint-smart-logic-mix-blending/tmp_build/blend/task145.onnx,b460e2bd5886bd5f42c6cd3d49fa16fdf088184d34e2e08ba1de7a01b34be826,32124,direct
jonathanchan__ngc26-constraint-smart-logic-mix-blending,task146,data/kaggle_code_single_task/extracted_onnx/jonathanchan__ngc26-constraint-smart-logic-mix-blending/task146.onnx,data/kaggle_code_single_task/outputs/jonathanchan__ngc26-constraint-smart-logic-mix-blending/tmp_build/blend/task146.onnx,26f917ac3e88c218e61160207814f5c50638e3f29442ef78e4da2993361aec4e,1408,direct
jonathanchan__ngc26-constraint-smart-logic-mix-blending,task147,data/kaggle_code_single_task/extracted_onnx/jonathanchan__ngc26-constraint-smart-logic-mix-blending/task147.onnx,data/kaggle_code_single_task/outputs/jonathanchan__ngc26-constraint-smart-logic-mix-blending/tmp_build/blend/task147.onnx,f88ca2257e92aee80bac0fc05a06d215b05346c5e57b06721a82f59b6ba6d73f,1346,direct
jonathanchan__ngc26-constraint-smart-logic-mix-blending,task148,data/kaggle_code_single_task/extracted_onnx/jonathanchan__ngc26-constraint-smart-logic-mix-blending/task148.onnx,data/kaggle_code_single_task/outputs/jonathanchan__ngc26-constraint-smart-logic-mix-blending/tmp_build/blend/task148.onnx,0abb9e31554a0f26cd1f4a7b555aad3a9c0585ab6f283bac44212dfd2846ecba,10473,direct
jonathanchan__ngc26-constraint-smart-logic-mix-blending,task149,data/kaggle_code_single_task/extracted_onnx/jonathanchan__ngc26-constraint-smart-logic-mix-blending/task149.onnx,data/kaggle_code_single_task/outputs/jonathanchan__ngc26-constraint-smart-logic-mix-blending/tmp_build/blend/task149.onnx,cc239a1eb4d00e60cdc4dc8910742e7681c1baf5ac4d50d632ec8d0509199ac2,1420,direct
jonathanchan__ngc26-constraint-smart-logic-mix-blending,task150,data/kaggle_code_single_task/extracted_onnx/jonathanchan__ngc26-constraint-smart-logic-mix-blending/task150.onnx,data/kaggle_code_single_task/outputs/jonathanchan__ngc26-constraint-smart-logic-mix-blending/tmp_build/blend/task150.onnx,adf5a273915defc3c4d2db5f4fc10c73406d376e4c86065d6ae6681ecc0a96a1,1054,direct
jonathanchan__ngc26-constraint-smart-logic-mix-blending,task151,data/kaggle_code_single_task/extracted_onnx/jonathanchan__ngc26-constraint-smart-logic-mix-blending/task151.onnx,data/kaggle_code_single_task/outputs/jonathanchan__ngc26-constraint-smart-logic-mix-blending/tmp_build/blend/task151.onnx,de359953bdaede4cb0adc2af091f8827eea3c67fc20d0ad8d2f864ef57c75c5d,1808,direct
jonathanchan__ngc26-constraint-smart-logic-mix-blending,task152,data/kaggle_code_single_task/extracted_onnx/jonathanchan__ngc26-constraint-smart-logic-mix-blending/task152.onnx,data/kaggle_code_single_task/outputs/jonathanchan__ngc26-constraint-smart-logic-mix-blending/tmp_build/blend/task152.onnx,b525fbe662a950ccba343052e36da4678bbd57b9039d4f6c5a15f3c0a16fd54a,7454,direct
jonathanchan__ngc26-constraint-smart-logic-mix-blending,task153,data/kaggle_code_single_task/extracted_onnx/jonathanchan__ngc26-constraint-smart-logic-mix-blending/task153.onnx,data/kaggle_code_single_task/outputs/jonathanchan__ngc26-constraint-smart-logic-mix-blending/tmp_build/blend/task153.onnx,9d318ade04d92d5a6cbe3ad187e3c8b55c6bed97afcdb4ed25105359b5a0c44a,4925,direct
jonathanchan__ngc26-constraint-smart-logic-mix-blending,task154,data/kaggle_code_single_task/extracted_onnx/jonathanchan__ngc26-constraint-smart-logic-mix-blending/task154.onnx,data/kaggle_code_single_task/outputs/jonathanchan__ngc26-constraint-smart-logic-mix-blending/tmp_build/blend/task154.onnx,c1a73e03ff61af6c0e5320534b4337178256f8f380b33d91c9b1dfadf69174b4,7650,direct
jonathanchan__ngc26-constraint-smart-logic-mix-blending,task155,data/kaggle_code_single_task/extracted_onnx/jonathanchan__ngc26-constraint-smart-logic-mix-blending/task155.onnx,data/kaggle_code_single_task/outputs/jonathanchan__ngc26-constraint-smart-logic-mix-blending/tmp_build/blend/task155.onnx,f16c31aa41c2a9793da3e5ee7e762ca5343bb105a0057fac5373f5b9779cf862,1054,direct
jonathanchan__ngc26-constraint-smart-logic-mix-blending,task156,data/kaggle_code_single_task/extracted_onnx/jonathanchan__ngc26-constraint-smart-logic-mix-blending/task156.onnx,data/kaggle_code_single_task/outputs/jonathanchan__ngc26-constraint-smart-logic-mix-blending/tmp_build/blend/task156.onnx,edbcd04840920f6a63c33afd5268c3e9b590146767a93b1c325182b0f09f17ca,9609,direct
jonathanchan__ngc26-constraint-smart-logic-mix-blending,task157,data/kaggle_code_single_task/extracted_onnx/jonathanchan__ngc26-constraint-smart-logic-mix-blending/task157.onnx,data/kaggle_code_single_task/outputs/jonathanchan__ngc26-constraint-smart-logic-mix-blending/tmp_build/blend/task157.onnx,4656d1026d5c964ff0889e0058383ac8891583d148f45aa54500857b66a6858a,49460,direct
jonathanchan__ngc26-constraint-smart-logic-mix-blending,task158,data/kaggle_code_single_task/extracted_onnx/jonathanchan__ngc26-constraint-smart-logic-mix-blending/task158.onnx,data/kaggle_code_single_task/outputs/jonathanchan__ngc26-constraint-smart-logic-mix-blending/tmp_build/blend/task158.onnx,25ea0a725e0d528c22f60eb9d4804e5f11825530cd7681b2e30c7be28dd22bf1,159472,direct
jonathanchan__ngc26-constraint-smart-logic-mix-blending,task159,data/kaggle_code_single_task/extracted_onnx/jonathanchan__ngc26-constraint-smart-logic-mix-blending/task159.onnx,data/kaggle_code_single_task/outputs/jonathanchan__ngc26-constraint-smart-logic-mix-blending/tmp_build/blend/task159.onnx,51883cbbe7686617cc43881eb06b43dd146abb3f0ac43c4c6ce4eb32ff28433f,20168,direct
jonathanchan__ngc26-constraint-smart-logic-mix-blending,task160,data/kaggle_code_single_task/extracted_onnx/jonathanchan__ngc26-constraint-smart-logic-mix-blending/task160.onnx,data/kaggle_code_single_task/outputs/jonathanchan__ngc26-constraint-smart-logic-mix-blending/tmp_build/blend/task160.onnx,3bc24c918f254029d7f0c45c5ea73e09cf579d7f46cd0b2d95456eded8dd7d21,1914,direct
jonathanchan__ngc26-constraint-smart-logic-mix-blending,task161,data/kaggle_code_single_task/extracted_onnx/jonathanchan__ngc26-constraint-smart-logic-mix-blending/task161.onnx,data/kaggle_code_single_task/outputs/jonathanchan__ngc26-constraint-smart-logic-mix-blending/tmp_build/blend/task161.onnx,8a7e2468521ec30fb89f4b607d6180090d30ccb8cc5b80529bb62f4d171a70d7,5813,direct
jonathanchan__ngc26-constraint-smart-logic-mix-blending,task162,data/kaggle_code_single_task/extracted_onnx/jonathanchan__ngc26-constraint-smart-logic-mix-blending/task162.onnx,data/kaggle_code_single_task/outputs/jonathanchan__ngc26-constraint-smart-logic-mix-blending/tmp_build/blend/task162.onnx,e24cf7e7f3b00310af89e750a727dca80938682bd7096b68068f91ee14d9fc09,2219,direct
jonathanchan__ngc26-constraint-smart-logic-mix-blending,task163,data/kaggle_code_single_task/extracted_onnx/jonathanchan__ngc26-constraint-smart-logic-mix-blending/task163.onnx,data/kaggle_code_single_task/outputs/jonathanchan__ngc26-constraint-smart-logic-mix-blending/tmp_build/blend/task163.onnx,438f280acbdd2459a7c56c0cebcd3ac46cfc271350d64cf9be0a2a6119193de7,13789,direct
jonathanchan__ngc26-constraint-smart-logic-mix-blending,task164,data/kaggle_code_single_task/extracted_onnx/jonathanchan__ngc26-constraint-smart-logic-mix-blending/task164.onnx,data/kaggle_code_single_task/outputs/jonathanchan__ngc26-constraint-smart-logic-mix-blending/tmp_build/blend/task164.onnx,250771b94d3db4658d4ac04e3bd9a0740f2af0f3aba0bb9b5df4d6181bb470d4,479,direct
jonathanchan__ngc26-constraint-smart-logic-mix-blending,task165,data/kaggle_code_single_task/extracted_onnx/jonathanchan__ngc26-constraint-smart-logic-mix-blending/task165.onnx,data/kaggle_code_single_task/outputs/jonathanchan__ngc26-constraint-smart-logic-mix-blending/tmp_build/blend/task165.onnx,04d9902d940ce13c7818325dfc26756e2026fe2cc432cfd1824c219e858b9091,6369,direct
jonathanchan__ngc26-constraint-smart-logic-mix-blending,task166,data/kaggle_code_single_task/extracted_onnx/jonathanchan__ngc26-constraint-smart-logic-mix-blending/task166.onnx,data/kaggle_code_single_task/outputs/jonathanchan__ngc26-constraint-smart-logic-mix-blending/tmp_build/blend/task166.onnx,51e785905cb1560f47526bc991807982a09bf03f9ea10393b1997b3a5d899295,1246,direct
jonathanchan__ngc26-constraint-smart-logic-mix-blending,task167,data/kaggle_code_single_task/extracted_onnx/jonathanchan__ngc26-constraint-smart-logic-mix-blending/task167.onnx,data/kaggle_code_single_task/outputs/jonathanchan__ngc26-constraint-smart-logic-mix-blending/tmp_build/blend/task167.onnx,7205b15363f53274f9987b481f736b594008071406a8a8644556e6d42336b88b,2375,direct
jonathanchan__ngc26-constraint-smart-logic-mix-blending,task168,data/kaggle_code_single_task/extracted_onnx/jonathanchan__ngc26-constraint-smart-logic-mix-blending/task168.onnx,data/kaggle_code_single_task/outputs/jonathanchan__ngc26-constraint-smart-logic-mix-blending/tmp_build/blend/task168.onnx,3fb9ab3807d1aba3038716b7ade3ce9e7b941bd4a8db5a9f213dbb704d0e0925,14983,direct
jonathanchan__ngc26-constraint-smart-logic-mix-blending,task169,data/kaggle_code_single_task/extracted_onnx/jonathanchan__ngc26-constraint-smart-logic-mix-blending/task169.onnx,data/kaggle_code_single_task/outputs/jonathanchan__ngc26-constraint-smart-logic-mix-blending/tmp_build/blend/task169.onnx,82cd0ece9b7ea3c433b2c16f5079f4e9a65b429d86b3ca64da189ec18323a3c7,17705,direct
jonathanchan__ngc26-constraint-smart-logic-mix-blending,task170,data/kaggle_code_single_task/extracted_onnx/jonathanchan__ngc26-constraint-smart-logic-mix-blending/task170.onnx,data/kaggle_code_single_task/outputs/jonathanchan__ngc26-constraint-smart-logic-mix-blending/tmp_build/blend/task170.onnx,93038aaa349aeb1d62cf0717e9c6cf93db839e880077b971d9e56b5647b0e90f,47329,direct
jonathanchan__ngc26-constraint-smart-logic-mix-blending,task171,data/kaggle_code_single_task/extracted_onnx/jonathanchan__ngc26-constraint-smart-logic-mix-blending/task171.onnx,data/kaggle_code_single_task/outputs/jonathanchan__ngc26-constraint-smart-logic-mix-blending/tmp_build/blend/task171.onnx,17647df8257bdd5c3a59982ad4c89df7e653a71d780b1d5b8aa2cce619d2b115,1636,direct
jonathanchan__ngc26-constraint-smart-logic-mix-blending,task172,data/kaggle_code_single_task/extracted_onnx/jonathanchan__ngc26-constraint-smart-logic-mix-blending/task172.onnx,data/kaggle_code_single_task/outputs/jonathanchan__ngc26-constraint-smart-logic-mix-blending/tmp_build/blend/task172.onnx,aa923630b6479cf1a1f5e7b7bfe2e4947e1c8ba8edba4f31d250b0b2f0c98dde,479,direct
jonathanchan__ngc26-constraint-smart-logic-mix-blending,task173,data/kaggle_code_single_task/extracted_onnx/jonathanchan__ngc26-constraint-smart-logic-mix-blending/task173.onnx,data/kaggle_code_single_task/outputs/jonathanchan__ngc26-constraint-smart-logic-mix-blending/tmp_build/blend/task173.onnx,18ddbf52d706d8726fc4eba252a9d70819bf54cab9756d5d99bfe0a8440c27a7,6012,direct
jonathanchan__ngc26-constraint-smart-logic-mix-blending,task174,data/kaggle_code_single_task/extracted_onnx/jonathanchan__ngc26-constraint-smart-logic-mix-blending/task174.onnx,data/kaggle_code_single_task/outputs/jonathanchan__ngc26-constraint-smart-logic-mix-blending/tmp_build/blend/task174.onnx,539cf8840aec86597bf4ee2a6fbc4d97b3023b728b2f5146efe4ccf2cb462ec2,53737,direct
jonathanchan__ngc26-constraint-smart-logic-mix-blending,task175,data/kaggle_code_single_task/extracted_onnx/jonathanchan__ngc26-constraint-smart-logic-mix-blending/task175.onnx,data/kaggle_code_single_task/outputs/jonathanchan__ngc26-constraint-smart-logic-mix-blending/tmp_build/blend/task175.onnx,4b09e8defcba5a3dd38c44bc46511beb605817a573221d27995fe73f71a8bff0,5068,direct
jonathanchan__ngc26-constraint-smart-logic-mix-blending,task176,data/kaggle_code_single_task/extracted_onnx/jonathanchan__ngc26-constraint-smart-logic-mix-blending/task176.onnx,data/kaggle_code_single_task/outputs/jonathanchan__ngc26-constraint-smart-logic-mix-blending/tmp_build/blend/task176.onnx,98625f40ca20224e5aa779cec259bfe0804895c94b699d4c99fd623590c091e3,1218,direct
jonathanchan__ngc26-constraint-smart-logic-mix-blending,task177,data/kaggle_code_single_task/extracted_onnx/jonathanchan__ngc26-constraint-smart-logic-mix-blending/task177.onnx,data/kaggle_code_single_task/outputs/jonathanchan__ngc26-constraint-smart-logic-mix-blending/tmp_build/blend/task177.onnx,ef5c29ffd5d6f36d6fdb5429646b14283a49cfcbd1f6bf99acce70be3b9342f9,2815,direct
jonathanchan__ngc26-constraint-smart-logic-mix-blending,task178,data/kaggle_code_single_task/extracted_onnx/jonathanchan__ngc26-constraint-smart-logic-mix-blending/task178.onnx,data/kaggle_code_single_task/outputs/jonathanchan__ngc26-constraint-smart-logic-mix-blending/tmp_build/blend/task178.onnx,a701394e37c392dd6281f53df52f97a7024504c39b1533632a99e399151c2833,11224,direct
jonathanchan__ngc26-constraint-smart-logic-mix-blending,task179,data/kaggle_code_single_task/extracted_onnx/jonathanchan__ngc26-constraint-smart-logic-mix-blending/task179.onnx,data/kaggle_code_single_task/outputs/jonathanchan__ngc26-constraint-smart-logic-mix-blending/tmp_build/blend/task179.onnx,bde695a21a93b9e2084a9b7e8a8bee5f2cdc694baa71a12d1c34ae921a89cb87,170,direct
jonathanchan__ngc26-constraint-smart-logic-mix-blending,task180,data/kaggle_code_single_task/extracted_onnx/jonathanchan__ngc26-constraint-smart-logic-mix-blending/task180.onnx,data/kaggle_code_single_task/outputs/jonathanchan__ngc26-constraint-smart-logic-mix-blending/tmp_build/blend/task180.onnx,5a77f1b6be5169606ff52c9983a9b6b1f394e15be586efbf4ed0ec5e18a7d573,1458,direct
jonathanchan__ngc26-constraint-smart-logic-mix-blending,task181,data/kaggle_code_single_task/extracted_onnx/jonathanchan__ngc26-constraint-smart-logic-mix-blending/task181.onnx,data/kaggle_code_single_task/outputs/jonathanchan__ngc26-constraint-smart-logic-mix-blending/tmp_build/blend/task181.onnx,17c02784032bda5a4e6876d4edc22e40be0810c4141155f49992b7214307298c,1934,direct
jonathanchan__ngc26-constraint-smart-logic-mix-blending,task182,data/kaggle_code_single_task/extracted_onnx/jonathanchan__ngc26-constraint-smart-logic-mix-blending/task182.onnx,data/kaggle_code_single_task/outputs/jonathanchan__ngc26-constraint-smart-logic-mix-blending/tmp_build/blend/task182.onnx,467b5139d76efba3a15dea71b43822d7176053d9c72a4729067d4c9bbca330a9,462279,direct
jonathanchan__ngc26-constraint-smart-logic-mix-blending,task183,data/kaggle_code_single_task/extracted_onnx/jonathanchan__ngc26-constraint-smart-logic-mix-blending/task183.onnx,data/kaggle_code_single_task/outputs/jonathanchan__ngc26-constraint-smart-logic-mix-blending/tmp_build/blend/task183.onnx,a8bab06a2e0e122083b521884edb1e0eff58db598af112914abe7322340125e0,3474,direct
jonathanchan__ngc26-constraint-smart-logic-mix-blending,task184,data/kaggle_code_single_task/extracted_onnx/jonathanchan__ngc26-constraint-smart-logic-mix-blending/task184.onnx,data/kaggle_code_single_task/outputs/jonathanchan__ngc26-constraint-smart-logic-mix-blending/tmp_build/blend/task184.onnx,3688e5d098f0cbbaf50011af3be3db2f378c5f172869cc3b95b9626a17d7556c,6823,direct
jonathanchan__ngc26-constraint-smart-logic-mix-blending,task185,data/kaggle_code_single_task/extracted_onnx/jonathanchan__ngc26-constraint-smart-logic-mix-blending/task185.onnx,data/kaggle_code_single_task/outputs/jonathanchan__ngc26-constraint-smart-logic-mix-blending/tmp_build/blend/task185.onnx,758a09feff24e05f872299153e3728ba75bd0bbd8c3b14ae20c5e6b4faef7df4,18881,direct
jonathanchan__ngc26-constraint-smart-logic-mix-blending,task186,data/kaggle_code_single_task/extracted_onnx/jonathanchan__ngc26-constraint-smart-logic-mix-blending/task186.onnx,data/kaggle_code_single_task/outputs/jonathanchan__ngc26-constraint-smart-logic-mix-blending/tmp_build/blend/task186.onnx,e08e25bcc7a87cfdcb14c47188efdde385ff6605c966217b934a67aa0589a797,2418,direct
jonathanchan__ngc26-constraint-smart-logic-mix-blending,task187,data/kaggle_code_single_task/extracted_onnx/jonathanchan__ngc26-constraint-smart-logic-mix-blending/task187.onnx,data/kaggle_code_single_task/outputs/jonathanchan__ngc26-constraint-smart-logic-mix-blending/tmp_build/blend/task187.onnx,7c3a967e923c836a47db37413d97511291c1958644eaa30bfa57234cbc55d99c,8415,direct
jonathanchan__ngc26-constraint-smart-logic-mix-blending,task188,data/kaggle_code_single_task/extracted_onnx/jonathanchan__ngc26-constraint-smart-logic-mix-blending/task188.onnx,data/kaggle_code_single_task/outputs/jonathanchan__ngc26-constraint-smart-logic-mix-blending/tmp_build/blend/task188.onnx,5fd4ab7b75ebd039f0a31640a245ef0913135ea38f6510f5bfc0f801edf2b6ea,2963,direct
jonathanchan__ngc26-constraint-smart-logic-mix-blending,task189,data/kaggle_code_single_task/extracted_onnx/jonathanchan__ngc26-constraint-smart-logic-mix-blending/task189.onnx,data/kaggle_code_single_task/outputs/jonathanchan__ngc26-constraint-smart-logic-mix-blending/tmp_build/blend/task189.onnx,d5781a0e5588efb0165806b8cebffb9ebd6c7ce311772df1810f2cfdf4802003,8522,direct
jonathanchan__ngc26-constraint-smart-logic-mix-blending,task190,data/kaggle_code_single_task/extracted_onnx/jonathanchan__ngc26-constraint-smart-logic-mix-blending/task190.onnx,data/kaggle_code_single_task/outputs/jonathanchan__ngc26-constraint-smart-logic-mix-blending/tmp_build/blend/task190.onnx,87f2d4ecdffdb49b797b3616dac2e7570885cda76dcd8885426d338daf5d4160,7038,direct
jonathanchan__ngc26-constraint-smart-logic-mix-blending,task191,data/kaggle_code_single_task/extracted_onnx/jonathanchan__ngc26-constraint-smart-logic-mix-blending/task191.onnx,data/kaggle_code_single_task/outputs/jonathanchan__ngc26-constraint-smart-logic-mix-blending/tmp_build/blend/task191.onnx,7a6880b96ea5baa26b3389462164ff494aeb033c40be1aea8c4fc2a65cacd5bd,44181,direct
jonathanchan__ngc26-constraint-smart-logic-mix-blending,task192,data/kaggle_code_single_task/extracted_onnx/jonathanchan__ngc26-constraint-smart-logic-mix-blending/task192.onnx,data/kaggle_code_single_task/outputs/jonathanchan__ngc26-constraint-smart-logic-mix-blending/tmp_build/blend/task192.onnx,389f7fb1141246a29b615fa38a4f23bd47765f95c448afe1b2d8bfa202aeaa6c,1760,direct
jonathanchan__ngc26-constraint-smart-logic-mix-blending,task193,data/kaggle_code_single_task/extracted_onnx/jonathanchan__ngc26-constraint-smart-logic-mix-blending/task193.onnx,data/kaggle_code_single_task/outputs/jonathanchan__ngc26-constraint-smart-logic-mix-blending/tmp_build/blend/task193.onnx,241f5579e551f65a53fb16e2e2b2b70a6b62b6f3f8a1a1c6b46568797c9ff427,1530,direct
jonathanchan__ngc26-constraint-smart-logic-mix-blending,task194,data/kaggle_code_single_task/extracted_onnx/jonathanchan__ngc26-constraint-smart-logic-mix-blending/task194.onnx,data/kaggle_code_single_task/outputs/jonathanchan__ngc26-constraint-smart-logic-mix-blending/tmp_build/blend/task194.onnx,5a188032e9933c63bea9816c0846001d769eb356d00653af9e5e766ff62bb53b,7454,direct
jonathanchan__ngc26-constraint-smart-logic-mix-blending,task195,data/kaggle_code_single_task/extracted_onnx/jonathanchan__ngc26-constraint-smart-logic-mix-blending/task195.onnx,data/kaggle_code_single_task/outputs/jonathanchan__ngc26-constraint-smart-logic-mix-blending/tmp_build/blend/task195.onnx,33175d6717bd842fef2ba95eb47e1bca02997b7f940ae8363407b6b395973d3f,6942,direct
jonathanchan__ngc26-constraint-smart-logic-mix-blending,task196,data/kaggle_code_single_task/extracted_onnx/jonathanchan__ngc26-constraint-smart-logic-mix-blending/task196.onnx,data/kaggle_code_single_task/outputs/jonathanchan__ngc26-constraint-smart-logic-mix-blending/tmp_build/blend/task196.onnx,51a8fa19ebded00d942c4982985a1f7b4acda8c4f0411545ebe0d98dafec452f,2477,direct
jonathanchan__ngc26-constraint-smart-logic-mix-blending,task197,data/kaggle_code_single_task/extracted_onnx/jonathanchan__ngc26-constraint-smart-logic-mix-blending/task197.onnx,data/kaggle_code_single_task/outputs/jonathanchan__ngc26-constraint-smart-logic-mix-blending/tmp_build/blend/task197.onnx,a87bcfcc56b6fba9e37fc42f3e3808f081a73e337b9e50c6ef53e21bc348f734,24194,direct
jonathanchan__ngc26-constraint-smart-logic-mix-blending,task198,data/kaggle_code_single_task/extracted_onnx/jonathanchan__ngc26-constraint-smart-logic-mix-blending/task198.onnx,data/kaggle_code_single_task/outputs/jonathanchan__ngc26-constraint-smart-logic-mix-blending/tmp_build/blend/task198.onnx,26180435fe00ec9b9aa107386654869fdf23fb872836caf2535a126bd24c323f,8691,direct
jonathanchan__ngc26-constraint-smart-logic-mix-blending,task199,data/kaggle_code_single_task/extracted_onnx/jonathanchan__ngc26-constraint-smart-logic-mix-blending/task199.onnx,data/kaggle_code_single_task/outputs/jonathanchan__ngc26-constraint-smart-logic-mix-blending/tmp_build/blend/task199.onnx,63f0e05829c00a7becc694d34d57fbe1743fcb441dd808857e08f208691b2708,2222,direct
jonathanchan__ngc26-constraint-smart-logic-mix-blending,task200,data/kaggle_code_single_task/extracted_onnx/jonathanchan__ngc26-constraint-smart-logic-mix-blending/task200.onnx,data/kaggle_code_single_task/outputs/jonathanchan__ngc26-constraint-smart-logic-mix-blending/tmp_build/blend/task200.onnx,2d5ca6541877c35d00eaa5ae8b8536a80818db772411d3b8809f1bc01c6df412,10466,direct
jonathanchan__ngc26-constraint-smart-logic-mix-blending,task201,data/kaggle_code_single_task/extracted_onnx/jonathanchan__ngc26-constraint-smart-logic-mix-blending/task201.onnx,data/kaggle_code_single_task/outputs/jonathanchan__ngc26-constraint-smart-logic-mix-blending/tmp_build/blend/task201.onnx,34c4fc28f611edb7f09ee7a35eb302f0d27e2748d35131db5ab750a86826ca0b,12285,direct
jonathanchan__ngc26-constraint-smart-logic-mix-blending,task202,data/kaggle_code_single_task/extracted_onnx/jonathanchan__ngc26-constraint-smart-logic-mix-blending/task202.onnx,data/kaggle_code_single_task/outputs/jonathanchan__ngc26-constraint-smart-logic-mix-blending/tmp_build/blend/task202.onnx,ba29bb1cf827a476db90e0abfca0408ff9fe0c6736f4057bd4b919ecce3788f2,5974,direct
jonathanchan__ngc26-constraint-smart-logic-mix-blending,task203,data/kaggle_code_single_task/extracted_onnx/jonathanchan__ngc26-constraint-smart-logic-mix-blending/task203.onnx,data/kaggle_code_single_task/outputs/jonathanchan__ngc26-constraint-smart-logic-mix-blending/tmp_build/blend/task203.onnx,e815acfbc09dbcecdfd46e173605a089736f7a29078262c39c6c0ac3738ca717,7997,direct
jonathanchan__ngc26-constraint-smart-logic-mix-blending,task204,data/kaggle_code_single_task/extracted_onnx/jonathanchan__ngc26-constraint-smart-logic-mix-blending/task204.onnx,data/kaggle_code_single_task/outputs/jonathanchan__ngc26-constraint-smart-logic-mix-blending/tmp_build/blend/task204.onnx,010066464a6cf97b11fec5a7a0b02f5c2c589d4604cb5fab2ea0660eb16ca17d,7574,direct
jonathanchan__ngc26-constraint-smart-logic-mix-blending,task205,data/kaggle_code_single_task/extracted_onnx/jonathanchan__ngc26-constraint-smart-logic-mix-blending/task205.onnx,data/kaggle_code_single_task/outputs/jonathanchan__ngc26-constraint-smart-logic-mix-blending/tmp_build/blend/task205.onnx,2d8ce753e87197352282af79a2b3be3b992e75d614ce75fb8b9e97f3ecfd4ef7,83537,direct
jonathanchan__ngc26-constraint-smart-logic-mix-blending,task206,data/kaggle_code_single_task/extracted_onnx/jonathanchan__ngc26-constraint-smart-logic-mix-blending/task206.onnx,data/kaggle_code_single_task/outputs/jonathanchan__ngc26-constraint-smart-logic-mix-blending/tmp_build/blend/task206.onnx,5f89fad37c2ac5eb541d939056066739ee4639d0c1088bfcb58fda0b719a54c1,20541,direct
jonathanchan__ngc26-constraint-smart-logic-mix-blending,task207,data/kaggle_code_single_task/extracted_onnx/jonathanchan__ngc26-constraint-smart-logic-mix-blending/task207.onnx,data/kaggle_code_single_task/outputs/jonathanchan__ngc26-constraint-smart-logic-mix-blending/tmp_build/blend/task207.onnx,a37e5ce9b21a0f661eba714c93f1dfddc30bc83125156d8e36cde15b6ffb953e,1759,direct
jonathanchan__ngc26-constraint-smart-logic-mix-blending,task208,data/kaggle_code_single_task/extracted_onnx/jonathanchan__ngc26-constraint-smart-logic-mix-blending/task208.onnx,data/kaggle_code_single_task/outputs/jonathanchan__ngc26-constraint-smart-logic-mix-blending/tmp_build/blend/task208.onnx,372ed21380e1c932f50d56e502ebd9bb568de6dd84e5cc2c360d768d98bcc148,19596,direct
jonathanchan__ngc26-constraint-smart-logic-mix-blending,task209,data/kaggle_code_single_task/extracted_onnx/jonathanchan__ngc26-constraint-smart-logic-mix-blending/task209.onnx,data/kaggle_code_single_task/outputs/jonathanchan__ngc26-constraint-smart-logic-mix-blending/tmp_build/blend/task209.onnx,86ffeb2fa5c9fef249bf424963e8b1422122fd3b14dc9d571e0641c1624e6f43,60426,direct
jonathanchan__ngc26-constraint-smart-logic-mix-blending,task210,data/kaggle_code_single_task/extracted_onnx/jonathanchan__ngc26-constraint-smart-logic-mix-blending/task210.onnx,data/kaggle_code_single_task/outputs/jonathanchan__ngc26-constraint-smart-logic-mix-blending/tmp_build/blend/task210.onnx,aa923630b6479cf1a1f5e7b7bfe2e4947e1c8ba8edba4f31d250b0b2f0c98dde,479,direct
jonathanchan__ngc26-constraint-smart-logic-mix-blending,task211,data/kaggle_code_single_task/extracted_onnx/jonathanchan__ngc26-constraint-smart-logic-mix-blending/task211.onnx,data/kaggle_code_single_task/outputs/jonathanchan__ngc26-constraint-smart-logic-mix-blending/tmp_build/blend/task211.onnx,3c58a51ab06ee25bf3c54539284f6def4bc6e10c364246d45f5533df0905fd17,7454,direct
jonathanchan__ngc26-constraint-smart-logic-mix-blending,task212,data/kaggle_code_single_task/extracted_onnx/jonathanchan__ngc26-constraint-smart-logic-mix-blending/task212.onnx,data/kaggle_code_single_task/outputs/jonathanchan__ngc26-constraint-smart-logic-mix-blending/tmp_build/blend/task212.onnx,979651606c10a43999f9b628fd7b0b54815198d32a154f6497a656d2c7ef7779,6074,direct
jonathanchan__ngc26-constraint-smart-logic-mix-blending,task213,data/kaggle_code_single_task/extracted_onnx/jonathanchan__ngc26-constraint-smart-logic-mix-blending/task213.onnx,data/kaggle_code_single_task/outputs/jonathanchan__ngc26-constraint-smart-logic-mix-blending/tmp_build/blend/task213.onnx,d271db4f05c694cd10863f4175aadb018548685d98efcd44da17982aaca6d8d0,15720,direct
jonathanchan__ngc26-constraint-smart-logic-mix-blending,task214,data/kaggle_code_single_task/extracted_onnx/jonathanchan__ngc26-constraint-smart-logic-mix-blending/task214.onnx,data/kaggle_code_single_task/outputs/jonathanchan__ngc26-constraint-smart-logic-mix-blending/tmp_build/blend/task214.onnx,476030b9c3c916862c896b22ae9f1ee46d6bedd703bd39deeb4fe1a9a7cf6c54,7454,direct
jonathanchan__ngc26-constraint-smart-logic-mix-blending,task215,data/kaggle_code_single_task/extracted_onnx/jonathanchan__ngc26-constraint-smart-logic-mix-blending/task215.onnx,data/kaggle_code_single_task/outputs/jonathanchan__ngc26-constraint-smart-logic-mix-blending/tmp_build/blend/task215.onnx,29771641336cd51862924dcc4d860905e33dd3ad23856da330d7d766d6a995ca,31069,direct
jonathanchan__ngc26-constraint-smart-logic-mix-blending,task216,data/kaggle_code_single_task/extracted_onnx/jonathanchan__ngc26-constraint-smart-logic-mix-blending/task216.onnx,data/kaggle_code_single_task/outputs/jonathanchan__ngc26-constraint-smart-logic-mix-blending/tmp_build/blend/task216.onnx,f503bcbc993dfa484a61773a5df5ddbbcb4e176555779fade11df09fe5c7f450,17269,direct
jonathanchan__ngc26-constraint-smart-logic-mix-blending,task217,data/kaggle_code_single_task/extracted_onnx/jonathanchan__ngc26-constraint-smart-logic-mix-blending/task217.onnx,data/kaggle_code_single_task/outputs/jonathanchan__ngc26-constraint-smart-logic-mix-blending/tmp_build/blend/task217.onnx,acea70a90ddcbb360c7b0e51359c1f77d81a077b548b69c0a066ca1721ea8b5a,7442,direct
jonathanchan__ngc26-constraint-smart-logic-mix-blending,task218,data/kaggle_code_single_task/extracted_onnx/jonathanchan__ngc26-constraint-smart-logic-mix-blending/task218.onnx,data/kaggle_code_single_task/outputs/jonathanchan__ngc26-constraint-smart-logic-mix-blending/tmp_build/blend/task218.onnx,9131c89c9fd6ef5b03aae774d7428231051f8ce1013bad1362e432cc67756704,9724,direct
jonathanchan__ngc26-constraint-smart-logic-mix-blending,task219,data/kaggle_code_single_task/extracted_onnx/jonathanchan__ngc26-constraint-smart-logic-mix-blending/task219.onnx,data/kaggle_code_single_task/outputs/jonathanchan__ngc26-constraint-smart-logic-mix-blending/tmp_build/blend/task219.onnx,6e5cd657b62c80511d57e08b97cb9d15da29a2d7bfb76e458b83a869ec05a64b,59685,direct
jonathanchan__ngc26-constraint-smart-logic-mix-blending,task220,data/kaggle_code_single_task/extracted_onnx/jonathanchan__ngc26-constraint-smart-logic-mix-blending/task220.onnx,data/kaggle_code_single_task/outputs/jonathanchan__ngc26-constraint-smart-logic-mix-blending/tmp_build/blend/task220.onnx,4c6f5fce5219ad5753fad4428fe1746d0da6d23ed1acf5c50fb499f7b986b9a0,3834,direct
jonathanchan__ngc26-constraint-smart-logic-mix-blending,task221,data/kaggle_code_single_task/extracted_onnx/jonathanchan__ngc26-constraint-smart-logic-mix-blending/task221.onnx,data/kaggle_code_single_task/outputs/jonathanchan__ngc26-constraint-smart-logic-mix-blending/tmp_build/blend/task221.onnx,5d88a182f54e5f52bf6e13829dd50d8104e739ac1208ced85590dab9aeff5f02,21930,direct
jonathanchan__ngc26-constraint-smart-logic-mix-blending,task222,data/kaggle_code_single_task/extracted_onnx/jonathanchan__ngc26-constraint-smart-logic-mix-blending/task222.onnx,data/kaggle_code_single_task/outputs/jonathanchan__ngc26-constraint-smart-logic-mix-blending/tmp_build/blend/task222.onnx,7b6cab687b5c599be8c76088d794efa2889c00ea18f7b701c824b72281167d79,1889,direct
jonathanchan__ngc26-constraint-smart-logic-mix-blending,task223,data/kaggle_code_single_task/extracted_onnx/jonathanchan__ngc26-constraint-smart-logic-mix-blending/task223.onnx,data/kaggle_code_single_task/outputs/jonathanchan__ngc26-constraint-smart-logic-mix-blending/tmp_build/blend/task223.onnx,51cd95a032c661ce28fa653ad0e727fb33cf6a709a5747e02a8ab323190ae968,7454,direct
jonathanchan__ngc26-constraint-smart-logic-mix-blending,task224,data/kaggle_code_single_task/extracted_onnx/jonathanchan__ngc26-constraint-smart-logic-mix-blending/task224.onnx,data/kaggle_code_single_task/outputs/jonathanchan__ngc26-constraint-smart-logic-mix-blending/tmp_build/blend/task224.onnx,26531c12e32997f7c9890f6a302ffe89726f5416b551a5f56cb7a2c474c6c208,4784,direct
jonathanchan__ngc26-constraint-smart-logic-mix-blending,task225,data/kaggle_code_single_task/extracted_onnx/jonathanchan__ngc26-constraint-smart-logic-mix-blending/task225.onnx,data/kaggle_code_single_task/outputs/jonathanchan__ngc26-constraint-smart-logic-mix-blending/tmp_build/blend/task225.onnx,feb56d8f1c720012318ee348511e98aaff19c284a140f7de45fa6c3503d713ae,5386,direct
jonathanchan__ngc26-constraint-smart-logic-mix-blending,task226,data/kaggle_code_single_task/extracted_onnx/jonathanchan__ngc26-constraint-smart-logic-mix-blending/task226.onnx,data/kaggle_code_single_task/outputs/jonathanchan__ngc26-constraint-smart-logic-mix-blending/tmp_build/blend/task226.onnx,d1849ffd4dc0d34e0c597fc1569aedc024b25bfc7b50cbfc8b8618764919d7ed,4853,direct
jonathanchan__ngc26-constraint-smart-logic-mix-blending,task227,data/kaggle_code_single_task/extracted_onnx/jonathanchan__ngc26-constraint-smart-logic-mix-blending/task227.onnx,data/kaggle_code_single_task/outputs/jonathanchan__ngc26-constraint-smart-logic-mix-blending/tmp_build/blend/task227.onnx,adeefe35f6cdda7bb74464ef07b43cde3572a4e4e67efe35a4dd84469a8bfba8,1417,direct
jonathanchan__ngc26-constraint-smart-logic-mix-blending,task228,data/kaggle_code_single_task/extracted_onnx/jonathanchan__ngc26-constraint-smart-logic-mix-blending/task228.onnx,data/kaggle_code_single_task/outputs/jonathanchan__ngc26-constraint-smart-logic-mix-blending/tmp_build/blend/task228.onnx,b10ad9d1da09a0132a90affd556d138ae9c203e734709b8b4c64054e52e480c6,4406,direct
jonathanchan__ngc26-constraint-smart-logic-mix-blending,task229,data/kaggle_code_single_task/extracted_onnx/jonathanchan__ngc26-constraint-smart-logic-mix-blending/task229.onnx,data/kaggle_code_single_task/outputs/jonathanchan__ngc26-constraint-smart-logic-mix-blending/tmp_build/blend/task229.onnx,7850ca3ef1744eed97e809f041898c19ad2e7f1fc18f6624ae202b92476155d5,1658,direct
jonathanchan__ngc26-constraint-smart-logic-mix-blending,task230,data/kaggle_code_single_task/extracted_onnx/jonathanchan__ngc26-constraint-smart-logic-mix-blending/task230.onnx,data/kaggle_code_single_task/outputs/jonathanchan__ngc26-constraint-smart-logic-mix-blending/tmp_build/blend/task230.onnx,db7c2a493e8e37d98f2a9ad5741ad88f5c7321620c1a1c750a059c9cdab2c226,3834,direct
jonathanchan__ngc26-constraint-smart-logic-mix-blending,task231,data/kaggle_code_single_task/extracted_onnx/jonathanchan__ngc26-constraint-smart-logic-mix-blending/task231.onnx,data/kaggle_code_single_task/outputs/jonathanchan__ngc26-constraint-smart-logic-mix-blending/tmp_build/blend/task231.onnx,5a87f6fcfb10540793169c5e3b8a4857c9a09fcae35bda1928b7fe8b99201cc9,3425,direct
jonathanchan__ngc26-constraint-smart-logic-mix-blending,task232,data/kaggle_code_single_task/extracted_onnx/jonathanchan__ngc26-constraint-smart-logic-mix-blending/task232.onnx,data/kaggle_code_single_task/outputs/jonathanchan__ngc26-constraint-smart-logic-mix-blending/tmp_build/blend/task232.onnx,aeccf6484f42387b2a8240cfaf531ea8b8596290bb342b9dc5435917a276ffcd,2428,direct
jonathanchan__ngc26-constraint-smart-logic-mix-blending,task233,data/kaggle_code_single_task/extracted_onnx/jonathanchan__ngc26-constraint-smart-logic-mix-blending/task233.onnx,data/kaggle_code_single_task/outputs/jonathanchan__ngc26-constraint-smart-logic-mix-blending/tmp_build/blend/task233.onnx,a1f50413f1686a24b0c2833ad72ed747a05f4cb6776e2008238ebfb2a8af0d9d,39834,direct
jonathanchan__ngc26-constraint-smart-logic-mix-blending,task234,data/kaggle_code_single_task/extracted_onnx/jonathanchan__ngc26-constraint-smart-logic-mix-blending/task234.onnx,data/kaggle_code_single_task/outputs/jonathanchan__ngc26-constraint-smart-logic-mix-blending/tmp_build/blend/task234.onnx,08f952e960f9fe99d950cc35328cd67bf4b6fd3e5ef18b13db73cc5636dafc65,13400,direct
jonathanchan__ngc26-constraint-smart-logic-mix-blending,task235,data/kaggle_code_single_task/extracted_onnx/jonathanchan__ngc26-constraint-smart-logic-mix-blending/task235.onnx,data/kaggle_code_single_task/outputs/jonathanchan__ngc26-constraint-smart-logic-mix-blending/tmp_build/blend/task235.onnx,1e0c7182d8eb9eda983e2f54f8ec77e43e12f0b4247b58706eb064a16daced00,3900,direct
jonathanchan__ngc26-constraint-smart-logic-mix-blending,task236,data/kaggle_code_single_task/extracted_onnx/jonathanchan__ngc26-constraint-smart-logic-mix-blending/task236.onnx,data/kaggle_code_single_task/outputs/jonathanchan__ngc26-constraint-smart-logic-mix-blending/tmp_build/blend/task236.onnx,7f166f01eb2cf5e98be10a109467f99606fa9e5b533bf2bf8f34a298dad06666,1511,direct
jonathanchan__ngc26-constraint-smart-logic-mix-blending,task237,data/kaggle_code_single_task/extracted_onnx/jonathanchan__ngc26-constraint-smart-logic-mix-blending/task237.onnx,data/kaggle_code_single_task/outputs/jonathanchan__ngc26-constraint-smart-logic-mix-blending/tmp_build/blend/task237.onnx,a35e4f41fced84a0350253a82eb8a59b67e6b080a6f43dd87bf1836c48d56068,2210,direct
jonathanchan__ngc26-constraint-smart-logic-mix-blending,task238,data/kaggle_code_single_task/extracted_onnx/jonathanchan__ngc26-constraint-smart-logic-mix-blending/task238.onnx,data/kaggle_code_single_task/outputs/jonathanchan__ngc26-constraint-smart-logic-mix-blending/tmp_build/blend/task238.onnx,eaec7b970939328fcac185257b617d01c8f8b9353f94d881d50f31d49de64c8b,13857,direct
jonathanchan__ngc26-constraint-smart-logic-mix-blending,task239,data/kaggle_code_single_task/extracted_onnx/jonathanchan__ngc26-constraint-smart-logic-mix-blending/task239.onnx,data/kaggle_code_single_task/outputs/jonathanchan__ngc26-constraint-smart-logic-mix-blending/tmp_build/blend/task239.onnx,c00e6263e454e16f9aabb109096d20a4964279102be23550cf7a71a27cd15c28,3785,direct
jonathanchan__ngc26-constraint-smart-logic-mix-blending,task240,data/kaggle_code_single_task/extracted_onnx/jonathanchan__ngc26-constraint-smart-logic-mix-blending/task240.onnx,data/kaggle_code_single_task/outputs/jonathanchan__ngc26-constraint-smart-logic-mix-blending/tmp_build/blend/task240.onnx,faa91380b9775a3eed48bdcfe401ad8e5d1b5e2dc62a2dcb17feeafe00f6a1ce,3953,direct
jonathanchan__ngc26-constraint-smart-logic-mix-blending,task241,data/kaggle_code_single_task/extracted_onnx/jonathanchan__ngc26-constraint-smart-logic-mix-blending/task241.onnx,data/kaggle_code_single_task/outputs/jonathanchan__ngc26-constraint-smart-logic-mix-blending/tmp_build/blend/task241.onnx,bde695a21a93b9e2084a9b7e8a8bee5f2cdc694baa71a12d1c34ae921a89cb87,170,direct
jonathanchan__ngc26-constraint-smart-logic-mix-blending,task242,data/kaggle_code_single_task/extracted_onnx/jonathanchan__ngc26-constraint-smart-logic-mix-blending/task242.onnx,data/kaggle_code_single_task/outputs/jonathanchan__ngc26-constraint-smart-logic-mix-blending/tmp_build/blend/task242.onnx,83e20357e20f2c6f6f08fe4a6d0c4c9f712726d434578dad3624c4d1c1c517ac,1168,direct
jonathanchan__ngc26-constraint-smart-logic-mix-blending,task243,data/kaggle_code_single_task/extracted_onnx/jonathanchan__ngc26-constraint-smart-logic-mix-blending/task243.onnx,data/kaggle_code_single_task/outputs/jonathanchan__ngc26-constraint-smart-logic-mix-blending/tmp_build/blend/task243.onnx,d82711ed6d973d2c76345cf69ab278ecb1b2999b9c2410e8227df32d34e4dbf7,17458,direct
jonathanchan__ngc26-constraint-smart-logic-mix-blending,task244,data/kaggle_code_single_task/extracted_onnx/jonathanchan__ngc26-constraint-smart-logic-mix-blending/task244.onnx,data/kaggle_code_single_task/outputs/jonathanchan__ngc26-constraint-smart-logic-mix-blending/tmp_build/blend/task244.onnx,de51b268d313d3b91262ef223978f6b86f73f74486b779a1fd31f7c44a0234e3,4888,direct
jonathanchan__ngc26-constraint-smart-logic-mix-blending,task245,data/kaggle_code_single_task/extracted_onnx/jonathanchan__ngc26-constraint-smart-logic-mix-blending/task245.onnx,data/kaggle_code_single_task/outputs/jonathanchan__ngc26-constraint-smart-logic-mix-blending/tmp_build/blend/task245.onnx,a70e95c1b1cfcefb85b649c56a66d1cd1dc05ebda05648008e47d279d48507d0,3288,direct
jonathanchan__ngc26-constraint-smart-logic-mix-blending,task246,data/kaggle_code_single_task/extracted_onnx/jonathanchan__ngc26-constraint-smart-logic-mix-blending/task246.onnx,data/kaggle_code_single_task/outputs/jonathanchan__ngc26-constraint-smart-logic-mix-blending/tmp_build/blend/task246.onnx,d9d2747e5a580980d780b4f14092d76833999e908c06b266f1a8bd60a9923301,2621,direct
jonathanchan__ngc26-constraint-smart-logic-mix-blending,task247,data/kaggle_code_single_task/extracted_onnx/jonathanchan__ngc26-constraint-smart-logic-mix-blending/task247.onnx,data/kaggle_code_single_task/outputs/jonathanchan__ngc26-constraint-smart-logic-mix-blending/tmp_build/blend/task247.onnx,154867a34d3f97187686f0b0203e793cd245c4d443c8f2020f08084b653f30ff,2070,direct
jonathanchan__ngc26-constraint-smart-logic-mix-blending,task248,data/kaggle_code_single_task/extracted_onnx/jonathanchan__ngc26-constraint-smart-logic-mix-blending/task248.onnx,data/kaggle_code_single_task/outputs/jonathanchan__ngc26-constraint-smart-logic-mix-blending/tmp_build/blend/task248.onnx,0fbc50283f163fe9a1145f07742b32ca539346f9f696b9734dd5a41066f8094e,5365,direct
jonathanchan__ngc26-constraint-smart-logic-mix-blending,task249,data/kaggle_code_single_task/extracted_onnx/jonathanchan__ngc26-constraint-smart-logic-mix-blending/task249.onnx,data/kaggle_code_single_task/outputs/jonathanchan__ngc26-constraint-smart-logic-mix-blending/tmp_build/blend/task249.onnx,0243bf1aedf9b6f5f69e2e9f3f13d810525963390c81896f4ff9d243219d6805,1635,direct
jonathanchan__ngc26-constraint-smart-logic-mix-blending,task250,data/kaggle_code_single_task/extracted_onnx/jonathanchan__ngc26-constraint-smart-logic-mix-blending/task250.onnx,data/kaggle_code_single_task/outputs/jonathanchan__ngc26-constraint-smart-logic-mix-blending/tmp_build/blend/task250.onnx,50ab4f055a329aa6e6ab794a93e367f0c554d5ad2f44b05feb52e71f643f3c91,8401,direct
jonathanchan__ngc26-constraint-smart-logic-mix-blending,task251,data/kaggle_code_single_task/extracted_onnx/jonathanchan__ngc26-constraint-smart-logic-mix-blending/task251.onnx,data/kaggle_code_single_task/outputs/jonathanchan__ngc26-constraint-smart-logic-mix-blending/tmp_build/blend/task251.onnx,fb644b8661d5454316ddebd2eb907bf6f9d1a78e3be1d72d0bbf6f3632cf53f6,7057,direct
jonathanchan__ngc26-constraint-smart-logic-mix-blending,task252,data/kaggle_code_single_task/extracted_onnx/jonathanchan__ngc26-constraint-smart-logic-mix-blending/task252.onnx,data/kaggle_code_single_task/outputs/jonathanchan__ngc26-constraint-smart-logic-mix-blending/tmp_build/blend/task252.onnx,74756aa221a981b642e980a4ab526244a594224ba95f339f337245283441c89d,3972,direct
jonathanchan__ngc26-constraint-smart-logic-mix-blending,task253,data/kaggle_code_single_task/extracted_onnx/jonathanchan__ngc26-constraint-smart-logic-mix-blending/task253.onnx,data/kaggle_code_single_task/outputs/jonathanchan__ngc26-constraint-smart-logic-mix-blending/tmp_build/blend/task253.onnx,625a8eb1182b005f3e618c2ddc4919131af5436d69ea4cb01c9f34f75580a9c7,3015,direct
jonathanchan__ngc26-constraint-smart-logic-mix-blending,task254,data/kaggle_code_single_task/extracted_onnx/jonathanchan__ngc26-constraint-smart-logic-mix-blending/task254.onnx,data/kaggle_code_single_task/outputs/jonathanchan__ngc26-constraint-smart-logic-mix-blending/tmp_build/blend/task254.onnx,0d1b2d950ab0520b81e68df0fe01e23ac6d4ce00235478ffeceeb68551d51561,5954,direct
jonathanchan__ngc26-constraint-smart-logic-mix-blending,task255,data/kaggle_code_single_task/extracted_onnx/jonathanchan__ngc26-constraint-smart-logic-mix-blending/task255.onnx,data/kaggle_code_single_task/outputs/jonathanchan__ngc26-constraint-smart-logic-mix-blending/tmp_build/blend/task255.onnx,82e47ddd95fe4e4c81401fe0149b475195a3519b93ee8184f21b7e5bdaca1d8f,34028,direct
jonathanchan__ngc26-constraint-smart-logic-mix-blending,task256,data/kaggle_code_single_task/extracted_onnx/jonathanchan__ngc26-constraint-smart-logic-mix-blending/task256.onnx,data/kaggle_code_single_task/outputs/jonathanchan__ngc26-constraint-smart-logic-mix-blending/tmp_build/blend/task256.onnx,5c3d3ca0bdea5fe09053e234149311b4f321212979c336f18ff1d59c28fb3281,7365,direct
jonathanchan__ngc26-constraint-smart-logic-mix-blending,task257,data/kaggle_code_single_task/extracted_onnx/jonathanchan__ngc26-constraint-smart-logic-mix-blending/task257.onnx,data/kaggle_code_single_task/outputs/jonathanchan__ngc26-constraint-smart-logic-mix-blending/tmp_build/blend/task257.onnx,9f075852f6d9714a35bbc482e40acb756e71b64fadb617319c682dcde1fcfa2f,1160,direct
jonathanchan__ngc26-constraint-smart-logic-mix-blending,task258,data/kaggle_code_single_task/extracted_onnx/jonathanchan__ngc26-constraint-smart-logic-mix-blending/task258.onnx,data/kaggle_code_single_task/outputs/jonathanchan__ngc26-constraint-smart-logic-mix-blending/tmp_build/blend/task258.onnx,066e4ed09a4ceb56a740d3f2fb842ecff2a6f1ca2c66d6596b86c3a5719c4167,4469,direct
jonathanchan__ngc26-constraint-smart-logic-mix-blending,task259,data/kaggle_code_single_task/extracted_onnx/jonathanchan__ngc26-constraint-smart-logic-mix-blending/task259.onnx,data/kaggle_code_single_task/outputs/jonathanchan__ngc26-constraint-smart-logic-mix-blending/tmp_build/blend/task259.onnx,69c767433bc604f4c81ecd5dbce6a241376633ce260c33ab22c9d54b913763bc,4062,direct
jonathanchan__ngc26-constraint-smart-logic-mix-blending,task260,data/kaggle_code_single_task/extracted_onnx/jonathanchan__ngc26-constraint-smart-logic-mix-blending/task260.onnx,data/kaggle_code_single_task/outputs/jonathanchan__ngc26-constraint-smart-logic-mix-blending/tmp_build/blend/task260.onnx,dbb4ed6355d643a9945e5a9305640970364abeab94645bca2170bd518e603a99,2466,direct
jonathanchan__ngc26-constraint-smart-logic-mix-blending,task261,data/kaggle_code_single_task/extracted_onnx/jonathanchan__ngc26-constraint-smart-logic-mix-blending/task261.onnx,data/kaggle_code_single_task/outputs/jonathanchan__ngc26-constraint-smart-logic-mix-blending/tmp_build/blend/task261.onnx,c80f07276ce41f2041c772dd582610565a16bd1d85315053ffde4b066c214fcd,3834,direct
jonathanchan__ngc26-constraint-smart-logic-mix-blending,task262,data/kaggle_code_single_task/extracted_onnx/jonathanchan__ngc26-constraint-smart-logic-mix-blending/task262.onnx,data/kaggle_code_single_task/outputs/jonathanchan__ngc26-constraint-smart-logic-mix-blending/tmp_build/blend/task262.onnx,f01e25a71a5d58118c5da8e6788f8878ec322281fa0612394e88f70c71dc41f3,1308,direct
jonathanchan__ngc26-constraint-smart-logic-mix-blending,task263,data/kaggle_code_single_task/extracted_onnx/jonathanchan__ngc26-constraint-smart-logic-mix-blending/task263.onnx,data/kaggle_code_single_task/outputs/jonathanchan__ngc26-constraint-smart-logic-mix-blending/tmp_build/blend/task263.onnx,00d4b7061f6f89c61662c84427e4c561914e930ec39622d1dbd66a01484bfcc2,10939,direct
jonathanchan__ngc26-constraint-smart-logic-mix-blending,task264,data/kaggle_code_single_task/extracted_onnx/jonathanchan__ngc26-constraint-smart-logic-mix-blending/task264.onnx,data/kaggle_code_single_task/outputs/jonathanchan__ngc26-constraint-smart-logic-mix-blending/tmp_build/blend/task264.onnx,0947f2554e779ab78d0c9e32c481f82ecd97307e77a3ce92d3cad2f5d92aa0f9,11409,direct
jonathanchan__ngc26-constraint-smart-logic-mix-blending,task265,data/kaggle_code_single_task/extracted_onnx/jonathanchan__ngc26-constraint-smart-logic-mix-blending/task265.onnx,data/kaggle_code_single_task/outputs/jonathanchan__ngc26-constraint-smart-logic-mix-blending/tmp_build/blend/task265.onnx,4016c52efac407cbb39c61b786b0b930cdf3fdfc32a794cdf0ad72c9e6601a7d,2952,direct
jonathanchan__ngc26-constraint-smart-logic-mix-blending,task266,data/kaggle_code_single_task/extracted_onnx/jonathanchan__ngc26-constraint-smart-logic-mix-blending/task266.onnx,data/kaggle_code_single_task/outputs/jonathanchan__ngc26-constraint-smart-logic-mix-blending/tmp_build/blend/task266.onnx,ef6323c27c72697e365058250a8ec6a621d479ce93fd92e912581bb7c47bee6a,2465,direct
jonathanchan__ngc26-constraint-smart-logic-mix-blending,task267,data/kaggle_code_single_task/extracted_onnx/jonathanchan__ngc26-constraint-smart-logic-mix-blending/task267.onnx,data/kaggle_code_single_task/outputs/jonathanchan__ngc26-constraint-smart-logic-mix-blending/tmp_build/blend/task267.onnx,20188b97b3d16e2b8fba503df20c20f7a65b2b6f4e31ac67e56b1d15bbd1d5d2,1321,direct
jonathanchan__ngc26-constraint-smart-logic-mix-blending,task268,data/kaggle_code_single_task/extracted_onnx/jonathanchan__ngc26-constraint-smart-logic-mix-blending/task268.onnx,data/kaggle_code_single_task/outputs/jonathanchan__ngc26-constraint-smart-logic-mix-blending/tmp_build/blend/task268.onnx,7b745c5d051f7ffc556bae9bd3feefec14bb325616ae740945f4b5bcf56ac742,18815,direct
jonathanchan__ngc26-constraint-smart-logic-mix-blending,task269,data/kaggle_code_single_task/extracted_onnx/jonathanchan__ngc26-constraint-smart-logic-mix-blending/task269.onnx,data/kaggle_code_single_task/outputs/jonathanchan__ngc26-constraint-smart-logic-mix-blending/tmp_build/blend/task269.onnx,ea6984a05ac879514b4fc5121c0706ad400ee5f71092f19ac1e48c6ca00faba2,51942,direct
jonathanchan__ngc26-constraint-smart-logic-mix-blending,task270,data/kaggle_code_single_task/extracted_onnx/jonathanchan__ngc26-constraint-smart-logic-mix-blending/task270.onnx,data/kaggle_code_single_task/outputs/jonathanchan__ngc26-constraint-smart-logic-mix-blending/tmp_build/blend/task270.onnx,de4452f5ceb78efb5ed81c15ccd96957c4aebe7e91c0419c5f82fd254e1c63f3,10862,direct
jonathanchan__ngc26-constraint-smart-logic-mix-blending,task271,data/kaggle_code_single_task/extracted_onnx/jonathanchan__ngc26-constraint-smart-logic-mix-blending/task271.onnx,data/kaggle_code_single_task/outputs/jonathanchan__ngc26-constraint-smart-logic-mix-blending/tmp_build/blend/task271.onnx,331f9b01bf9a980eccf086e2f302b55a3b11a8ca68000bac2214611c6992c604,1432,direct
jonathanchan__ngc26-constraint-smart-logic-mix-blending,task272,data/kaggle_code_single_task/extracted_onnx/jonathanchan__ngc26-constraint-smart-logic-mix-blending/task272.onnx,data/kaggle_code_single_task/outputs/jonathanchan__ngc26-constraint-smart-logic-mix-blending/tmp_build/blend/task272.onnx,7a9bee2aebffefddabebac22444aa096a4838b2cc97007adb7c557119ba12b6e,1297,direct
jonathanchan__ngc26-constraint-smart-logic-mix-blending,task273,data/kaggle_code_single_task/extracted_onnx/jonathanchan__ngc26-constraint-smart-logic-mix-blending/task273.onnx,data/kaggle_code_single_task/outputs/jonathanchan__ngc26-constraint-smart-logic-mix-blending/tmp_build/blend/task273.onnx,0fc6948e53fa1b55ae96fee0085f9aed8dd4e6b2f9b41ec224193c9496715bac,1645,direct
jonathanchan__ngc26-constraint-smart-logic-mix-blending,task274,data/kaggle_code_single_task/extracted_onnx/jonathanchan__ngc26-constraint-smart-logic-mix-blending/task274.onnx,data/kaggle_code_single_task/outputs/jonathanchan__ngc26-constraint-smart-logic-mix-blending/tmp_build/blend/task274.onnx,16c49e95823e84f06ed23b008793cf2734b79a98dc2eec7948735d763d5ec465,3619,direct
jonathanchan__ngc26-constraint-smart-logic-mix-blending,task275,data/kaggle_code_single_task/extracted_onnx/jonathanchan__ngc26-constraint-smart-logic-mix-blending/task275.onnx,data/kaggle_code_single_task/outputs/jonathanchan__ngc26-constraint-smart-logic-mix-blending/tmp_build/blend/task275.onnx,0ee06b9f6c025323b22cdc706715d8aef07323414d05c6144405cd90ca9cc1f2,29458,direct
jonathanchan__ngc26-constraint-smart-logic-mix-blending,task276,data/kaggle_code_single_task/extracted_onnx/jonathanchan__ngc26-constraint-smart-logic-mix-blending/task276.onnx,data/kaggle_code_single_task/outputs/jonathanchan__ngc26-constraint-smart-logic-mix-blending/tmp_build/blend/task276.onnx,2a3e881ae92099c36f1955bdf96ca1e9f77a4ef3d1d3eb58c63eccc80a655c7e,217,direct
jonathanchan__ngc26-constraint-smart-logic-mix-blending,task277,data/kaggle_code_single_task/extracted_onnx/jonathanchan__ngc26-constraint-smart-logic-mix-blending/task277.onnx,data/kaggle_code_single_task/outputs/jonathanchan__ngc26-constraint-smart-logic-mix-blending/tmp_build/blend/task277.onnx,871c1177692ad6dec9ff6ad20e58a72b638dea970c8e3c7419a376b5fbc397ea,146657,direct
jonathanchan__ngc26-constraint-smart-logic-mix-blending,task278,data/kaggle_code_single_task/extracted_onnx/jonathanchan__ngc26-constraint-smart-logic-mix-blending/task278.onnx,data/kaggle_code_single_task/outputs/jonathanchan__ngc26-constraint-smart-logic-mix-blending/tmp_build/blend/task278.onnx,b89f8aad46e714dc6736f3595d8d10537637f7f94c92ed7b4405deae1e0600ee,2853,direct
jonathanchan__ngc26-constraint-smart-logic-mix-blending,task279,data/kaggle_code_single_task/extracted_onnx/jonathanchan__ngc26-constraint-smart-logic-mix-blending/task279.onnx,data/kaggle_code_single_task/outputs/jonathanchan__ngc26-constraint-smart-logic-mix-blending/tmp_build/blend/task279.onnx,12063920c658a23b42ae5b5865dd3a166694bf4f59eb957fc8678a3712d0cbfc,4651,direct
jonathanchan__ngc26-constraint-smart-logic-mix-blending,task280,data/kaggle_code_single_task/extracted_onnx/jonathanchan__ngc26-constraint-smart-logic-mix-blending/task280.onnx,data/kaggle_code_single_task/outputs/jonathanchan__ngc26-constraint-smart-logic-mix-blending/tmp_build/blend/task280.onnx,79041a36af5a2d82cf8304be0c96106b16e0855e3da59632f22a37ce83900080,11540,direct
jonathanchan__ngc26-constraint-smart-logic-mix-blending,task281,data/kaggle_code_single_task/extracted_onnx/jonathanchan__ngc26-constraint-smart-logic-mix-blending/task281.onnx,data/kaggle_code_single_task/outputs/jonathanchan__ngc26-constraint-smart-logic-mix-blending/tmp_build/blend/task281.onnx,b216e52a937882b4d823fd19e0b3c25ba6bf46a2c5ad5a60dcd435248e353e9a,5896,direct
jonathanchan__ngc26-constraint-smart-logic-mix-blending,task282,data/kaggle_code_single_task/extracted_onnx/jonathanchan__ngc26-constraint-smart-logic-mix-blending/task282.onnx,data/kaggle_code_single_task/outputs/jonathanchan__ngc26-constraint-smart-logic-mix-blending/tmp_build/blend/task282.onnx,da37ec0d207ad711f56378ddee8bd382bc2755168c7cdc6ce5ba3468a9695c7d,3834,direct
jonathanchan__ngc26-constraint-smart-logic-mix-blending,task283,data/kaggle_code_single_task/extracted_onnx/jonathanchan__ngc26-constraint-smart-logic-mix-blending/task283.onnx,data/kaggle_code_single_task/outputs/jonathanchan__ngc26-constraint-smart-logic-mix-blending/tmp_build/blend/task283.onnx,a0d172c962d0ea990b36524ac87e5e80e8255e707323c7f816a4766274dccb8f,6311,direct
jonathanchan__ngc26-constraint-smart-logic-mix-blending,task284,data/kaggle_code_single_task/extracted_onnx/jonathanchan__ngc26-constraint-smart-logic-mix-blending/task284.onnx,data/kaggle_code_single_task/outputs/jonathanchan__ngc26-constraint-smart-logic-mix-blending/tmp_build/blend/task284.onnx,68e260fc6f955ff3a1b86405f0428f47dba66b0c90f7efc3ce76ec6d7da8aecc,4304,direct
jonathanchan__ngc26-constraint-smart-logic-mix-blending,task285,data/kaggle_code_single_task/extracted_onnx/jonathanchan__ngc26-constraint-smart-logic-mix-blending/task285.onnx,data/kaggle_code_single_task/outputs/jonathanchan__ngc26-constraint-smart-logic-mix-blending/tmp_build/blend/task285.onnx,a11adaebc6ba03aef9f4be27971e055aa555b387933f6aa535efdb77384bf738,98389,direct
jonathanchan__ngc26-constraint-smart-logic-mix-blending,task286,data/kaggle_code_single_task/extracted_onnx/jonathanchan__ngc26-constraint-smart-logic-mix-blending/task286.onnx,data/kaggle_code_single_task/outputs/jonathanchan__ngc26-constraint-smart-logic-mix-blending/tmp_build/blend/task286.onnx,d0aa331f48d38c57963a81e41f9d3a9f057d5c0a830c3084c989b5a8a032b7cf,14953,direct
jonathanchan__ngc26-constraint-smart-logic-mix-blending,task287,data/kaggle_code_single_task/extracted_onnx/jonathanchan__ngc26-constraint-smart-logic-mix-blending/task287.onnx,data/kaggle_code_single_task/outputs/jonathanchan__ngc26-constraint-smart-logic-mix-blending/tmp_build/blend/task287.onnx,10461e327b685cde4138dd5ffd42d957e0ba71c11cdfdf1ae5d1734466675a3e,1011,direct
jonathanchan__ngc26-constraint-smart-logic-mix-blending,task288,data/kaggle_code_single_task/extracted_onnx/jonathanchan__ngc26-constraint-smart-logic-mix-blending/task288.onnx,data/kaggle_code_single_task/outputs/jonathanchan__ngc26-constraint-smart-logic-mix-blending/tmp_build/blend/task288.onnx,a382d6acfc799fe312f07bb209f8f308dca972dc83bf7e7593c02de657283e6d,7578,direct
jonathanchan__ngc26-constraint-smart-logic-mix-blending,task289,data/kaggle_code_single_task/extracted_onnx/jonathanchan__ngc26-constraint-smart-logic-mix-blending/task289.onnx,data/kaggle_code_single_task/outputs/jonathanchan__ngc26-constraint-smart-logic-mix-blending/tmp_build/blend/task289.onnx,3ea942b89d2bf334ac665097b7ec29f850649ea07362b84dd55ffd44448809db,2005,direct
jonathanchan__ngc26-constraint-smart-logic-mix-blending,task290,data/kaggle_code_single_task/extracted_onnx/jonathanchan__ngc26-constraint-smart-logic-mix-blending/task290.onnx,data/kaggle_code_single_task/outputs/jonathanchan__ngc26-constraint-smart-logic-mix-blending/tmp_build/blend/task290.onnx,e46376c2a806645dff26a7e711a46c5a00fd9fbc6b83d03df6a25e408875db16,1846,direct
jonathanchan__ngc26-constraint-smart-logic-mix-blending,task291,data/kaggle_code_single_task/extracted_onnx/jonathanchan__ngc26-constraint-smart-logic-mix-blending/task291.onnx,data/kaggle_code_single_task/outputs/jonathanchan__ngc26-constraint-smart-logic-mix-blending/tmp_build/blend/task291.onnx,2f3934201a13be255ecdc6b094c335d207507ae094024cbe8e305bea895b1b84,5900,direct
jonathanchan__ngc26-constraint-smart-logic-mix-blending,task292,data/kaggle_code_single_task/extracted_onnx/jonathanchan__ngc26-constraint-smart-logic-mix-blending/task292.onnx,data/kaggle_code_single_task/outputs/jonathanchan__ngc26-constraint-smart-logic-mix-blending/tmp_build/blend/task292.onnx,1335cf09295b1062beba0482f7e8ae610b14880fcebf1487e0085f852a1c6c6f,1209,direct
jonathanchan__ngc26-constraint-smart-logic-mix-blending,task293,data/kaggle_code_single_task/extracted_onnx/jonathanchan__ngc26-constraint-smart-logic-mix-blending/task293.onnx,data/kaggle_code_single_task/outputs/jonathanchan__ngc26-constraint-smart-logic-mix-blending/tmp_build/blend/task293.onnx,fa50fb98a55357f13dca0f7b3bbb46036109f6783929d8e31849258ed0b9a8d4,7175,direct
jonathanchan__ngc26-constraint-smart-logic-mix-blending,task294,data/kaggle_code_single_task/extracted_onnx/jonathanchan__ngc26-constraint-smart-logic-mix-blending/task294.onnx,data/kaggle_code_single_task/outputs/jonathanchan__ngc26-constraint-smart-logic-mix-blending/tmp_build/blend/task294.onnx,5d2b9e1f8fb716212b88b130e4882a5325074f3aa172e8019b75b64df51e7dea,1220,direct
jonathanchan__ngc26-constraint-smart-logic-mix-blending,task295,data/kaggle_code_single_task/extracted_onnx/jonathanchan__ngc26-constraint-smart-logic-mix-blending/task295.onnx,data/kaggle_code_single_task/outputs/jonathanchan__ngc26-constraint-smart-logic-mix-blending/tmp_build/blend/task295.onnx,d252d62850f23b44badae5e6be1347a77947d1077338ae9910c6ef946b45459a,1994,direct
jonathanchan__ngc26-constraint-smart-logic-mix-blending,task296,data/kaggle_code_single_task/extracted_onnx/jonathanchan__ngc26-constraint-smart-logic-mix-blending/task296.onnx,data/kaggle_code_single_task/outputs/jonathanchan__ngc26-constraint-smart-logic-mix-blending/tmp_build/blend/task296.onnx,6784f3ab0a2ae11e432a14bfcb09f4381d6851f2a9f8b7e33c541a2af7153093,2704,direct
jonathanchan__ngc26-constraint-smart-logic-mix-blending,task297,data/kaggle_code_single_task/extracted_onnx/jonathanchan__ngc26-constraint-smart-logic-mix-blending/task297.onnx,data/kaggle_code_single_task/outputs/jonathanchan__ngc26-constraint-smart-logic-mix-blending/tmp_build/blend/task297.onnx,463776d625e33e90accd9011e1be021588bc71911c5487ed9960716d1d661d3d,18520,direct
jonathanchan__ngc26-constraint-smart-logic-mix-blending,task298,data/kaggle_code_single_task/extracted_onnx/jonathanchan__ngc26-constraint-smart-logic-mix-blending/task298.onnx,data/kaggle_code_single_task/outputs/jonathanchan__ngc26-constraint-smart-logic-mix-blending/tmp_build/blend/task298.onnx,167f97e8ea16a43fcccb630b807413f3e3563483f7a98c3bed2e56fd96e862c5,4216,direct
jonathanchan__ngc26-constraint-smart-logic-mix-blending,task299,data/kaggle_code_single_task/extracted_onnx/jonathanchan__ngc26-constraint-smart-logic-mix-blending/task299.onnx,data/kaggle_code_single_task/outputs/jonathanchan__ngc26-constraint-smart-logic-mix-blending/tmp_build/blend/task299.onnx,34526c15cc5a9d658ca3a0bfe0fc3631dec4d5a9037b6d6a7d1e19f1d98b16d5,1387,direct
jonathanchan__ngc26-constraint-smart-logic-mix-blending,task300,data/kaggle_code_single_task/extracted_onnx/jonathanchan__ngc26-constraint-smart-logic-mix-blending/task300.onnx,data/kaggle_code_single_task/outputs/jonathanchan__ngc26-constraint-smart-logic-mix-blending/tmp_build/blend/task300.onnx,7cb4e3c9e1bc0b91f5513a0adfd42844bd7b2d3a54fb6e34179339727c48d702,4533,direct
jonathanchan__ngc26-constraint-smart-logic-mix-blending,task301,data/kaggle_code_single_task/extracted_onnx/jonathanchan__ngc26-constraint-smart-logic-mix-blending/task301.onnx,data/kaggle_code_single_task/outputs/jonathanchan__ngc26-constraint-smart-logic-mix-blending/tmp_build/blend/task301.onnx,c59e075441d2802a92f6c4ec2ce9dcebe9e5508a212c24d829bc41a4e4a37f11,19286,direct
jonathanchan__ngc26-constraint-smart-logic-mix-blending,task302,data/kaggle_code_single_task/extracted_onnx/jonathanchan__ngc26-constraint-smart-logic-mix-blending/task302.onnx,data/kaggle_code_single_task/outputs/jonathanchan__ngc26-constraint-smart-logic-mix-blending/tmp_build/blend/task302.onnx,ac6c2855939275682800c572700f58a30e908ba22fcef12d8f056f7ce66f7a12,2439,direct
jonathanchan__ngc26-constraint-smart-logic-mix-blending,task303,data/kaggle_code_single_task/extracted_onnx/jonathanchan__ngc26-constraint-smart-logic-mix-blending/task303.onnx,data/kaggle_code_single_task/outputs/jonathanchan__ngc26-constraint-smart-logic-mix-blending/tmp_build/blend/task303.onnx,eba6ad1cee1eeac2b7391e4002dd00caa364003a2824829d027955dc08c5b288,1855,direct
jonathanchan__ngc26-constraint-smart-logic-mix-blending,task304,data/kaggle_code_single_task/extracted_onnx/jonathanchan__ngc26-constraint-smart-logic-mix-blending/task304.onnx,data/kaggle_code_single_task/outputs/jonathanchan__ngc26-constraint-smart-logic-mix-blending/tmp_build/blend/task304.onnx,775cc108b347f3b022f8f9874f4270a0316a697d354c095b19b632da894794a2,1557,direct
jonathanchan__ngc26-constraint-smart-logic-mix-blending,task305,data/kaggle_code_single_task/extracted_onnx/jonathanchan__ngc26-constraint-smart-logic-mix-blending/task305.onnx,data/kaggle_code_single_task/outputs/jonathanchan__ngc26-constraint-smart-logic-mix-blending/tmp_build/blend/task305.onnx,49dd24a90eec27bbb7521bbcef5e2e345cb1ddaf830f21a7f00fe20196dcd8cd,1683,direct
jonathanchan__ngc26-constraint-smart-logic-mix-blending,task306,data/kaggle_code_single_task/extracted_onnx/jonathanchan__ngc26-constraint-smart-logic-mix-blending/task306.onnx,data/kaggle_code_single_task/outputs/jonathanchan__ngc26-constraint-smart-logic-mix-blending/tmp_build/blend/task306.onnx,d11bca0a45f88edd0740155b1899e9c561b4cd126d13e172f0fadc0202b70191,2992,direct
jonathanchan__ngc26-constraint-smart-logic-mix-blending,task307,data/kaggle_code_single_task/extracted_onnx/jonathanchan__ngc26-constraint-smart-logic-mix-blending/task307.onnx,data/kaggle_code_single_task/outputs/jonathanchan__ngc26-constraint-smart-logic-mix-blending/tmp_build/blend/task307.onnx,badc5326d1acd892c77212fc876a3f3192e5b67a9806ab111d1e9589eff70706,7454,direct
jonathanchan__ngc26-constraint-smart-logic-mix-blending,task308,data/kaggle_code_single_task/extracted_onnx/jonathanchan__ngc26-constraint-smart-logic-mix-blending/task308.onnx,data/kaggle_code_single_task/outputs/jonathanchan__ngc26-constraint-smart-logic-mix-blending/tmp_build/blend/task308.onnx,5ae6717e2aae14b7489221acc8b14d2ffc19503c4cda9ff7b2bf03580f817a47,16770,direct
jonathanchan__ngc26-constraint-smart-logic-mix-blending,task309,data/kaggle_code_single_task/extracted_onnx/jonathanchan__ngc26-constraint-smart-logic-mix-blending/task309.onnx,data/kaggle_code_single_task/outputs/jonathanchan__ngc26-constraint-smart-logic-mix-blending/tmp_build/blend/task309.onnx,c47b834e65872a11ec0cda3c8246948b8365f81f916610b49ed07267815733d9,217,direct
jonathanchan__ngc26-constraint-smart-logic-mix-blending,task310,data/kaggle_code_single_task/extracted_onnx/jonathanchan__ngc26-constraint-smart-logic-mix-blending/task310.onnx,data/kaggle_code_single_task/outputs/jonathanchan__ngc26-constraint-smart-logic-mix-blending/tmp_build/blend/task310.onnx,a81e619b8bbb488bbcbe3a3b07c322c1ddf27b27bf08a93f2f74c9b5077100cc,4108,direct
jonathanchan__ngc26-constraint-smart-logic-mix-blending,task311,data/kaggle_code_single_task/extracted_onnx/jonathanchan__ngc26-constraint-smart-logic-mix-blending/task311.onnx,data/kaggle_code_single_task/outputs/jonathanchan__ngc26-constraint-smart-logic-mix-blending/tmp_build/blend/task311.onnx,250771b94d3db4658d4ac04e3bd9a0740f2af0f3aba0bb9b5df4d6181bb470d4,479,direct
jonathanchan__ngc26-constraint-smart-logic-mix-blending,task312,data/kaggle_code_single_task/extracted_onnx/jonathanchan__ngc26-constraint-smart-logic-mix-blending/task312.onnx,data/kaggle_code_single_task/outputs/jonathanchan__ngc26-constraint-smart-logic-mix-blending/tmp_build/blend/task312.onnx,8dcb59b56593d38c9ceef42fa06033c6a1d4b28ea77cb10a2ae874a5f5796c42,788,direct
jonathanchan__ngc26-constraint-smart-logic-mix-blending,task313,data/kaggle_code_single_task/extracted_onnx/jonathanchan__ngc26-constraint-smart-logic-mix-blending/task313.onnx,data/kaggle_code_single_task/outputs/jonathanchan__ngc26-constraint-smart-logic-mix-blending/tmp_build/blend/task313.onnx,7adfea94c0c80e8152bf9075c7143e34daebe712d65183bd2288423d04723eda,39848,direct
jonathanchan__ngc26-constraint-smart-logic-mix-blending,task314,data/kaggle_code_single_task/extracted_onnx/jonathanchan__ngc26-constraint-smart-logic-mix-blending/task314.onnx,data/kaggle_code_single_task/outputs/jonathanchan__ngc26-constraint-smart-logic-mix-blending/tmp_build/blend/task314.onnx,195d5a33edf6e72adf23ed54dfebfe1b907fedf8d8c0f1154dc47e3364b27917,28158,direct
jonathanchan__ngc26-constraint-smart-logic-mix-blending,task315,data/kaggle_code_single_task/extracted_onnx/jonathanchan__ngc26-constraint-smart-logic-mix-blending/task315.onnx,data/kaggle_code_single_task/outputs/jonathanchan__ngc26-constraint-smart-logic-mix-blending/tmp_build/blend/task315.onnx,cb0316238d24e533f80e9f00c901743dec48cf354f32549e9e30f544255f7043,1210,direct
jonathanchan__ngc26-constraint-smart-logic-mix-blending,task316,data/kaggle_code_single_task/extracted_onnx/jonathanchan__ngc26-constraint-smart-logic-mix-blending/task316.onnx,data/kaggle_code_single_task/outputs/jonathanchan__ngc26-constraint-smart-logic-mix-blending/tmp_build/blend/task316.onnx,4ec1e4eb2f0868e992abe072987ac86b86b3609a20058b8fc7a9ed70d2e871bb,3697,direct
jonathanchan__ngc26-constraint-smart-logic-mix-blending,task317,data/kaggle_code_single_task/extracted_onnx/jonathanchan__ngc26-constraint-smart-logic-mix-blending/task317.onnx,data/kaggle_code_single_task/outputs/jonathanchan__ngc26-constraint-smart-logic-mix-blending/tmp_build/blend/task317.onnx,390e12861cf9709b979e33cd84ab48a52466bbb803e1e5030504a648a9335d85,3834,direct
jonathanchan__ngc26-constraint-smart-logic-mix-blending,task318,data/kaggle_code_single_task/extracted_onnx/jonathanchan__ngc26-constraint-smart-logic-mix-blending/task318.onnx,data/kaggle_code_single_task/outputs/jonathanchan__ngc26-constraint-smart-logic-mix-blending/tmp_build/blend/task318.onnx,0f0e1cc889d63f42652ae214a83970b146ce34b29842893d70be0087b61ec612,1560,direct
jonathanchan__ngc26-constraint-smart-logic-mix-blending,task319,data/kaggle_code_single_task/extracted_onnx/jonathanchan__ngc26-constraint-smart-logic-mix-blending/task319.onnx,data/kaggle_code_single_task/outputs/jonathanchan__ngc26-constraint-smart-logic-mix-blending/tmp_build/blend/task319.onnx,2bcedd1b7b5d14261ecef5da7957a6158efa620aeb7d1a4c265d071bd9a2d0f8,11412,direct
jonathanchan__ngc26-constraint-smart-logic-mix-blending,task320,data/kaggle_code_single_task/extracted_onnx/jonathanchan__ngc26-constraint-smart-logic-mix-blending/task320.onnx,data/kaggle_code_single_task/outputs/jonathanchan__ngc26-constraint-smart-logic-mix-blending/tmp_build/blend/task320.onnx,8b7c0aaaef9a9c8a8e09fd16445415ba8a54d77f6a65ae1a19d3ef1076c5c0ad,1491,direct
jonathanchan__ngc26-constraint-smart-logic-mix-blending,task321,data/kaggle_code_single_task/extracted_onnx/jonathanchan__ngc26-constraint-smart-logic-mix-blending/task321.onnx,data/kaggle_code_single_task/outputs/jonathanchan__ngc26-constraint-smart-logic-mix-blending/tmp_build/blend/task321.onnx,8b31b3681de2b1b36d1b4d724facb553b9304e288d48403faa63cc90a820080c,1931,direct
jonathanchan__ngc26-constraint-smart-logic-mix-blending,task322,data/kaggle_code_single_task/extracted_onnx/jonathanchan__ngc26-constraint-smart-logic-mix-blending/task322.onnx,data/kaggle_code_single_task/outputs/jonathanchan__ngc26-constraint-smart-logic-mix-blending/tmp_build/blend/task322.onnx,230304fec46942f8ad10249ce0e35ea6bba563ca22ef535a9767f27624dbd55c,968,direct
jonathanchan__ngc26-constraint-smart-logic-mix-blending,task323,data/kaggle_code_single_task/extracted_onnx/jonathanchan__ngc26-constraint-smart-logic-mix-blending/task323.onnx,data/kaggle_code_single_task/outputs/jonathanchan__ngc26-constraint-smart-logic-mix-blending/tmp_build/blend/task323.onnx,0da2b038a567bc3316a9bec1f619e38a11d3a628b3a6da6c441433d3afd58af6,6507,direct
jonathanchan__ngc26-constraint-smart-logic-mix-blending,task324,data/kaggle_code_single_task/extracted_onnx/jonathanchan__ngc26-constraint-smart-logic-mix-blending/task324.onnx,data/kaggle_code_single_task/outputs/jonathanchan__ngc26-constraint-smart-logic-mix-blending/tmp_build/blend/task324.onnx,76727fc58237d4301bc9593c7f326ba6cab9f445f57c54ccbea1461a66bce022,92671,direct
jsrdcht__6029-09-lb-neurogolf-all-task-onnx-solution,,,data/kaggle_code_single_task/outputs/jsrdcht__6029-09-lb-neurogolf-all-task-onnx-solution/submission.zip,,,zip_error:TypeError:unsupported operand type(s) for +: 'WindowsPath' and 'str'
karnakbaevarthur__all-task-description-analysis,,,data/kaggle_code_single_task/outputs/karnakbaevarthur__all-task-description-analysis/merged_submission.zip,,,zip_error:TypeError:unsupported operand type(s) for +: 'WindowsPath' and 'str'
massimilianoghiotto__eda-111-best-public-score,,,data/kaggle_code_single_task/outputs/massimilianoghiotto__eda-111-best-public-score/submission.zip,,,zip_error:TypeError:unsupported operand type(s) for +: 'WindowsPath' and 'str'
octaviograu__6154-71-onnx-rewrites-hand-built-solvers,,,data/kaggle_code_single_task/outputs/octaviograu__6154-71-onnx-rewrites-hand-built-solvers/submission.zip,,,zip_error:TypeError:unsupported operand type(s) for +: 'WindowsPath' and 'str'
octaviograu__6154-71-onnx-rewrites-hand-built-solvers,task277,data/kaggle_code_single_task/extracted_onnx/octaviograu__6154-71-onnx-rewrites-hand-built-solvers/task277.onnx,data/kaggle_code_single_task/outputs/octaviograu__6154-71-onnx-rewrites-hand-built-solvers/task277.onnx,4ba10094ab644bd00a43848daa3b3e1e84dcbc3bcdaf9f967e3ab47aa7866295,7325,direct
octaviograu__6154-71-onnx-rewrites-hand-built-solvers,task330,data/kaggle_code_single_task/extracted_onnx/octaviograu__6154-71-onnx-rewrites-hand-built-solvers/task330.onnx,data/kaggle_code_single_task/outputs/octaviograu__6154-71-onnx-rewrites-hand-built-solvers/task330.onnx,675442c846426a26e2d6628d2ecff7a4ce11e1c850e4f58075542b7b8be05c53,7543,direct
octaviograu__6154-71-onnx-rewrites-hand-built-solvers,task364,data/kaggle_code_single_task/extracted_onnx/octaviograu__6154-71-onnx-rewrites-hand-built-solvers/task364.onnx,data/kaggle_code_single_task/outputs/octaviograu__6154-71-onnx-rewrites-hand-built-solvers/task364.onnx,a3310d1fdc99d0e933254397520aedda3b4bf19eb9f13d79c923587bc649c0d3,10890,direct
vyankteshdwivedi__neurogolf-multi-source-onnx-solver,,,data/kaggle_code_single_task/outputs/vyankteshdwivedi__neurogolf-multi-source-onnx-solver/submission.zip,,,zip_error:TypeError:unsupported operand type(s) for +: 'WindowsPath' and 'str'
