task_num,task_id,arc_task_id,task_name,current_onnx_path,onnx_exists,onnx_sha256,onnx_file_size_bytes,params,memory_bytes,macs,total_cost,current_score,correctness,verify_error,train_pass,train_total,test_pass,test_total,arcgen_pass,arcgen_total,python_solver_pass,python_solver_total,onnx_pass,onnx_total,official_verify_status,public_score,target_score,gap_to_target,best_known_score,best_known_source,candidate_id,source_type,solver_source_path,compiler_source_path,rule_status,rule_summary,first_fail_case,fail_reason,failure_type,recoverability,onnx_template_candidate,estimated_gain,priority,safe_to_submit,last_scored_at,last_updated_at,notes
1,task001,007bbfb7,,submissions/candidates/GOLF_20260609_060_arc_dsl_task057_single_object_hconcat/onnx/task001.onnx,true,80f114c73f22f7ad157c399acec303cc928f614e6e5dfb9967b3a921c1f641e2,1082.0,24.0,2819.0,,2843.0,17.047384888349,pass,,5.0,5.0,1.0,1.0,262.0,262.0,40.0,40.0,268.0,268.0,pass,,25.0,7.952615111650999,17.047384888349,current,current,unknown,external/arc_dsl/solvers.py,,unknown,,,,none,unknown,not_obvious,7.952615111650999,15.90523,true,2026-06-09T18:20:48,2026-06-09T18:46:48,
2,task002,00d62c1b,,submissions/candidates/GOLF_20260609_060_arc_dsl_task057_single_object_hconcat/onnx/task002.onnx,true,061d2e2653a43e3b6ab1a7b4546a48b6ffa65b23790106ab1742676020c96040,14560.0,93.0,97200.0,,97293.0,13.514517676859928,pass,,5.0,5.0,1.0,1.0,262.0,262.0,40.0,40.0,268.0,268.0,pass,,25.0,11.485482323140072,13.514517676859928,current,current,unknown,external/arc_dsl/solvers.py,,unknown,,,,none,medium,not_obvious,11.485482323140072,22.970965,true,2026-06-09T18:20:48,2026-06-09T18:46:48,
3,task003,017c7c7b,,submissions/candidates/GOLF_20260609_060_arc_dsl_task057_single_object_hconcat/onnx/task003.onnx,true,a41ad7e3efe23c97497862dd91ea554f505de1047f4dd0eda52d917136dde6c3,5000.0,18.0,1172.0,,1190.0,17.918291413894426,pass,,3.0,3.0,1.0,1.0,261.0,261.0,40.0,40.0,265.0,265.0,pass,,25.0,7.081708586105574,17.918291413894426,current,current,unknown,external/arc_dsl/solvers.py,,unknown,,,,none,unknown,not_obvious,7.081708586105574,14.163417,true,2026-06-09T18:20:50,2026-06-09T18:46:48,
4,task004,025d127b,,submissions/candidates/GOLF_20260609_060_arc_dsl_task057_single_object_hconcat/onnx/task004.onnx,true,fc9ef5d39847fe678249f3dd2ef4701d2d49b2afb4c27c424b79b6f9967ca118,2522.0,1020.0,54000.0,,55020.0,14.084547965521434,pass,,2.0,2.0,1.0,1.0,262.0,262.0,40.0,40.0,265.0,265.0,pass,,25.0,10.915452034478566,14.084547965521434,current,current,unknown,external/arc_dsl/solvers.py,,unknown,,,,none,medium,not_obvious,10.915452034478566,21.830904,true,2026-06-09T18:20:50,2026-06-09T18:46:48,
5,task005,045e512c,,submissions/candidates/GOLF_20260609_060_arc_dsl_task057_single_object_hconcat/onnx/task005.onnx,true,c989d743986f147d63585c2e22e752e367106ddc6985982b435a33567b89a2b6,10910.0,336.0,116889.0,,117225.0,13.328149556042213,pass,,3.0,3.0,1.0,1.0,262.0,262.0,38.0,40.0,266.0,266.0,pass,,25.0,11.671850443957787,13.328149556042213,current,current,unknown,external/arc_dsl/solvers.py,,unknown,,,,none,medium,not_obvious,11.671850443957787,23.343701,true,2026-06-09T18:20:51,2026-06-09T18:46:48,
6,task006,0520fde7,,submissions/candidates/GOLF_20260609_060_arc_dsl_task057_single_object_hconcat/onnx/task006.onnx,true,17e048671c7f056a80feba6875cdbb34da1521c36887cfdb399f371d8d5e163c,1124.0,47.0,1584.0,,1631.0,17.603051397378987,pass,,3.0,3.0,1.0,1.0,262.0,262.0,12.0,40.0,266.0,266.0,pass,,25.0,7.396948602621013,17.603051397378987,current,current,unknown,external/arc_dsl/solvers.py,,unknown,,,,none,unknown,not_obvious,7.396948602621013,14.793897,true,2026-06-09T18:20:53,2026-06-09T18:46:48,
7,task007,05269061,,submissions/candidates/GOLF_20260609_060_arc_dsl_task057_single_object_hconcat/onnx/task007.onnx,true,6df9108f0aec1564c4fd08e1e738288d4247e6be0f49919ed6a106278d0c3981,1258.0,31.0,7240.0,,7271.0,16.108350887349943,pass,,3.0,3.0,1.0,1.0,262.0,262.0,40.0,40.0,266.0,266.0,pass,,25.0,8.891649112650057,16.108350887349943,current,current,unknown,external/arc_dsl/solvers.py,,unknown,,,,none,unknown,not_obvious,8.891649112650057,17.783298,true,2026-06-09T18:20:53,2026-06-09T18:46:48,
8,task008,05f2a901,,submissions/candidates/GOLF_20260609_060_arc_dsl_task057_single_object_hconcat/onnx/task008.onnx,true,3c6eac13ad355d3b5eef5aeafb8684986bd72b09d2d4270a9db362d33aedc6f9,7647.0,60.0,23228.0,,23288.0,14.94430651457454,pass,,3.0,3.0,1.0,1.0,262.0,262.0,32.0,40.0,266.0,266.0,pass,,25.0,10.05569348542546,14.94430651457454,current,current,unknown,external/arc_dsl/solvers.py,,unknown,,,,none,unknown,not_obvious,10.05569348542546,20.111387,true,2026-06-09T18:20:53,2026-06-09T18:46:48,
9,task009,06df4c85,,submissions/candidates/GOLF_20260609_060_arc_dsl_task057_single_object_hconcat/onnx/task009.onnx,true,2043f559e1ee947e2533c1ca00c25a699daed5b516d1bb4bf3515822ea52518d,30956.0,3841.0,77400.0,,81241.0,13.69482467517415,pass,,3.0,3.0,1.0,1.0,261.0,261.0,40.0,40.0,265.0,265.0,pass,,25.0,11.30517532482585,13.69482467517415,current,current,unknown,external/arc_dsl/solvers.py,,unknown,,,,none,medium,not_obvious,11.30517532482585,22.610351,true,2026-06-09T18:20:54,2026-06-09T18:46:48,
10,task010,08ed6ac7,,submissions/candidates/GOLF_20260609_060_arc_dsl_task057_single_object_hconcat/onnx/task010.onnx,true,31e8b795ba465955855e8265a882e7fb47a3eeb2b779fa316c16c2bd0905d4cd,6176.0,76.0,4939.0,,5015.0,16.479811299603966,pass,,2.0,2.0,1.0,1.0,262.0,262.0,40.0,40.0,265.0,265.0,pass,,25.0,8.520188700396034,16.479811299603966,current,current,unknown,external/arc_dsl/solvers.py,,unknown,,,,none,unknown,not_obvious,8.520188700396034,17.040377,true,2026-06-09T18:20:55,2026-06-09T18:46:48,
11,task011,09629e4f,,submissions/candidates/GOLF_20260609_060_arc_dsl_task057_single_object_hconcat/onnx/task011.onnx,true,3f64ad20a9feacc16ad2ce2296652dbc2fb5438e444a47af1f885a374cd43046,10170.0,2331.0,63916.0,,66247.0,13.898854540195707,pass,,4.0,4.0,1.0,1.0,262.0,262.0,40.0,40.0,267.0,267.0,pass,,25.0,11.101145459804293,13.898854540195707,current,current,unknown,external/arc_dsl/solvers.py,,unknown,,,,none,medium,not_obvious,11.101145459804293,22.202291,true,2026-06-09T18:20:56,2026-06-09T18:46:48,
12,task012,0962bcdd,,submissions/candidates/GOLF_20260609_060_arc_dsl_task057_single_object_hconcat/onnx/task012.onnx,true,6565dbdc01b75cf0fd11dff727c2312655bcb5fb9e59a8020020ef04a7b5a80c,1951.0,103.0,12536.0,,12639.0,15.555457449352874,pass,,2.0,2.0,1.0,1.0,262.0,262.0,40.0,40.0,265.0,265.0,pass,,25.0,9.444542550647126,15.555457449352874,current,current,unknown,external/arc_dsl/solvers.py,,unknown,,,,none,unknown,not_obvious,9.444542550647126,18.889085,true,2026-06-09T18:20:57,2026-06-09T18:46:48,
13,task013,0a938d79,,submissions/candidates/GOLF_20260609_060_arc_dsl_task057_single_object_hconcat/onnx/task013.onnx,true,98f0942c7dbfaf541df9396cfbf3af4d1699a7f8bae9f96b9c4541f220eea98f,18384.0,2257.0,114625.0,,116882.0,13.3310798421544,pass,,4.0,4.0,1.0,1.0,262.0,262.0,40.0,40.0,267.0,267.0,pass,,25.0,11.6689201578456,13.3310798421544,current,current,unknown,external/arc_dsl/solvers.py,,unknown,,,,none,medium,not_obvious,11.6689201578456,23.33784,true,2026-06-09T18:20:58,2026-06-09T18:46:48,
14,task014,0b148d64,,submissions/candidates/GOLF_20260609_060_arc_dsl_task057_single_object_hconcat/onnx/task014.onnx,true,33aac8a1b4845a677ce6e8d07d81f5483ca78d158e8f09368fccba9384f7b28f,5317.0,650.0,38399.0,,39049.0,14.427427453254685,pass,,3.0,3.0,1.0,1.0,262.0,262.0,40.0,40.0,266.0,266.0,pass,,25.0,10.572572546745315,14.427427453254685,current,current,unknown,external/arc_dsl/solvers.py,,unknown,,,,none,unknown,not_obvious,10.572572546745315,21.145145,true,2026-06-09T18:20:59,2026-06-09T18:46:48,
15,task015,0ca9ddb6,,submissions/candidates/GOLF_20260609_060_arc_dsl_task057_single_object_hconcat/onnx/task015.onnx,true,1ab641692d1424be973ca0ca5d26e88172d7be86363973c99ffda1b0d2dfd046,3774.0,900.0,0.0,,900.0,18.197605236675688,pass,,3.0,3.0,1.0,1.0,261.0,261.0,40.0,40.0,265.0,265.0,pass,,25.0,6.802394763324312,18.197605236675688,current,current,unknown,external/arc_dsl/solvers.py,,unknown,,,,none,unknown,not_obvious,6.802394763324312,13.60479,true,2026-06-09T18:21:00,2026-06-09T18:46:48,
16,task016,0d3d703e,,submissions/candidates/GOLF_20260609_060_arc_dsl_task057_single_object_hconcat/onnx/task016.onnx,true,fb83a8e988f586009bf17279b7aedb194e3492a8e6f357be6d5e9ed903615733,158.0,10.0,0.0,,10.0,22.697414907005953,pass,,4.0,4.0,1.0,1.0,262.0,262.0,40.0,40.0,267.0,267.0,pass,,25.0,2.302585092994047,22.697414907005953,current,current,unknown,external/arc_dsl/solvers.py,,unknown,,,,none,unknown,not_obvious,2.302585092994047,4.60517,true,2026-06-09T18:21:00,2026-06-09T18:46:48,
17,task017,0dfd9992,,submissions/candidates/GOLF_20260609_060_arc_dsl_task057_single_object_hconcat/onnx/task017.onnx,true,14b6008bee3ad110fe13acf46807befa36512e9975c600252db01f64e0f98a74,8017.0,186.0,33657.0,,33843.0,14.57051253772697,pass,,3.0,3.0,1.0,1.0,262.0,262.0,36.0,40.0,266.0,266.0,pass,,25.0,10.42948746227303,14.57051253772697,current,current,unknown,external/arc_dsl/solvers.py,,unknown,,,,none,unknown,not_obvious,10.42948746227303,20.858975,true,2026-06-09T18:21:00,2026-06-09T18:46:48,
18,task018,0e206a2e,,submissions/candidates/GOLF_20260609_060_arc_dsl_task057_single_object_hconcat/onnx/task018.onnx,true,a8cfdf61717353b6ea8153f9b8fbd4ecbcef2051a29036dd960d4ecedd07e210,29205.0,994.0,475190.0,,476184.0,11.926440386857584,pass,,3.0,3.0,1.0,1.0,262.0,262.0,13.0,40.0,266.0,266.0,pass,,25.0,13.073559613142416,11.926440386857584,current,current,unknown,external/arc_dsl/solvers.py,,unknown,,,,none,medium,not_obvious,13.073559613142416,26.147119,true,2026-06-09T18:21:01,2026-06-09T18:46:48,
19,task019,10fcaaa3,,submissions/candidates/GOLF_20260609_060_arc_dsl_task057_single_object_hconcat/onnx/task019.onnx,true,b9e7bc0ecebe4cce72ea9df2a550b91561dfd30ed40820c398a63d11402f785a,2566.0,70.0,81276.0,,81346.0,13.69353305881371,pass,,4.0,4.0,1.0,1.0,262.0,262.0,40.0,40.0,267.0,267.0,pass,,25.0,11.30646694118629,13.69353305881371,current,current,unknown,external/arc_dsl/solvers.py,,unknown,,,,none,medium,not_obvious,11.30646694118629,22.612934,true,2026-06-09T18:21:05,2026-06-09T18:46:48,
20,task020,11852cab,,submissions/candidates/GOLF_20260609_060_arc_dsl_task057_single_object_hconcat/onnx/task020.onnx,true,84c9d79ab6dc97852decf7e235909551d572657440976dd2fb72be18997c8d85,2552.0,55.0,7564.0,,7619.0,16.061599593526992,pass,,3.0,3.0,1.0,1.0,262.0,262.0,40.0,40.0,266.0,266.0,pass,,25.0,8.938400406473008,16.061599593526992,current,current,unknown,external/arc_dsl/solvers.py,,unknown,,,,none,unknown,not_obvious,8.938400406473008,17.876801,true,2026-06-09T18:21:06,2026-06-09T18:46:48,
21,task021,1190e5a7,,submissions/candidates/GOLF_20260609_060_arc_dsl_task057_single_object_hconcat/onnx/task021.onnx,true,334b1a23352e02c2ecd25acbcdf05ebb267e56bd92a775c4a47191882da99ecc,38267.0,1861.0,49362.0,,51223.0,14.156056071090937,pass,,3.0,3.0,1.0,1.0,73.0,73.0,40.0,40.0,77.0,77.0,pass,,25.0,10.843943928909063,14.156056071090937,current,current,unknown,external/arc_dsl/solvers.py,,unknown,,,,none,medium,not_obvious,10.843943928909063,21.687888,true,2026-06-09T18:21:07,2026-06-09T18:46:48,
22,task022,137eaa0f,,submissions/candidates/GOLF_20260609_060_arc_dsl_task057_single_object_hconcat/onnx/task022.onnx,true,c97568f12ccd4cd1ba279f87d1c748542785951464273c2ab4a544bd8be6a451,5021.0,193.0,34628.0,,34821.0,14.542024067963268,pass,,3.0,3.0,1.0,1.0,262.0,262.0,40.0,40.0,266.0,266.0,pass,,25.0,10.457975932036732,14.542024067963268,current,current,unknown,external/arc_dsl/solvers.py,,unknown,,,,none,unknown,not_obvious,10.457975932036732,20.915952,true,2026-06-09T18:21:08,2026-06-09T18:46:48,
23,task023,150deff5,,submissions/candidates/GOLF_20260609_060_arc_dsl_task057_single_object_hconcat/onnx/task023.onnx,true,843b68b1f9dc9c49ab6499eb2b27cb79377266544fbb515d2c700ce581b695ed,33105.0,45.0,68607.0,,68652.0,13.863194455943471,pass,,3.0,3.0,1.0,1.0,262.0,262.0,14.0,40.0,266.0,266.0,pass,,25.0,11.136805544056529,13.863194455943471,current,current,unknown,external/arc_dsl/solvers.py,,unknown,,,,none,medium,not_obvious,11.136805544056529,22.273611,true,2026-06-09T18:21:09,2026-06-09T18:46:48,
24,task024,178fcbfb,,submissions/candidates/GOLF_20260609_060_arc_dsl_task057_single_object_hconcat/onnx/task024.onnx,true,f8a1d671c3118abe56700d79b82cd03b36acad2b03a5453a7790ca311b792d5d,3233.0,260.0,8820.0,,9080.0,15.88617052840466,pass,,3.0,3.0,1.0,1.0,262.0,262.0,39.0,40.0,266.0,266.0,pass,,25.0,9.11382947159534,15.88617052840466,current,current,unknown,external/arc_dsl/solvers.py,,unknown,,,,none,unknown,not_obvious,9.11382947159534,18.227659,true,2026-06-09T18:21:14,2026-06-09T18:46:48,
25,task025,1a07d186,,submissions/candidates/GOLF_20260609_060_arc_dsl_task057_single_object_hconcat/onnx/task025.onnx,true,8af5c50b49f5d98f1afc1df69981e7ab0394291ee5227dd01d45f4380208bd61,13460.0,65.0,140028.0,,140093.0,13.149938233234366,pass,,3.0,3.0,1.0,1.0,262.0,262.0,37.0,40.0,266.0,266.0,pass,,25.0,11.850061766765634,13.149938233234366,current,current,unknown,external/arc_dsl/solvers.py,,unknown,,,,none,medium,not_obvious,11.850061766765634,23.700124,true,2026-06-09T18:21:14,2026-06-09T18:46:48,
26,task026,1b2d62fb,,submissions/candidates/GOLF_20260609_060_arc_dsl_task057_single_object_hconcat/onnx/task026.onnx,true,6f2ec0df41142b092b3969907e8727615212d3cd6b747e648faaef295b4b0a1a,1309.0,34.0,690.0,,724.0,18.415208607614282,pass,,5.0,5.0,1.0,1.0,262.0,262.0,40.0,40.0,268.0,268.0,pass,,25.0,6.584791392385718,18.415208607614282,current,current,unknown,external/arc_dsl/solvers.py,,unknown,,,,none,unknown,not_obvious,6.584791392385718,13.169583,true,2026-06-09T18:21:16,2026-06-09T18:46:48,
27,task027,1b60fb0c,,submissions/candidates/GOLF_20260609_060_arc_dsl_task057_single_object_hconcat/onnx/task027.onnx,true,363f142181b94485a3cc849cd11a06ce885c6f53763aefc9f8729f5fa5b408e0,2073.0,37.0,5777.0,,5814.0,16.331975918881177,pass,,3.0,3.0,1.0,1.0,261.0,261.0,38.0,40.0,265.0,265.0,pass,,25.0,8.668024081118823,16.331975918881177,current,current,unknown,external/arc_dsl/solvers.py,,unknown,,,,none,unknown,not_obvious,8.668024081118823,17.336048,true,2026-06-09T18:21:17,2026-06-09T18:46:48,
28,task028,1bfc4729,,submissions/candidates/GOLF_20260609_060_arc_dsl_task057_single_object_hconcat/onnx/task028.onnx,true,3656aaec46a53a89d6837b351c3acb2fb0601b5492ecb0a9500654e58d536673,2079.0,329.0,4510.0,,4839.0,16.51553663320668,pass,,2.0,2.0,1.0,1.0,262.0,262.0,40.0,40.0,265.0,265.0,pass,,25.0,8.484463366793321,16.51553663320668,current,current,unknown,external/arc_dsl/solvers.py,,unknown,,,,none,unknown,not_obvious,8.484463366793321,16.968927,true,2026-06-09T18:21:17,2026-06-09T18:46:48,
29,task029,1c786137,,submissions/candidates/GOLF_20260609_060_arc_dsl_task057_single_object_hconcat/onnx/task029.onnx,true,67b2f5bba2a2aea6aec1a4bebfab5e828d34965219f8f312739337d2e77a59ce,13589.0,170.0,96947.0,,97117.0,13.516328283804857,pass,,3.0,3.0,1.0,1.0,262.0,262.0,35.0,40.0,266.0,266.0,pass,,25.0,11.483671716195143,13.516328283804857,current,current,unknown,external/arc_dsl/solvers.py,,unknown,,,,none,medium,not_obvious,11.483671716195143,22.967343,true,2026-06-09T18:21:17,2026-06-09T18:46:48,
30,task030,1caeab9d,,submissions/candidates/GOLF_20260609_060_arc_dsl_task057_single_object_hconcat/onnx/task030.onnx,true,43fd7e732de5f101746ecfc019fbfe0b26d905fa86bda27e5d84faafcc773733,7164.0,170.0,10828.0,,10998.0,15.69453128293224,pass,,3.0,3.0,1.0,1.0,262.0,262.0,40.0,40.0,266.0,266.0,pass,,25.0,9.30546871706776,15.69453128293224,current,current,unknown,external/arc_dsl/solvers.py,,unknown,,,,none,unknown,not_obvious,9.30546871706776,18.610937,true,2026-06-09T18:21:19,2026-06-09T18:46:48,
31,task031,1cf80156,,submissions/candidates/GOLF_20260609_060_arc_dsl_task057_single_object_hconcat/onnx/task031.onnx,true,827e7229dd650485407f1ae7c8a511d8abc13716486a76f29cabbe46f1b02945,3417.0,58.0,18558.0,,18616.0,15.168223295017873,pass,,3.0,3.0,1.0,1.0,262.0,262.0,40.0,40.0,266.0,266.0,pass,,25.0,9.831776704982127,15.168223295017873,current,current,unknown,external/arc_dsl/solvers.py,,unknown,,,,none,unknown,not_obvious,9.831776704982127,19.663553,true,2026-06-09T18:21:20,2026-06-09T18:46:48,
32,task032,1e0a9b12,,submissions/candidates/GOLF_20260609_060_arc_dsl_task057_single_object_hconcat/onnx/task032.onnx,true,64d66eeaba95588367af53102ecf4fb2ceb4c93327b677f80f1a9591b342f6a5,2347.0,69.0,3336.0,,3405.0,16.86699978141639,pass,,3.0,3.0,1.0,1.0,262.0,262.0,40.0,40.0,266.0,266.0,pass,,25.0,8.13300021858361,16.86699978141639,current,current,unknown,external/arc_dsl/solvers.py,,unknown,,,,none,unknown,not_obvious,8.13300021858361,16.266,true,2026-06-09T18:21:20,2026-06-09T18:46:48,
33,task033,1e32b0e9,,submissions/candidates/GOLF_20260609_060_arc_dsl_task057_single_object_hconcat/onnx/task033.onnx,true,60ab4cceeab38a8952d0157e862ec2f374a51c7d70c00bdecdf9833a703455b5,1510.0,49.0,55112.0,,55161.0,14.081988539178049,pass,,3.0,3.0,1.0,1.0,261.0,261.0,40.0,40.0,265.0,265.0,pass,,25.0,10.918011460821951,14.081988539178049,current,current,unknown,external/arc_dsl/solvers.py,,unknown,,,,none,medium,not_obvious,10.918011460821951,21.836023,true,2026-06-09T18:21:20,2026-06-09T18:46:48,
34,task034,1f0c79e5,,submissions/candidates/GOLF_20260609_060_arc_dsl_task057_single_object_hconcat/onnx/task034.onnx,true,40e15c163ffd24e22a1ff78e4e3cda24a02c486f385e9e6f18214290493f4ce1,8450.0,2847.0,103469.0,,106316.0,13.425828929592994,pass,,4.0,4.0,1.0,1.0,262.0,262.0,40.0,40.0,267.0,267.0,pass,,25.0,11.574171070407006,13.425828929592994,current,current,unknown,external/arc_dsl/solvers.py,,unknown,,,,none,medium,not_obvious,11.574171070407006,23.148342,true,2026-06-09T18:21:21,2026-06-09T18:46:48,
35,task035,1f642eb9,,submissions/candidates/GOLF_20260609_060_arc_dsl_task057_single_object_hconcat/onnx/task035.onnx,true,15a9c474e70c83253daaa3ff80387d3b29feadebd4ec8018b87fc277cf69f62a,3707.0,51.0,15312.0,,15363.0,15.36028269986934,pass,,3.0,3.0,1.0,1.0,262.0,262.0,34.0,40.0,266.0,266.0,pass,,25.0,9.63971730013066,15.36028269986934,current,current,unknown,external/arc_dsl/solvers.py,,unknown,,,,none,unknown,not_obvious,9.63971730013066,19.279435,true,2026-06-09T18:21:22,2026-06-09T18:46:48,
36,task036,1f85a75f,,submissions/candidates/GOLF_20260609_060_arc_dsl_task057_single_object_hconcat/onnx/task036.onnx,true,d7094831039c82b0ccba7ebaa49bf55b3bcdb390b5a794a0b83217daef0c9231,5484.0,112.0,79832.0,,79944.0,13.710918331458375,pass,,2.0,2.0,1.0,1.0,262.0,262.0,40.0,40.0,265.0,265.0,pass,,25.0,11.289081668541625,13.710918331458375,current,current,unknown,external/arc_dsl/solvers.py,,unknown,,,,none,medium,not_obvious,11.289081668541625,22.578163,true,2026-06-09T18:21:23,2026-06-09T18:46:48,
37,task037,1f876c06,,submissions/candidates/GOLF_20260609_060_arc_dsl_task057_single_object_hconcat/onnx/task037.onnx,true,e19669c0dec2c6b73986d1bd07ec5c19bb0bc452edb6cf3d006f85657ae46d12,20424.0,8326.0,55400.0,,63726.0,13.937652078450405,pass,,3.0,3.0,1.0,1.0,262.0,262.0,40.0,40.0,266.0,266.0,pass,,25.0,11.062347921549595,13.937652078450405,current,current,unknown,external/arc_dsl/solvers.py,,unknown,,,,none,medium,not_obvious,11.062347921549595,22.124696,true,2026-06-09T18:21:24,2026-06-09T18:46:48,
38,task038,1fad071e,,submissions/candidates/GOLF_20260609_060_arc_dsl_task057_single_object_hconcat/onnx/task038.onnx,true,0ce0021c1d1f0b43b786a25f2a82f6f95d54ae57c5cbe3c86e09a0db0e960be0,2559.0,38.0,2136.0,,2174.0,17.315675932318847,pass,,3.0,3.0,1.0,1.0,262.0,262.0,40.0,40.0,266.0,266.0,pass,,25.0,7.684324067681153,17.315675932318847,current,current,unknown,external/arc_dsl/solvers.py,,unknown,,,,none,unknown,not_obvious,7.684324067681153,15.368648,true,2026-06-09T18:21:25,2026-06-09T18:46:48,
39,task039,2013d3e2,,submissions/candidates/GOLF_20260609_060_arc_dsl_task057_single_object_hconcat/onnx/task039.onnx,true,4e9c2db4798edb627e65601fb59b0b194a91b536746f1a97fab3a7317054d3be,1913.0,28.0,7744.0,,7772.0,16.04171718950267,pass,,2.0,2.0,1.0,1.0,261.0,261.0,40.0,40.0,264.0,264.0,pass,,25.0,8.95828281049733,16.04171718950267,current,current,unknown,external/arc_dsl/solvers.py,,unknown,,,,none,unknown,not_obvious,8.95828281049733,17.916566,true,2026-06-09T18:21:25,2026-06-09T18:46:48,
40,task040,2204b7a8,,submissions/candidates/GOLF_20260609_060_arc_dsl_task057_single_object_hconcat/onnx/task040.onnx,true,f75c35724647ee41a691e8449bf8b38434ce9912519b1b33845a1eeb08cebff5,4167.0,62.0,7806.0,,7868.0,16.02944082049105,pass,,3.0,3.0,1.0,1.0,262.0,262.0,40.0,40.0,266.0,266.0,pass,,25.0,8.97055917950895,16.02944082049105,current,current,unknown,external/arc_dsl/solvers.py,,unknown,,,,none,unknown,not_obvious,8.97055917950895,17.941118,true,2026-06-09T18:21:26,2026-06-09T18:46:48,
41,task041,22168020,,submissions/candidates/GOLF_20260609_060_arc_dsl_task057_single_object_hconcat/onnx/task041.onnx,true,2ae5ccde56d9118ad549ef2a4383dfc5a74e4b8fcbbd3b3dc4d09c92209444a6,2110.0,29.0,11740.0,,11769.0,15.626775765122337,pass,,3.0,3.0,1.0,1.0,262.0,262.0,40.0,40.0,266.0,266.0,pass,,25.0,9.373224234877663,15.626775765122337,current,current,unknown,external/arc_dsl/solvers.py,,unknown,,,,none,unknown,not_obvious,9.373224234877663,18.746448,true,2026-06-09T18:21:26,2026-06-09T18:46:48,
42,task042,22233c11,,submissions/candidates/GOLF_20260609_060_arc_dsl_task057_single_object_hconcat/onnx/task042.onnx,true,d87292931a88be1df7b34e6b3c31d2d53813cd397f2211022a425f3fe5c0d61d,8525.0,727.0,7790.0,,8517.0,15.95018055485892,pass,,3.0,3.0,1.0,1.0,262.0,262.0,40.0,40.0,266.0,266.0,pass,,25.0,9.04981944514108,15.95018055485892,current,current,unknown,external/arc_dsl/solvers.py,,unknown,,,,none,unknown,not_obvious,9.04981944514108,18.099639,true,2026-06-09T18:21:26,2026-06-09T18:46:48,
43,task043,2281f1f4,,submissions/candidates/GOLF_20260609_060_arc_dsl_task057_single_object_hconcat/onnx/task043.onnx,true,c52d62c656db03c5ca16dc64271fb472944454fd776904d3b0b7fceaba438f04,1944.0,138.0,6980.0,,7118.0,16.129617933929865,pass,,3.0,3.0,1.0,1.0,262.0,262.0,40.0,40.0,266.0,266.0,pass,,25.0,8.870382066070135,16.129617933929865,current,current,unknown,external/arc_dsl/solvers.py,,unknown,,,,none,unknown,not_obvious,8.870382066070135,17.740764,true,2026-06-09T18:21:27,2026-06-09T18:46:48,
44,task044,228f6490,,submissions/candidates/GOLF_20260609_060_arc_dsl_task057_single_object_hconcat/onnx/task044.onnx,true,ad6277aa35d9fa6a6e5f59cafeaf36c57098e16ab9758d44cd68bc1944b956b2,40820.0,206.0,41796.0,,42002.0,14.354527484820627,pass,,3.0,3.0,1.0,1.0,262.0,262.0,39.0,40.0,266.0,266.0,pass,,25.0,10.645472515179373,14.354527484820627,current,current,unknown,external/arc_dsl/solvers.py,,unknown,,,,none,medium,not_obvious,10.645472515179373,21.290945,true,2026-06-09T18:21:28,2026-06-09T18:46:48,
45,task045,22eb0ac0,,submissions/candidates/GOLF_20260609_060_arc_dsl_task057_single_object_hconcat/onnx/task045.onnx,true,1bc115030895e108ad6f7fcf6cc83abbd1ea8a65cf64d8bce537b6021c3ce6d2,1425.0,25.0,7400.0,,7425.0,16.0873920363291,pass,,3.0,3.0,1.0,1.0,261.0,261.0,40.0,40.0,265.0,265.0,pass,,25.0,8.9126079636709,16.0873920363291,current,current,unknown,external/arc_dsl/solvers.py,,unknown,,,,none,unknown,not_obvious,8.9126079636709,17.825216,true,2026-06-09T18:21:34,2026-06-09T18:46:48,
46,task046,234bbc79,,submissions/candidates/GOLF_20260609_060_arc_dsl_task057_single_object_hconcat/onnx/task046.onnx,true,776e40c71ae05f511e59e234f5f52931c7f966c95b139fed312451a249a5f138,5299.0,866.0,32560.0,,33426.0,14.58291068075113,pass,,4.0,4.0,1.0,1.0,262.0,262.0,40.0,40.0,267.0,267.0,pass,,25.0,10.41708931924887,14.58291068075113,current,current,unknown,external/arc_dsl/solvers.py,,unknown,,,,none,unknown,not_obvious,10.41708931924887,20.834179,true,2026-06-09T18:21:34,2026-06-09T18:46:48,
47,task047,23581191,,submissions/candidates/GOLF_20260609_060_arc_dsl_task057_single_object_hconcat/onnx/task047.onnx,true,51caa99fe3ce9cb3e122d3a78119ede0e5beb0d8940d7959bece25bbe098d26a,3091.0,36.0,2988.0,,3024.0,16.985664262700574,pass,,2.0,2.0,1.0,1.0,262.0,262.0,40.0,40.0,265.0,265.0,pass,,25.0,8.014335737299426,16.985664262700574,current,current,unknown,external/arc_dsl/solvers.py,,unknown,,,,none,unknown,not_obvious,8.014335737299426,16.028671,true,2026-06-09T18:21:36,2026-06-09T18:46:48,
48,task048,239be575,,submissions/candidates/GOLF_20260609_060_arc_dsl_task057_single_object_hconcat/onnx/task048.onnx,true,9423c02033058a1188fae998353c04f6fbf4e48361dbee5461896ddd5d49ac28,4058.0,66.0,5543.0,,5609.0,16.367872270491663,pass,,6.0,6.0,2.0,2.0,262.0,262.0,40.0,40.0,270.0,270.0,pass,,25.0,8.632127729508337,16.367872270491663,current,current,unknown,external/arc_dsl/solvers.py,,unknown,,,,none,unknown,not_obvious,8.632127729508337,17.264255,true,2026-06-09T18:21:36,2026-06-09T18:46:48,
49,task049,23b5c85d,,submissions/candidates/GOLF_20260609_060_arc_dsl_task057_single_object_hconcat/onnx/task049.onnx,true,d742f5db9437894536afe2db2b87d8b3899117c92daf69927ab3854301d03698,3516.0,150.0,30339.0,,30489.0,14.674878758194124,pass,,5.0,5.0,1.0,1.0,262.0,262.0,29.0,40.0,268.0,268.0,pass,,25.0,10.325121241805876,14.674878758194124,current,current,unknown,external/arc_dsl/solvers.py,,unknown,,,,none,unknown,not_obvious,10.325121241805876,20.650242,true,2026-06-09T18:21:37,2026-06-09T18:46:48,
50,task050,253bf280,,submissions/candidates/GOLF_20260609_060_arc_dsl_task057_single_object_hconcat/onnx/task050.onnx,true,a43a64896f788cffb0e83ee188a7680ae80f27578b1bb607a36e32c9a39258ab,2006.0,250.0,9225.0,,9475.0,15.843587970049374,pass,,8.0,8.0,1.0,1.0,262.0,262.0,40.0,40.0,271.0,271.0,pass,,25.0,9.156412029950626,15.843587970049374,current,current,unknown,external/arc_dsl/solvers.py,,unknown,,,,none,unknown,not_obvious,9.156412029950626,18.312824,true,2026-06-09T18:21:37,2026-06-09T18:46:48,
51,task051,25d487eb,,submissions/candidates/GOLF_20260609_060_arc_dsl_task057_single_object_hconcat/onnx/task051.onnx,true,b4e5ecaa156709adf438d5b25e6b077b7392df042f42a51ba7afbccc484d665b,3352.0,70.0,68359.0,,68429.0,13.866448009633856,pass,,3.0,3.0,1.0,1.0,261.0,261.0,40.0,40.0,265.0,265.0,pass,,25.0,11.133551990366144,13.866448009633856,current,current,unknown,external/arc_dsl/solvers.py,,unknown,,,,none,medium,not_obvious,11.133551990366144,22.267104,true,2026-06-09T18:21:38,2026-06-09T18:46:48,
52,task052,25d8a9c8,,submissions/candidates/GOLF_20260609_060_arc_dsl_task057_single_object_hconcat/onnx/task052.onnx,true,195c01dfdaae84b9a7a585295b8d44c1c3741ab522a7e9d472753ad121d8014d,986.0,43.0,1185.0,,1228.0,17.886857891292912,pass,,4.0,4.0,1.0,1.0,262.0,262.0,13.0,40.0,267.0,267.0,pass,,25.0,7.113142108707088,17.886857891292912,current,current,unknown,external/arc_dsl/solvers.py,,unknown,,,,none,unknown,not_obvious,7.113142108707088,14.226284,true,2026-06-09T18:21:39,2026-06-09T18:46:48,
53,task053,25ff71a9,,submissions/candidates/GOLF_20260609_060_arc_dsl_task057_single_object_hconcat/onnx/task053.onnx,true,11d2a84ba10862f37e4dae8a206314fd4226f70b6f751eed23e52ba32ebde353,175.0,30.0,0.0,,30.0,21.598802618337846,pass,,4.0,4.0,2.0,2.0,54.0,54.0,40.0,40.0,60.0,60.0,pass,,25.0,3.401197381662154,21.598802618337846,current,current,unknown,external/arc_dsl/solvers.py,,unknown,,,,none,unknown,not_obvious,3.401197381662154,6.802395,true,2026-06-09T18:21:39,2026-06-09T18:46:48,
54,task054,264363fd,,submissions/candidates/GOLF_20260609_060_arc_dsl_task057_single_object_hconcat/onnx/task054.onnx,true,da0ea9c4a4e7de7d20e8867f669de546f57874c7e6fa83c850aad07683855ecc,5551.0,161.0,150387.0,,150548.0,13.07796275080141,pass,,3.0,3.0,1.0,1.0,262.0,262.0,40.0,40.0,266.0,266.0,pass,,25.0,11.92203724919859,13.07796275080141,current,current,unknown,external/arc_dsl/solvers.py,,unknown,,,,none,medium,not_obvious,11.92203724919859,23.844074,true,2026-06-09T18:21:39,2026-06-09T18:46:48,
55,task055,272f95fa,,submissions/candidates/GOLF_20260609_060_arc_dsl_task057_single_object_hconcat/onnx/task055.onnx,true,af92ce2ca4857d58e51cfa086182fd59313bd341f4f07fa157fa0f684d675f92,13886.0,994.0,25376.0,,26370.0,14.820017720652668,pass,,2.0,2.0,1.0,1.0,260.0,260.0,40.0,40.0,263.0,263.0,pass,,25.0,10.179982279347332,14.820017720652668,current,current,unknown,external/arc_dsl/solvers.py,,unknown,,,,none,unknown,not_obvious,10.179982279347332,20.359965,true,2026-06-09T18:21:41,2026-06-09T18:46:48,
56,task056,27a28665,,submissions/candidates/GOLF_20260609_060_arc_dsl_task057_single_object_hconcat/onnx/task056.onnx,true,9d687659145a785dd2d111cccd06fc2b802bcaaae0c2926b7d39a51406e1254b,815.0,77.0,136.0,,213.0,19.638707834290575,pass,,7.0,7.0,3.0,3.0,36.0,36.0,40.0,40.0,46.0,46.0,pass,,25.0,5.3612921657094255,19.638707834290575,current,current,unknown,external/arc_dsl/solvers.py,,unknown,,,,none,unknown,not_obvious,5.3612921657094255,10.722584,true,2026-06-09T18:21:44,2026-06-09T18:46:48,
57,task057,28bf18c6,,submissions/candidates/GOLF_20260609_060_arc_dsl_task057_single_object_hconcat/onnx/task057.onnx,true,fe350be5b821254295623105c6ae0393b08347b6a27aa04acf209d62e0b39cbd,1040.0,10.0,15448.0,,15458.0,15.354118052333183,pass,,3.0,3.0,1.0,1.0,261.0,261.0,40.0,40.0,265.0,265.0,pass,,25.0,9.645881947666817,15.354118052333183,current,current,unknown,external/arc_dsl/solvers.py,,unknown,,,,none,unknown,not_obvious,9.645881947666817,19.291764,true,2026-06-09T18:21:44,2026-06-09T18:46:48,
58,task058,28e73c20,,submissions/candidates/GOLF_20260609_060_arc_dsl_task057_single_object_hconcat/onnx/task058.onnx,true,71e240c72fa17283e6d2dc3cae811ceadda7ba3053e33951bd50565b4eaf652a,14194.0,6426.0,9660.0,,16086.0,15.314295392535985,pass,,5.0,5.0,1.0,1.0,16.0,16.0,22.0,22.0,22.0,22.0,pass,,25.0,9.685704607464015,15.314295392535985,current,current,unknown,external/arc_dsl/solvers.py,,unknown,,,,none,medium,not_obvious,9.685704607464015,27.371409,true,2026-06-09T18:21:44,2026-06-09T18:46:48,
59,task059,29623171,,submissions/candidates/GOLF_20260609_060_arc_dsl_task057_single_object_hconcat/onnx/task059.onnx,true,6f93fccf92e34dbb6b51e75c53fd4882a6ba090c755d7c47d23c132b936f7520,6897.0,2547.0,17840.0,,20387.0,15.077347278202861,pass,,3.0,3.0,1.0,1.0,262.0,262.0,40.0,40.0,266.0,266.0,pass,,25.0,9.922652721797139,15.077347278202861,current,current,unknown,external/arc_dsl/solvers.py,,unknown,,,,none,unknown,not_obvious,9.922652721797139,19.845305,true,2026-06-09T18:21:45,2026-06-09T18:46:48,
60,task060,29c11459,,submissions/candidates/GOLF_20260609_060_arc_dsl_task057_single_object_hconcat/onnx/task060.onnx,true,03687375b7e8938e4f841fe856da30c83884468ff07c648d7021c6b6748784bd,2458.0,181.0,5400.0,,5581.0,16.372876749211567,pass,,2.0,2.0,1.0,1.0,262.0,262.0,40.0,40.0,265.0,265.0,pass,,25.0,8.627123250788433,16.372876749211567,current,current,unknown,external/arc_dsl/solvers.py,,unknown,,,,none,unknown,not_obvious,8.627123250788433,17.254247,true,2026-06-09T18:21:45,2026-06-09T18:46:48,
61,task061,29ec7d0e,,submissions/candidates/GOLF_20260609_060_arc_dsl_task057_single_object_hconcat/onnx/task061.onnx,true,27289ea0d11a669fe413e1b05826321af3d079ce8a5555fa2610a93704612c2e,17030.0,1972.0,16942.0,,18914.0,15.152342332424542,pass,,4.0,4.0,1.0,1.0,262.0,262.0,32.0,40.0,267.0,267.0,pass,,25.0,9.847657667575458,15.152342332424542,current,current,unknown,external/arc_dsl/solvers.py,,unknown,,,,none,unknown,not_obvious,9.847657667575458,19.695315,true,2026-06-09T18:21:45,2026-06-09T18:46:48,
62,task062,2bcee788,,submissions/candidates/GOLF_20260609_060_arc_dsl_task057_single_object_hconcat/onnx/task062.onnx,true,1c577ea94e1bc298dfc111e87fedc94e09375ee2dfa75f9f79532ac2214393bf,23218.0,934.0,25680.0,,26614.0,14.810807327896311,pass,,4.0,4.0,1.0,1.0,262.0,262.0,35.0,40.0,267.0,267.0,pass,,25.0,10.189192672103689,14.810807327896311,current,current,unknown,external/arc_dsl/solvers.py,,unknown,,,,none,unknown,not_obvious,10.189192672103689,20.378385,true,2026-06-09T18:21:46,2026-06-09T18:46:48,
63,task063,2bee17df,,submissions/candidates/GOLF_20260609_060_arc_dsl_task057_single_object_hconcat/onnx/task063.onnx,true,5c8811b2da8473750953376c6dbdd913b50bc29b96f9a16a09cf201df9a483ce,3709.0,32.0,30700.0,,30732.0,14.666940264012474,pass,,3.0,3.0,1.0,1.0,262.0,262.0,39.0,40.0,266.0,266.0,pass,,25.0,10.333059735987526,14.666940264012474,current,current,unknown,external/arc_dsl/solvers.py,,unknown,,,,none,unknown,not_obvious,10.333059735987526,20.666119,true,2026-06-09T18:21:49,2026-06-09T18:46:48,
64,task064,2c608aff,,submissions/candidates/GOLF_20260609_060_arc_dsl_task057_single_object_hconcat/onnx/task064.onnx,true,e218f014e0f41fbf58f0a21d6c18ab365d24b6b93f7c8bb533378039b355a02c,7151.0,92.0,114061.0,,114153.0,13.354705067178468,pass,,4.0,4.0,1.0,1.0,262.0,262.0,40.0,40.0,267.0,267.0,pass,,25.0,11.645294932821532,13.354705067178468,current,current,unknown,external/arc_dsl/solvers.py,,unknown,,,,none,medium,not_obvious,11.645294932821532,23.29059,true,2026-06-09T18:21:49,2026-06-09T18:46:48,
65,task065,2dc579da,,submissions/candidates/GOLF_20260609_060_arc_dsl_task057_single_object_hconcat/onnx/task065.onnx,true,92cb5dba08fb950f061cb485387a7c9e6a77adc90a2d35dcde1edca6405889d3,1853.0,63.0,35032.0,,35095.0,14.534186050835478,pass,,3.0,3.0,1.0,1.0,262.0,262.0,36.0,40.0,266.0,266.0,pass,,25.0,10.465813949164522,14.534186050835478,current,current,unknown,external/arc_dsl/solvers.py,,unknown,,,,none,unknown,not_obvious,10.465813949164522,20.931628,true,2026-06-09T18:21:50,2026-06-09T18:46:48,
66,task066,2dd70a9a,,submissions/candidates/GOLF_20260609_060_arc_dsl_task057_single_object_hconcat/onnx/task066.onnx,true,bc6e251ce56e4e6a4dd7124d8e0b314653c4ac22f28890a06480dd3a82f58c9f,27538.0,138.0,103082.0,,103220.0,13.455382088297283,pass,,3.0,3.0,1.0,1.0,262.0,262.0,25.0,40.0,266.0,266.0,pass,,25.0,11.544617911702717,13.455382088297283,current,current,unknown,external/arc_dsl/solvers.py,,unknown,,,,none,medium,not_obvious,11.544617911702717,23.089236,true,2026-06-09T18:21:51,2026-06-09T18:46:48,
67,task067,2dee498d,,submissions/candidates/GOLF_20260609_060_arc_dsl_task057_single_object_hconcat/onnx/task067.onnx,true,e823d84640b258f8322dde914f6bd992553a53aadd84d4685cd18da5f1be35e9,892.0,33.0,282.0,,315.0,19.247427361174367,pass,,3.0,3.0,1.0,1.0,262.0,262.0,40.0,40.0,266.0,266.0,pass,,25.0,5.752572638825633,19.247427361174367,current,current,unknown,external/arc_dsl/solvers.py,,unknown,,,,none,unknown,not_obvious,5.752572638825633,11.505145,true,2026-06-09T18:21:55,2026-06-09T18:46:48,
68,task068,31aa019c,,submissions/candidates/GOLF_20260609_060_arc_dsl_task057_single_object_hconcat/onnx/task068.onnx,true,e490818d91a162474f9a9ed4c4d7a03517788fb18760e2fe6ca209f592660a82,1602.0,27.0,12562.0,,12589.0,15.55942130423374,pass,,3.0,3.0,1.0,1.0,262.0,262.0,40.0,40.0,266.0,266.0,pass,,25.0,9.44057869576626,15.55942130423374,current,current,unknown,external/arc_dsl/solvers.py,,unknown,,,,none,unknown,not_obvious,9.44057869576626,18.881157,true,2026-06-09T18:21:56,2026-06-09T18:46:48,
69,task069,321b1fc6,,submissions/candidates/GOLF_20260609_060_arc_dsl_task057_single_object_hconcat/onnx/task069.onnx,true,bfa11e10a1b7754b93ff268324f4bdacfe5ca600d6eaecd3d7ecc21b94d2e194,30432.0,1392.0,82858.0,,84250.0,13.658456151785392,pass,,2.0,2.0,1.0,1.0,261.0,261.0,40.0,40.0,264.0,264.0,pass,,25.0,11.341543848214608,13.658456151785392,current,current,unknown,external/arc_dsl/solvers.py,,unknown,,,,none,medium,not_obvious,11.341543848214608,22.683088,true,2026-06-09T18:21:56,2026-06-09T18:46:48,
70,task070,32597951,,submissions/candidates/GOLF_20260609_060_arc_dsl_task057_single_object_hconcat/onnx/task070.onnx,true,da6a8c9ebb7d72009d42cdd04471a87917459e8013701ae96d3f153bfeada7f3,2215.0,74.0,8792.0,,8866.0,15.910020984695,pass,,3.0,3.0,1.0,1.0,262.0,262.0,40.0,40.0,266.0,266.0,pass,,25.0,9.089979015305,15.910020984695,current,current,unknown,external/arc_dsl/solvers.py,,unknown,,,,none,unknown,not_obvious,9.089979015305,18.179958,true,2026-06-09T18:22:02,2026-06-09T18:46:48,
71,task071,3345333e,,submissions/candidates/GOLF_20260609_060_arc_dsl_task057_single_object_hconcat/onnx/task071.onnx,true,a386547df7d1b3b8050fff7963329e27d8852517b7d7957c7c05a9b149a7a72e,5298.0,53.0,128190.0,,128243.0,13.238317819353261,pass,,2.0,2.0,1.0,1.0,262.0,262.0,27.0,40.0,265.0,265.0,pass,,25.0,11.761682180646739,13.238317819353261,current,current,unknown,external/arc_dsl/solvers.py,,unknown,,,,none,medium,not_obvious,11.761682180646739,23.523364,true,2026-06-09T18:22:03,2026-06-09T18:46:48,
72,task072,3428a4f5,,submissions/candidates/GOLF_20260609_060_arc_dsl_task057_single_object_hconcat/onnx/task072.onnx,true,ce9138206dc060641e07a1ee45e8b332b0e4bcdfe0a06d625d8668c10d6d33e5,1289.0,49.0,1260.0,,1309.0,17.8229812340901,pass,,4.0,4.0,2.0,2.0,262.0,262.0,40.0,40.0,268.0,268.0,pass,,25.0,7.177018765909899,17.8229812340901,current,current,unknown,external/arc_dsl/solvers.py,,unknown,,,,none,unknown,not_obvious,7.177018765909899,14.354038,true,2026-06-09T18:22:04,2026-06-09T18:46:48,
73,task073,3618c87e,,submissions/candidates/GOLF_20260609_060_arc_dsl_task057_single_object_hconcat/onnx/task073.onnx,true,c974fda7fe3001de4bd2200b9065826ac44cf359fcb1949954b82f28411b5b63,3825.0,910.0,0.0,,910.0,18.186555400489105,pass,,3.0,3.0,1.0,1.0,11.0,11.0,15.0,15.0,15.0,15.0,pass,,25.0,6.813444599510895,18.186555400489105,current,current,unknown,external/arc_dsl/solvers.py,,unknown,,,,none,medium,not_obvious,6.813444599510895,21.626889,true,2026-06-09T18:22:04,2026-06-09T18:46:48,
74,task074,3631a71a,,submissions/candidates/GOLF_20260609_060_arc_dsl_task057_single_object_hconcat/onnx/task074.onnx,true,8194b1eba8a395566d686766b74869219cdfdaec5105dbad5f36b6ef32435be8,1824.0,45.0,21780.0,,21825.0,15.009188619292196,pass,,4.0,4.0,1.0,1.0,262.0,262.0,39.0,40.0,267.0,267.0,pass,,25.0,9.990811380707804,15.009188619292196,current,current,unknown,external/arc_dsl/solvers.py,,unknown,,,,none,unknown,not_obvious,9.990811380707804,19.981623,true,2026-06-09T18:22:04,2026-06-09T18:46:48,
75,task075,363442ee,,submissions/candidates/GOLF_20260609_060_arc_dsl_task057_single_object_hconcat/onnx/task075.onnx,true,211a2ab0ea4cb67b9b8714d411d361e7eab6ec1192f0f74155bd9bd9c043c7d1,6812.0,57.0,28430.0,,28487.0,14.742796878157792,pass,,3.0,3.0,1.0,1.0,261.0,261.0,40.0,40.0,265.0,265.0,pass,,25.0,10.257203121842208,14.742796878157792,current,current,unknown,external/arc_dsl/solvers.py,,unknown,,,,none,unknown,not_obvious,10.257203121842208,20.514406,true,2026-06-09T18:22:04,2026-06-09T18:46:48,
76,task076,36d67576,,submissions/candidates/GOLF_20260609_060_arc_dsl_task057_single_object_hconcat/onnx/task076.onnx,true,419bbf22d94034edf9dc1d2eed86480945abad297d08dbdaaaaf87ef5d7e2ef5,24619.0,339.0,329755.0,,330094.0,12.292867258634116,pass,,3.0,3.0,1.0,1.0,262.0,262.0,37.0,40.0,266.0,266.0,pass,,25.0,12.707132741365884,12.292867258634116,current,current,unknown,external/arc_dsl/solvers.py,,unknown,,,,none,medium,not_obvious,12.707132741365884,25.414265,true,2026-06-09T18:22:05,2026-06-09T18:46:48,
77,task077,36fdfd69,,submissions/candidates/GOLF_20260609_060_arc_dsl_task057_single_object_hconcat/onnx/task077.onnx,true,fa41c22ac1add176bba7faac5d7d87bc94cc66db2bb70ed54e346f9de4d34613,6842.0,1794.0,155700.0,,157494.0,13.032857358715912,pass,,3.0,3.0,1.0,1.0,262.0,262.0,40.0,40.0,266.0,266.0,pass,,25.0,11.967142641284088,13.032857358715912,current,current,unknown,external/arc_dsl/solvers.py,,unknown,,,,none,medium,not_obvious,11.967142641284088,23.934285,true,2026-06-09T18:22:13,2026-06-09T18:46:48,
78,task078,3906de3d,,submissions/candidates/GOLF_20260609_060_arc_dsl_task057_single_object_hconcat/onnx/task078.onnx,true,c33e2e8bb8525ee7c4bfa0aca9ec69955cdd9a97837985fb38efdb309903089a,1974.0,36.0,11460.0,,11496.0,15.65024557224114,pass,,3.0,3.0,1.0,1.0,262.0,262.0,40.0,40.0,266.0,266.0,pass,,25.0,9.34975442775886,15.65024557224114,current,current,unknown,external/arc_dsl/solvers.py,,unknown,,,,none,unknown,not_obvious,9.34975442775886,18.699509,true,2026-06-09T18:22:14,2026-06-09T18:46:48,
79,task079,39a8645d,,submissions/candidates/GOLF_20260609_060_arc_dsl_task057_single_object_hconcat/onnx/task079.onnx,true,4a4f6c8381af1ed692a1d279af1ebacd591befb7b825933520d08519653c1d13,2695.0,245.0,21138.0,,21383.0,15.029648507210364,pass,,3.0,3.0,1.0,1.0,262.0,262.0,40.0,40.0,266.0,266.0,pass,,25.0,9.970351492789636,15.029648507210364,current,current,unknown,external/arc_dsl/solvers.py,,unknown,,,,none,unknown,not_obvious,9.970351492789636,19.940703,true,2026-06-09T18:22:15,2026-06-09T18:46:48,
80,task080,39e1d7f9,,submissions/candidates/GOLF_20260609_060_arc_dsl_task057_single_object_hconcat/onnx/task080.onnx,true,d33a1cd4e8af8822d5e8e6c5e24c7af82c78fdf93a5d91691fb7648cb1a42889,10180.0,217.0,41838.0,,42055.0,14.353266435603462,pass,,3.0,3.0,1.0,1.0,227.0,227.0,32.0,40.0,231.0,231.0,pass,,25.0,10.646733564396538,14.353266435603462,current,current,unknown,external/arc_dsl/solvers.py,,unknown,,,,none,medium,not_obvious,10.646733564396538,21.293467,true,2026-06-09T18:22:15,2026-06-09T18:46:48,
81,task081,3aa6fb7a,,submissions/candidates/GOLF_20260609_060_arc_dsl_task057_single_object_hconcat/onnx/task081.onnx,true,118dc8373587509f07d12aec64778af91edff7253f80e273a30e5863c7b8c91b,3749.0,109.0,2198.0,,2307.0,17.256296741826247,pass,,2.0,2.0,1.0,1.0,261.0,261.0,40.0,40.0,264.0,264.0,pass,,25.0,7.743703258173753,17.256296741826247,current,current,unknown,external/arc_dsl/solvers.py,,unknown,,,,none,unknown,not_obvious,7.743703258173753,15.487407,true,2026-06-09T18:22:17,2026-06-09T18:46:48,
82,task082,3ac3eb23,,submissions/candidates/GOLF_20260609_060_arc_dsl_task057_single_object_hconcat/onnx/task082.onnx,true,c2726100feab2aab72d85e4d124b0963d797e7b9d3291bbfcb0130f30975c50d,1638.0,56.0,9660.0,,9716.0,15.818470709877937,pass,,2.0,2.0,1.0,1.0,262.0,262.0,40.0,40.0,265.0,265.0,pass,,25.0,9.181529290122063,15.818470709877937,current,current,unknown,external/arc_dsl/solvers.py,,unknown,,,,none,unknown,not_obvious,9.181529290122063,18.363059,true,2026-06-09T18:22:18,2026-06-09T18:46:48,
83,task083,3af2c5a8,,submissions/candidates/GOLF_20260609_060_arc_dsl_task057_single_object_hconcat/onnx/task083.onnx,true,3526144719574eafa02b2d1fa33a4be836ec96c267520ddd982697e447b8bc98,7454.0,1800.0,0.0,,1800.0,17.504458056115745,pass,,3.0,3.0,1.0,1.0,262.0,262.0,40.0,40.0,266.0,266.0,pass,,25.0,7.495541943884255,17.504458056115745,current,current,unknown,external/arc_dsl/solvers.py,,unknown,,,,none,unknown,not_obvious,7.495541943884255,14.991084,true,2026-06-09T18:22:18,2026-06-09T18:46:48,
84,task084,3bd67248,,submissions/candidates/GOLF_20260609_060_arc_dsl_task057_single_object_hconcat/onnx/task084.onnx,true,5bd28bac4f427d16b03dfcb9d4ae68237ccb4bb720b534e0e14b2768658ee6a0,2820.0,113.0,19400.0,,19513.0,15.121163810905001,pass,,3.0,3.0,1.0,1.0,171.0,171.0,40.0,40.0,175.0,175.0,pass,,25.0,9.878836189094999,15.121163810905001,current,current,unknown,external/arc_dsl/solvers.py,,unknown,,,,none,unknown,not_obvious,9.878836189094999,19.757672,true,2026-06-09T18:22:18,2026-06-09T18:46:48,
85,task085,3bdb4ada,,submissions/candidates/GOLF_20260609_060_arc_dsl_task057_single_object_hconcat/onnx/task085.onnx,true,0cf2b40dcd4fe9bb85de2e251fdca74496734e7c804425012cb1c1110d27505c,2547.0,138.0,113040.0,,113178.0,13.36328292042622,pass,,2.0,2.0,1.0,1.0,262.0,262.0,40.0,40.0,265.0,265.0,pass,,25.0,11.63671707957378,13.36328292042622,current,current,unknown,external/arc_dsl/solvers.py,,unknown,,,,none,medium,not_obvious,11.63671707957378,23.273434,true,2026-06-09T18:22:18,2026-06-09T18:46:48,
86,task086,3befdf3e,,submissions/candidates/GOLF_20260609_060_arc_dsl_task057_single_object_hconcat/onnx/task086.onnx,true,a786a589e429892c1114751b2e5d6b83669038bb955a0fd41d08d037fc8dc020,3099.0,225.0,25632.0,,25857.0,14.83966336368449,pass,,3.0,3.0,1.0,1.0,262.0,262.0,38.0,40.0,266.0,266.0,pass,,25.0,10.16033663631551,14.83966336368449,current,current,unknown,external/arc_dsl/solvers.py,,unknown,,,,none,unknown,not_obvious,10.16033663631551,20.320673,true,2026-06-09T18:22:19,2026-06-09T18:46:48,
87,task087,3c9b0459,,submissions/candidates/GOLF_20260609_060_arc_dsl_task057_single_object_hconcat/onnx/task087.onnx,true,fd8bb9f6e85cbfcd68c2edb1cfd2b2968f4ef9066816b2763110e0086381148b,394.0,8.0,360.0,,368.0,19.09191706183107,pass,,4.0,4.0,1.0,1.0,261.0,261.0,40.0,40.0,266.0,266.0,pass,,25.0,5.908082938168931,19.09191706183107,current,current,unknown,external/arc_dsl/solvers.py,,unknown,,,,none,unknown,not_obvious,5.908082938168931,11.816166,true,2026-06-09T18:22:20,2026-06-09T18:46:48,
88,task088,3de23699,,submissions/candidates/GOLF_20260609_060_arc_dsl_task057_single_object_hconcat/onnx/task088.onnx,true,9e7ea13b994ebe4fc0cc8c2f4bfd462d7dea74b364500cdd005ee3c8f75db494,4099.0,120.0,72646.0,,72766.0,13.80499590787612,pass,,4.0,4.0,1.0,1.0,262.0,262.0,40.0,40.0,267.0,267.0,pass,,25.0,11.19500409212388,13.80499590787612,current,current,unknown,external/arc_dsl/solvers.py,,unknown,,,,none,medium,not_obvious,11.19500409212388,22.390008,true,2026-06-09T18:22:20,2026-06-09T18:46:48,
89,task089,3e980e27,,submissions/candidates/GOLF_20260609_060_arc_dsl_task057_single_object_hconcat/onnx/task089.onnx,true,6b502b05846871ec53995c1f5c9da455a389ed9a1336c0f4ae4255e129e1d093,11171.0,98.0,49605.0,,49703.0,14.186179427563964,pass,,4.0,4.0,1.0,1.0,262.0,262.0,40.0,40.0,267.0,267.0,pass,,25.0,10.813820572436036,14.186179427563964,current,current,unknown,external/arc_dsl/solvers.py,,unknown,,,,none,medium,not_obvious,10.813820572436036,21.627641,true,2026-06-09T18:22:20,2026-06-09T18:46:48,
90,task090,3eda0437,,submissions/candidates/GOLF_20260609_060_arc_dsl_task057_single_object_hconcat/onnx/task090.onnx,true,8032717a5846db3d60ae06a4fa0ff8af92327fd6b6102d39eff9ae246e44816a,19660.0,104.0,63250.0,,63354.0,13.94350667496543,pass,,4.0,4.0,1.0,1.0,262.0,262.0,40.0,40.0,267.0,267.0,pass,,25.0,11.05649332503457,13.94350667496543,current,current,unknown,external/arc_dsl/solvers.py,,unknown,,,,none,medium,not_obvious,11.05649332503457,22.112987,true,2026-06-09T18:22:23,2026-06-09T18:46:48,
91,task091,3f7978a0,,submissions/candidates/GOLF_20260609_060_arc_dsl_task057_single_object_hconcat/onnx/task091.onnx,true,54b4f81da947fe9e1062238aea5766f1b3401479292e90556a2fac1107b7a72c,4393.0,78.0,51388.0,,51466.0,14.151323325547068,pass,,3.0,3.0,1.0,1.0,262.0,262.0,40.0,40.0,266.0,266.0,pass,,25.0,10.848676674452932,14.151323325547068,current,current,unknown,external/arc_dsl/solvers.py,,unknown,,,,none,medium,not_obvious,10.848676674452932,21.697353,true,2026-06-09T18:22:27,2026-06-09T18:46:48,
92,task092,40853293,,submissions/candidates/GOLF_20260609_060_arc_dsl_task057_single_object_hconcat/onnx/task092.onnx,true,c29559590a89d115b95fae2f56389a872172f352c8a70b8e6428eff2792af2d7,3438.0,29.0,46260.0,,46289.0,14.25734036914603,pass,,2.0,2.0,1.0,1.0,262.0,262.0,40.0,40.0,265.0,265.0,pass,,25.0,10.74265963085397,14.25734036914603,current,current,unknown,external/arc_dsl/solvers.py,,unknown,,,,none,medium,not_obvious,10.74265963085397,21.485319,true,2026-06-09T18:22:28,2026-06-09T18:46:48,
93,task093,4093f84a,,submissions/candidates/GOLF_20260609_060_arc_dsl_task057_single_object_hconcat/onnx/task093.onnx,true,cd70e073d1fdbf93b6402aa5356e8c8f09529cd3e6048fc5501c4e44bda9d3e5,6234.0,58.0,15400.0,,15458.0,15.354118052333183,pass,,3.0,3.0,1.0,1.0,261.0,261.0,40.0,40.0,265.0,265.0,pass,,25.0,9.645881947666817,15.354118052333183,current,current,unknown,external/arc_dsl/solvers.py,,unknown,,,,none,unknown,not_obvious,9.645881947666817,19.291764,true,2026-06-09T18:22:28,2026-06-09T18:46:48,
94,task094,41e4d17e,,submissions/candidates/GOLF_20260609_060_arc_dsl_task057_single_object_hconcat/onnx/task094.onnx,true,f3eb2edb6bee64618f0cafde76e4779933f68b0eb7766ac7ee48d1903aa76c38,2932.0,112.0,10340.0,,10452.0,15.745451373359497,pass,,2.0,2.0,1.0,1.0,262.0,262.0,40.0,40.0,265.0,265.0,pass,,25.0,9.254548626640503,15.745451373359497,current,current,unknown,external/arc_dsl/solvers.py,,unknown,,,,none,unknown,not_obvious,9.254548626640503,18.509097,true,2026-06-09T18:22:29,2026-06-09T18:46:48,
95,task095,4258a5f9,,submissions/candidates/GOLF_20260609_060_arc_dsl_task057_single_object_hconcat/onnx/task095.onnx,true,eca4d38cd8606a930a722084789b856626fff5d4938c02546296c7f3cca109cf,3950.0,910.0,0.0,,910.0,18.186555400489105,pass,,2.0,2.0,1.0,1.0,262.0,262.0,40.0,40.0,265.0,265.0,pass,,25.0,6.813444599510895,18.186555400489105,current,current,unknown,external/arc_dsl/solvers.py,,unknown,,,,none,unknown,not_obvious,6.813444599510895,13.626889,true,2026-06-09T18:22:29,2026-06-09T18:46:48,
96,task096,4290ef0e,,submissions/candidates/GOLF_20260609_060_arc_dsl_task057_single_object_hconcat/onnx/task096.onnx,true,9662055b98082dafd433fde213a24a4cd9bd9f2c8553e27fce7a873ad6d3b65d,58657.0,937.0,192521.0,,193458.0,12.827184286371278,pass,,3.0,3.0,1.0,1.0,262.0,262.0,30.0,40.0,266.0,266.0,pass,,25.0,12.172815713628722,12.827184286371278,current,current,unknown,external/arc_dsl/solvers.py,,unknown,,,,none,medium,not_obvious,12.172815713628722,24.345631,true,2026-06-09T18:22:30,2026-06-09T18:46:48,
97,task097,42a50994,,submissions/candidates/GOLF_20260609_060_arc_dsl_task057_single_object_hconcat/onnx/task097.onnx,true,7ec9cb7f3db332cc6ae58b6e5b4adc1449b8d910f23ce379f800f0dedf82d74c,808.0,21.0,18000.0,,18021.0,15.20070697648173,pass,,4.0,4.0,1.0,1.0,262.0,262.0,40.0,40.0,267.0,267.0,pass,,25.0,9.79929302351827,15.20070697648173,current,current,unknown,external/arc_dsl/solvers.py,,unknown,,,,none,unknown,not_obvious,9.79929302351827,19.598586,true,2026-06-09T18:22:38,2026-06-09T18:46:48,
98,task098,4347f46a,,submissions/candidates/GOLF_20260609_060_arc_dsl_task057_single_object_hconcat/onnx/task098.onnx,true,8fff41bf99869a80261fa1ec8461431ffa90e7a616d10c1582642af88b241cde,3836.0,910.0,0.0,,910.0,18.186555400489105,pass,,3.0,3.0,1.0,1.0,262.0,262.0,40.0,40.0,266.0,266.0,pass,,25.0,6.813444599510895,18.186555400489105,current,current,unknown,external/arc_dsl/solvers.py,,unknown,,,,none,unknown,not_obvious,6.813444599510895,13.626889,true,2026-06-09T18:22:38,2026-06-09T18:46:48,
99,task099,444801d8,,submissions/candidates/GOLF_20260609_060_arc_dsl_task057_single_object_hconcat/onnx/task099.onnx,true,1e320d88cf0eac19c3c20b9c005a4be28ac50d4bf0a39015404f9deb22a0c31e,19839.0,4910.0,0.0,,4910.0,16.500970779211436,pass,,3.0,3.0,1.0,1.0,261.0,261.0,40.0,40.0,265.0,265.0,pass,,25.0,8.499029220788564,16.500970779211436,current,current,unknown,external/arc_dsl/solvers.py,,unknown,,,,none,unknown,not_obvious,8.499029220788564,16.998058,true,2026-06-09T18:22:38,2026-06-09T18:46:48,
100,task100,445eab21,,submissions/candidates/GOLF_20260609_060_arc_dsl_task057_single_object_hconcat/onnx/task100.onnx,true,dceade053a44b3cc0ee481a2b109060da44f7e12dc34d583c301f1c9d6f84691,4954.0,43.0,6493.0,,6536.0,16.21491936346016,pass,,3.0,3.0,1.0,1.0,262.0,262.0,40.0,40.0,266.0,266.0,pass,,25.0,8.785080636539838,16.21491936346016,current,current,unknown,external/arc_dsl/solvers.py,,unknown,,,,none,unknown,not_obvious,8.785080636539838,17.570161,true,2026-06-09T18:22:38,2026-06-09T18:46:48,
101,task101,447fd412,,submissions/candidates/GOLF_20260609_060_arc_dsl_task057_single_object_hconcat/onnx/task101.onnx,true,edd7e165314a501462e02577d29022d3eb27078c4eb090009d5f19a5f0c2fbf1,19538.0,106.0,374325.0,,374431.0,12.166837180696787,pass,,3.0,3.0,1.0,1.0,262.0,262.0,24.0,40.0,266.0,266.0,pass,,25.0,12.833162819303213,12.166837180696787,current,current,unknown,external/arc_dsl/solvers.py,,unknown,,,,none,medium,not_obvious,12.833162819303213,25.666326,true,2026-06-09T18:22:39,2026-06-09T18:46:48,
102,task102,44d8ac46,,submissions/candidates/GOLF_20260609_060_arc_dsl_task057_single_object_hconcat/onnx/task102.onnx,true,cc365e63ef990f74c1acebc3f6902a363a22e1a7ce155012c181bd727e059ead,6482.0,531.0,12075.0,,12606.0,15.558071829926945,pass,,4.0,4.0,1.0,1.0,262.0,262.0,40.0,40.0,267.0,267.0,pass,,25.0,9.441928170073055,15.558071829926945,current,current,unknown,external/arc_dsl/solvers.py,,unknown,,,,none,unknown,not_obvious,9.441928170073055,18.883856,true,2026-06-09T18:22:42,2026-06-09T18:46:48,
103,task103,44f52bb0,,submissions/candidates/GOLF_20260609_060_arc_dsl_task057_single_object_hconcat/onnx/task103.onnx,true,b3c052cdc64fa19a71396b9bc19a9017a70fae4e77cf764756b4e7eac2a36d4f,979.0,34.0,159.0,,193.0,19.737309811095116,pass,,6.0,6.0,2.0,2.0,215.0,215.0,40.0,40.0,223.0,223.0,pass,,25.0,5.262690188904884,19.737309811095116,current,current,unknown,external/arc_dsl/solvers.py,,unknown,,,,none,unknown,not_obvious,5.262690188904884,10.52538,true,2026-06-09T18:22:43,2026-06-09T18:46:48,
104,task104,4522001f,,submissions/candidates/GOLF_20260609_060_arc_dsl_task057_single_object_hconcat/onnx/task104.onnx,true,2a9e28757c576c2248ca53c517bd98d43633ab65ecfa9542bebc9fc050ad2b0a,3505.0,990.0,2692.0,,3682.0,16.788788638206977,pass,,2.0,2.0,1.0,1.0,4.0,4.0,7.0,7.0,7.0,7.0,pass,,25.0,8.211211361793023,16.788788638206977,current,current,unknown,external/arc_dsl/solvers.py,,unknown,,,,none,medium,not_obvious,8.211211361793023,24.422423,true,2026-06-09T18:22:43,2026-06-09T18:46:48,
105,task105,4612dd53,,submissions/candidates/GOLF_20260609_060_arc_dsl_task057_single_object_hconcat/onnx/task105.onnx,true,c98b3f63a51b63155aeb92f922cbf3f241f84285f5f1705a033e4773d25b47ea,8053.0,68.0,6987.0,,7055.0,16.138508135713085,pass,,3.0,3.0,1.0,1.0,262.0,262.0,40.0,40.0,266.0,266.0,pass,,25.0,8.861491864286915,16.138508135713085,current,current,unknown,external/arc_dsl/solvers.py,,unknown,,,,none,unknown,not_obvious,8.861491864286915,17.722984,true,2026-06-09T18:22:43,2026-06-09T18:46:48,
106,task106,46442a0e,,submissions/candidates/GOLF_20260609_060_arc_dsl_task057_single_object_hconcat/onnx/task106.onnx,true,9b54191da37371effdb80aaca05a4cddbabc19d25cbc1ebceae1d85a897c6698,2939.0,125.0,1039.0,,1164.0,17.940382371708615,pass,,3.0,3.0,1.0,1.0,262.0,262.0,40.0,40.0,266.0,266.0,pass,,25.0,7.0596176282913845,17.940382371708615,current,current,unknown,external/arc_dsl/solvers.py,,unknown,,,,none,unknown,not_obvious,7.0596176282913845,14.119235,true,2026-06-09T18:22:44,2026-06-09T18:46:48,
107,task107,469497ad,,submissions/candidates/GOLF_20260609_060_arc_dsl_task057_single_object_hconcat/onnx/task107.onnx,true,486d43b947a10c096cd5abb2121faf5664c1d92f9d0196957cff677676caa5cf,31191.0,13681.0,59450.0,,73131.0,13.799992367549814,pass,,3.0,3.0,1.0,1.0,262.0,262.0,40.0,40.0,266.0,266.0,pass,,25.0,11.200007632450186,13.799992367549814,current,current,unknown,external/arc_dsl/solvers.py,,unknown,,,,none,medium,not_obvious,11.200007632450186,22.400015,true,2026-06-09T18:22:44,2026-06-09T18:46:48,
108,task108,46f33fce,,submissions/candidates/GOLF_20260609_060_arc_dsl_task057_single_object_hconcat/onnx/task108.onnx,true,825c078fdd5cf248ddfcf1d91c57c125e6e2213304022e67810f2d3aaee2922c,7454.0,1800.0,0.0,,1800.0,17.504458056115745,pass,,3.0,3.0,1.0,1.0,262.0,262.0,40.0,40.0,266.0,266.0,pass,,25.0,7.495541943884255,17.504458056115745,current,current,unknown,external/arc_dsl/solvers.py,,unknown,,,,none,unknown,not_obvious,7.495541943884255,14.991084,true,2026-06-09T18:22:45,2026-06-09T18:46:48,
109,task109,47c1f68c,,submissions/candidates/GOLF_20260609_060_arc_dsl_task057_single_object_hconcat/onnx/task109.onnx,true,d2ade70f5e497c980bfbb088e8cc977d66bc76830c18c7e11004e7eddfa1f726,5257.0,954.0,93924.0,,94878.0,13.539652865248629,pass,,3.0,3.0,1.0,1.0,262.0,262.0,40.0,40.0,266.0,266.0,pass,,25.0,11.460347134751371,13.539652865248629,current,current,unknown,external/arc_dsl/solvers.py,,unknown,,,,none,medium,not_obvious,11.460347134751371,22.920694,true,2026-06-09T18:22:46,2026-06-09T18:46:48,
110,task110,484b58aa,,submissions/candidates/GOLF_20260609_060_arc_dsl_task057_single_object_hconcat/onnx/task110.onnx,true,e4739a705f5fbfd017cae694f600491e18fb46bd3b825c8e8b6959a5a846bd85,20525.0,350.0,107543.0,,107893.0,13.411104725742392,pass,,3.0,3.0,1.0,1.0,262.0,262.0,32.0,40.0,266.0,266.0,pass,,25.0,11.588895274257608,13.411104725742392,current,current,unknown,external/arc_dsl/solvers.py,,unknown,,,,none,medium,not_obvious,11.588895274257608,23.177791,true,2026-06-09T18:22:46,2026-06-09T18:46:48,
111,task111,48d8fb45,,submissions/candidates/GOLF_20260609_060_arc_dsl_task057_single_object_hconcat/onnx/task111.onnx,true,c01911e7f5493ba19bcc496b439eb2106bd44f79305daefd94e102a96691a8ca,1499.0,25.0,772.0,,797.0,18.319145321209785,pass,,3.0,3.0,1.0,1.0,261.0,261.0,40.0,40.0,265.0,265.0,pass,,25.0,6.680854678790215,18.319145321209785,current,current,unknown,external/arc_dsl/solvers.py,,unknown,,,,none,unknown,not_obvious,6.680854678790215,13.361709,true,2026-06-09T18:22:49,2026-06-09T18:46:48,
112,task112,4938f0c2,,submissions/candidates/GOLF_20260609_060_arc_dsl_task057_single_object_hconcat/onnx/task112.onnx,true,c9d107e03bcc1559d05367b27fca4117a92b4a4e65d2103d0e57fd16eebe58ca,3987.0,106.0,59164.0,,59270.0,14.010141445218116,pass,,3.0,3.0,1.0,1.0,262.0,262.0,40.0,40.0,266.0,266.0,pass,,25.0,10.989858554781884,14.010141445218116,current,current,unknown,external/arc_dsl/solvers.py,,unknown,,,,none,medium,not_obvious,10.989858554781884,21.979717,true,2026-06-09T18:22:49,2026-06-09T18:46:48,
113,task113,496994bd,,submissions/candidates/GOLF_20260609_060_arc_dsl_task057_single_object_hconcat/onnx/task113.onnx,true,356a5f1e2200cf2560f6c836ce7d21eca6b6cad9e68015c2ae31639613ef9b09,499.0,30.0,0.0,,30.0,21.598802618337846,pass,,2.0,2.0,1.0,1.0,262.0,262.0,40.0,40.0,265.0,265.0,pass,,25.0,3.401197381662154,21.598802618337846,current,current,unknown,external/arc_dsl/solvers.py,,unknown,,,,none,unknown,not_obvious,3.401197381662154,6.802395,true,2026-06-09T18:22:50,2026-06-09T18:46:48,
114,task114,49d1d64f,,submissions/candidates/GOLF_20260609_060_arc_dsl_task057_single_object_hconcat/onnx/task114.onnx,true,aed6f07e711d7d6a4c6973c45628350a61c075e8b06430cca4ea0231c2a89643,4671.0,158.0,1091.0,,1249.0,17.869901489874422,pass,,3.0,3.0,1.0,1.0,262.0,262.0,40.0,40.0,266.0,266.0,pass,,25.0,7.130098510125578,17.869901489874422,current,current,unknown,external/arc_dsl/solvers.py,,unknown,,,,none,unknown,not_obvious,7.130098510125578,14.260197,true,2026-06-09T18:22:50,2026-06-09T18:46:48,
115,task115,4be741c5,,submissions/candidates/GOLF_20260609_060_arc_dsl_task057_single_object_hconcat/onnx/task115.onnx,true,31000be51fa693d43fec7d0ab26ab9209ccae70089192d2d90c6d557322e6518,5064.0,77.0,4042.0,,4119.0,16.67663430556392,pass,,3.0,3.0,1.0,1.0,262.0,262.0,36.0,40.0,266.0,266.0,pass,,25.0,8.323365694436081,16.67663430556392,current,current,unknown,external/arc_dsl/solvers.py,,unknown,,,,none,unknown,not_obvious,8.323365694436081,16.646731,true,2026-06-09T18:22:51,2026-06-09T18:46:48,
116,task116,4c4377d9,,submissions/candidates/GOLF_20260609_060_arc_dsl_task057_single_object_hconcat/onnx/task116.onnx,true,3f87aab73b8c538752ffb070a34dd07ef95ccba2d299bd7526da67fcf956e1e5,479.0,30.0,0.0,,30.0,21.598802618337846,pass,,4.0,4.0,1.0,1.0,262.0,262.0,40.0,40.0,267.0,267.0,pass,,25.0,3.401197381662154,21.598802618337846,current,current,unknown,external/arc_dsl/solvers.py,,unknown,,,,none,unknown,not_obvious,3.401197381662154,6.802395,true,2026-06-09T18:22:51,2026-06-09T18:46:48,
117,task117,4c5c2cf0,,submissions/candidates/GOLF_20260609_060_arc_dsl_task057_single_object_hconcat/onnx/task117.onnx,true,0323453365e28b0b3dcd999db481fc9bdfc646c446802f6b6fa0d05af64feff6,10290.0,157.0,17835.0,,17992.0,15.202317506360849,pass,,3.0,3.0,1.0,1.0,261.0,261.0,31.0,40.0,265.0,265.0,pass,,25.0,9.797682493639151,15.202317506360849,current,current,unknown,external/arc_dsl/solvers.py,,unknown,,,,none,unknown,not_obvious,9.797682493639151,19.595365,true,2026-06-09T18:22:51,2026-06-09T18:46:48,
118,task118,50846271,,submissions/candidates/GOLF_20260609_060_arc_dsl_task057_single_object_hconcat/onnx/task118.onnx,true,97438b5c21bb19e585d3fceec251469c7b374cd4a076c5688816618e34f13133,4432.0,142.0,116144.0,,116286.0,13.336192047071197,pass,,4.0,4.0,1.0,1.0,262.0,262.0,24.0,40.0,267.0,267.0,pass,,25.0,11.663807952928803,13.336192047071197,current,current,unknown,external/arc_dsl/solvers.py,,unknown,,,,none,medium,not_obvious,11.663807952928803,23.327616,true,2026-06-09T18:22:52,2026-06-09T18:46:48,
119,task119,508bd3b6,,submissions/candidates/GOLF_20260609_060_arc_dsl_task057_single_object_hconcat/onnx/task119.onnx,true,e28ec75e50bffa295b2547cef5106f07f09481930b2fed32804a37492b509834,13392.0,100.0,16251.0,,16351.0,15.297955663465414,pass,,3.0,3.0,1.0,1.0,262.0,262.0,40.0,40.0,266.0,266.0,pass,,25.0,9.702044336534586,15.297955663465414,current,current,unknown,external/arc_dsl/solvers.py,,unknown,,,,none,unknown,not_obvious,9.702044336534586,19.404089,true,2026-06-09T18:22:54,2026-06-09T18:46:48,
120,task120,50cb2852,,submissions/candidates/GOLF_20260609_060_arc_dsl_task057_single_object_hconcat/onnx/task120.onnx,true,13dafeb021b56dac928f38d32b4a0b841fcf481296ab752c9ac203fa425e1acc,3836.0,910.0,0.0,,910.0,18.186555400489105,pass,,3.0,3.0,1.0,1.0,262.0,262.0,40.0,40.0,266.0,266.0,pass,,25.0,6.813444599510895,18.186555400489105,current,current,unknown,external/arc_dsl/solvers.py,,unknown,,,,none,unknown,not_obvious,6.813444599510895,13.626889,true,2026-06-09T18:22:56,2026-06-09T18:46:48,
121,task121,5117e062,,submissions/candidates/GOLF_20260609_060_arc_dsl_task057_single_object_hconcat/onnx/task121.onnx,true,03880dc2a72d6781722a53ffad4b506867ebd9f9c0a7faae3760807eabe67856,3339.0,46.0,6484.0,,6530.0,16.215837777729526,pass,,3.0,3.0,1.0,1.0,262.0,262.0,40.0,40.0,266.0,266.0,pass,,25.0,8.784162222270474,16.215837777729526,current,current,unknown,external/arc_dsl/solvers.py,,unknown,,,,none,unknown,not_obvious,8.784162222270474,17.568324,true,2026-06-09T18:22:56,2026-06-09T18:46:48,
122,task122,5168d44c,,submissions/candidates/GOLF_20260609_060_arc_dsl_task057_single_object_hconcat/onnx/task122.onnx,true,d932a3ac54fb54cc09d9cdbaab21ba4e9165ed9a6a8e01b9e0c49fb972269b75,10236.0,2510.0,0.0,,2510.0,17.17196196787417,pass,,3.0,3.0,1.0,1.0,262.0,262.0,40.0,40.0,266.0,266.0,pass,,25.0,7.8280380321258285,17.17196196787417,current,current,unknown,external/arc_dsl/solvers.py,,unknown,,,,none,unknown,not_obvious,7.8280380321258285,15.656076,true,2026-06-09T18:22:56,2026-06-09T18:46:48,
123,task123,539a4f51,,submissions/candidates/GOLF_20260609_060_arc_dsl_task057_single_object_hconcat/onnx/task123.onnx,true,279e30eeb7542dbd370e4d30d925cfe5037c79fe1013ddd68533c0612f2dd122,9379.0,948.0,3155.0,,4103.0,16.680526307557813,pass,,3.0,3.0,1.0,1.0,261.0,261.0,37.0,40.0,265.0,265.0,pass,,25.0,8.319473692442187,16.680526307557813,current,current,unknown,external/arc_dsl/solvers.py,,unknown,,,,none,unknown,not_obvious,8.319473692442187,16.638947,true,2026-06-09T18:22:56,2026-06-09T18:46:48,
124,task124,53b68214,,submissions/candidates/GOLF_20260609_060_arc_dsl_task057_single_object_hconcat/onnx/task124.onnx,true,da414abc8e11d3e2038a3d6606b2781ef28d37a402428e1d219ee350a98f9bf4,2840.0,353.0,11320.0,,11673.0,15.634966238347337,pass,,3.0,3.0,2.0,2.0,262.0,262.0,28.0,40.0,267.0,267.0,pass,,25.0,9.365033761652663,15.634966238347337,current,current,unknown,external/arc_dsl/solvers.py,,unknown,,,,none,unknown,not_obvious,9.365033761652663,18.730068,true,2026-06-09T18:22:57,2026-06-09T18:46:48,
125,task125,543a7ed5,,submissions/candidates/GOLF_20260609_060_arc_dsl_task057_single_object_hconcat/onnx/task125.onnx,true,6de7e9bc3627a673cfcc21fae47c3975d84f2be82b97a1f3e72653fb14ecbc96,3012.0,246.0,13170.0,,13416.0,15.495796696496955,pass,,2.0,2.0,1.0,1.0,262.0,262.0,40.0,40.0,265.0,265.0,pass,,25.0,9.504203303503045,15.495796696496955,current,current,unknown,external/arc_dsl/solvers.py,,unknown,,,,none,unknown,not_obvious,9.504203303503045,19.008407,true,2026-06-09T18:22:58,2026-06-09T18:46:48,
126,task126,54d82841,,submissions/candidates/GOLF_20260609_060_arc_dsl_task057_single_object_hconcat/onnx/task126.onnx,true,b86dafbc68af0e5b698f0241dd534874e44ffd9dfca8bac7b89280a3534f3824,2765.0,47.0,86044.0,,86091.0,13.636839844664504,pass,,3.0,3.0,1.0,1.0,262.0,262.0,40.0,40.0,266.0,266.0,pass,,25.0,11.363160155335496,13.636839844664504,current,current,unknown,external/arc_dsl/solvers.py,,unknown,,,,none,medium,not_obvious,11.363160155335496,22.72632,true,2026-06-09T18:22:58,2026-06-09T18:46:48,
127,task127,54d9e175,,submissions/candidates/GOLF_20260609_060_arc_dsl_task057_single_object_hconcat/onnx/task127.onnx,true,81f551a5b779e861ce371fdc4697595db753242954a60c50a3ac8e3108937d97,3772.0,900.0,0.0,,900.0,18.197605236675688,pass,,4.0,4.0,1.0,1.0,262.0,262.0,40.0,40.0,267.0,267.0,pass,,25.0,6.802394763324312,18.197605236675688,current,current,unknown,external/arc_dsl/solvers.py,,unknown,,,,none,unknown,not_obvious,6.802394763324312,13.60479,true,2026-06-09T18:22:59,2026-06-09T18:46:48,
128,task128,5521c0d9,,submissions/candidates/GOLF_20260609_060_arc_dsl_task057_single_object_hconcat/onnx/task128.onnx,true,f79a5c97a3a387fb121f5376e42f6006a4fabccee722aa8e36e7c50731032d02,1997.0,74.0,81285.0,,81359.0,13.693373260405208,pass,,3.0,3.0,1.0,1.0,262.0,262.0,40.0,40.0,266.0,266.0,pass,,25.0,11.306626739594792,13.693373260405208,current,current,unknown,external/arc_dsl/solvers.py,,unknown,,,,none,medium,not_obvious,11.306626739594792,22.613253,true,2026-06-09T18:22:59,2026-06-09T18:46:48,
129,task129,5582e5ca,,submissions/candidates/GOLF_20260609_060_arc_dsl_task057_single_object_hconcat/onnx/task129.onnx,true,728f63fb36979fd5cd4db20aa2b8b128603016a86250a5df2cdbca61d2d2662c,785.0,29.0,778.0,,807.0,18.306676331730053,pass,,3.0,3.0,1.0,1.0,261.0,261.0,40.0,40.0,265.0,265.0,pass,,25.0,6.693323668269947,18.306676331730053,current,current,unknown,external/arc_dsl/solvers.py,,unknown,,,,none,unknown,not_obvious,6.693323668269947,13.386647,true,2026-06-09T18:22:59,2026-06-09T18:46:48,
130,task130,5614dbcf,,submissions/candidates/GOLF_20260609_060_arc_dsl_task057_single_object_hconcat/onnx/task130.onnx,true,d9ed4ee0f1dfb024e9ac96b996f6525c4996dc43e8889fed857532f48130e05c,1310.0,98.0,15840.0,,15938.0,15.323538526042306,pass,,2.0,2.0,1.0,1.0,262.0,262.0,23.0,40.0,265.0,265.0,pass,,25.0,9.676461473957694,15.323538526042306,current,current,unknown,external/arc_dsl/solvers.py,,unknown,,,,none,unknown,not_obvious,9.676461473957694,19.352923,true,2026-06-09T18:22:59,2026-06-09T18:46:48,
131,task131,56dc2b01,,submissions/candidates/GOLF_20260609_060_arc_dsl_task057_single_object_hconcat/onnx/task131.onnx,true,aef2df6731cdd0168ed41a7637a2b939bb42ff5efe498e6732b1bc4fa4aa2d64,7860.0,951.0,43599.0,,44550.0,14.295632567101045,pass,,3.0,3.0,1.0,1.0,262.0,262.0,35.0,40.0,266.0,266.0,pass,,25.0,10.704367432898955,14.295632567101045,current,current,unknown,external/arc_dsl/solvers.py,,unknown,,,,none,medium,not_obvious,10.704367432898955,21.408735,true,2026-06-09T18:23:00,2026-06-09T18:46:48,
132,task132,56ff96f3,,submissions/candidates/GOLF_20260609_060_arc_dsl_task057_single_object_hconcat/onnx/task132.onnx,true,02558813adda79590927fa1e3d0be80af0e44475a6abbd69beb0d87da57bfdbb,2585.0,64.0,29394.0,,29458.0,14.709279200950512,pass,,4.0,4.0,1.0,1.0,262.0,262.0,40.0,40.0,267.0,267.0,pass,,25.0,10.290720799049488,14.709279200950512,current,current,unknown,external/arc_dsl/solvers.py,,unknown,,,,none,unknown,not_obvious,10.290720799049488,20.581442,true,2026-06-09T18:23:01,2026-06-09T18:46:48,
133,task133,57aa92db,,submissions/candidates/GOLF_20260609_060_arc_dsl_task057_single_object_hconcat/onnx/task133.onnx,true,e62eb5a9a2a4edd22e15bb60cf6385817bb390a6d88aed743ce640c676fd27d4,14130.0,425.0,196254.0,,196679.0,12.810671762888107,pass,,4.0,4.0,1.0,1.0,262.0,262.0,40.0,40.0,267.0,267.0,pass,,25.0,12.189328237111893,12.810671762888107,current,current,unknown,external/arc_dsl/solvers.py,,unknown,,,,none,medium,not_obvious,12.189328237111893,24.378656,true,2026-06-09T18:23:02,2026-06-09T18:46:48,
134,task134,5ad4f10b,,submissions/candidates/GOLF_20260609_060_arc_dsl_task057_single_object_hconcat/onnx/task134.onnx,true,ebac6df9c67e6a5994d4bba6812140b061485cbcecda2d2573a8d88fc9e1ac49,7045.0,80.0,12300.0,,12380.0,15.576162453761413,pass,,3.0,3.0,1.0,1.0,262.0,262.0,32.0,40.0,266.0,266.0,pass,,25.0,9.423837546238587,15.576162453761413,current,current,unknown,external/arc_dsl/solvers.py,,unknown,,,,none,unknown,not_obvious,9.423837546238587,18.847675,true,2026-06-09T18:23:04,2026-06-09T18:46:48,
135,task135,5bd6f4ac,,submissions/candidates/GOLF_20260609_060_arc_dsl_task057_single_object_hconcat/onnx/task135.onnx,true,a6eca6896b1dbbcd1bf944fb6c9538e2c5fc2cf15786dac3b683be3574fcd543,251.0,0.0,360.0,,360.0,19.113895968549844,pass,,4.0,4.0,1.0,1.0,261.0,261.0,40.0,40.0,266.0,266.0,pass,,25.0,5.886104031450156,19.113895968549844,current,current,unknown,external/arc_dsl/solvers.py,,unknown,,,,none,unknown,not_obvious,5.886104031450156,11.772208,true,2026-06-09T18:23:06,2026-06-09T18:46:48,
136,task136,5c0a986e,,submissions/candidates/GOLF_20260609_060_arc_dsl_task057_single_object_hconcat/onnx/task136.onnx,true,3034cc00b57cebd3f428b9a03cc040332b2aa5f9ea0744b2ee359b54bd1083f5,2827.0,136.0,4700.0,,4836.0,16.516156788265317,pass,,3.0,3.0,1.0,1.0,262.0,262.0,40.0,40.0,266.0,266.0,pass,,25.0,8.483843211734683,16.516156788265317,current,current,unknown,external/arc_dsl/solvers.py,,unknown,,,,none,unknown,not_obvious,8.483843211734683,16.967686,true,2026-06-09T18:23:06,2026-06-09T18:46:48,
137,task137,5c2c9af4,,submissions/candidates/GOLF_20260609_060_arc_dsl_task057_single_object_hconcat/onnx/task137.onnx,true,e2949632a6dcbf2d85e99913160d5788114fe740f599caf7373ab759540d202d,2835.0,76.0,71506.0,,71582.0,13.821401075304742,pass,,3.0,3.0,1.0,1.0,262.0,262.0,39.0,40.0,266.0,266.0,pass,,25.0,11.178598924695258,13.821401075304742,current,current,unknown,external/arc_dsl/solvers.py,,unknown,,,,none,medium,not_obvious,11.178598924695258,22.357198,true,2026-06-09T18:23:06,2026-06-09T18:46:48,
138,task138,5daaa586,,submissions/candidates/GOLF_20260609_060_arc_dsl_task057_single_object_hconcat/onnx/task138.onnx,true,85079e74a2e878fa8ea65d84e8c2411e675efe25045d0694289cb3a3e62d9aee,8806.0,125.0,48342.0,,48467.0,14.211361567031112,pass,,3.0,3.0,1.0,1.0,262.0,262.0,36.0,40.0,266.0,266.0,pass,,25.0,10.788638432968888,14.211361567031112,current,current,unknown,external/arc_dsl/solvers.py,,unknown,,,,none,medium,not_obvious,10.788638432968888,21.577277,true,2026-06-09T18:23:07,2026-06-09T18:46:48,
139,task139,60b61512,,submissions/candidates/GOLF_20260609_060_arc_dsl_task057_single_object_hconcat/onnx/task139.onnx,true,e3e6133e136fc342560390d22bb08861dc290ef6c9f64e8854070984d4a5946f,3865.0,174.0,3456.0,,3630.0,16.803012072741105,pass,,2.0,2.0,1.0,1.0,262.0,262.0,40.0,40.0,265.0,265.0,pass,,25.0,8.196987927258895,16.803012072741105,current,current,unknown,external/arc_dsl/solvers.py,,unknown,,,,none,unknown,not_obvious,8.196987927258895,16.393976,true,2026-06-09T18:23:09,2026-06-09T18:46:48,
140,task140,6150a2bd,,submissions/candidates/GOLF_20260609_060_arc_dsl_task057_single_object_hconcat/onnx/task140.onnx,true,35298d837506c049f25a80c79e44804bf5b76de02a18f7c2e3bf35a0e4b535c9,394.0,8.0,360.0,,368.0,19.09191706183107,pass,,2.0,2.0,1.0,1.0,262.0,262.0,40.0,40.0,265.0,265.0,pass,,25.0,5.908082938168931,19.09191706183107,current,current,unknown,external/arc_dsl/solvers.py,,unknown,,,,none,unknown,not_obvious,5.908082938168931,11.816166,true,2026-06-09T18:23:09,2026-06-09T18:46:48,
141,task141,623ea044,,submissions/candidates/GOLF_20260609_060_arc_dsl_task057_single_object_hconcat/onnx/task141.onnx,true,419409ee1ef9989b22aaba718cfe107b9d915bb476e1f4edee982507a294cede,2345.0,69.0,15750.0,,15819.0,15.33103297180142,pass,,3.0,3.0,1.0,1.0,261.0,261.0,40.0,40.0,265.0,265.0,pass,,25.0,9.66896702819858,15.33103297180142,current,current,unknown,external/arc_dsl/solvers.py,,unknown,,,,none,unknown,not_obvious,9.66896702819858,19.337934,true,2026-06-09T18:23:09,2026-06-09T18:46:48,
142,task142,62c24649,,submissions/candidates/GOLF_20260609_060_arc_dsl_task057_single_object_hconcat/onnx/task142.onnx,true,b525fbe662a950ccba343052e36da4678bbd57b9039d4f6c5a15f3c0a16fd54a,7454.0,1800.0,0.0,,1800.0,17.504458056115745,pass,,3.0,3.0,1.0,1.0,262.0,262.0,40.0,40.0,266.0,266.0,pass,,25.0,7.495541943884255,17.504458056115745,current,current,unknown,external/arc_dsl/solvers.py,,unknown,,,,none,unknown,not_obvious,7.495541943884255,14.991084,true,2026-06-09T18:23:10,2026-06-09T18:46:48,
143,task143,63613498,,submissions/candidates/GOLF_20260609_060_arc_dsl_task057_single_object_hconcat/onnx/task143.onnx,true,545186fc1e5605ade4d666e87702a09678e9c34c1449945e1a0fdef567cea868,2144.0,57.0,19384.0,,19441.0,15.12486048297936,pass,,3.0,3.0,1.0,1.0,262.0,262.0,40.0,40.0,266.0,266.0,pass,,25.0,9.87513951702064,15.12486048297936,current,current,unknown,external/arc_dsl/solvers.py,,unknown,,,,none,unknown,not_obvious,9.87513951702064,19.750279,true,2026-06-09T18:23:10,2026-06-09T18:46:48,
144,task144,6430c8c4,,submissions/candidates/GOLF_20260609_060_arc_dsl_task057_single_object_hconcat/onnx/task144.onnx,true,e4f87f7c8573c08ffd41e89f094d4e46ec04360c13b6e15bbeef1619434c1c23,1321.0,46.0,384.0,,430.0,18.93621479131239,pass,,4.0,4.0,1.0,1.0,262.0,262.0,40.0,40.0,267.0,267.0,pass,,25.0,6.063785208687609,18.93621479131239,current,current,unknown,external/arc_dsl/solvers.py,,unknown,,,,none,unknown,not_obvious,6.063785208687609,12.12757,true,2026-06-09T18:23:10,2026-06-09T18:46:48,
145,task145,6455b5f5,,submissions/candidates/GOLF_20260609_060_arc_dsl_task057_single_object_hconcat/onnx/task145.onnx,true,56b66728666329e2dd3c2c70b5c11b0cecc7b7dbeadcc916e3420976161016e6,19982.0,933.0,68824.0,,69757.0,13.847226946929018,pass,,4.0,4.0,1.0,1.0,262.0,262.0,29.0,40.0,267.0,267.0,pass,,25.0,11.152773053070982,13.847226946929018,current,current,unknown,external/arc_dsl/solvers.py,,unknown,,,,none,medium,not_obvious,11.152773053070982,22.305546,true,2026-06-09T18:23:10,2026-06-09T18:46:48,
146,task146,662c240a,,submissions/candidates/GOLF_20260609_060_arc_dsl_task057_single_object_hconcat/onnx/task146.onnx,true,773d61ca46def6d1e9fdb7916c51a9f5e99a5d39640f394231b2b05a400c4a31,1894.0,24.0,2232.0,,2256.0,17.27865138738205,pass,,4.0,4.0,1.0,1.0,262.0,262.0,40.0,40.0,267.0,267.0,pass,,25.0,7.721348612617948,17.27865138738205,current,current,unknown,external/arc_dsl/solvers.py,,unknown,,,,none,unknown,not_obvious,7.721348612617948,15.442697,true,2026-06-09T18:23:16,2026-06-09T18:46:48,
147,task147,67385a82,,submissions/candidates/GOLF_20260609_060_arc_dsl_task057_single_object_hconcat/onnx/task147.onnx,true,e65dc2d49c2dd32775575699e73cb1ad0aca1fcca0a87fcec26127b52f631670,3825.0,910.0,0.0,,910.0,18.186555400489105,pass,,4.0,4.0,1.0,1.0,262.0,262.0,40.0,40.0,267.0,267.0,pass,,25.0,6.813444599510895,18.186555400489105,current,current,unknown,external/arc_dsl/solvers.py,,unknown,,,,none,unknown,not_obvious,6.813444599510895,13.626889,true,2026-06-09T18:23:17,2026-06-09T18:46:48,
148,task148,673ef223,,submissions/candidates/GOLF_20260609_060_arc_dsl_task057_single_object_hconcat/onnx/task148.onnx,true,977766efe15f7fabde643b68e24ea47cc5d9069210a295f8ba0c7ab3a2f5b9de,6750.0,353.0,21676.0,,22029.0,14.99988495388028,pass,,3.0,3.0,1.0,1.0,262.0,262.0,38.0,40.0,266.0,266.0,pass,,25.0,10.00011504611972,14.99988495388028,current,current,unknown,external/arc_dsl/solvers.py,,unknown,,,,none,unknown,not_obvious,10.00011504611972,20.00023,true,2026-06-09T18:23:17,2026-06-09T18:46:48,
149,task149,6773b310,,submissions/candidates/GOLF_20260609_060_arc_dsl_task057_single_object_hconcat/onnx/task149.onnx,true,f868e04b59ba1d62bada5f98a863145ecfac9cc5e5159b900910227e306b14a9,859.0,91.0,144.0,,235.0,19.54041448585584,pass,,4.0,4.0,1.0,1.0,262.0,262.0,40.0,40.0,267.0,267.0,pass,,25.0,5.459585514144159,19.54041448585584,current,current,unknown,external/arc_dsl/solvers.py,,unknown,,,,none,unknown,not_obvious,5.459585514144159,10.919171,true,2026-06-09T18:23:18,2026-06-09T18:46:48,
150,task150,67a3c6ac,,submissions/candidates/GOLF_20260609_060_arc_dsl_task057_single_object_hconcat/onnx/task150.onnx,true,fa6c3f873e1f41fbd71c214d7f12aff9a1541155bd85dec08e71a57f7a00767d,863.0,31.0,650.0,,681.0,18.47643769385049,pass,,3.0,3.0,1.0,1.0,262.0,262.0,40.0,40.0,266.0,266.0,pass,,25.0,6.523562306149511,18.47643769385049,current,current,unknown,external/arc_dsl/solvers.py,,unknown,,,,none,unknown,not_obvious,6.523562306149511,13.047125,true,2026-06-09T18:23:19,2026-06-09T18:46:48,
151,task151,67a423a3,,submissions/candidates/GOLF_20260609_060_arc_dsl_task057_single_object_hconcat/onnx/task151.onnx,true,265a8eb2b997ae3dae68af150413ae0c0301bc004251e92a8beb0dc79bd2e36b,3880.0,910.0,0.0,,910.0,18.186555400489105,pass,,3.0,3.0,1.0,1.0,262.0,262.0,40.0,40.0,266.0,266.0,pass,,25.0,6.813444599510895,18.186555400489105,current,current,unknown,external/arc_dsl/solvers.py,,unknown,,,,none,unknown,not_obvious,6.813444599510895,13.626889,true,2026-06-09T18:23:19,2026-06-09T18:46:48,
152,task152,67e8384a,,submissions/candidates/GOLF_20260609_060_arc_dsl_task057_single_object_hconcat/onnx/task152.onnx,true,b525fbe662a950ccba343052e36da4678bbd57b9039d4f6c5a15f3c0a16fd54a,7454.0,1800.0,0.0,,1800.0,17.504458056115745,pass,,4.0,4.0,1.0,1.0,262.0,262.0,40.0,40.0,267.0,267.0,pass,,25.0,7.495541943884255,17.504458056115745,current,current,unknown,external/arc_dsl/solvers.py,,unknown,,,,none,unknown,not_obvious,7.495541943884255,14.991084,true,2026-06-09T18:23:19,2026-06-09T18:46:48,
153,task153,681b3aeb,,submissions/candidates/GOLF_20260609_060_arc_dsl_task057_single_object_hconcat/onnx/task153.onnx,true,1541efbf7c65a0ce7751c3de55ca830c1e3be72c892907d1be799b88a93ccbdd,11725.0,181.0,21213.0,,21394.0,15.029134212133924,pass,,3.0,3.0,1.0,1.0,261.0,261.0,29.0,40.0,265.0,265.0,pass,,25.0,9.970865787866076,15.029134212133924,current,current,unknown,external/arc_dsl/solvers.py,,unknown,,,,none,unknown,not_obvious,9.970865787866076,19.941732,true,2026-06-09T18:23:19,2026-06-09T18:46:48,
154,task154,6855a6e4,,submissions/candidates/GOLF_20260609_060_arc_dsl_task057_single_object_hconcat/onnx/task154.onnx,true,35c770b70ce31bc2a5733f0892f4b5869c0192f83503691b877e875081b0463c,6366.0,990.0,31984.0,,32974.0,14.596525348878876,pass,,3.0,3.0,1.0,1.0,262.0,262.0,31.0,40.0,266.0,266.0,pass,,25.0,10.403474651121124,14.596525348878876,current,current,unknown,external/arc_dsl/solvers.py,,unknown,,,,none,unknown,not_obvious,10.403474651121124,20.806949,true,2026-06-09T18:23:20,2026-06-09T18:46:48,
155,task155,68b16354,,submissions/candidates/GOLF_20260609_060_arc_dsl_task057_single_object_hconcat/onnx/task155.onnx,true,adf050cbac464abad2288e60422381804160c3a24b48b438b89d06119a97b13c,851.0,31.0,650.0,,681.0,18.47643769385049,pass,,3.0,3.0,1.0,1.0,262.0,262.0,40.0,40.0,266.0,266.0,pass,,25.0,6.523562306149511,18.47643769385049,current,current,unknown,external/arc_dsl/solvers.py,,unknown,,,,none,unknown,not_obvious,6.523562306149511,13.047125,true,2026-06-09T18:23:21,2026-06-09T18:46:48,
156,task156,694f12f3,,submissions/candidates/GOLF_20260609_060_arc_dsl_task057_single_object_hconcat/onnx/task156.onnx,true,020a87a1e08700317af1037273607d4d841b161f799fa0d597c70095d205cdc0,49197.0,1898.0,24653.0,,26551.0,14.813177309255789,pass,,2.0,2.0,1.0,1.0,262.0,262.0,40.0,40.0,265.0,265.0,pass,,25.0,10.186822690744211,14.813177309255789,current,current,unknown,external/arc_dsl/solvers.py,,unknown,,,,none,unknown,not_obvious,10.186822690744211,20.373645,true,2026-06-09T18:23:21,2026-06-09T18:46:48,
157,task157,6a1e5592,,submissions/candidates/GOLF_20260609_060_arc_dsl_task057_single_object_hconcat/onnx/task157.onnx,true,bebc598c0846d1daa6940fcd47c8470f393323b28894fde4c852a4ce5041e600,267944.0,651.0,78551.0,,79202.0,13.72024316999107,pass,,2.0,2.0,1.0,1.0,262.0,262.0,12.0,40.0,265.0,265.0,pass,,25.0,11.27975683000893,13.72024316999107,current,current,unknown,external/arc_dsl/solvers.py,,unknown,,,,none,medium,not_obvious,11.27975683000893,22.559514,true,2026-06-09T18:23:27,2026-06-09T18:46:48,
158,task158,6aa20dc0,,submissions/candidates/GOLF_20260609_060_arc_dsl_task057_single_object_hconcat/onnx/task158.onnx,true,c8e29907c3fb688d92926b106afb6c2133f13dd11f6cf6629a94c9bc5b1323d7,33661.0,366.0,191092.0,,191458.0,12.837576257600388,pass,,3.0,3.0,1.0,1.0,262.0,262.0,40.0,40.0,266.0,266.0,pass,,25.0,12.162423742399612,12.837576257600388,current,current,unknown,external/arc_dsl/solvers.py,,unknown,,,,none,medium,not_obvious,12.162423742399612,24.324847,true,2026-06-09T18:24:50,2026-06-09T18:46:48,
159,task159,6b9890af,,submissions/candidates/GOLF_20260609_060_arc_dsl_task057_single_object_hconcat/onnx/task159.onnx,true,e4e7b316e65ee57a33f67c10d5ff18c8553e6b4de6af4a89d7687611458081e5,5011.0,78.0,20519.0,,20597.0,15.067099286895523,pass,,3.0,3.0,1.0,1.0,261.0,261.0,40.0,40.0,265.0,265.0,pass,,25.0,9.932900713104477,15.067099286895523,current,current,unknown,external/arc_dsl/solvers.py,,unknown,,,,none,unknown,not_obvious,9.932900713104477,19.865801,true,2026-06-09T18:24:56,2026-06-09T18:46:48,
160,task160,6c434453,,submissions/candidates/GOLF_20260609_060_arc_dsl_task057_single_object_hconcat/onnx/task160.onnx,true,54c4ad8e4c07f6fa403225ae55eaa23ce422d04dec75873f6c7f528f9df2931c,2171.0,65.0,4520.0,,4585.0,16.569454615309432,pass,,2.0,2.0,1.0,1.0,262.0,262.0,40.0,40.0,265.0,265.0,pass,,25.0,8.430545384690568,16.569454615309432,current,current,unknown,external/arc_dsl/solvers.py,,unknown,,,,none,unknown,not_obvious,8.430545384690568,16.861091,true,2026-06-09T18:24:57,2026-06-09T18:46:48,
161,task161,6cdd2623,,submissions/candidates/GOLF_20260609_060_arc_dsl_task057_single_object_hconcat/onnx/task161.onnx,true,2d7de8e1b4ed2bbcf02e9c30f7161ad0c01bf7c326b6a5608b419596eec5cf5f,4323.0,28.0,64611.0,,64639.0,13.923426777221719,pass,,3.0,3.0,1.0,1.0,262.0,262.0,38.0,40.0,266.0,266.0,pass,,25.0,11.076573222778281,13.923426777221719,current,current,unknown,external/arc_dsl/solvers.py,,unknown,,,,none,medium,not_obvious,11.076573222778281,22.153146,true,2026-06-09T18:24:57,2026-06-09T18:46:48,
162,task162,6cf79266,,submissions/candidates/GOLF_20260609_060_arc_dsl_task057_single_object_hconcat/onnx/task162.onnx,true,29467827e023a09da29f2c6bcf10d77d7bff035e613d5615f27d623e6f2f3224,2268.0,43.0,63248.0,,63291.0,13.944501582071068,pass,,3.0,3.0,1.0,1.0,262.0,262.0,40.0,40.0,266.0,266.0,pass,,25.0,11.055498417928932,13.944501582071068,current,current,unknown,external/arc_dsl/solvers.py,,unknown,,,,none,medium,not_obvious,11.055498417928932,22.110997,true,2026-06-09T18:24:58,2026-06-09T18:46:48,
163,task163,6d0160f0,,submissions/candidates/GOLF_20260609_060_arc_dsl_task057_single_object_hconcat/onnx/task163.onnx,true,89d1c947e02998e29fa129f17ee0a0b7776ebddf79af4afca48b5e1799c099c0,11364.0,1645.0,22430.0,,24075.0,14.911070763333674,pass,,4.0,4.0,1.0,1.0,262.0,262.0,40.0,40.0,267.0,267.0,pass,,25.0,10.088929236666326,14.911070763333674,current,current,unknown,external/arc_dsl/solvers.py,,unknown,,,,none,unknown,not_obvious,10.088929236666326,20.177858,true,2026-06-09T18:24:59,2026-06-09T18:46:48,
164,task164,6d0aefbc,,submissions/candidates/GOLF_20260609_060_arc_dsl_task057_single_object_hconcat/onnx/task164.onnx,true,250771b94d3db4658d4ac04e3bd9a0740f2af0f3aba0bb9b5df4d6181bb470d4,479.0,30.0,0.0,,30.0,21.598802618337846,pass,,4.0,4.0,1.0,1.0,262.0,262.0,40.0,40.0,267.0,267.0,pass,,25.0,3.401197381662154,21.598802618337846,current,current,unknown,external/arc_dsl/solvers.py,,unknown,,,,none,unknown,not_obvious,3.401197381662154,6.802395,true,2026-06-09T18:25:00,2026-06-09T18:46:48,
165,task165,6d58a25d,,submissions/candidates/GOLF_20260609_060_arc_dsl_task057_single_object_hconcat/onnx/task165.onnx,true,84191da6721ff334125fd7fa8616eb9122ba801b8e467d4f0bac42cdd367fab2,4910.0,994.0,66530.0,,67524.0,13.87976163077872,pass,,3.0,3.0,1.0,1.0,261.0,261.0,13.0,40.0,265.0,265.0,pass,,25.0,11.12023836922128,13.87976163077872,current,current,unknown,external/arc_dsl/solvers.py,,unknown,,,,none,medium,not_obvious,11.12023836922128,22.240477,true,2026-06-09T18:25:00,2026-06-09T18:46:48,
166,task166,6d75e8bb,,submissions/candidates/GOLF_20260609_060_arc_dsl_task057_single_object_hconcat/onnx/task166.onnx,true,635ac35cdaf739d7549ee8cd70b4042ae832ff18d2798a37fb1e315bb0990a02,1318.0,37.0,24752.0,,24789.0,14.881844714630706,pass,,3.0,3.0,1.0,1.0,262.0,262.0,40.0,40.0,266.0,266.0,pass,,25.0,10.118155285369294,14.881844714630706,current,current,unknown,external/arc_dsl/solvers.py,,unknown,,,,none,unknown,not_obvious,10.118155285369294,20.236311,true,2026-06-09T18:25:01,2026-06-09T18:46:48,
167,task167,6e02f1e3,,submissions/candidates/GOLF_20260609_060_arc_dsl_task057_single_object_hconcat/onnx/task167.onnx,true,71960feaa6f01d141e2e847cf629191d99e40b6ceb0199f2c3f955b43a84d6d9,1673.0,294.0,391.0,,685.0,18.470581161737776,pass,,5.0,5.0,1.0,1.0,262.0,262.0,40.0,40.0,268.0,268.0,pass,,25.0,6.529418838262224,18.470581161737776,current,current,unknown,external/arc_dsl/solvers.py,,unknown,,,,none,unknown,not_obvious,6.529418838262224,13.058838,true,2026-06-09T18:25:01,2026-06-09T18:46:48,
168,task168,6e19193c,,submissions/candidates/GOLF_20260609_060_arc_dsl_task057_single_object_hconcat/onnx/task168.onnx,true,24e27e72411c8561da75b446c8d7253b7581784b14d9d8063097e06ac83fac71,4620.0,185.0,20218.0,,20403.0,15.076562772156251,pass,,2.0,2.0,1.0,1.0,262.0,262.0,40.0,40.0,265.0,265.0,pass,,25.0,9.923437227843749,15.076562772156251,current,current,unknown,external/arc_dsl/solvers.py,,unknown,,,,none,unknown,not_obvious,9.923437227843749,19.846874,true,2026-06-09T18:25:01,2026-06-09T18:46:48,
169,task169,6e82a1ae,,submissions/candidates/GOLF_20260609_060_arc_dsl_task057_single_object_hconcat/onnx/task169.onnx,true,8f1a1bcaa371d02dc91ac01a00326e44103b6342d849f00a509316c99f1643a0,20785.0,655.0,22973.0,,23628.0,14.929812271572874,pass,,3.0,3.0,1.0,1.0,262.0,262.0,40.0,40.0,266.0,266.0,pass,,25.0,10.070187728427126,14.929812271572874,current,current,unknown,external/arc_dsl/solvers.py,,unknown,,,,none,unknown,not_obvious,10.070187728427126,20.140375,true,2026-06-09T18:25:02,2026-06-09T18:46:48,
170,task170,6ecd11f4,,submissions/candidates/GOLF_20260609_060_arc_dsl_task057_single_object_hconcat/onnx/task170.onnx,true,40c7d62d579c2d8926059eb3c557934286ca2ed2507772f25b157bc0a91d75ba,50577.0,249.0,78315.0,,78564.0,13.728331141770909,pass,,3.0,3.0,1.0,1.0,262.0,262.0,40.0,40.0,266.0,266.0,pass,,25.0,11.271668858229091,13.728331141770909,current,current,unknown,external/arc_dsl/solvers.py,,unknown,,,,none,medium,not_obvious,11.271668858229091,22.543338,true,2026-06-09T18:25:05,2026-06-09T18:46:48,
171,task171,6f8cd79b,,submissions/candidates/GOLF_20260609_060_arc_dsl_task057_single_object_hconcat/onnx/task171.onnx,true,c0dccfce69e87e53b68a617cc0ce6da5c9659180ce2acc2a46007c9915c524cb,3825.0,910.0,0.0,,910.0,18.186555400489105,pass,,4.0,4.0,1.0,1.0,49.0,49.0,40.0,40.0,54.0,54.0,pass,,25.0,6.813444599510895,18.186555400489105,current,current,unknown,external/arc_dsl/solvers.py,,unknown,,,,none,unknown,not_obvious,6.813444599510895,13.626889,true,2026-06-09T18:25:14,2026-06-09T18:46:48,
172,task172,6fa7a44f,,submissions/candidates/GOLF_20260609_060_arc_dsl_task057_single_object_hconcat/onnx/task172.onnx,true,aa923630b6479cf1a1f5e7b7bfe2e4947e1c8ba8edba4f31d250b0b2f0c98dde,479.0,30.0,0.0,,30.0,21.598802618337846,pass,,4.0,4.0,1.0,1.0,262.0,262.0,40.0,40.0,267.0,267.0,pass,,25.0,3.401197381662154,21.598802618337846,current,current,unknown,external/arc_dsl/solvers.py,,unknown,,,,none,unknown,not_obvious,3.401197381662154,6.802395,true,2026-06-09T18:25:15,2026-06-09T18:46:48,
173,task173,72322fa7,,submissions/candidates/GOLF_20260609_060_arc_dsl_task057_single_object_hconcat/onnx/task173.onnx,true,6422b0cd8c4551cb02c6733546b9d7f1b9130a0e4e58c7132e4791558a968ec7,10061.0,217.0,175026.0,,175243.0,12.926071138839562,pass,,3.0,3.0,1.0,1.0,262.0,262.0,40.0,40.0,266.0,266.0,pass,,25.0,12.073928861160438,12.926071138839562,current,current,unknown,external/arc_dsl/solvers.py,,unknown,,,,none,medium,not_obvious,12.073928861160438,24.147858,true,2026-06-09T18:25:15,2026-06-09T18:46:48,
174,task174,72ca375d,,submissions/candidates/GOLF_20260609_060_arc_dsl_task057_single_object_hconcat/onnx/task174.onnx,true,4501407339b9e160ae271315971c5baa39151bb8f252ce075fee7e027ffb1686,61839.0,74.0,51945.0,,52019.0,14.140635684557754,pass,,3.0,3.0,1.0,1.0,262.0,262.0,40.0,40.0,266.0,266.0,pass,,25.0,10.859364315442246,14.140635684557754,current,current,unknown,external/arc_dsl/solvers.py,,unknown,,,,none,medium,not_obvious,10.859364315442246,21.718729,true,2026-06-09T18:25:16,2026-06-09T18:46:48,
175,task175,73251a56,,submissions/candidates/GOLF_20260609_060_arc_dsl_task057_single_object_hconcat/onnx/task175.onnx,true,0b83fcaee1890aa837935876092644cb56c2acf1f7249d8fb3ae79877ef09f4d,6889.0,2748.0,92072.0,,94820.0,13.54026436354389,pass,,3.0,3.0,1.0,1.0,262.0,262.0,40.0,40.0,266.0,266.0,pass,,25.0,11.45973563645611,13.54026436354389,current,current,unknown,external/arc_dsl/solvers.py,,unknown,,,,none,medium,not_obvious,11.45973563645611,22.919471,true,2026-06-09T18:25:26,2026-06-09T18:46:48,
176,task176,7447852a,,submissions/candidates/GOLF_20260609_060_arc_dsl_task057_single_object_hconcat/onnx/task176.onnx,true,e323248617622d6f3ec11b2d387952fea83ecc2fed3bdb998ca12143a2168c6b,1126.0,120.0,7800.0,,7920.0,16.022853515191528,pass,,3.0,3.0,1.0,1.0,21.0,21.0,25.0,25.0,25.0,25.0,pass,,25.0,8.977146484808472,16.022853515191528,current,current,unknown,external/arc_dsl/solvers.py,,unknown,,,,none,medium,not_obvious,8.977146484808472,25.954293,true,2026-06-09T18:25:27,2026-06-09T18:46:48,
177,task177,7468f01a,,submissions/candidates/GOLF_20260609_060_arc_dsl_task057_single_object_hconcat/onnx/task177.onnx,true,cf49f3845c907c5c58bfc44858a09562b29c11f7bc05ec633f96e70552287949,3189.0,102.0,61092.0,,61194.0,13.978195575521427,pass,,3.0,3.0,1.0,1.0,261.0,261.0,40.0,40.0,265.0,265.0,pass,,25.0,11.021804424478573,13.978195575521427,current,current,unknown,external/arc_dsl/solvers.py,,unknown,,,,none,medium,not_obvious,11.021804424478573,22.043609,true,2026-06-09T18:25:27,2026-06-09T18:46:48,
178,task178,746b3537,,submissions/candidates/GOLF_20260609_060_arc_dsl_task057_single_object_hconcat/onnx/task178.onnx,true,c2f0c1d677da311985f834085366125c2a4faec37223824d2e9b67736fe56dde,6317.0,87.0,13569.0,,13656.0,15.478065735525723,pass,,5.0,5.0,1.0,1.0,262.0,262.0,40.0,40.0,268.0,268.0,pass,,25.0,9.521934264474277,15.478065735525723,current,current,unknown,external/arc_dsl/solvers.py,,unknown,,,,none,unknown,not_obvious,9.521934264474277,19.043869,true,2026-06-09T18:25:28,2026-06-09T18:46:48,
179,task179,74dd1130,,submissions/candidates/GOLF_20260609_060_arc_dsl_task057_single_object_hconcat/onnx/task179.onnx,true,bde695a21a93b9e2084a9b7e8a8bee5f2cdc694baa71a12d1c34ae921a89cb87,170.0,0.0,0.0,,0.0,25.0,pass,,4.0,4.0,1.0,1.0,262.0,262.0,40.0,40.0,267.0,267.0,pass,,25.0,0.0,25.0,current,current,unknown,external/arc_dsl/solvers.py,,unknown,,,,none,unknown,not_obvious,0.0,0.0,true,2026-06-09T18:25:28,2026-06-09T18:46:48,
180,task180,75b8110e,,submissions/candidates/GOLF_20260609_060_arc_dsl_task057_single_object_hconcat/onnx/task180.onnx,true,8f6b55aa41b48daa3c5bde2cf091752666c75e5b3b9acd0b61ce5c378a8988a7,2525.0,922.0,6528.0,,7450.0,16.084030688626395,pass,,5.0,5.0,1.0,1.0,262.0,262.0,40.0,40.0,268.0,268.0,pass,,25.0,8.915969311373605,16.084030688626395,current,current,unknown,external/arc_dsl/solvers.py,,unknown,,,,none,unknown,not_obvious,8.915969311373605,17.831939,true,2026-06-09T18:25:28,2026-06-09T18:46:48,
181,task181,760b3cac,,submissions/candidates/GOLF_20260609_060_arc_dsl_task057_single_object_hconcat/onnx/task181.onnx,true,d5e423513a6d975dcf970b7fa00306491312801ed8b9c3232bddaa05e5217ae9,3083.0,86.0,1108.0,,1194.0,17.91493570604745,pass,,3.0,3.0,1.0,1.0,262.0,262.0,40.0,40.0,266.0,266.0,pass,,25.0,7.0850642939525486,17.91493570604745,current,current,unknown,external/arc_dsl/solvers.py,,unknown,,,,none,unknown,not_obvious,7.0850642939525486,14.170129,true,2026-06-09T18:25:28,2026-06-09T18:46:48,
182,task182,776ffc46,,submissions/candidates/GOLF_20260609_060_arc_dsl_task057_single_object_hconcat/onnx/task182.onnx,true,ac66100a38fea7434d77281bd097aeef12f2aec315a35796a7e7566e7d2a3ade,19158.0,1039.0,46580.0,,47619.0,14.22901287975965,pass,,4.0,4.0,1.0,1.0,262.0,262.0,40.0,40.0,267.0,267.0,pass,,25.0,10.77098712024035,14.22901287975965,current,current,unknown,external/arc_dsl/solvers.py,,unknown,,,,none,medium,not_obvious,10.77098712024035,21.541974,true,2026-06-09T18:25:29,2026-06-09T18:46:48,
183,task183,77fdfe62,,submissions/candidates/GOLF_20260609_060_arc_dsl_task057_single_object_hconcat/onnx/task183.onnx,true,f4b7005b4290adc5dea5ec89a9355c9f2409a0512a488a0a99a808732f9b6fdc,4662.0,28.0,24840.0,,24868.0,14.878662884610772,pass,,3.0,3.0,1.0,1.0,261.0,261.0,29.0,40.0,265.0,265.0,pass,,25.0,10.121337115389228,14.878662884610772,current,current,unknown,external/arc_dsl/solvers.py,,unknown,,,,none,unknown,not_obvious,10.121337115389228,20.242674,true,2026-06-09T18:25:32,2026-06-09T18:46:48,
184,task184,780d0b14,,submissions/candidates/GOLF_20260609_060_arc_dsl_task057_single_object_hconcat/onnx/task184.onnx,true,e2dcc9362cac03db34174d9cfe83b4528b95b776befd30fdd1cdc73bfb758161,43202.0,9975.0,28880.0,,38855.0,14.432407952356657,pass,,3.0,3.0,1.0,1.0,165.0,165.0,9.0,40.0,169.0,169.0,pass,,25.0,10.567592047643343,14.432407952356657,current,current,unknown,external/arc_dsl/solvers.py,,unknown,,,,none,unknown,not_obvious,10.567592047643343,21.135184,true,2026-06-09T18:25:32,2026-06-09T18:46:48,
185,task185,7837ac64,,submissions/candidates/GOLF_20260609_060_arc_dsl_task057_single_object_hconcat/onnx/task185.onnx,true,dbc48d1e31979b5114d5df411783ca8989f9ae9c4bd063f24eb529ea5d5b1dae,18881.0,67.0,59517.0,,59584.0,14.00485763936326,pass,,4.0,4.0,1.0,1.0,262.0,262.0,40.0,40.0,267.0,267.0,pass,,25.0,10.99514236063674,14.00485763936326,current,current,unknown,external/arc_dsl/solvers.py,,unknown,,,,none,medium,not_obvious,10.99514236063674,21.990285,true,2026-06-09T18:25:33,2026-06-09T18:46:48,
186,task186,794b24be,,submissions/candidates/GOLF_20260609_060_arc_dsl_task057_single_object_hconcat/onnx/task186.onnx,true,5f12ebe1ba6f496ac5712d9d6c43d990aba0f2edfb4474275efbbbce95cef086,924.0,46.0,318.0,,364.0,19.10284613236326,pass,,10.0,10.0,2.0,2.0,255.0,255.0,40.0,40.0,267.0,267.0,pass,,25.0,5.897153867636739,19.10284613236326,current,current,unknown,external/arc_dsl/solvers.py,,unknown,,,,none,unknown,not_obvious,5.897153867636739,11.794308,true,2026-06-09T18:25:37,2026-06-09T18:46:48,
187,task187,7b6016b9,,submissions/candidates/GOLF_20260609_060_arc_dsl_task057_single_object_hconcat/onnx/task187.onnx,true,cbbdb8dc3a707e455a832bcae8af23d3f17b06d5d24522d51bd63d5831282515,9705.0,912.0,83700.0,,84612.0,13.654168620492959,pass,,3.0,3.0,1.0,1.0,262.0,262.0,39.0,40.0,266.0,266.0,pass,,25.0,11.345831379507041,13.654168620492959,current,current,unknown,external/arc_dsl/solvers.py,,unknown,,,,none,medium,not_obvious,11.345831379507041,22.691663,true,2026-06-09T18:25:37,2026-06-09T18:46:48,
188,task188,7b7f7511,,submissions/candidates/GOLF_20260609_060_arc_dsl_task057_single_object_hconcat/onnx/task188.onnx,true,b48429ec56843515f15fb784b0246488517e52cca244ecee0a432bfdacfcdec0,4356.0,48.0,10972.0,,11020.0,15.692532917293095,pass,,3.0,3.0,1.0,1.0,262.0,262.0,39.0,40.0,266.0,266.0,pass,,25.0,9.307467082706905,15.692532917293095,current,current,unknown,external/arc_dsl/solvers.py,,unknown,,,,none,unknown,not_obvious,9.307467082706905,18.614934,true,2026-06-09T18:25:38,2026-06-09T18:46:48,
189,task189,7c008303,,submissions/candidates/GOLF_20260609_060_arc_dsl_task057_single_object_hconcat/onnx/task189.onnx,true,fa7e9452713b624f61ee082a94e71437e44e5d608c16d3ffc5d70c49544f35be,10578.0,259.0,24380.0,,24639.0,14.887914167591697,pass,,3.0,3.0,1.0,1.0,262.0,262.0,38.0,40.0,266.0,266.0,pass,,25.0,10.112085832408303,14.887914167591697,current,current,unknown,external/arc_dsl/solvers.py,,unknown,,,,none,unknown,not_obvious,10.112085832408303,20.224172,true,2026-06-09T18:25:39,2026-06-09T18:46:48,
190,task190,7ddcd7ec,,submissions/candidates/GOLF_20260609_060_arc_dsl_task057_single_object_hconcat/onnx/task190.onnx,true,0a31ba38881a6fc4af83224d1aa59f0a876aea5808f55f95707b8c5975ac4c06,8781.0,178.0,11026.0,,11204.0,15.675973863620001,pass,,3.0,3.0,1.0,1.0,262.0,262.0,40.0,40.0,266.0,266.0,pass,,25.0,9.324026136379999,15.675973863620001,current,current,unknown,external/arc_dsl/solvers.py,,unknown,,,,none,unknown,not_obvious,9.324026136379999,18.648052,true,2026-06-09T18:25:41,2026-06-09T18:46:48,
191,task191,7df24a62,,submissions/candidates/GOLF_20260609_060_arc_dsl_task057_single_object_hconcat/onnx/task191.onnx,true,3e3ea66f05444e9801586398edeb7cb3b3ac417fddb428894e250f47c553c7f7,10881.0,487.0,85432.0,,85919.0,13.638839729058745,pass,,4.0,4.0,1.0,1.0,262.0,262.0,38.0,40.0,267.0,267.0,pass,,25.0,11.361160270941255,13.638839729058745,current,current,unknown,external/arc_dsl/solvers.py,,unknown,,,,none,medium,not_obvious,11.361160270941255,22.722321,true,2026-06-09T18:25:42,2026-06-09T18:46:48,
192,task192,7e0986d6,,submissions/candidates/GOLF_20260609_060_arc_dsl_task057_single_object_hconcat/onnx/task192.onnx,true,02da2ed1d0363997e45f8c5bfe6fef9b8de614300b6189a91ffc9a8d49a37a05,2089.0,70.0,51898.0,,51968.0,14.14161657647865,pass,,2.0,2.0,1.0,1.0,262.0,262.0,33.0,40.0,265.0,265.0,pass,,25.0,10.85838342352135,14.14161657647865,current,current,unknown,external/arc_dsl/solvers.py,,unknown,,,,none,medium,not_obvious,10.85838342352135,21.716767,true,2026-06-09T18:25:45,2026-06-09T18:46:48,
193,task193,7f4411dc,,submissions/candidates/GOLF_20260609_060_arc_dsl_task057_single_object_hconcat/onnx/task193.onnx,true,1184ed012012ee9bc87677fea86382acea9bc6b8979f087a5b3500492d6138dd,1925.0,61.0,53600.0,,53661.0,14.109558240338645,pass,,3.0,3.0,1.0,1.0,262.0,262.0,40.0,40.0,266.0,266.0,pass,,25.0,10.890441759661355,14.109558240338645,current,current,unknown,external/arc_dsl/solvers.py,,unknown,,,,none,medium,not_obvious,10.890441759661355,21.780884,true,2026-06-09T18:25:45,2026-06-09T18:46:48,
194,task194,7fe24cdd,,submissions/candidates/GOLF_20260609_060_arc_dsl_task057_single_object_hconcat/onnx/task194.onnx,true,5a188032e9933c63bea9816c0846001d769eb356d00653af9e5e766ff62bb53b,7454.0,1800.0,0.0,,1800.0,17.504458056115745,pass,,3.0,3.0,1.0,1.0,262.0,262.0,40.0,40.0,266.0,266.0,pass,,25.0,7.495541943884255,17.504458056115745,current,current,unknown,external/arc_dsl/solvers.py,,unknown,,,,none,unknown,not_obvious,7.495541943884255,14.991084,true,2026-06-09T18:25:46,2026-06-09T18:46:48,
195,task195,80af3007,,submissions/candidates/GOLF_20260609_060_arc_dsl_task057_single_object_hconcat/onnx/task195.onnx,true,ba4b722b42ea9bdbffbe4fcf38c90d387045eee91e245e77f502c246c158e0dd,5381.0,1919.0,12310.0,,14229.0,15.436962585454308,pass,,3.0,3.0,1.0,1.0,261.0,261.0,34.0,40.0,265.0,265.0,pass,,25.0,9.563037414545692,15.436962585454308,current,current,unknown,external/arc_dsl/solvers.py,,unknown,,,,none,unknown,not_obvious,9.563037414545692,19.126075,true,2026-06-09T18:25:46,2026-06-09T18:46:48,
196,task196,810b9b61,,submissions/candidates/GOLF_20260609_060_arc_dsl_task057_single_object_hconcat/onnx/task196.onnx,true,73f53f65549114a9075f19b9b3cae9b96e5ef04b7ac513a65f50e2171fbcf8be,3491.0,66.0,32175.0,,32241.0,14.619005786490737,pass,,3.0,3.0,1.0,1.0,262.0,262.0,40.0,40.0,266.0,266.0,pass,,25.0,10.380994213509263,14.619005786490737,current,current,unknown,external/arc_dsl/solvers.py,,unknown,,,,none,unknown,not_obvious,10.380994213509263,20.761988,true,2026-06-09T18:25:46,2026-06-09T18:46:48,
197,task197,82819916,,submissions/candidates/GOLF_20260609_060_arc_dsl_task057_single_object_hconcat/onnx/task197.onnx,true,d2fb46801935583882f6a460471b563ccee60a53661cb17003fc2b60f17ba1ea,1223.0,16.0,50672.0,,50688.0,14.166555524825903,pass,,4.0,4.0,1.0,1.0,262.0,262.0,40.0,40.0,267.0,267.0,pass,,25.0,10.833444475174097,14.166555524825903,current,current,unknown,external/arc_dsl/solvers.py,,unknown,,,,none,medium,not_obvious,10.833444475174097,21.666889,true,2026-06-09T18:25:47,2026-06-09T18:46:48,
198,task198,83302e8f,,submissions/candidates/GOLF_20260609_060_arc_dsl_task057_single_object_hconcat/onnx/task198.onnx,true,a1cd099e3d965fb4506eded8d4bde77ea202357df70e9212b36911ca002c8cb1,6979.0,913.0,102908.0,,103821.0,13.449576458609688,pass,,3.0,3.0,1.0,1.0,262.0,262.0,21.0,40.0,266.0,266.0,pass,,25.0,11.550423541390312,13.449576458609688,current,current,unknown,external/arc_dsl/solvers.py,,unknown,,,,none,medium,not_obvious,11.550423541390312,23.100847,true,2026-06-09T18:25:48,2026-06-09T18:46:48,
199,task199,834ec97d,,submissions/candidates/GOLF_20260609_060_arc_dsl_task057_single_object_hconcat/onnx/task199.onnx,true,7f8ae82add1995ce631f2596ebf18e50b694cb8ec8d56a776cb6b1f393d891fa,2948.0,54.0,16103.0,,16157.0,15.30989132872317,pass,,3.0,3.0,1.0,1.0,262.0,262.0,40.0,40.0,266.0,266.0,pass,,25.0,9.69010867127683,15.30989132872317,current,current,unknown,external/arc_dsl/solvers.py,,unknown,,,,none,unknown,not_obvious,9.69010867127683,19.380217,true,2026-06-09T18:25:49,2026-06-09T18:46:48,
200,task200,8403a5d5,,submissions/candidates/GOLF_20260609_060_arc_dsl_task057_single_object_hconcat/onnx/task200.onnx,true,16b54d57827f7819b84fd55a5b88ead29cca003ac2ecf25334903a1923253f80,3848.0,54.0,3212.0,,3266.0,16.90867872646959,pass,,3.0,3.0,1.0,1.0,80.0,80.0,40.0,40.0,84.0,84.0,pass,,25.0,8.091321273530411,16.90867872646959,current,current,unknown,external/arc_dsl/solvers.py,,unknown,,,,none,unknown,not_obvious,8.091321273530411,16.182643,true,2026-06-09T18:25:49,2026-06-09T18:46:48,
201,task201,846bdb03,,submissions/candidates/GOLF_20260609_060_arc_dsl_task057_single_object_hconcat/onnx/task201.onnx,true,38bd02d717e5ab0a9e14bc97fdda66c68e8a52c2b2686fbb9411671b3abf5da8,9668.0,308.0,92392.0,,92700.0,13.562876248446054,pass,,4.0,4.0,1.0,1.0,261.0,261.0,6.0,40.0,266.0,266.0,pass,,25.0,11.437123751553946,13.562876248446054,current,current,unknown,external/arc_dsl/solvers.py,,unknown,,,,none,medium,not_obvious,11.437123751553946,22.874248,true,2026-06-09T18:25:49,2026-06-09T18:46:48,
202,task202,855e0971,,submissions/candidates/GOLF_20260609_060_arc_dsl_task057_single_object_hconcat/onnx/task202.onnx,true,548ea01a96ba723d596f57386963dc208eac1c74ee9c8ad978597704d8065f5d,3582.0,14.0,125706.0,,125720.0,13.258187509088495,pass,,4.0,4.0,1.0,1.0,225.0,225.0,40.0,40.0,230.0,230.0,pass,,25.0,11.741812490911505,13.258187509088495,current,current,unknown,external/arc_dsl/solvers.py,,unknown,,,,none,medium,not_obvious,11.741812490911505,23.483625,true,2026-06-09T18:25:51,2026-06-09T18:46:48,
203,task203,85c4e7cd,,submissions/candidates/GOLF_20260609_060_arc_dsl_task057_single_object_hconcat/onnx/task203.onnx,true,5c86587356aef4914bda51c97f89e22464a8270b22c47a7b46fe9a7cfed22036,6437.0,690.0,87712.0,,88402.0,13.610350127195805,pass,,4.0,4.0,1.0,1.0,262.0,262.0,40.0,40.0,267.0,267.0,pass,,25.0,11.389649872804195,13.610350127195805,current,current,unknown,external/arc_dsl/solvers.py,,unknown,,,,none,medium,not_obvious,11.389649872804195,22.7793,true,2026-06-09T18:25:52,2026-06-09T18:46:48,
204,task204,868de0fa,,submissions/candidates/GOLF_20260609_060_arc_dsl_task057_single_object_hconcat/onnx/task204.onnx,true,ba4ffbc5c9eef0b8cdd6718a27b6cbdd935d550ffba5f90c34d687d2d4595565,7250.0,1246.0,118400.0,,119646.0,13.307707338062253,pass,,5.0,5.0,1.0,1.0,262.0,262.0,40.0,40.0,268.0,268.0,pass,,25.0,11.692292661937747,13.307707338062253,current,current,unknown,external/arc_dsl/solvers.py,,unknown,,,,none,medium,not_obvious,11.692292661937747,23.384585,true,2026-06-09T18:25:53,2026-06-09T18:46:48,
205,task205,8731374e,,submissions/candidates/GOLF_20260609_060_arc_dsl_task057_single_object_hconcat/onnx/task205.onnx,true,dfd08e391e2f0ca84fc0efe2a0fb96c8914cd0c3f7eefebc8c36de45e2c92553,33601.0,1722.0,110591.0,,112313.0,13.370955104619776,pass,,3.0,3.0,1.0,1.0,262.0,262.0,29.0,40.0,266.0,266.0,pass,,25.0,11.629044895380224,13.370955104619776,current,current,unknown,external/arc_dsl/solvers.py,,unknown,,,,none,medium,not_obvious,11.629044895380224,23.25809,true,2026-06-09T18:25:54,2026-06-09T18:46:48,
206,task206,88a10436,,submissions/candidates/GOLF_20260609_060_arc_dsl_task057_single_object_hconcat/onnx/task206.onnx,true,6d2e2caf63b2b8ee014e0df959395bfc42df14c2f6bc7f7bb1fcdd330df2bd1d,4022.0,90.0,61296.0,,61386.0,13.975062924893004,pass,,3.0,3.0,1.0,1.0,262.0,262.0,40.0,40.0,266.0,266.0,pass,,25.0,11.024937075106996,13.975062924893004,current,current,unknown,external/arc_dsl/solvers.py,,unknown,,,,none,medium,not_obvious,11.024937075106996,22.049874,true,2026-06-09T18:26:01,2026-06-09T18:46:48,
207,task207,88a62173,,submissions/candidates/GOLF_20260609_060_arc_dsl_task057_single_object_hconcat/onnx/task207.onnx,true,eb31b69d46ecc34c73b17ad80493c10002468aa9196475e6c9e12fcf46ff8235,1979.0,35.0,1840.0,,1875.0,17.463636061595487,pass,,3.0,3.0,1.0,1.0,261.0,261.0,40.0,40.0,265.0,265.0,pass,,25.0,7.536363938404513,17.463636061595487,current,current,unknown,external/arc_dsl/solvers.py,,unknown,,,,none,unknown,not_obvious,7.536363938404513,15.072728,true,2026-06-09T18:26:02,2026-06-09T18:46:48,
208,task208,890034e9,,submissions/candidates/GOLF_20260609_060_arc_dsl_task057_single_object_hconcat/onnx/task208.onnx,true,3bbdb622d72470ab3535a6cda2816f64689f9e0c35d877ab37e915b2d3262e28,4971.0,179.0,47093.0,,47272.0,14.236326566974489,pass,,3.0,3.0,1.0,1.0,262.0,262.0,40.0,40.0,266.0,266.0,pass,,25.0,10.763673433025511,14.236326566974489,current,current,unknown,external/arc_dsl/solvers.py,,unknown,,,,none,medium,not_obvious,10.763673433025511,21.527347,true,2026-06-09T18:26:03,2026-06-09T18:46:48,
209,task209,8a004b2b,,submissions/candidates/GOLF_20260609_060_arc_dsl_task057_single_object_hconcat/onnx/task209.onnx,true,526096cdb412105c0c63b13deae79e4fe0e8dd534f55f1f79315e19f2b58699c,12442.0,165.0,122191.0,,122356.0,13.28530989269121,pass,,3.0,3.0,1.0,1.0,262.0,262.0,21.0,40.0,266.0,266.0,pass,,25.0,11.71469010730879,13.28530989269121,current,current,unknown,external/arc_dsl/solvers.py,,unknown,,,,none,medium,not_obvious,11.71469010730879,23.42938,true,2026-06-09T18:26:04,2026-06-09T18:46:48,
210,task210,8be77c9e,,submissions/candidates/GOLF_20260609_060_arc_dsl_task057_single_object_hconcat/onnx/task210.onnx,true,aa923630b6479cf1a1f5e7b7bfe2e4947e1c8ba8edba4f31d250b0b2f0c98dde,479.0,30.0,0.0,,30.0,21.598802618337846,pass,,3.0,3.0,1.0,1.0,262.0,262.0,40.0,40.0,266.0,266.0,pass,,25.0,3.401197381662154,21.598802618337846,current,current,unknown,external/arc_dsl/solvers.py,,unknown,,,,none,unknown,not_obvious,3.401197381662154,6.802395,true,2026-06-09T18:26:07,2026-06-09T18:46:48,
211,task211,8d5021e8,,submissions/candidates/GOLF_20260609_060_arc_dsl_task057_single_object_hconcat/onnx/task211.onnx,true,3c58a51ab06ee25bf3c54539284f6def4bc6e10c364246d45f5533df0905fd17,7454.0,1800.0,0.0,,1800.0,17.504458056115745,pass,,3.0,3.0,1.0,1.0,262.0,262.0,40.0,40.0,266.0,266.0,pass,,25.0,7.495541943884255,17.504458056115745,current,current,unknown,external/arc_dsl/solvers.py,,unknown,,,,none,unknown,not_obvious,7.495541943884255,14.991084,true,2026-06-09T18:26:07,2026-06-09T18:46:48,
212,task212,8d510a79,,submissions/candidates/GOLF_20260609_060_arc_dsl_task057_single_object_hconcat/onnx/task212.onnx,true,0c1ca70c56b44d6d046af2024e16c123ffaa22fb324a34d41b0f2d6faf36bc61,6505.0,138.0,9032.0,,9170.0,15.876307434749489,pass,,2.0,2.0,1.0,1.0,262.0,262.0,40.0,40.0,265.0,265.0,pass,,25.0,9.123692565250511,15.876307434749489,current,current,unknown,external/arc_dsl/solvers.py,,unknown,,,,none,unknown,not_obvious,9.123692565250511,18.247385,true,2026-06-09T18:26:07,2026-06-09T18:46:48,
213,task213,8e1813be,,submissions/candidates/GOLF_20260609_060_arc_dsl_task057_single_object_hconcat/onnx/task213.onnx,true,ffd3db947f8641970df24a83738d878471af3403cc7a2bbd245fb74dd1da6198,26793.0,140.0,50005.0,,50145.0,14.177325912477691,pass,,3.0,3.0,1.0,1.0,261.0,261.0,40.0,40.0,265.0,265.0,pass,,25.0,10.822674087522309,14.177325912477691,current,current,unknown,external/arc_dsl/solvers.py,,unknown,,,,none,medium,not_obvious,10.822674087522309,21.645348,true,2026-06-09T18:26:08,2026-06-09T18:46:48,
214,task214,8e5a5113,,submissions/candidates/GOLF_20260609_060_arc_dsl_task057_single_object_hconcat/onnx/task214.onnx,true,476030b9c3c916862c896b22ae9f1ee46d6bedd703bd39deeb4fe1a9a7cf6c54,7454.0,1800.0,0.0,,1800.0,17.504458056115745,pass,,3.0,3.0,1.0,1.0,262.0,262.0,40.0,40.0,266.0,266.0,pass,,25.0,7.495541943884255,17.504458056115745,current,current,unknown,external/arc_dsl/solvers.py,,unknown,,,,none,unknown,not_obvious,7.495541943884255,14.991084,true,2026-06-09T18:26:13,2026-06-09T18:46:48,
215,task215,8eb1be9a,,submissions/candidates/GOLF_20260609_060_arc_dsl_task057_single_object_hconcat/onnx/task215.onnx,true,ad1e975b6e82508de2e208bb5877eb3d7a2c9d9a0cebf7b9dd4911a4078af377,1729.0,112.0,37982.0,,38094.0,14.452187931601495,pass,,2.0,2.0,1.0,1.0,262.0,262.0,22.0,40.0,265.0,265.0,pass,,25.0,10.547812068398505,14.452187931601495,current,current,unknown,external/arc_dsl/solvers.py,,unknown,,,,none,unknown,not_obvious,10.547812068398505,21.095624,true,2026-06-09T18:26:14,2026-06-09T18:46:48,
216,task216,8efcae92,,submissions/candidates/GOLF_20260609_060_arc_dsl_task057_single_object_hconcat/onnx/task216.onnx,true,47538c17f1e6ed157ba6d4effe2cbfc8d098af219d3896cbb6d92e0989333de8,11027.0,100.0,103472.0,,103572.0,13.451977697992342,pass,,3.0,3.0,1.0,1.0,262.0,262.0,31.0,40.0,266.0,266.0,pass,,25.0,11.548022302007658,13.451977697992342,current,current,unknown,external/arc_dsl/solvers.py,,unknown,,,,none,medium,not_obvious,11.548022302007658,23.096045,true,2026-06-09T18:26:14,2026-06-09T18:46:48,
217,task217,8f2ea7aa,,submissions/candidates/GOLF_20260609_060_arc_dsl_task057_single_object_hconcat/onnx/task217.onnx,true,2f029d300d82fefb5d96fa4be293ae596ae1de0026dacc64e63b73ed6b788d33,1350.0,23.0,17901.0,,17924.0,15.206104124093967,pass,,3.0,3.0,1.0,1.0,262.0,262.0,40.0,40.0,266.0,266.0,pass,,25.0,9.793895875906033,15.206104124093967,current,current,unknown,external/arc_dsl/solvers.py,,unknown,,,,none,unknown,not_obvious,9.793895875906033,19.587792,true,2026-06-09T18:26:18,2026-06-09T18:46:48,
218,task218,90c28cc7,,submissions/candidates/GOLF_20260609_060_arc_dsl_task057_single_object_hconcat/onnx/task218.onnx,true,14bb6c5e5fa3712e4f556142985fa03de40ba2accd475bb596ee538d3c10c60e,9594.0,44.0,23158.0,,23202.0,14.948006239164648,pass,,3.0,3.0,1.0,1.0,262.0,262.0,28.0,40.0,266.0,266.0,pass,,25.0,10.051993760835352,14.948006239164648,current,current,unknown,external/arc_dsl/solvers.py,,unknown,,,,none,unknown,not_obvious,10.051993760835352,20.103988,true,2026-06-09T18:26:18,2026-06-09T18:46:48,
219,task219,90f3ed37,,submissions/candidates/GOLF_20260609_060_arc_dsl_task057_single_object_hconcat/onnx/task219.onnx,true,a3ca127a99e69f2f092139f41da35e9bea5cdf7d351b6161840f23a4a03edfcb,18397.0,97.0,84750.0,,84847.0,13.651395086474174,pass,,3.0,3.0,1.0,1.0,261.0,261.0,32.0,40.0,265.0,265.0,pass,,25.0,11.348604913525826,13.651395086474174,current,current,unknown,external/arc_dsl/solvers.py,,unknown,,,,none,medium,not_obvious,11.348604913525826,22.69721,true,2026-06-09T18:26:20,2026-06-09T18:46:48,
220,task220,913fb3ed,,submissions/candidates/GOLF_20260609_060_arc_dsl_task057_single_object_hconcat/onnx/task220.onnx,true,924ca3ff6b3c2190ebdd92b73e0c33ac441a7e64b5924bb34b2faa596a40dd55,3798.0,900.0,0.0,,900.0,18.197605236675688,pass,,4.0,4.0,1.0,1.0,262.0,262.0,40.0,40.0,267.0,267.0,pass,,25.0,6.802394763324312,18.197605236675688,current,current,unknown,external/arc_dsl/solvers.py,,unknown,,,,none,unknown,not_obvious,6.802394763324312,13.60479,true,2026-06-09T18:26:25,2026-06-09T18:46:48,
221,task221,91413438,,submissions/candidates/GOLF_20260609_060_arc_dsl_task057_single_object_hconcat/onnx/task221.onnx,true,fc40a9c864b222aaeab1d16ab69b17f524fd95dc657baa701b144f4288e5bcb5,13333.0,5028.0,50841.0,,55869.0,14.069235056400384,pass,,4.0,4.0,1.0,1.0,262.0,262.0,28.0,40.0,267.0,267.0,pass,,25.0,10.930764943599616,14.069235056400384,current,current,unknown,external/arc_dsl/solvers.py,,unknown,,,,none,medium,not_obvious,10.930764943599616,21.86153,true,2026-06-09T18:26:25,2026-06-09T18:46:48,
222,task222,91714a58,,submissions/candidates/GOLF_20260609_060_arc_dsl_task057_single_object_hconcat/onnx/task222.onnx,true,f82b35de1de8377a5dd17f94de623872a1021443ff972be6e0765c6d21c5595a,2578.0,87.0,57948.0,,58035.0,14.031198444197276,pass,,3.0,3.0,1.0,1.0,262.0,262.0,29.0,40.0,266.0,266.0,pass,,25.0,10.968801555802724,14.031198444197276,current,current,unknown,external/arc_dsl/solvers.py,,unknown,,,,none,medium,not_obvious,10.968801555802724,21.937603,true,2026-06-09T18:26:26,2026-06-09T18:46:48,
223,task223,9172f3a0,,submissions/candidates/GOLF_20260609_060_arc_dsl_task057_single_object_hconcat/onnx/task223.onnx,true,51cd95a032c661ce28fa653ad0e727fb33cf6a709a5747e02a8ab323190ae968,7454.0,1800.0,0.0,,1800.0,17.504458056115745,pass,,2.0,2.0,1.0,1.0,262.0,262.0,40.0,40.0,265.0,265.0,pass,,25.0,7.495541943884255,17.504458056115745,current,current,unknown,external/arc_dsl/solvers.py,,unknown,,,,none,unknown,not_obvious,7.495541943884255,14.991084,true,2026-06-09T18:26:27,2026-06-09T18:46:48,
224,task224,928ad970,,submissions/candidates/GOLF_20260609_060_arc_dsl_task057_single_object_hconcat/onnx/task224.onnx,true,30eef2f542fdb5bbe18b230c6d294b136197beed63e963e56779281e678d2de4,4703.0,182.0,45276.0,,45458.0,14.275455898281896,pass,,3.0,3.0,1.0,1.0,262.0,262.0,40.0,40.0,266.0,266.0,pass,,25.0,10.724544101718104,14.275455898281896,current,current,unknown,external/arc_dsl/solvers.py,,unknown,,,,none,medium,not_obvious,10.724544101718104,21.449088,true,2026-06-09T18:26:27,2026-06-09T18:46:48,
225,task225,93b581b8,,submissions/candidates/GOLF_20260609_060_arc_dsl_task057_single_object_hconcat/onnx/task225.onnx,true,29a76e5536c419ef3e3747f899f51614ee6699ad35ad5fb9b073ba5d5f52d257,5688.0,650.0,10428.0,,11078.0,15.68728356140695,pass,,3.0,3.0,1.0,1.0,261.0,261.0,40.0,40.0,265.0,265.0,pass,,25.0,9.31271643859305,15.68728356140695,current,current,unknown,external/arc_dsl/solvers.py,,unknown,,,,none,unknown,not_obvious,9.31271643859305,18.625433,true,2026-06-09T18:26:28,2026-06-09T18:46:48,
226,task226,941d9a10,,submissions/candidates/GOLF_20260609_060_arc_dsl_task057_single_object_hconcat/onnx/task226.onnx,true,adbe789aeb65453c344dc91ee8ee73e451cdd63ae48630fec91dc77cb89acaf1,4625.0,151.0,4608.0,,4759.0,16.53220715887889,pass,,3.0,3.0,1.0,1.0,129.0,129.0,24.0,40.0,133.0,133.0,pass,,25.0,8.46779284112111,16.53220715887889,current,current,unknown,external/arc_dsl/solvers.py,,unknown,,,,none,unknown,not_obvious,8.46779284112111,16.935586,true,2026-06-09T18:26:28,2026-06-09T18:46:48,
227,task227,94f9d214,,submissions/candidates/GOLF_20260609_060_arc_dsl_task057_single_object_hconcat/onnx/task227.onnx,true,1c70db9caee31b32d02ae1630c5ef3991ddbf82fedb750d43b515fab048d6dec,1135.0,47.0,2880.0,,2927.0,17.018266713308115,pass,,4.0,4.0,1.0,1.0,262.0,262.0,40.0,40.0,267.0,267.0,pass,,25.0,7.981733286691885,17.018266713308115,current,current,unknown,external/arc_dsl/solvers.py,,unknown,,,,none,unknown,not_obvious,7.981733286691885,15.963467,true,2026-06-09T18:26:29,2026-06-09T18:46:48,
228,task228,952a094c,,submissions/candidates/GOLF_20260609_060_arc_dsl_task057_single_object_hconcat/onnx/task228.onnx,true,a8a923f21fecee5512861159a89a0ecf2a9f276985c45face926d3b953bdb4fe,2649.0,78.0,25008.0,,25086.0,14.86993479941538,pass,,3.0,3.0,1.0,1.0,262.0,262.0,40.0,40.0,266.0,266.0,pass,,25.0,10.13006520058462,14.86993479941538,current,current,unknown,external/arc_dsl/solvers.py,,unknown,,,,none,unknown,not_obvious,10.13006520058462,20.26013,true,2026-06-09T18:26:29,2026-06-09T18:46:48,
229,task229,9565186b,,submissions/candidates/GOLF_20260609_060_arc_dsl_task057_single_object_hconcat/onnx/task229.onnx,true,acbf2dc745d4a717148c274f1e25cdd3fce8e718787f72530d661d60044ad805,1379.0,45.0,1364.0,,1409.0,17.74936448810132,pass,,4.0,4.0,1.0,1.0,262.0,262.0,21.0,40.0,267.0,267.0,pass,,25.0,7.250635511898679,17.74936448810132,current,current,unknown,external/arc_dsl/solvers.py,,unknown,,,,none,unknown,not_obvious,7.250635511898679,14.501271,true,2026-06-09T18:26:30,2026-06-09T18:46:48,
230,task230,95990924,,submissions/candidates/GOLF_20260609_060_arc_dsl_task057_single_object_hconcat/onnx/task230.onnx,true,1444325f9990947c4e2b6bd66f2ce611d8efc4be97b595c4bf2ad63e9e166ad0,3798.0,900.0,0.0,,900.0,18.197605236675688,pass,,3.0,3.0,1.0,1.0,262.0,262.0,40.0,40.0,266.0,266.0,pass,,25.0,6.802394763324312,18.197605236675688,current,current,unknown,external/arc_dsl/solvers.py,,unknown,,,,none,unknown,not_obvious,6.802394763324312,13.60479,true,2026-06-09T18:26:31,2026-06-09T18:46:48,
231,task231,963e52fc,,submissions/candidates/GOLF_20260609_060_arc_dsl_task057_single_object_hconcat/onnx/task231.onnx,true,0c1e71372911c46c9c64b66ca2cb0069688208ae594f8bbcb5c63f8cce07a8f2,2684.0,101.0,38241.0,,38342.0,14.445698819920006,pass,,3.0,3.0,1.0,1.0,262.0,262.0,40.0,40.0,266.0,266.0,pass,,25.0,10.554301180079994,14.445698819920006,current,current,unknown,external/arc_dsl/solvers.py,,unknown,,,,none,unknown,not_obvious,10.554301180079994,21.108602,true,2026-06-09T18:26:31,2026-06-09T18:46:48,
232,task232,97999447,,submissions/candidates/GOLF_20260609_060_arc_dsl_task057_single_object_hconcat/onnx/task232.onnx,true,b416c4b9864f9c0ee3021d3e0d536638459295310003e1612ea60837e5e1fc02,1616.0,69.0,29428.0,,29497.0,14.707956157758622,pass,,3.0,3.0,1.0,1.0,262.0,262.0,34.0,40.0,266.0,266.0,pass,,25.0,10.292043842241378,14.707956157758622,current,current,unknown,external/arc_dsl/solvers.py,,unknown,,,,none,unknown,not_obvious,10.292043842241378,20.584088,true,2026-06-09T18:26:31,2026-06-09T18:46:48,
233,task233,97a05b5b,,submissions/candidates/GOLF_20260609_060_arc_dsl_task057_single_object_hconcat/onnx/task233.onnx,true,60643ce7d02b9d9380499ca57b5e45850ee61d209d98e5a56f9cb17896158943,312152.0,10142.0,1646585.0,,1656727.0,10.679645472747369,pass,,3.0,3.0,1.0,1.0,262.0,262.0,37.0,40.0,266.0,266.0,pass,,25.0,14.320354527252631,10.679645472747369,current,current,unknown,external/arc_dsl/solvers.py,,unknown,,,,none,medium,not_obvious,14.320354527252631,28.640709,true,2026-06-09T18:26:32,2026-06-09T18:46:48,
234,task234,98cf29f8,,submissions/candidates/GOLF_20260609_060_arc_dsl_task057_single_object_hconcat/onnx/task234.onnx,true,89328211cfc49e1d6b7788e2c884ed883a744cf19e27a7b8393aa0d1549217b6,4106.0,82.0,81621.0,,81703.0,13.689154000119816,pass,,3.0,3.0,1.0,1.0,262.0,262.0,40.0,40.0,266.0,266.0,pass,,25.0,11.310845999880184,13.689154000119816,current,current,unknown,external/arc_dsl/solvers.py,,unknown,,,,none,medium,not_obvious,11.310845999880184,22.621692,true,2026-06-09T18:27:10,2026-06-09T18:46:48,
235,task235,995c5fa3,,submissions/candidates/GOLF_20260609_060_arc_dsl_task057_single_object_hconcat/onnx/task235.onnx,true,046373c88008b543046f990f0cde3f5c161d21e0835fb8ca9ada066a6fc504d1,3090.0,114.0,1224.0,,1338.0,17.801068759311825,pass,,4.0,4.0,1.0,1.0,64.0,64.0,40.0,40.0,69.0,69.0,pass,,25.0,7.198931240688175,17.801068759311825,current,current,unknown,external/arc_dsl/solvers.py,,unknown,,,,none,unknown,not_obvious,7.198931240688175,14.397862,true,2026-06-09T18:27:11,2026-06-09T18:46:48,
236,task236,99b1bc43,,submissions/candidates/GOLF_20260609_060_arc_dsl_task057_single_object_hconcat/onnx/task236.onnx,true,2e59dc4336de1e1fb4014ca0b81f2777c0a9fd808fbee3c5d54770d6ade5bbfe,643.0,1.0,642.0,,643.0,18.53385527576238,pass,,4.0,4.0,1.0,1.0,262.0,262.0,40.0,40.0,267.0,267.0,pass,,25.0,6.466144724237619,18.53385527576238,current,current,unknown,external/arc_dsl/solvers.py,,unknown,,,,none,unknown,not_obvious,6.466144724237619,12.932289,true,2026-06-09T18:27:11,2026-06-09T18:46:48,
237,task237,99fa7670,,submissions/candidates/GOLF_20260609_060_arc_dsl_task057_single_object_hconcat/onnx/task237.onnx,true,9d3baf9e04284ace2238abe88eae62477296ee34499efa7b0146d799717804fc,1637.0,41.0,14283.0,,14324.0,15.430308268881676,pass,,4.0,4.0,1.0,1.0,261.0,261.0,40.0,40.0,266.0,266.0,pass,,25.0,9.569691731118324,15.430308268881676,current,current,unknown,external/arc_dsl/solvers.py,,unknown,,,,none,unknown,not_obvious,9.569691731118324,19.139383,true,2026-06-09T18:27:12,2026-06-09T18:46:48,
238,task238,9aec4887,,submissions/candidates/GOLF_20260609_060_arc_dsl_task057_single_object_hconcat/onnx/task238.onnx,true,0c9d0a9b77ae95c5c13f6fe4c22864a5488fb61a7bc21f8d8fe95195fa2a292b,12003.0,1447.0,62905.0,,64352.0,13.927876707427622,pass,,3.0,3.0,1.0,1.0,262.0,262.0,21.0,40.0,266.0,266.0,pass,,25.0,11.072123292572378,13.927876707427622,current,current,unknown,external/arc_dsl/solvers.py,,unknown,,,,none,medium,not_obvious,11.072123292572378,22.144247,true,2026-06-09T18:27:12,2026-06-09T18:46:48,
239,task239,9af7a82c,,submissions/candidates/GOLF_20260609_060_arc_dsl_task057_single_object_hconcat/onnx/task239.onnx,true,1bb32963e7cb07aed708c1c9c2e30991506b48570898ddade7fec2515559fc95,3146.0,386.0,94091.0,,94477.0,13.54388830238479,pass,,4.0,4.0,1.0,1.0,262.0,262.0,34.0,40.0,267.0,267.0,pass,,25.0,11.45611169761521,13.54388830238479,current,current,unknown,external/arc_dsl/solvers.py,,unknown,,,,none,medium,not_obvious,11.45611169761521,22.912223,true,2026-06-09T18:27:14,2026-06-09T18:46:48,
240,task240,9d9215db,,submissions/candidates/GOLF_20260609_060_arc_dsl_task057_single_object_hconcat/onnx/task240.onnx,true,bda05f96847ed565be978b76b47136a6bb20b09fc1dd04053bfd1b4222485694,66169.0,13735.0,14112.0,,27847.0,14.765519480374964,pass,,3.0,3.0,1.0,1.0,262.0,262.0,40.0,40.0,266.0,266.0,pass,,25.0,10.234480519625036,14.765519480374964,current,current,unknown,external/arc_dsl/solvers.py,,unknown,,,,none,unknown,not_obvious,10.234480519625036,20.468961,true,2026-06-09T18:27:15,2026-06-09T18:46:48,
241,task241,9dfd6313,,submissions/candidates/GOLF_20260609_060_arc_dsl_task057_single_object_hconcat/onnx/task241.onnx,true,bde695a21a93b9e2084a9b7e8a8bee5f2cdc694baa71a12d1c34ae921a89cb87,170.0,0.0,0.0,,0.0,25.0,pass,,3.0,3.0,1.0,1.0,262.0,262.0,40.0,40.0,266.0,266.0,pass,,25.0,0.0,25.0,current,current,unknown,external/arc_dsl/solvers.py,,unknown,,,,none,unknown,not_obvious,0.0,0.0,true,2026-06-09T18:27:15,2026-06-09T18:46:48,
242,task242,9ecd008a,,submissions/candidates/GOLF_20260609_060_arc_dsl_task057_single_object_hconcat/onnx/task242.onnx,true,bb232897b80bdf416ba34bfa5ab891016aaab46442830df933e03df48cf9d359,875.0,7.0,7864.0,,7871.0,16.02905960185755,pass,,3.0,3.0,1.0,1.0,262.0,262.0,40.0,40.0,266.0,266.0,pass,,25.0,8.97094039814245,16.02905960185755,current,current,unknown,external/arc_dsl/solvers.py,,unknown,,,,none,unknown,not_obvious,8.97094039814245,17.941881,true,2026-06-09T18:27:15,2026-06-09T18:46:48,
243,task243,9edfc990,,submissions/candidates/GOLF_20260609_060_arc_dsl_task057_single_object_hconcat/onnx/task243.onnx,true,9743d44229d2d01b70cc1493ce6fcb3112db8c9c6397a6db44e27c8457088662,16567.0,102.0,108864.0,,108966.0,13.401208814053447,pass,,3.0,3.0,1.0,1.0,261.0,261.0,40.0,40.0,265.0,265.0,pass,,25.0,11.598791185946553,13.401208814053447,current,current,unknown,external/arc_dsl/solvers.py,,unknown,,,,none,medium,not_obvious,11.598791185946553,23.197582,true,2026-06-09T18:27:15,2026-06-09T18:46:48,
244,task244,9f236235,,submissions/candidates/GOLF_20260609_060_arc_dsl_task057_single_object_hconcat/onnx/task244.onnx,true,12974cd83da15658ad0e0fe3b624c0b705d56b763e2925eda0818540265e7af8,6538.0,85.0,31697.0,,31782.0,14.633344629227418,pass,,3.0,3.0,1.0,1.0,262.0,262.0,40.0,40.0,266.0,266.0,pass,,25.0,10.366655370772582,14.633344629227418,current,current,unknown,external/arc_dsl/solvers.py,,unknown,,,,none,unknown,not_obvious,10.366655370772582,20.733311,true,2026-06-09T18:27:17,2026-06-09T18:46:48,
245,task245,a1570a43,,submissions/candidates/GOLF_20260609_060_arc_dsl_task057_single_object_hconcat/onnx/task245.onnx,true,a4a6b7f7e0ec649bf8b13f48262e8904e7b97d6446b7b8840f4a1b6a9c2dfbe3,2751.0,96.0,28916.0,,29012.0,14.724535183516696,pass,,4.0,4.0,1.0,1.0,262.0,262.0,40.0,40.0,267.0,267.0,pass,,25.0,10.275464816483304,14.724535183516696,current,current,unknown,external/arc_dsl/solvers.py,,unknown,,,,none,unknown,not_obvious,10.275464816483304,20.55093,true,2026-06-09T18:27:18,2026-06-09T18:46:48,
246,task246,a2fd1cf0,,submissions/candidates/GOLF_20260609_060_arc_dsl_task057_single_object_hconcat/onnx/task246.onnx,true,379b5a73e3dee6f56eedab3ab0bd0ed8414179c6e7ae1edd0a948060d6401309,3824.0,431.0,12960.0,,13391.0,15.497661881504435,pass,,3.0,3.0,1.0,1.0,262.0,262.0,40.0,40.0,266.0,266.0,pass,,25.0,9.502338118495565,15.497661881504435,current,current,unknown,external/arc_dsl/solvers.py,,unknown,,,,none,unknown,not_obvious,9.502338118495565,19.004676,true,2026-06-09T18:27:19,2026-06-09T18:46:48,
247,task247,a3325580,,submissions/candidates/GOLF_20260609_060_arc_dsl_task057_single_object_hconcat/onnx/task247.onnx,true,202455e85ff2289b7e5ad0e15e4530063a9a3e5c67005cce9ec5d01f88cab3fd,2060.0,26.0,6142.0,,6168.0,16.272870084756832,pass,,6.0,6.0,1.0,1.0,262.0,262.0,40.0,40.0,269.0,269.0,pass,,25.0,8.727129915243168,16.272870084756832,current,current,unknown,external/arc_dsl/solvers.py,,unknown,,,,none,unknown,not_obvious,8.727129915243168,17.45426,true,2026-06-09T18:27:20,2026-06-09T18:46:48,
248,task248,a3df8b1e,,submissions/candidates/GOLF_20260609_060_arc_dsl_task057_single_object_hconcat/onnx/task248.onnx,true,d86885301cdf5826a31492fd78adf8de4176e3e132edd91045a94f65503930ec,8306.0,1812.0,4698.0,,6510.0,16.218905264797385,pass,,3.0,3.0,1.0,1.0,9.0,9.0,8.0,13.0,13.0,13.0,pass,,25.0,8.781094735202615,16.218905264797385,current,current,unknown,external/arc_dsl/solvers.py,,unknown,,,,none,unknown,not_obvious,8.781094735202615,17.562189,true,2026-06-09T18:27:20,2026-06-09T18:46:48,
249,task249,a416b8f3,,submissions/candidates/GOLF_20260609_060_arc_dsl_task057_single_object_hconcat/onnx/task249.onnx,true,16b434918e0e9015cf3e820b3b35e73063aca4ea03523f738db3b9659e6f1d82,852.0,30.0,650.0,,680.0,18.477907201829847,pass,,3.0,3.0,1.0,1.0,261.0,261.0,40.0,40.0,265.0,265.0,pass,,25.0,6.522092798170153,18.477907201829847,current,current,unknown,external/arc_dsl/solvers.py,,unknown,,,,none,unknown,not_obvious,6.522092798170153,13.044186,true,2026-06-09T18:27:20,2026-06-09T18:46:48,
250,task250,a48eeaf7,,submissions/candidates/GOLF_20260609_060_arc_dsl_task057_single_object_hconcat/onnx/task250.onnx,true,7ab516acebfe69fb1fe5650af6ebf52c510a8c63dadb9e80a92130ccb410f9a0,12918.0,68.0,12072.0,,12140.0,15.59573893538651,pass,,2.0,2.0,1.0,1.0,262.0,262.0,40.0,40.0,265.0,265.0,pass,,25.0,9.40426106461349,15.59573893538651,current,current,unknown,external/arc_dsl/solvers.py,,unknown,,,,none,unknown,not_obvious,9.40426106461349,18.808522,true,2026-06-09T18:27:20,2026-06-09T18:46:48,
251,task251,a5313dff,,submissions/candidates/GOLF_20260609_060_arc_dsl_task057_single_object_hconcat/onnx/task251.onnx,true,82d350374d90693c70187cdf979ebb574c69cda11c9c56813abeb372eed8e78f,5106.0,20.0,100560.0,,100580.0,13.481291290274044,pass,,3.0,3.0,1.0,1.0,262.0,262.0,40.0,40.0,266.0,266.0,pass,,25.0,11.518708709725956,13.481291290274044,current,current,unknown,external/arc_dsl/solvers.py,,unknown,,,,none,medium,not_obvious,11.518708709725956,23.037417,true,2026-06-09T18:27:22,2026-06-09T18:46:48,
252,task252,a5f85a15,,submissions/candidates/GOLF_20260609_060_arc_dsl_task057_single_object_hconcat/onnx/task252.onnx,true,f94f1914ddc282177a848c90a7aac926b6095d8fffc5a863c722843121c979c3,3201.0,262.0,37800.0,,38062.0,14.453028311923028,pass,,3.0,3.0,1.0,1.0,262.0,262.0,28.0,40.0,266.0,266.0,pass,,25.0,10.546971688076972,14.453028311923028,current,current,unknown,external/arc_dsl/solvers.py,,unknown,,,,none,unknown,not_obvious,10.546971688076972,21.093943,true,2026-06-09T18:27:23,2026-06-09T18:46:48,
253,task253,a61ba2ce,,submissions/candidates/GOLF_20260609_060_arc_dsl_task057_single_object_hconcat/onnx/task253.onnx,true,2538ea53b1aad1e6365055ee14f48dccb49ef632cce416086075b33d42366bad,3510.0,439.0,47830.0,,48269.0,14.215455188361384,pass,,2.0,2.0,1.0,1.0,262.0,262.0,40.0,40.0,265.0,265.0,pass,,25.0,10.784544811638616,14.215455188361384,current,current,unknown,external/arc_dsl/solvers.py,,unknown,,,,none,medium,not_obvious,10.784544811638616,21.56909,true,2026-06-09T18:27:23,2026-06-09T18:46:48,
254,task254,a61f2674,,submissions/candidates/GOLF_20260609_060_arc_dsl_task057_single_object_hconcat/onnx/task254.onnx,true,cce96782d9b4b1065b63ebb4a84c1ba6253724c3cd2a387838d205cf71eaae5f,4960.0,158.0,7798.0,,7956.0,16.018318360026136,pass,,2.0,2.0,1.0,1.0,262.0,262.0,40.0,40.0,265.0,265.0,pass,,25.0,8.981681639973864,16.018318360026136,current,current,unknown,external/arc_dsl/solvers.py,,unknown,,,,none,unknown,not_obvious,8.981681639973864,17.963363,true,2026-06-09T18:27:24,2026-06-09T18:46:48,
255,task255,a64e4611,,submissions/candidates/GOLF_20260609_060_arc_dsl_task057_single_object_hconcat/onnx/task255.onnx,true,fa1e7094e90bb8c91fefe91e98593b6f482290c675e954885352925e1112e778,44145.0,2208.0,643378.0,,645586.0,11.62208628955128,pass,,3.0,3.0,1.0,1.0,261.0,261.0,21.0,40.0,265.0,265.0,pass,,25.0,13.37791371044872,11.62208628955128,current,current,unknown,external/arc_dsl/solvers.py,,unknown,,,,none,medium,not_obvious,13.37791371044872,26.755827,true,2026-06-09T18:27:24,2026-06-09T18:46:48,
256,task256,a65b410d,,submissions/candidates/GOLF_20260609_060_arc_dsl_task057_single_object_hconcat/onnx/task256.onnx,true,93b4cd85da78966500ea451ad9648b6e956e73a8478135df67e7aff45a38168b,4194.0,59.0,18022.0,,18081.0,15.197383057848846,pass,,3.0,3.0,1.0,1.0,262.0,262.0,40.0,40.0,266.0,266.0,pass,,25.0,9.802616942151154,15.197383057848846,current,current,unknown,external/arc_dsl/solvers.py,,unknown,,,,none,unknown,not_obvious,9.802616942151154,19.605234,true,2026-06-09T18:27:32,2026-06-09T18:46:48,
257,task257,a68b268e,,submissions/candidates/GOLF_20260609_060_arc_dsl_task057_single_object_hconcat/onnx/task257.onnx,true,316eaaf4e1a47569341378a8a58e40559f938a7fe5ae659867c0f2117bf8e021,1369.0,53.0,1024.0,,1077.0,18.01806532284361,pass,,6.0,6.0,1.0,1.0,262.0,262.0,40.0,40.0,269.0,269.0,pass,,25.0,6.981934677156389,18.01806532284361,current,current,unknown,external/arc_dsl/solvers.py,,unknown,,,,none,unknown,not_obvious,6.981934677156389,13.963869,true,2026-06-09T18:27:33,2026-06-09T18:46:48,
258,task258,a699fb00,,submissions/candidates/GOLF_20260609_060_arc_dsl_task057_single_object_hconcat/onnx/task258.onnx,true,9cf85f5ef87760197eaab665af872adc9c2a38a6b9c2133f506deb1e51402d09,880.0,160.0,0.0,,160.0,19.924826184766175,pass,,3.0,3.0,1.0,1.0,262.0,262.0,40.0,40.0,266.0,266.0,pass,,25.0,5.075173815233825,19.924826184766175,current,current,unknown,external/arc_dsl/solvers.py,,unknown,,,,none,unknown,not_obvious,5.075173815233825,10.150348,true,2026-06-09T18:27:33,2026-06-09T18:46:48,
259,task259,a740d043,,submissions/candidates/GOLF_20260609_060_arc_dsl_task057_single_object_hconcat/onnx/task259.onnx,true,cd8f2883b4e59672ccd19f5a5b45fc92a1c48a4e736beaa179e62ce6d6dd7a07,3882.0,50.0,6793.0,,6843.0,16.169018489047502,pass,,3.0,3.0,1.0,1.0,262.0,262.0,40.0,40.0,266.0,266.0,pass,,25.0,8.830981510952498,16.169018489047502,current,current,unknown,external/arc_dsl/solvers.py,,unknown,,,,none,unknown,not_obvious,8.830981510952498,17.661963,true,2026-06-09T18:27:33,2026-06-09T18:46:48,
260,task260,a78176bb,,submissions/candidates/GOLF_20260609_060_arc_dsl_task057_single_object_hconcat/onnx/task260.onnx,true,35736c57d98142f122c43cb025104944bce52b1265e108c470480131c8178f7d,3230.0,141.0,12332.0,,12473.0,15.568678412874291,pass,,3.0,3.0,1.0,1.0,262.0,262.0,40.0,40.0,266.0,266.0,pass,,25.0,9.431321587125709,15.568678412874291,current,current,unknown,external/arc_dsl/solvers.py,,unknown,,,,none,unknown,not_obvious,9.431321587125709,18.862643,true,2026-06-09T18:27:34,2026-06-09T18:46:48,
261,task261,a79310a0,,submissions/candidates/GOLF_20260609_060_arc_dsl_task057_single_object_hconcat/onnx/task261.onnx,true,6104690685d52f02ca149095658b51c2d448d252f763922efdb0fd69749b630f,995.0,200.0,0.0,,200.0,19.701682633451963,pass,,3.0,3.0,1.0,1.0,261.0,261.0,23.0,40.0,265.0,265.0,pass,,25.0,5.298317366548037,19.701682633451963,current,current,unknown,external/arc_dsl/solvers.py,,unknown,,,,none,unknown,not_obvious,5.298317366548037,10.596635,true,2026-06-09T18:27:34,2026-06-09T18:46:48,
262,task262,a85d4709,,submissions/candidates/GOLF_20260609_060_arc_dsl_task057_single_object_hconcat/onnx/task262.onnx,true,0e242b2a1418fb93332fc01ff90e906403df0499e49baf091447cb02afec05aa,903.0,26.0,3744.0,,3770.0,16.765169719557946,pass,,4.0,4.0,1.0,1.0,6.0,6.0,11.0,11.0,11.0,11.0,pass,,25.0,8.234830280442054,16.765169719557946,current,current,unknown,external/arc_dsl/solvers.py,,unknown,,,,none,medium,not_obvious,8.234830280442054,24.469661,true,2026-06-09T18:27:34,2026-06-09T18:46:48,
263,task263,a87f7484,,submissions/candidates/GOLF_20260609_060_arc_dsl_task057_single_object_hconcat/onnx/task263.onnx,true,b4da10b186a4fb387881e29ff1baddf4802e52a6b7cfa6d7ff28929d3e741c21,7373.0,52.0,8002.0,,8054.0,16.006075858588602,pass,,4.0,4.0,1.0,1.0,262.0,262.0,40.0,40.0,267.0,267.0,pass,,25.0,8.993924141411398,16.006075858588602,current,current,unknown,external/arc_dsl/solvers.py,,unknown,,,,none,unknown,not_obvious,8.993924141411398,17.987848,true,2026-06-09T18:27:34,2026-06-09T18:46:48,
264,task264,a8c38be5,,submissions/candidates/GOLF_20260609_060_arc_dsl_task057_single_object_hconcat/onnx/task264.onnx,true,0b3698841847aa444687d4e89445975d85fc8efb04236d29ecc67ce175ace7c6,9312.0,2172.0,77040.0,,79212.0,13.720116918523228,pass,,2.0,2.0,1.0,1.0,262.0,262.0,40.0,40.0,265.0,265.0,pass,,25.0,11.279883081476772,13.720116918523228,current,current,unknown,external/arc_dsl/solvers.py,,unknown,,,,none,medium,not_obvious,11.279883081476772,22.559766,true,2026-06-09T18:27:36,2026-06-09T18:46:48,
265,task265,a8d7556c,,submissions/candidates/GOLF_20260609_060_arc_dsl_task057_single_object_hconcat/onnx/task265.onnx,true,793c90930f0d6bb81694213900773baf05b0f6a7e4269f05aa80bcb0d1b6e454,2076.0,129.0,39033.0,,39162.0,14.424537832136728,pass,,3.0,3.0,1.0,1.0,262.0,262.0,38.0,40.0,266.0,266.0,pass,,25.0,10.575462167863272,14.424537832136728,current,current,unknown,external/arc_dsl/solvers.py,,unknown,,,,none,unknown,not_obvious,10.575462167863272,21.150924,true,2026-06-09T18:27:37,2026-06-09T18:46:48,
266,task266,a9f96cdd,,submissions/candidates/GOLF_20260609_060_arc_dsl_task057_single_object_hconcat/onnx/task266.onnx,true,491258de81aba00b6aa06f223356e30346665751690278693288e858450c8563,3825.0,910.0,0.0,,910.0,18.186555400489105,pass,,4.0,4.0,1.0,1.0,15.0,15.0,20.0,20.0,20.0,20.0,pass,,25.0,6.813444599510895,18.186555400489105,current,current,unknown,external/arc_dsl/solvers.py,,unknown,,,,none,medium,not_obvious,6.813444599510895,21.626889,true,2026-06-09T18:27:38,2026-06-09T18:46:48,
267,task267,aabf363d,,submissions/candidates/GOLF_20260609_060_arc_dsl_task057_single_object_hconcat/onnx/task267.onnx,true,0c1142f835d5b78bdfecce78168ad1f450e2ffb23e10ffdcc06ee1df2bb5602e,1202.0,47.0,1160.0,,1207.0,17.904106778902467,pass,,2.0,2.0,1.0,1.0,261.0,261.0,40.0,40.0,264.0,264.0,pass,,25.0,7.095893221097533,17.904106778902467,current,current,unknown,external/arc_dsl/solvers.py,,unknown,,,,none,unknown,not_obvious,7.095893221097533,14.191786,true,2026-06-09T18:27:38,2026-06-09T18:46:48,
268,task268,aba27056,,submissions/candidates/GOLF_20260609_060_arc_dsl_task057_single_object_hconcat/onnx/task268.onnx,true,27cb7b2e590e8407a6a343b2fec92d742c4eb6a580e16295de9e2dfa85718ede,20817.0,98.0,22288.0,,22386.0,14.983808957550787,pass,,3.0,3.0,1.0,1.0,262.0,262.0,29.0,40.0,266.0,266.0,pass,,25.0,10.016191042449213,14.983808957550787,current,current,unknown,external/arc_dsl/solvers.py,,unknown,,,,none,unknown,not_obvious,10.016191042449213,20.032382,true,2026-06-09T18:27:38,2026-06-09T18:46:48,
269,task269,ac0a08a4,,submissions/candidates/GOLF_20260609_060_arc_dsl_task057_single_object_hconcat/onnx/task269.onnx,true,947f2c17a6b1d44a9f4ad789f9351b4edfb84e0298e879c258d5034b09e12f72,2336.0,96.0,8506.0,,8602.0,15.940249986656319,pass,,3.0,3.0,1.0,1.0,262.0,262.0,40.0,40.0,266.0,266.0,pass,,25.0,9.059750013343681,15.940249986656319,current,current,unknown,external/arc_dsl/solvers.py,,unknown,,,,none,unknown,not_obvious,9.059750013343681,18.1195,true,2026-06-09T18:27:41,2026-06-09T18:46:48,
270,task270,ae3edfdc,,submissions/candidates/GOLF_20260609_060_arc_dsl_task057_single_object_hconcat/onnx/task270.onnx,true,7ea4f725915693b001ae7284db0e97e14f0347d38bfc6c84df0ea5d6002eff17,13846.0,1185.0,24316.0,,25501.0,14.853527053936123,pass,,3.0,3.0,1.0,1.0,262.0,262.0,40.0,40.0,266.0,266.0,pass,,25.0,10.146472946063877,14.853527053936123,current,current,unknown,external/arc_dsl/solvers.py,,unknown,,,,none,unknown,not_obvious,10.146472946063877,20.292946,true,2026-06-09T18:27:41,2026-06-09T18:46:48,
271,task271,ae4f1146,,submissions/candidates/GOLF_20260609_060_arc_dsl_task057_single_object_hconcat/onnx/task271.onnx,true,1d303e94d417fc4786c4e80dee5be764e57f981905d0bf8f5e5fdf48595b19ed,1993.0,63.0,28928.0,,28991.0,14.725259284025897,pass,,4.0,4.0,1.0,1.0,262.0,262.0,40.0,40.0,267.0,267.0,pass,,25.0,10.274740715974103,14.725259284025897,current,current,unknown,external/arc_dsl/solvers.py,,unknown,,,,none,unknown,not_obvious,10.274740715974103,20.549481,true,2026-06-09T18:27:43,2026-06-09T18:46:48,
272,task272,aedd82e4,,submissions/candidates/GOLF_20260609_060_arc_dsl_task057_single_object_hconcat/onnx/task272.onnx,true,b28307adc7b5d3d4306792b0eca202d21dd98994541ef343269c6fcecfaab774,2039.0,460.0,0.0,,460.0,18.86877351051686,pass,,4.0,4.0,1.0,1.0,262.0,262.0,40.0,40.0,267.0,267.0,pass,,25.0,6.13122648948314,18.86877351051686,current,current,unknown,external/arc_dsl/solvers.py,,unknown,,,,none,unknown,not_obvious,6.13122648948314,12.262453,true,2026-06-09T18:27:43,2026-06-09T18:46:48,
273,task273,af902bf9,,submissions/candidates/GOLF_20260609_060_arc_dsl_task057_single_object_hconcat/onnx/task273.onnx,true,590750bab5e6ceadb53d2a7aaab53b648f679b8070b90d7b9f76e86d7e1b9199,1670.0,37.0,5900.0,,5937.0,16.311040765729324,pass,,3.0,3.0,1.0,1.0,262.0,262.0,40.0,40.0,266.0,266.0,pass,,25.0,8.688959234270676,16.311040765729324,current,current,unknown,external/arc_dsl/solvers.py,,unknown,,,,none,unknown,not_obvious,8.688959234270676,17.377918,true,2026-06-09T18:27:43,2026-06-09T18:46:48,
274,task274,b0c4d837,,submissions/candidates/GOLF_20260609_060_arc_dsl_task057_single_object_hconcat/onnx/task274.onnx,true,05e714a8af955d6f5061cbf93ea6964c368b3f5c164831d0bff7c9a31b8986d6,3619.0,389.0,8192.0,,8581.0,15.942694264192879,pass,,6.0,6.0,1.0,1.0,262.0,262.0,40.0,40.0,269.0,269.0,pass,,25.0,9.057305735807121,15.942694264192879,current,current,unknown,external/arc_dsl/solvers.py,,unknown,,,,none,unknown,not_obvious,9.057305735807121,18.114611,true,2026-06-09T18:27:43,2026-06-09T18:46:48,
275,task275,b190f7f5,,submissions/candidates/GOLF_20260609_060_arc_dsl_task057_single_object_hconcat/onnx/task275.onnx,true,749f9601004e452d7eefecd8387bd82ef4d30c73a87566d263f5ea4895b9406e,16304.0,2773.0,81106.0,,83879.0,13.662869436848247,pass,,3.0,3.0,1.0,1.0,262.0,262.0,40.0,40.0,266.0,266.0,pass,,25.0,11.337130563151753,13.662869436848247,current,current,unknown,external/arc_dsl/solvers.py,,unknown,,,,none,medium,not_obvious,11.337130563151753,22.674261,true,2026-06-09T18:27:44,2026-06-09T18:46:48,
276,task276,b1948b0a,,submissions/candidates/GOLF_20260609_060_arc_dsl_task057_single_object_hconcat/onnx/task276.onnx,true,2a3e881ae92099c36f1955bdf96ca1e9f77a4ef3d1d3eb58c63eccc80a655c7e,217.0,10.0,0.0,,10.0,22.697414907005953,pass,,3.0,3.0,1.0,1.0,262.0,262.0,40.0,40.0,266.0,266.0,pass,,25.0,2.302585092994047,22.697414907005953,current,current,unknown,external/arc_dsl/solvers.py,,unknown,,,,none,unknown,not_obvious,2.302585092994047,4.60517,true,2026-06-09T18:27:48,2026-06-09T18:46:48,
277,task277,b230c067,,submissions/candidates/GOLF_20260609_060_arc_dsl_task057_single_object_hconcat/onnx/task277.onnx,true,cdd58c9156822d0c5c668ebff763d57659136b9c3169c7db59aad321bb92dad1,6687.0,250.0,14367.0,,14617.0,15.410059486110708,pass,,3.0,3.0,1.0,1.0,262.0,262.0,40.0,40.0,266.0,266.0,pass,,25.0,9.589940513889292,15.410059486110708,current,current,unknown,external/arc_dsl/solvers.py,,unknown,,,,none,unknown,not_obvious,9.589940513889292,19.179881,true,2026-06-09T18:27:48,2026-06-09T18:46:48,
278,task278,b27ca6d3,,submissions/candidates/GOLF_20260609_060_arc_dsl_task057_single_object_hconcat/onnx/task278.onnx,true,92b2fd2434b9c6352f0addb7f4c1a4d1ca743223d8b3788bf1430a7569996473,1120.0,30.0,25200.0,,25230.0,14.864210958364897,pass,,2.0,2.0,1.0,1.0,262.0,262.0,40.0,40.0,265.0,265.0,pass,,25.0,10.135789041635103,14.864210958364897,current,current,unknown,external/arc_dsl/solvers.py,,unknown,,,,none,unknown,not_obvious,10.135789041635103,20.271578,true,2026-06-09T18:27:49,2026-06-09T18:46:48,
279,task279,b2862040,,submissions/candidates/GOLF_20260609_060_arc_dsl_task057_single_object_hconcat/onnx/task279.onnx,true,77ad3d002b2c64888991d763c754fc018247f352e78c562d64fca7db08032314,10314.0,1186.0,25144.0,,26330.0,14.821535747509644,pass,,4.0,4.0,1.0,1.0,261.0,261.0,40.0,40.0,266.0,266.0,pass,,25.0,10.178464252490356,14.821535747509644,current,current,unknown,external/arc_dsl/solvers.py,,unknown,,,,none,unknown,not_obvious,10.178464252490356,20.356929,true,2026-06-09T18:27:49,2026-06-09T18:46:48,
280,task280,b527c5c6,,submissions/candidates/GOLF_20260609_060_arc_dsl_task057_single_object_hconcat/onnx/task280.onnx,true,afe82e825f05eb8daa95905da41fc0553888bdcc6a5dbe4dff660c07806fdff3,15536.0,880.0,84826.0,,85706.0,13.64132188619622,pass,,4.0,4.0,1.0,1.0,262.0,262.0,40.0,40.0,267.0,267.0,pass,,25.0,11.35867811380378,13.64132188619622,current,current,unknown,external/arc_dsl/solvers.py,,unknown,,,,none,medium,not_obvious,11.35867811380378,22.717356,true,2026-06-09T18:27:50,2026-06-09T18:46:48,
281,task281,b548a754,,submissions/candidates/GOLF_20260609_060_arc_dsl_task057_single_object_hconcat/onnx/task281.onnx,true,082339765f10db32abbb7ac3454eafdfdb6b0be3a82ec60d9e69c2facad4423f,5479.0,987.0,87628.0,,88615.0,13.60794357751076,pass,,3.0,3.0,1.0,1.0,262.0,262.0,40.0,40.0,266.0,266.0,pass,,25.0,11.39205642248924,13.60794357751076,current,current,unknown,external/arc_dsl/solvers.py,,unknown,,,,none,medium,not_obvious,11.39205642248924,22.784113,true,2026-06-09T18:27:53,2026-06-09T18:46:48,
282,task282,b60334d2,,submissions/candidates/GOLF_20260609_060_arc_dsl_task057_single_object_hconcat/onnx/task282.onnx,true,3b69ffb73c79f09e8523073931061610e74b3e0d32534378317960c9557acd0d,3798.0,900.0,0.0,,900.0,18.197605236675688,pass,,2.0,2.0,1.0,1.0,262.0,262.0,40.0,40.0,265.0,265.0,pass,,25.0,6.802394763324312,18.197605236675688,current,current,unknown,external/arc_dsl/solvers.py,,unknown,,,,none,unknown,not_obvious,6.802394763324312,13.60479,true,2026-06-09T18:27:54,2026-06-09T18:46:48,
283,task283,b6afb2da,,submissions/candidates/GOLF_20260609_060_arc_dsl_task057_single_object_hconcat/onnx/task283.onnx,true,b0e2a1e5a77dc63e5c2faa69d44120f7fe0e8773160760e68b7f5912591f4c60,3825.0,910.0,0.0,,910.0,18.186555400489105,pass,,2.0,2.0,1.0,1.0,262.0,262.0,40.0,40.0,265.0,265.0,pass,,25.0,6.813444599510895,18.186555400489105,current,current,unknown,external/arc_dsl/solvers.py,,unknown,,,,none,unknown,not_obvious,6.813444599510895,13.626889,true,2026-06-09T18:27:54,2026-06-09T18:46:48,
284,task284,b7249182,,submissions/candidates/GOLF_20260609_060_arc_dsl_task057_single_object_hconcat/onnx/task284.onnx,true,c62db018d92766a4766f259ff8fed87498687d66f484804eb7217d619a04639a,23013.0,1976.0,99157.0,,101133.0,13.475808238755878,pass,,3.0,3.0,1.0,1.0,262.0,262.0,40.0,40.0,266.0,266.0,pass,,25.0,11.524191761244122,13.475808238755878,current,current,unknown,external/arc_dsl/solvers.py,,unknown,,,,none,medium,not_obvious,11.524191761244122,23.048384,true,2026-06-09T18:27:54,2026-06-09T18:46:48,
285,task285,b775ac94,,submissions/candidates/GOLF_20260609_060_arc_dsl_task057_single_object_hconcat/onnx/task285.onnx,true,bd5c65bc2fd40ae97bcd2a4deb07f86d3325606655a868db631e4a16e89e1ac2,37371.0,4618.0,390848.0,,395466.0,12.112179904635754,pass,,3.0,3.0,1.0,1.0,261.0,261.0,40.0,40.0,265.0,265.0,pass,,25.0,12.887820095364246,12.112179904635754,current,current,unknown,external/arc_dsl/solvers.py,,unknown,,,,none,medium,not_obvious,12.887820095364246,25.77564,true,2026-06-09T18:27:56,2026-06-09T18:46:48,
286,task286,b782dc8a,,submissions/candidates/GOLF_20260609_060_arc_dsl_task057_single_object_hconcat/onnx/task286.onnx,true,8806f2199bb3b91d2912e6c0681300481a9e093d079748d25e60fb35afc43f8e,19719.0,1304.0,160895.0,,162199.0,13.00342074458367,pass,,2.0,2.0,1.0,1.0,262.0,262.0,14.0,40.0,265.0,265.0,pass,,25.0,11.99657925541633,13.00342074458367,current,current,unknown,external/arc_dsl/solvers.py,,unknown,,,,none,medium,not_obvious,11.99657925541633,23.993159,true,2026-06-09T18:28:00,2026-06-09T18:46:48,
287,task287,b8825c91,,submissions/candidates/GOLF_20260609_060_arc_dsl_task057_single_object_hconcat/onnx/task287.onnx,true,4cdbdb8ebc51362af348b4c6b27acc968618f39eb23639e05932f58cfd196831,1686.0,38.0,22528.0,,22566.0,14.975800372301608,pass,,4.0,4.0,1.0,1.0,262.0,262.0,40.0,40.0,267.0,267.0,pass,,25.0,10.024199627698392,14.975800372301608,current,current,unknown,external/arc_dsl/solvers.py,,unknown,,,,none,unknown,not_obvious,10.024199627698392,20.048399,true,2026-06-09T18:28:03,2026-06-09T18:46:48,
288,task288,b8cdaf2b,,submissions/candidates/GOLF_20260609_060_arc_dsl_task057_single_object_hconcat/onnx/task288.onnx,true,0e48931aebec1eb0659c9be80508c8650400244b0f49af19d8698dd8b162a3cb,5948.0,41.0,31766.0,,31807.0,14.632558329669694,pass,,4.0,4.0,1.0,1.0,262.0,262.0,40.0,40.0,267.0,267.0,pass,,25.0,10.367441670330306,14.632558329669694,current,current,unknown,external/arc_dsl/solvers.py,,unknown,,,,none,unknown,not_obvious,10.367441670330306,20.734883,true,2026-06-09T18:28:03,2026-06-09T18:46:48,
289,task289,b91ae062,,submissions/candidates/GOLF_20260609_060_arc_dsl_task057_single_object_hconcat/onnx/task289.onnx,true,7ca96174b4a941b275a41cc40d61f27ff2368e54301cd507ca3420b0ed5620a3,2021.0,80.0,24892.0,,24972.0,14.874489523818365,pass,,5.0,5.0,1.0,1.0,262.0,262.0,40.0,40.0,268.0,268.0,pass,,25.0,10.125510476181635,14.874489523818365,current,current,unknown,external/arc_dsl/solvers.py,,unknown,,,,none,unknown,not_obvious,10.125510476181635,20.251021,true,2026-06-09T18:28:04,2026-06-09T18:46:48,
290,task290,b94a9452,,submissions/candidates/GOLF_20260609_060_arc_dsl_task057_single_object_hconcat/onnx/task290.onnx,true,f1086fcddc1287e8f751349bbcc1c1bc72e816011cd787def2fc61971684f688,3323.0,94.0,11614.0,,11708.0,15.631972352188223,pass,,3.0,3.0,1.0,1.0,262.0,262.0,40.0,40.0,266.0,266.0,pass,,25.0,9.368027647811777,15.631972352188223,current,current,unknown,external/arc_dsl/solvers.py,,unknown,,,,none,unknown,not_obvious,9.368027647811777,18.736055,true,2026-06-09T18:28:04,2026-06-09T18:46:48,
291,task291,b9b7f026,,submissions/candidates/GOLF_20260609_060_arc_dsl_task057_single_object_hconcat/onnx/task291.onnx,true,f97257c9bae5cbdf0614cf4f6d0aeda2c0db164b44f4861fc829c00eae636b67,6009.0,931.0,3396.0,,4327.0,16.627370259775116,pass,,3.0,3.0,1.0,1.0,261.0,261.0,36.0,40.0,265.0,265.0,pass,,25.0,8.372629740224884,16.627370259775116,current,current,unknown,external/arc_dsl/solvers.py,,unknown,,,,none,unknown,not_obvious,8.372629740224884,16.745259,true,2026-06-09T18:28:05,2026-06-09T18:46:48,
292,task292,ba26e723,,submissions/candidates/GOLF_20260609_060_arc_dsl_task057_single_object_hconcat/onnx/task292.onnx,true,e07b37f22f098e404b58d7607ce39d0fe5eddd0d9460f62732e9ce79fdb66757,1065.0,65.0,6240.0,,6305.0,16.250901751600978,pass,,5.0,5.0,1.0,1.0,22.0,22.0,28.0,28.0,28.0,28.0,pass,,25.0,8.749098248399022,16.250901751600978,current,current,unknown,external/arc_dsl/solvers.py,,unknown,,,,none,medium,not_obvious,8.749098248399022,25.498196,true,2026-06-09T18:28:05,2026-06-09T18:46:48,
293,task293,ba97ae07,,submissions/candidates/GOLF_20260609_060_arc_dsl_task057_single_object_hconcat/onnx/task293.onnx,true,d0d3cadd99d8938cc3977399ed5dee18a032739905995bcf0fbc76a20c04297f,9897.0,496.0,24275.0,,24771.0,14.882571106914462,pass,,4.0,4.0,1.0,1.0,262.0,262.0,40.0,40.0,267.0,267.0,pass,,25.0,10.117428893085538,14.882571106914462,current,current,unknown,external/arc_dsl/solvers.py,,unknown,,,,none,unknown,not_obvious,10.117428893085538,20.234858,true,2026-06-09T18:28:05,2026-06-09T18:46:48,
294,task294,bb43febb,,submissions/candidates/GOLF_20260609_060_arc_dsl_task057_single_object_hconcat/onnx/task294.onnx,true,247179b0cb2fab9e792e9f91da564f6ee1f8d4059046fabd7bfd7e7d3d010cd9,3825.0,910.0,0.0,,910.0,18.186555400489105,pass,,2.0,2.0,1.0,1.0,262.0,262.0,40.0,40.0,265.0,265.0,pass,,25.0,6.813444599510895,18.186555400489105,current,current,unknown,external/arc_dsl/solvers.py,,unknown,,,,none,unknown,not_obvious,6.813444599510895,13.626889,true,2026-06-09T18:28:06,2026-06-09T18:46:48,
295,task295,bbc9ae5d,,submissions/candidates/GOLF_20260609_060_arc_dsl_task057_single_object_hconcat/onnx/task295.onnx,true,7b18d0ee9b04afa6db8393104484e5cd2834a81a6c49a74fa98bb59c57eecbd7,1889.0,65.0,12125.0,,12190.0,15.591628777524683,pass,,5.0,5.0,1.0,1.0,262.0,262.0,40.0,40.0,268.0,268.0,pass,,25.0,9.408371222475317,15.591628777524683,current,current,unknown,external/arc_dsl/solvers.py,,unknown,,,,none,unknown,not_obvious,9.408371222475317,18.816742,true,2026-06-09T18:28:06,2026-06-09T18:46:48,
296,task296,bc1d5164,,submissions/candidates/GOLF_20260609_060_arc_dsl_task057_single_object_hconcat/onnx/task296.onnx,true,ef3bf836cbc30e5283b2fc94870db8ddcd570778c46a325a0760ed3c9e736da5,2803.0,345.0,3762.0,,4107.0,16.67955188604344,pass,,5.0,5.0,1.0,1.0,262.0,262.0,40.0,40.0,268.0,268.0,pass,,25.0,8.320448113956559,16.67955188604344,current,current,unknown,external/arc_dsl/solvers.py,,unknown,,,,none,unknown,not_obvious,8.320448113956559,16.640896,true,2026-06-09T18:28:07,2026-06-09T18:46:48,
297,task297,bd4472b8,,submissions/candidates/GOLF_20260609_060_arc_dsl_task057_single_object_hconcat/onnx/task297.onnx,true,d845a2a2d30cfcd08e8e06dcb093f16c2fbc6005f02821697184a28514fa9b5c,3233.0,95.0,9076.0,,9171.0,15.876198389441056,pass,,3.0,3.0,1.0,1.0,261.0,261.0,40.0,40.0,265.0,265.0,pass,,25.0,9.123801610558944,15.876198389441056,current,current,unknown,external/arc_dsl/solvers.py,,unknown,,,,none,unknown,not_obvious,9.123801610558944,18.247603,true,2026-06-09T18:28:07,2026-06-09T18:46:48,
298,task298,bda2d7a6,,submissions/candidates/GOLF_20260609_060_arc_dsl_task057_single_object_hconcat/onnx/task298.onnx,true,9b77b58a90defa3f7eb249e787dd574f52ad8319b503b79e3dba3b4d5b11eea3,3322.0,534.0,14414.0,,14948.0,15.387667209394625,pass,,3.0,3.0,2.0,2.0,262.0,262.0,40.0,40.0,267.0,267.0,pass,,25.0,9.612332790605375,15.387667209394625,current,current,unknown,external/arc_dsl/solvers.py,,unknown,,,,none,unknown,not_obvious,9.612332790605375,19.224666,true,2026-06-09T18:28:07,2026-06-09T18:46:48,
299,task299,bdad9b1f,,submissions/candidates/GOLF_20260609_060_arc_dsl_task057_single_object_hconcat/onnx/task299.onnx,true,538d93759b62cedce366465f833629538674f456f846a34e82c5da84de041205,2080.0,62.0,1656.0,,1718.0,17.5510838974558,pass,,2.0,2.0,1.0,1.0,18.0,18.0,21.0,21.0,21.0,21.0,pass,,25.0,7.4489161025441994,17.5510838974558,current,current,unknown,external/arc_dsl/solvers.py,,unknown,,,,none,medium,not_obvious,7.4489161025441994,22.897832,true,2026-06-09T18:28:08,2026-06-09T18:46:48,
300,task300,be94b721,,submissions/candidates/GOLF_20260609_060_arc_dsl_task057_single_object_hconcat/onnx/task300.onnx,true,636b174c4333259b7ef746830a9768013b6f733d02576aeabe427095253be1e8,4454.0,108.0,77438.0,,77546.0,13.741373412351637,pass,,4.0,4.0,1.0,1.0,262.0,262.0,40.0,40.0,267.0,267.0,pass,,25.0,11.258626587648363,13.741373412351637,current,current,unknown,external/arc_dsl/solvers.py,,unknown,,,,none,medium,not_obvious,11.258626587648363,22.517253,true,2026-06-09T18:28:08,2026-06-09T18:46:48,
301,task301,beb8660c,,submissions/candidates/GOLF_20260609_060_arc_dsl_task057_single_object_hconcat/onnx/task301.onnx,true,a9794e11d05e2a30078d5571b3c25490850073d0966e896233ad9e29ea534801,19261.0,1848.0,63140.0,,64988.0,13.91804208355036,pass,,3.0,3.0,1.0,1.0,262.0,262.0,40.0,40.0,266.0,266.0,pass,,25.0,11.08195791644964,13.91804208355036,current,current,unknown,external/arc_dsl/solvers.py,,unknown,,,,none,medium,not_obvious,11.08195791644964,22.163916,true,2026-06-09T18:28:09,2026-06-09T18:46:48,
302,task302,c0f76784,,submissions/candidates/GOLF_20260609_060_arc_dsl_task057_single_object_hconcat/onnx/task302.onnx,true,fc0c4095ee26f99dfa28593219832fb1744068c9c08b4b65293674194a176ad1,4372.0,20.0,7776.0,,7796.0,16.03863393937255,pass,,3.0,3.0,1.0,1.0,262.0,262.0,40.0,40.0,266.0,266.0,pass,,25.0,8.961366060627451,16.03863393937255,current,current,unknown,external/arc_dsl/solvers.py,,unknown,,,,none,unknown,not_obvious,8.961366060627451,17.922732,true,2026-06-09T18:28:10,2026-06-09T18:46:48,
303,task303,c1d99e64,,submissions/candidates/GOLF_20260609_060_arc_dsl_task057_single_object_hconcat/onnx/task303.onnx,true,1ca7c8bb01e81312a182a94470c1c852b299126337f18028e29f57561d6b99e6,1351.0,12.0,9420.0,,9432.0,15.848136557782793,pass,,3.0,3.0,1.0,1.0,261.0,261.0,40.0,40.0,265.0,265.0,pass,,25.0,9.151863442217207,15.848136557782793,current,current,unknown,external/arc_dsl/solvers.py,,unknown,,,,none,unknown,not_obvious,9.151863442217207,18.303727,true,2026-06-09T18:28:10,2026-06-09T18:46:48,
304,task304,c3e719e8,,submissions/candidates/GOLF_20260609_060_arc_dsl_task057_single_object_hconcat/onnx/task304.onnx,true,e2c67b5b9c7fc288bc8af309abfde41242b6285937927be9d1590f1274b24e1f,1879.0,35.0,10813.0,,10848.0,15.708263989819823,pass,,3.0,3.0,1.0,1.0,262.0,262.0,40.0,40.0,266.0,266.0,pass,,25.0,9.291736010180177,15.708263989819823,current,current,unknown,external/arc_dsl/solvers.py,,unknown,,,,none,unknown,not_obvious,9.291736010180177,18.583472,true,2026-06-09T18:28:11,2026-06-09T18:46:48,
305,task305,c3f564a4,,submissions/candidates/GOLF_20260609_060_arc_dsl_task057_single_object_hconcat/onnx/task305.onnx,true,9f735899c445d2de0753685201dbbaa448ff1306c5f52d568270b4588d8e242d,1865.0,284.0,3668.0,,3952.0,16.71802294113224,pass,,3.0,3.0,1.0,1.0,262.0,262.0,40.0,40.0,266.0,266.0,pass,,25.0,8.28197705886776,16.71802294113224,current,current,unknown,external/arc_dsl/solvers.py,,unknown,,,,none,unknown,not_obvious,8.28197705886776,16.563954,true,2026-06-09T18:28:11,2026-06-09T18:46:48,
306,task306,c444b776,,submissions/candidates/GOLF_20260609_060_arc_dsl_task057_single_object_hconcat/onnx/task306.onnx,true,adf3db57ddcf58636917d082995592ef45291e9ffff471a002c1093479faa79e,4101.0,68.0,64374.0,,64442.0,13.9264791265675,pass,,2.0,2.0,1.0,1.0,262.0,262.0,38.0,40.0,265.0,265.0,pass,,25.0,11.0735208734325,13.9264791265675,current,current,unknown,external/arc_dsl/solvers.py,,unknown,,,,none,medium,not_obvious,11.0735208734325,22.147042,true,2026-06-09T18:28:11,2026-06-09T18:46:48,
307,task307,c59eb873,,submissions/candidates/GOLF_20260609_060_arc_dsl_task057_single_object_hconcat/onnx/task307.onnx,true,badc5326d1acd892c77212fc876a3f3192e5b67a9806ab111d1e9589eff70706,7454.0,1800.0,0.0,,1800.0,17.504458056115745,pass,,3.0,3.0,1.0,1.0,262.0,262.0,40.0,40.0,266.0,266.0,pass,,25.0,7.495541943884255,17.504458056115745,current,current,unknown,external/arc_dsl/solvers.py,,unknown,,,,none,unknown,not_obvious,7.495541943884255,14.991084,true,2026-06-09T18:28:12,2026-06-09T18:46:48,
308,task308,c8cbb738,,submissions/candidates/GOLF_20260609_060_arc_dsl_task057_single_object_hconcat/onnx/task308.onnx,true,a3eaad1dbf74c2dd0e2d63ccdc76857b58fc7cc14f63cf366932995e1ddd78be,3875.0,101.0,21698.0,,21799.0,15.010380623834585,pass,,3.0,3.0,1.0,1.0,262.0,262.0,40.0,40.0,266.0,266.0,pass,,25.0,9.989619376165415,15.010380623834585,current,current,unknown,external/arc_dsl/solvers.py,,unknown,,,,none,unknown,not_obvious,9.989619376165415,19.979239,true,2026-06-09T18:28:12,2026-06-09T18:46:48,
309,task309,c8f0f002,,submissions/candidates/GOLF_20260609_060_arc_dsl_task057_single_object_hconcat/onnx/task309.onnx,true,c47b834e65872a11ec0cda3c8246948b8365f81f916610b49ed07267815733d9,217.0,10.0,0.0,,10.0,22.697414907005953,pass,,3.0,3.0,1.0,1.0,261.0,261.0,40.0,40.0,265.0,265.0,pass,,25.0,2.302585092994047,22.697414907005953,current,current,unknown,external/arc_dsl/solvers.py,,unknown,,,,none,unknown,not_obvious,2.302585092994047,4.60517,true,2026-06-09T18:28:13,2026-06-09T18:46:48,
310,task310,c909285e,,submissions/candidates/GOLF_20260609_060_arc_dsl_task057_single_object_hconcat/onnx/task310.onnx,true,652dca24f0463c55b797160c55312d53f97b1588d7d36725dfff4ab975b64026,2770.0,43.0,19602.0,,19645.0,15.11442186800744,pass,,3.0,3.0,1.0,1.0,262.0,262.0,40.0,40.0,266.0,266.0,pass,,25.0,9.88557813199256,15.11442186800744,current,current,unknown,external/arc_dsl/solvers.py,,unknown,,,,none,unknown,not_obvious,9.88557813199256,19.771156,true,2026-06-09T18:28:13,2026-06-09T18:46:48,
311,task311,c9e6f938,,submissions/candidates/GOLF_20260609_060_arc_dsl_task057_single_object_hconcat/onnx/task311.onnx,true,250771b94d3db4658d4ac04e3bd9a0740f2af0f3aba0bb9b5df4d6181bb470d4,479.0,30.0,0.0,,30.0,21.598802618337846,pass,,3.0,3.0,1.0,1.0,262.0,262.0,40.0,40.0,266.0,266.0,pass,,25.0,3.401197381662154,21.598802618337846,current,current,unknown,external/arc_dsl/solvers.py,,unknown,,,,none,unknown,not_obvious,3.401197381662154,6.802395,true,2026-06-09T18:28:14,2026-06-09T18:46:48,
312,task312,c9f8e694,,submissions/candidates/GOLF_20260609_060_arc_dsl_task057_single_object_hconcat/onnx/task312.onnx,true,5f8662413159b881c8dff97e5c51ca63270ea3b1609d0f333539af73166348ff,1202.0,19.0,9960.0,,9979.0,15.791761836115688,pass,,2.0,2.0,1.0,1.0,262.0,262.0,40.0,40.0,265.0,265.0,pass,,25.0,9.208238163884312,15.791761836115688,current,current,unknown,external/arc_dsl/solvers.py,,unknown,,,,none,unknown,not_obvious,9.208238163884312,18.416476,true,2026-06-09T18:28:14,2026-06-09T18:46:48,
313,task313,caa06a1f,,submissions/candidates/GOLF_20260609_060_arc_dsl_task057_single_object_hconcat/onnx/task313.onnx,true,a53af0418f5de87303fcf7282bd1ed16deca5a31b88b7ebaf2a2f4b6d689a574,39887.0,4547.0,79025.0,,83572.0,13.666536185257858,pass,,3.0,3.0,1.0,1.0,262.0,262.0,36.0,40.0,266.0,266.0,pass,,25.0,11.333463814742142,13.666536185257858,current,current,unknown,external/arc_dsl/solvers.py,,unknown,,,,none,medium,not_obvious,11.333463814742142,22.666928,true,2026-06-09T18:28:14,2026-06-09T18:46:48,
314,task314,cbded52d,,submissions/candidates/GOLF_20260609_060_arc_dsl_task057_single_object_hconcat/onnx/task314.onnx,true,6de48aa8380bfa9f60145881280cb81f0649f178f1a74456c5c40334004417b4,24532.0,178.0,8416.0,,8594.0,15.941180435665059,pass,,3.0,3.0,1.0,1.0,262.0,262.0,40.0,40.0,266.0,266.0,pass,,25.0,9.058819564334941,15.941180435665059,current,current,unknown,external/arc_dsl/solvers.py,,unknown,,,,none,unknown,not_obvious,9.058819564334941,18.117639,true,2026-06-09T18:28:14,2026-06-09T18:46:48,
315,task315,cce03e0d,,submissions/candidates/GOLF_20260609_060_arc_dsl_task057_single_object_hconcat/onnx/task315.onnx,true,a99bce260c7f3b92b335916fc0c008ae41e97072f82ebf255f5d2de3079c1679,1461.0,39.0,3348.0,,3387.0,16.87230014718223,pass,,3.0,3.0,1.0,1.0,262.0,262.0,40.0,40.0,266.0,266.0,pass,,25.0,8.12769985281777,16.87230014718223,current,current,unknown,external/arc_dsl/solvers.py,,unknown,,,,none,unknown,not_obvious,8.12769985281777,16.2554,true,2026-06-09T18:28:18,2026-06-09T18:46:48,
316,task316,cdecee7f,,submissions/candidates/GOLF_20260609_060_arc_dsl_task057_single_object_hconcat/onnx/task316.onnx,true,99c166b6aae1a9f205228ebc1577859e2534602760e7cfd09304cf44f28cfffc,5631.0,154.0,3748.0,,3902.0,16.730755478816945,pass,,3.0,3.0,1.0,1.0,262.0,262.0,38.0,40.0,266.0,266.0,pass,,25.0,8.269244521183055,16.730755478816945,current,current,unknown,external/arc_dsl/solvers.py,,unknown,,,,none,unknown,not_obvious,8.269244521183055,16.538489,true,2026-06-09T18:28:18,2026-06-09T18:46:48,
317,task317,ce22a75a,,submissions/candidates/GOLF_20260609_060_arc_dsl_task057_single_object_hconcat/onnx/task317.onnx,true,54ad9bc9831f0f3a781e65116809c2c60f3246bbdc84fc6c0fa8064fecb5d8c5,3798.0,900.0,0.0,,900.0,18.197605236675688,pass,,2.0,2.0,1.0,1.0,262.0,262.0,40.0,40.0,265.0,265.0,pass,,25.0,6.802394763324312,18.197605236675688,current,current,unknown,external/arc_dsl/solvers.py,,unknown,,,,none,unknown,not_obvious,6.802394763324312,13.60479,true,2026-06-09T18:28:19,2026-06-09T18:46:48,
318,task318,ce4f8723,,submissions/candidates/GOLF_20260609_060_arc_dsl_task057_single_object_hconcat/onnx/task318.onnx,true,01e41dcca08ca7c9bf4611eeaa13b8a96acc912291ce485fab569cc9819787cb,728.0,1.0,738.0,,739.0,18.394702079051797,pass,,4.0,4.0,1.0,1.0,262.0,262.0,40.0,40.0,267.0,267.0,pass,,25.0,6.605297920948203,18.394702079051797,current,current,unknown,external/arc_dsl/solvers.py,,unknown,,,,none,unknown,not_obvious,6.605297920948203,13.210596,true,2026-06-09T18:28:19,2026-06-09T18:46:48,
319,task319,ce602527,,submissions/candidates/GOLF_20260609_060_arc_dsl_task057_single_object_hconcat/onnx/task319.onnx,true,1fc811a886875d1ab5baa8b006c7f4ce77180606ee75854dd58d37a91481c457,8028.0,101.0,33406.0,,33507.0,14.580490348791063,pass,,4.0,4.0,1.0,1.0,262.0,262.0,32.0,40.0,267.0,267.0,pass,,25.0,10.419509651208937,14.580490348791063,current,current,unknown,external/arc_dsl/solvers.py,,unknown,,,,none,unknown,not_obvious,10.419509651208937,20.839019,true,2026-06-09T18:28:19,2026-06-09T18:46:48,
320,task320,ce9e57f2,,submissions/candidates/GOLF_20260609_060_arc_dsl_task057_single_object_hconcat/onnx/task320.onnx,true,b5f9d264034aafc2780289baeb60a45e338fd6478233a720f13b79faa2d6b39f,2183.0,141.0,5049.0,,5190.0,16.445511023840066,pass,,3.0,3.0,1.0,1.0,262.0,262.0,40.0,40.0,266.0,266.0,pass,,25.0,8.554488976159934,16.445511023840066,current,current,unknown,external/arc_dsl/solvers.py,,unknown,,,,none,unknown,not_obvious,8.554488976159934,17.108978,true,2026-06-09T18:28:21,2026-06-09T18:46:48,
321,task321,cf98881b,,submissions/candidates/GOLF_20260609_060_arc_dsl_task057_single_object_hconcat/onnx/task321.onnx,true,1d11ac54816b2582bf888aee04f131b590f48a64ee53922407b5075217e6194f,2349.0,35.0,5376.0,,5411.0,16.403810802357263,pass,,5.0,5.0,1.0,1.0,261.0,261.0,40.0,40.0,267.0,267.0,pass,,25.0,8.596189197642737,16.403810802357263,current,current,unknown,external/arc_dsl/solvers.py,,unknown,,,,none,unknown,not_obvious,8.596189197642737,17.192378,true,2026-06-09T18:28:21,2026-06-09T18:46:48,
322,task322,d037b0a7,,submissions/candidates/GOLF_20260609_060_arc_dsl_task057_single_object_hconcat/onnx/task322.onnx,true,0027f18a5feebb51f7cf1149c2cb9c9b8ad2d16b656b61189674cab55adad380,539.0,1.0,866.0,,867.0,18.23496102321946,pass,,3.0,3.0,1.0,1.0,262.0,262.0,40.0,40.0,266.0,266.0,pass,,25.0,6.7650389767805414,18.23496102321946,current,current,unknown,external/arc_dsl/solvers.py,,unknown,,,,none,unknown,not_obvious,6.7650389767805414,13.530078,true,2026-06-09T18:28:21,2026-06-09T18:46:48,
323,task323,d06dbe63,,submissions/candidates/GOLF_20260609_060_arc_dsl_task057_single_object_hconcat/onnx/task323.onnx,true,6d262e7a68ed3113a342a9cbf11f191b6b4cefd4922c56e1634559f361df04cd,2479.0,645.0,3887.0,,4532.0,16.5810813778521,pass,,2.0,2.0,1.0,1.0,169.0,169.0,39.0,40.0,172.0,172.0,pass,,25.0,8.418918622147899,16.5810813778521,current,current,unknown,external/arc_dsl/solvers.py,,unknown,,,,none,unknown,not_obvious,8.418918622147899,16.837837,true,2026-06-09T18:28:22,2026-06-09T18:46:48,
324,task324,d07ae81c,,submissions/candidates/GOLF_20260609_060_arc_dsl_task057_single_object_hconcat/onnx/task324.onnx,true,022afd33a6e9b0c37a3e2c3f23437cabe9e10ec07aab1b41f9431b047f33a6c9,6861.0,1672.0,47198.0,,48870.0,14.203081009735799,pass,,3.0,3.0,1.0,1.0,262.0,262.0,40.0,40.0,266.0,266.0,pass,,25.0,10.796918990264201,14.203081009735799,current,current,unknown,external/arc_dsl/solvers.py,,unknown,,,,none,medium,not_obvious,10.796918990264201,21.593838,true,2026-06-09T18:28:22,2026-06-09T18:46:48,
325,task325,d0f5fe59,,submissions/candidates/GOLF_20260609_060_arc_dsl_task057_single_object_hconcat/onnx/task325.onnx,true,703958452270456b7d0aa9d4685a3bb4279c1a189050c3b1c4c5c0ef26767373,5072.0,1902.0,41120.0,,43022.0,14.330533108254256,pass,,3.0,3.0,1.0,1.0,262.0,262.0,40.0,40.0,266.0,266.0,pass,,25.0,10.669466891745744,14.330533108254256,current,current,unknown,external/arc_dsl/solvers.py,,unknown,,,,none,medium,not_obvious,10.669466891745744,21.338934,true,2026-06-09T18:28:23,2026-06-09T18:46:48,
326,task326,d10ecb37,,submissions/candidates/GOLF_20260609_060_arc_dsl_task057_single_object_hconcat/onnx/task326.onnx,true,d8c069fbf425d2fc92a051625cd6ab3ed7942bb3f87ef81c26b098ca464da222,251.0,0.0,160.0,,160.0,19.924826184766175,pass,,3.0,3.0,1.0,1.0,262.0,262.0,40.0,40.0,266.0,266.0,pass,,25.0,5.075173815233825,19.924826184766175,current,current,unknown,external/arc_dsl/solvers.py,,unknown,,,,none,unknown,not_obvious,5.075173815233825,10.150348,true,2026-06-09T18:28:24,2026-06-09T18:46:48,
327,task327,d13f3404,,submissions/candidates/GOLF_20260609_060_arc_dsl_task057_single_object_hconcat/onnx/task327.onnx,true,04ef520d7caa60d02d99447081af51d085431217e931b11d5c1a310f8945b85b,2321.0,22.0,7516.0,,7538.0,16.072287826172918,pass,,3.0,3.0,1.0,1.0,261.0,261.0,40.0,40.0,265.0,265.0,pass,,25.0,8.927712173827082,16.072287826172918,current,current,unknown,external/arc_dsl/solvers.py,,unknown,,,,none,unknown,not_obvious,8.927712173827082,17.855424,true,2026-06-09T18:28:24,2026-06-09T18:46:48,
328,task328,d22278a0,,submissions/candidates/GOLF_20260609_060_arc_dsl_task057_single_object_hconcat/onnx/task328.onnx,true,23de6b8cd14e063823c82a96e8174490f3e0906e01523668c5c1dc12428bd825,10607.0,1126.0,66927.0,,68053.0,13.871957907660665,pass,,4.0,4.0,1.0,1.0,262.0,262.0,40.0,40.0,267.0,267.0,pass,,25.0,11.128042092339335,13.871957907660665,current,current,unknown,external/arc_dsl/solvers.py,,unknown,,,,none,medium,not_obvious,11.128042092339335,22.256084,true,2026-06-09T18:28:24,2026-06-09T18:46:48,
329,task329,d23f8c26,,submissions/candidates/GOLF_20260609_060_arc_dsl_task057_single_object_hconcat/onnx/task329.onnx,true,b3983c3bd8c099ce71cb48e09938e0328cc29853d73d956c35e125db9bcd43ef,1652.0,46.0,10214.0,,10260.0,15.76399188127524,pass,,3.0,3.0,1.0,1.0,262.0,262.0,40.0,40.0,266.0,266.0,pass,,25.0,9.23600811872476,15.76399188127524,current,current,unknown,external/arc_dsl/solvers.py,,unknown,,,,none,unknown,not_obvious,9.23600811872476,18.472016,true,2026-06-09T18:28:26,2026-06-09T18:46:48,
330,task330,d2abd087,,submissions/candidates/GOLF_20260609_060_arc_dsl_task057_single_object_hconcat/onnx/task330.onnx,true,a7a01e56dcd6ae19dcb2ef96cfcb82f68dbb794b53374913477737f9743258bd,7080.0,1133.0,16604.0,,17737.0,15.216591867794413,pass,,3.0,3.0,1.0,1.0,262.0,262.0,40.0,40.0,266.0,266.0,pass,,25.0,9.783408132205587,15.216591867794413,current,current,unknown,external/arc_dsl/solvers.py,,unknown,,,,none,unknown,not_obvious,9.783408132205587,19.566816,true,2026-06-09T18:28:26,2026-06-09T18:46:48,
331,task331,d364b489,,submissions/candidates/GOLF_20260609_060_arc_dsl_task057_single_object_hconcat/onnx/task331.onnx,true,159b7db4377d2a7d75a15aa8f84344e6d919741566944220da8f361aa1da572a,3836.0,910.0,0.0,,910.0,18.186555400489105,pass,,2.0,2.0,1.0,1.0,262.0,262.0,40.0,40.0,265.0,265.0,pass,,25.0,6.813444599510895,18.186555400489105,current,current,unknown,external/arc_dsl/solvers.py,,unknown,,,,none,unknown,not_obvious,6.813444599510895,13.626889,true,2026-06-09T18:28:27,2026-06-09T18:46:48,
332,task332,d406998b,,submissions/candidates/GOLF_20260609_060_arc_dsl_task057_single_object_hconcat/onnx/task332.onnx,true,7b9311fbf91d7c0760a21f824b62a7b07e127068f266044e6d565ee397b4cdde,4180.0,164.0,8826.0,,8990.0,15.896131872534333,pass,,4.0,4.0,1.0,1.0,262.0,262.0,40.0,40.0,267.0,267.0,pass,,25.0,9.103868127465667,15.896131872534333,current,current,unknown,external/arc_dsl/solvers.py,,unknown,,,,none,unknown,not_obvious,9.103868127465667,18.207736,true,2026-06-09T18:28:27,2026-06-09T18:46:48,
333,task333,d43fd935,,submissions/candidates/GOLF_20260609_060_arc_dsl_task057_single_object_hconcat/onnx/task333.onnx,true,056322558aa8fa4149af6ce9821d3273f0b403e4408e461963db3d70864f1adc,4379.0,53.0,24840.0,,24893.0,14.877658081568091,pass,,3.0,3.0,1.0,1.0,261.0,261.0,38.0,40.0,265.0,265.0,pass,,25.0,10.122341918431909,14.877658081568091,current,current,unknown,external/arc_dsl/solvers.py,,unknown,,,,none,unknown,not_obvious,10.122341918431909,20.244684,true,2026-06-09T18:28:27,2026-06-09T18:46:48,
334,task334,d4469b4b,,submissions/candidates/GOLF_20260609_060_arc_dsl_task057_single_object_hconcat/onnx/task334.onnx,true,a5f6ffb6be0ddc49db3ce5998c7cae13bfa5a4f830eb89e47e9f2875f71895c0,889.0,37.0,572.0,,609.0,18.588181732290103,pass,,7.0,7.0,2.0,2.0,262.0,262.0,40.0,40.0,271.0,271.0,pass,,25.0,6.411818267709897,18.588181732290103,current,current,unknown,external/arc_dsl/solvers.py,,unknown,,,,none,unknown,not_obvious,6.411818267709897,12.823637,true,2026-06-09T18:28:28,2026-06-09T18:46:48,
335,task335,d4a91cb9,,submissions/candidates/GOLF_20260609_060_arc_dsl_task057_single_object_hconcat/onnx/task335.onnx,true,df7e9b8596d842b5ccccb92f6dbade8c446c1be3167bc5a0d2345a2a5f0d1e52,3440.0,93.0,46156.0,,46249.0,14.258204878914801,pass,,3.0,3.0,1.0,1.0,262.0,262.0,40.0,40.0,266.0,266.0,pass,,25.0,10.741795121085199,14.258204878914801,current,current,unknown,external/arc_dsl/solvers.py,,unknown,,,,none,medium,not_obvious,10.741795121085199,21.48359,true,2026-06-09T18:28:28,2026-06-09T18:46:48,
336,task336,d4f3cd78,,submissions/candidates/GOLF_20260609_060_arc_dsl_task057_single_object_hconcat/onnx/task336.onnx,true,66605e39204e06dd97980e812e93d14e7dab3eb0d815b075ac29202827cc6a4e,5276.0,136.0,5900.0,,6036.0,16.294503180112258,pass,,2.0,2.0,1.0,1.0,28.0,28.0,31.0,31.0,31.0,31.0,pass,,25.0,8.705496819887742,16.294503180112258,current,current,unknown,external/arc_dsl/solvers.py,,unknown,,,,none,medium,not_obvious,8.705496819887742,25.410994,true,2026-06-09T18:28:29,2026-06-09T18:46:48,
337,task337,d511f180,,submissions/candidates/GOLF_20260609_060_arc_dsl_task057_single_object_hconcat/onnx/task337.onnx,true,c276f5799bf0f2f77bbc0c31f5ed97472afbff9a946326286e229929029e2484,159.0,10.0,0.0,,10.0,22.697414907005953,pass,,3.0,3.0,1.0,1.0,262.0,262.0,40.0,40.0,266.0,266.0,pass,,25.0,2.302585092994047,22.697414907005953,current,current,unknown,external/arc_dsl/solvers.py,,unknown,,,,none,unknown,not_obvious,2.302585092994047,4.60517,true,2026-06-09T18:28:29,2026-06-09T18:46:48,
338,task338,d5d6de2d,,submissions/candidates/GOLF_20260609_060_arc_dsl_task057_single_object_hconcat/onnx/task338.onnx,true,c4e2d784490156e8a4ba7ee3f80c9706021d7bca46e83c27c2aaab16a43710e1,8884.0,1816.0,43200.0,,45016.0,14.285226738886886,pass,,3.0,3.0,2.0,2.0,262.0,262.0,14.0,40.0,267.0,267.0,pass,,25.0,10.714773261113114,14.285226738886886,current,current,unknown,external/arc_dsl/solvers.py,,unknown,,,,none,medium,not_obvious,10.714773261113114,21.429547,true,2026-06-09T18:28:29,2026-06-09T18:46:48,
339,task339,d631b094,,submissions/candidates/GOLF_20260609_060_arc_dsl_task057_single_object_hconcat/onnx/task339.onnx,true,e8be4c26edfb079da2c23ae2f0b4d5d89e4dbc9c4ef2dd065ae8f448193eec36,2038.0,108.0,872.0,,980.0,18.112447428335383,pass,,4.0,4.0,1.0,1.0,261.0,261.0,40.0,40.0,266.0,266.0,pass,,25.0,6.887552571664617,18.112447428335383,current,current,unknown,external/arc_dsl/solvers.py,,unknown,,,,none,unknown,not_obvious,6.887552571664617,13.775105,true,2026-06-09T18:28:30,2026-06-09T18:46:48,
340,task340,d687bc17,,submissions/candidates/GOLF_20260609_060_arc_dsl_task057_single_object_hconcat/onnx/task340.onnx,true,892b1449677f29b5e2c0324876a82ba38a3a3e36c1be7f6f9ee864ac3982f251,4147.0,162.0,70180.0,,70342.0,13.83887566105239,pass,,3.0,3.0,1.0,1.0,262.0,262.0,38.0,40.0,266.0,266.0,pass,,25.0,11.16112433894761,13.83887566105239,current,current,unknown,external/arc_dsl/solvers.py,,unknown,,,,none,medium,not_obvious,11.16112433894761,22.322249,true,2026-06-09T18:28:30,2026-06-09T18:46:48,
341,task341,d6ad076f,,submissions/candidates/GOLF_20260609_060_arc_dsl_task057_single_object_hconcat/onnx/task341.onnx,true,564fae20dee0f5a54330c3170bfad5824556165d5a206e82a19c9264faaaaf05,8743.0,289.0,18576.0,,18865.0,15.15493636760159,pass,,3.0,3.0,1.0,1.0,262.0,262.0,34.0,40.0,266.0,266.0,pass,,25.0,9.84506363239841,15.15493636760159,current,current,unknown,external/arc_dsl/solvers.py,,unknown,,,,none,unknown,not_obvious,9.84506363239841,19.690127,true,2026-06-09T18:28:31,2026-06-09T18:46:48,
342,task342,d89b689b,,submissions/candidates/GOLF_20260609_060_arc_dsl_task057_single_object_hconcat/onnx/task342.onnx,true,cd69f1c3c3bd5d7c51afa7008425c54e8c0a232fd18449de9a9bff304cea90ec,3200.0,237.0,11916.0,,12153.0,15.5946686681292,pass,,3.0,3.0,1.0,1.0,262.0,262.0,40.0,40.0,266.0,266.0,pass,,25.0,9.4053313318708,15.5946686681292,current,current,unknown,external/arc_dsl/solvers.py,,unknown,,,,none,unknown,not_obvious,9.4053313318708,18.810663,true,2026-06-09T18:28:33,2026-06-09T18:46:48,
343,task343,d8c310e9,,submissions/candidates/GOLF_20260609_060_arc_dsl_task057_single_object_hconcat/onnx/task343.onnx,true,22bba87288f395f6b3eeb423bb0210878c82ff36b2234bcdb7b156c2ec6f7876,5220.0,368.0,28288.0,,28656.0,14.736881875699506,pass,,3.0,3.0,1.0,1.0,262.0,262.0,40.0,40.0,266.0,266.0,pass,,25.0,10.263118124300494,14.736881875699506,current,current,unknown,external/arc_dsl/solvers.py,,unknown,,,,none,unknown,not_obvious,10.263118124300494,20.526236,true,2026-06-09T18:28:33,2026-06-09T18:46:48,
344,task344,d90796e8,,submissions/candidates/GOLF_20260609_060_arc_dsl_task057_single_object_hconcat/onnx/task344.onnx,true,a23999c886c62393d115371628fbee6b6043de7a35bed72285639240d6def4fd,10236.0,2510.0,0.0,,2510.0,17.17196196787417,pass,,3.0,3.0,1.0,1.0,262.0,262.0,25.0,40.0,266.0,266.0,pass,,25.0,7.8280380321258285,17.17196196787417,current,current,unknown,external/arc_dsl/solvers.py,,unknown,,,,none,unknown,not_obvious,7.8280380321258285,15.656076,true,2026-06-09T18:28:35,2026-06-09T18:46:48,
345,task345,d9f24cd1,,submissions/candidates/GOLF_20260609_060_arc_dsl_task057_single_object_hconcat/onnx/task345.onnx,true,c33a5f6e78916a4a95040832dd427c7877e2b85de975738a8cdcb55dea726ae7,10079.0,1856.0,9860.0,,11716.0,15.631289292052376,pass,,2.0,2.0,1.0,1.0,261.0,261.0,40.0,40.0,264.0,264.0,pass,,25.0,9.368710707947624,15.631289292052376,current,current,unknown,external/arc_dsl/solvers.py,,unknown,,,,none,unknown,not_obvious,9.368710707947624,18.737421,true,2026-06-09T18:28:35,2026-06-09T18:46:48,
346,task346,d9fac9be,,submissions/candidates/GOLF_20260609_060_arc_dsl_task057_single_object_hconcat/onnx/task346.onnx,true,233053780890c213e4c69b0f0f40ae9c82253e87347fdcde4085198d0c37ed1d,1781.0,23.0,9069.0,,9092.0,15.884849815027566,pass,,4.0,4.0,1.0,1.0,262.0,262.0,40.0,40.0,267.0,267.0,pass,,25.0,9.115150184972434,15.884849815027566,current,current,unknown,external/arc_dsl/solvers.py,,unknown,,,,none,unknown,not_obvious,9.115150184972434,18.2303,true,2026-06-09T18:28:36,2026-06-09T18:46:48,
347,task347,dae9d2b5,,submissions/candidates/GOLF_20260609_060_arc_dsl_task057_single_object_hconcat/onnx/task347.onnx,true,cd9bbaa7d5e469c745248f82d99d56531ab5b5490a34b935257d0d61fd7e1d09,1234.0,1.0,1586.0,,1587.0,17.63039927947359,pass,,5.0,5.0,2.0,2.0,262.0,262.0,40.0,40.0,269.0,269.0,pass,,25.0,7.36960072052641,17.63039927947359,current,current,unknown,external/arc_dsl/solvers.py,,unknown,,,,none,unknown,not_obvious,7.36960072052641,14.739201,true,2026-06-09T18:28:36,2026-06-09T18:46:48,
348,task348,db3e9e38,,submissions/candidates/GOLF_20260609_060_arc_dsl_task057_single_object_hconcat/onnx/task348.onnx,true,2352e5feb515f6c83125588b2fb6aedd2528a35bc1c57495f797cae172581d45,1950.0,139.0,7068.0,,7207.0,16.11719194507556,pass,,2.0,2.0,1.0,1.0,262.0,262.0,40.0,40.0,265.0,265.0,pass,,25.0,8.882808054924439,16.11719194507556,current,current,unknown,external/arc_dsl/solvers.py,,unknown,,,,none,unknown,not_obvious,8.882808054924439,17.765616,true,2026-06-09T18:28:36,2026-06-09T18:46:48,
349,task349,db93a21d,,submissions/candidates/GOLF_20260609_060_arc_dsl_task057_single_object_hconcat/onnx/task349.onnx,true,4cc05dc16b10f98c4006406f425e58851f7bafbe44dd60fe5d2893808cd95077,8427.0,3579.0,40500.0,,44079.0,14.306261242455944,pass,,4.0,4.0,1.0,1.0,262.0,262.0,33.0,40.0,267.0,267.0,pass,,25.0,10.693738757544056,14.306261242455944,current,current,unknown,external/arc_dsl/solvers.py,,unknown,,,,none,medium,not_obvious,10.693738757544056,21.387478,true,2026-06-09T18:28:37,2026-06-09T18:46:48,
350,task350,dbc1a6ce,,submissions/candidates/GOLF_20260609_060_arc_dsl_task057_single_object_hconcat/onnx/task350.onnx,true,56c96aa23a40bb37c0c6b80510d1b3ee89bf7273dc38465bc42e935e37ac79dd,1984.0,30.0,19800.0,,19830.0,15.10504877848616,pass,,4.0,4.0,1.0,1.0,262.0,262.0,40.0,40.0,267.0,267.0,pass,,25.0,9.89495122151384,15.10504877848616,current,current,unknown,external/arc_dsl/solvers.py,,unknown,,,,none,unknown,not_obvious,9.89495122151384,19.789902,true,2026-06-09T18:28:37,2026-06-09T18:46:48,
351,task351,dc0a314f,,submissions/candidates/GOLF_20260609_060_arc_dsl_task057_single_object_hconcat/onnx/task351.onnx,true,c17c4a24fd333fa82a77f43e4a5127d7eb81187a15ad4b7f8a1bb21664a5d49d,3049.0,40.0,35114.0,,35154.0,14.532506311227156,pass,,3.0,3.0,1.0,1.0,261.0,261.0,40.0,40.0,265.0,265.0,pass,,25.0,10.467493688772844,14.532506311227156,current,current,unknown,external/arc_dsl/solvers.py,,unknown,,,,none,unknown,not_obvious,10.467493688772844,20.934987,true,2026-06-09T18:28:38,2026-06-09T18:46:48,
352,task352,dc1df850,,submissions/candidates/GOLF_20260609_060_arc_dsl_task057_single_object_hconcat/onnx/task352.onnx,true,f3b9bb985cfb0478df981c689aab9f22dc5bb177e02b6f3b6a3b330669eef601,1398.0,26.0,6600.0,,6626.0,16.20124341714016,pass,,3.0,3.0,1.0,1.0,262.0,262.0,40.0,40.0,266.0,266.0,pass,,25.0,8.798756582859841,16.20124341714016,current,current,unknown,external/arc_dsl/solvers.py,,unknown,,,,none,unknown,not_obvious,8.798756582859841,17.597513,true,2026-06-09T18:28:38,2026-06-09T18:46:48,
353,task353,dc433765,,submissions/candidates/GOLF_20260609_060_arc_dsl_task057_single_object_hconcat/onnx/task353.onnx,true,1639de1c1d4d3ee61a8454a02d3b5af4d359f13f2fb1c963687d4cd76b280a8b,3244.0,225.0,5186.0,,5411.0,16.403810802357263,pass,,7.0,7.0,2.0,2.0,262.0,262.0,40.0,40.0,271.0,271.0,pass,,25.0,8.596189197642737,16.403810802357263,current,current,unknown,external/arc_dsl/solvers.py,,unknown,,,,none,unknown,not_obvious,8.596189197642737,17.192378,true,2026-06-09T18:28:38,2026-06-09T18:46:48,
354,task354,ddf7fa4f,,submissions/candidates/GOLF_20260609_060_arc_dsl_task057_single_object_hconcat/onnx/task354.onnx,true,72097d91360fee677a7cedfcb6a9f81d203f7ed48b510491a32767048d687447,2710.0,147.0,16860.0,,17007.0,15.258619697007587,pass,,3.0,3.0,1.0,1.0,262.0,262.0,40.0,40.0,266.0,266.0,pass,,25.0,9.741380302992413,15.258619697007587,current,current,unknown,external/arc_dsl/solvers.py,,unknown,,,,none,unknown,not_obvious,9.741380302992413,19.482761,true,2026-06-09T18:28:39,2026-06-09T18:46:48,
355,task355,de1cd16c,,submissions/candidates/GOLF_20260609_060_arc_dsl_task057_single_object_hconcat/onnx/task355.onnx,true,ad09d6515b0ea120e8214015b5a7dd13fe14644812fd3be9b33471c171932a2f,3971.0,89.0,11706.0,,11795.0,15.624569008158225,pass,,4.0,4.0,1.0,1.0,262.0,262.0,40.0,40.0,267.0,267.0,pass,,25.0,9.375430991841775,15.624569008158225,current,current,unknown,external/arc_dsl/solvers.py,,unknown,,,,none,unknown,not_obvious,9.375430991841775,18.750862,true,2026-06-09T18:28:39,2026-06-09T18:46:48,
356,task356,ded97339,,submissions/candidates/GOLF_20260609_060_arc_dsl_task057_single_object_hconcat/onnx/task356.onnx,true,ddccb479313074b253968d42dbddb3ebe3f44ea46ee8b5fd255d31defc4d66bb,2324.0,121.0,4880.0,,5001.0,16.482606828581098,pass,,3.0,3.0,1.0,1.0,262.0,262.0,40.0,40.0,266.0,266.0,pass,,25.0,8.517393171418902,16.482606828581098,current,current,unknown,external/arc_dsl/solvers.py,,unknown,,,,none,unknown,not_obvious,8.517393171418902,17.034786,true,2026-06-09T18:28:40,2026-06-09T18:46:48,
357,task357,e179c5f4,,submissions/candidates/GOLF_20260609_060_arc_dsl_task057_single_object_hconcat/onnx/task357.onnx,true,564d97e0f32efc6d394edc801d3bd5ed9c215ac9597410bc46f777750d73fd7a,1767.0,40.0,6532.0,,6572.0,16.20942652084284,pass,,3.0,3.0,1.0,1.0,9.0,9.0,8.0,13.0,13.0,13.0,pass,,25.0,8.79057347915716,16.20942652084284,current,current,unknown,external/arc_dsl/solvers.py,,unknown,,,,none,unknown,not_obvious,8.79057347915716,17.581147,true,2026-06-09T18:28:40,2026-06-09T18:46:48,
358,task358,e21d9049,,submissions/candidates/GOLF_20260609_060_arc_dsl_task057_single_object_hconcat/onnx/task358.onnx,true,68b670fbe5e2e3957ae4c70514554bc78a1622c276528d3ec2a5b96170cd0747,6567.0,337.0,113584.0,,113921.0,13.356739495302836,pass,,2.0,2.0,1.0,1.0,262.0,262.0,32.0,40.0,265.0,265.0,pass,,25.0,11.643260504697164,13.356739495302836,current,current,unknown,external/arc_dsl/solvers.py,,unknown,,,,none,medium,not_obvious,11.643260504697164,23.286521,true,2026-06-09T18:28:40,2026-06-09T18:46:48,
359,task359,e26a3af2,,submissions/candidates/GOLF_20260609_060_arc_dsl_task057_single_object_hconcat/onnx/task359.onnx,true,1c4683356c52e5f1ca1b725734fdf8932a57c9fe9c74559da7a2378c9f86293c,1184.0,13.0,42300.0,,42313.0,14.347150353576192,pass,,3.0,3.0,1.0,1.0,262.0,262.0,40.0,40.0,266.0,266.0,pass,,25.0,10.652849646423808,14.347150353576192,current,current,unknown,external/arc_dsl/solvers.py,,unknown,,,,none,medium,not_obvious,10.652849646423808,21.305699,true,2026-06-09T18:28:43,2026-06-09T18:46:48,
360,task360,e3497940,,submissions/candidates/GOLF_20260609_060_arc_dsl_task057_single_object_hconcat/onnx/task360.onnx,true,8216475b8f3063764bb86d838de60dc9c23365d30e0e69a100fed2dbd1259833,1168.0,26.0,11120.0,,11146.0,15.681164031870518,pass,,3.0,3.0,1.0,1.0,262.0,262.0,40.0,40.0,266.0,266.0,pass,,25.0,9.318835968129482,15.681164031870518,current,current,unknown,external/arc_dsl/solvers.py,,unknown,,,,none,unknown,not_obvious,9.318835968129482,18.637672,true,2026-06-09T18:28:43,2026-06-09T18:46:48,
361,task361,e40b9e2f,,submissions/candidates/GOLF_20260609_060_arc_dsl_task057_single_object_hconcat/onnx/task361.onnx,true,c97e15c96e436753a275a0974c801404b4cb9814d82b3cb4ad103fba3ee9a6e9,6846.0,275.0,15641.0,,15916.0,15.324919828453181,pass,,3.0,3.0,1.0,1.0,262.0,262.0,16.0,40.0,266.0,266.0,pass,,25.0,9.675080171546819,15.324919828453181,current,current,unknown,external/arc_dsl/solvers.py,,unknown,,,,none,unknown,not_obvious,9.675080171546819,19.35016,true,2026-06-09T18:28:43,2026-06-09T18:46:48,
362,task362,e48d4e1a,,submissions/candidates/GOLF_20260609_060_arc_dsl_task057_single_object_hconcat/onnx/task362.onnx,true,809f348845562e3a2af3412a38f9a7bf492e320a45d1adebf5e278757bb88f21,1696.0,45.0,11894.0,,11939.0,15.612434368654611,pass,,4.0,4.0,1.0,1.0,262.0,262.0,40.0,40.0,267.0,267.0,pass,,25.0,9.387565631345389,15.612434368654611,current,current,unknown,external/arc_dsl/solvers.py,,unknown,,,,none,unknown,not_obvious,9.387565631345389,18.775131,true,2026-06-09T18:28:44,2026-06-09T18:46:48,
363,task363,e5062a87,,submissions/candidates/GOLF_20260609_060_arc_dsl_task057_single_object_hconcat/onnx/task363.onnx,true,8a3cfb5d37774abac99d835a86a8babd5b0b5b962b572c370ff9b245ade595a2,5425.0,254.0,88638.0,,88892.0,13.60482257129864,pass,,3.0,3.0,1.0,1.0,261.0,261.0,39.0,40.0,265.0,265.0,pass,,25.0,11.39517742870136,13.60482257129864,current,current,unknown,external/arc_dsl/solvers.py,,unknown,,,,none,medium,not_obvious,11.39517742870136,22.790355,true,2026-06-09T18:28:45,2026-06-09T18:46:48,
364,task364,e509e548,,submissions/candidates/GOLF_20260609_060_arc_dsl_task057_single_object_hconcat/onnx/task364.onnx,true,9f5bdb27f1d3209b0218aec767937d478bbe7db43fdf2be16278461b10f9c75f,8985.0,963.0,76896.0,,77859.0,13.737345222483407,pass,,3.0,3.0,1.0,1.0,262.0,262.0,40.0,40.0,266.0,266.0,pass,,25.0,11.262654777516593,13.737345222483407,current,current,unknown,external/arc_dsl/solvers.py,,unknown,,,,none,medium,not_obvious,11.262654777516593,22.52531,true,2026-06-09T18:28:45,2026-06-09T18:46:48,
365,task365,e50d258f,,submissions/candidates/GOLF_20260609_060_arc_dsl_task057_single_object_hconcat/onnx/task365.onnx,true,b5433fef2a486e434f677cabc36a073d21f90962bd37a741806cbce8ba33a836,16991.0,71.0,58743.0,,58814.0,14.01786479921536,pass,,3.0,3.0,1.0,1.0,262.0,262.0,40.0,40.0,266.0,266.0,pass,,25.0,10.98213520078464,14.01786479921536,current,current,unknown,external/arc_dsl/solvers.py,,unknown,,,,none,medium,not_obvious,10.98213520078464,21.96427,true,2026-06-09T18:28:46,2026-06-09T18:46:48,
366,task366,e6721834,,submissions/candidates/GOLF_20260609_060_arc_dsl_task057_single_object_hconcat/onnx/task366.onnx,true,9c2857c2195d9fb8bc86374d45e688230576cea8a4d8444034e776310f6c0d98,84301.0,4527.0,832353.0,,836880.0,11.362564029982357,pass,,3.0,3.0,1.0,1.0,251.0,251.0,21.0,40.0,255.0,255.0,pass,,25.0,13.637435970017643,11.362564029982357,current,current,unknown,external/arc_dsl/solvers.py,,unknown,,,,none,medium,not_obvious,13.637435970017643,27.274872,true,2026-06-09T18:28:50,2026-06-09T18:46:48,
367,task367,e73095fd,,submissions/candidates/GOLF_20260609_060_arc_dsl_task057_single_object_hconcat/onnx/task367.onnx,true,d714af254dd574b2ee6e4d9a7da38d254cc1cedf344e671171b3198e6677f3e9,9982.0,1991.0,141612.0,,143603.0,13.125192173257059,pass,,3.0,3.0,1.0,1.0,262.0,262.0,40.0,40.0,266.0,266.0,pass,,25.0,11.874807826742941,13.125192173257059,current,current,unknown,external/arc_dsl/solvers.py,,unknown,,,,none,medium,not_obvious,11.874807826742941,23.749616,true,2026-06-09T18:29:01,2026-06-09T18:46:48,
368,task368,e76a88a6,,submissions/candidates/GOLF_20260609_060_arc_dsl_task057_single_object_hconcat/onnx/task368.onnx,true,fb13ef89494b35d91e797f4295a7a89ef8111ed8b5d8f62974f2ce5be08e16a8,8950.0,75.0,32264.0,,32339.0,14.615970788806473,pass,,2.0,2.0,1.0,1.0,262.0,262.0,40.0,40.0,265.0,265.0,pass,,25.0,10.384029211193527,14.615970788806473,current,current,unknown,external/arc_dsl/solvers.py,,unknown,,,,none,unknown,not_obvious,10.384029211193527,20.768058,true,2026-06-09T18:29:03,2026-06-09T18:46:48,
369,task369,e8593010,,submissions/candidates/GOLF_20260609_060_arc_dsl_task057_single_object_hconcat/onnx/task369.onnx,true,1cfe982df2ace7597db45b5bfba380a13e8855ae31179524b685c7a161b2f22f,3315.0,130.0,7400.0,,7530.0,16.07334967920606,pass,,3.0,3.0,1.0,1.0,261.0,261.0,40.0,40.0,265.0,265.0,pass,,25.0,8.92665032079394,16.07334967920606,current,current,unknown,external/arc_dsl/solvers.py,,unknown,,,,none,unknown,not_obvious,8.92665032079394,17.853301,true,2026-06-09T18:29:06,2026-06-09T18:46:48,
370,task370,e8dc4411,,submissions/candidates/GOLF_20260609_060_arc_dsl_task057_single_object_hconcat/onnx/task370.onnx,true,15b5e8b9e31b954497503f43e57b54cae68434c7037406c015051ad4c4a55a61,15444.0,119.0,108163.0,,108282.0,13.407505785810647,pass,,3.0,3.0,1.0,1.0,262.0,262.0,29.0,40.0,266.0,266.0,pass,,25.0,11.592494214189353,13.407505785810647,current,current,unknown,external/arc_dsl/solvers.py,,unknown,,,,none,medium,not_obvious,11.592494214189353,23.184988,true,2026-06-09T18:29:06,2026-06-09T18:46:48,
371,task371,e9614598,,submissions/candidates/GOLF_20260609_060_arc_dsl_task057_single_object_hconcat/onnx/task371.onnx,true,ac746c0f7985def55f31802cab65bd5cdd75ce9961ea75cb9e2e4cca9b37041e,3031.0,249.0,12980.0,,13229.0,15.50983333153762,pass,,2.0,2.0,2.0,2.0,262.0,262.0,40.0,40.0,266.0,266.0,pass,,25.0,9.49016666846238,15.50983333153762,current,current,unknown,external/arc_dsl/solvers.py,,unknown,,,,none,unknown,not_obvious,9.49016666846238,18.980333,true,2026-06-09T18:29:08,2026-06-09T18:46:48,
372,task372,e98196ab,,submissions/candidates/GOLF_20260609_060_arc_dsl_task057_single_object_hconcat/onnx/task372.onnx,true,612684b2e2b88419b0dffb9061ba10832910a5dcbc1dedfb2dc7aba90a0290f7,664.0,13.0,7867.0,,7880.0,16.027916817148075,pass,,3.0,3.0,1.0,1.0,262.0,262.0,40.0,40.0,266.0,266.0,pass,,25.0,8.972083182851925,16.027916817148075,current,current,unknown,external/arc_dsl/solvers.py,,unknown,,,,none,unknown,not_obvious,8.972083182851925,17.944166,true,2026-06-09T18:29:09,2026-06-09T18:46:48,
373,task373,e9afcf9a,,submissions/candidates/GOLF_20260609_060_arc_dsl_task057_single_object_hconcat/onnx/task373.onnx,true,febd0e663c6704afa5d637e656bb7decaf87e1523de97cd6fac5a3db41f7c234,581.0,4.0,520.0,,524.0,18.738508315678956,pass,,2.0,2.0,1.0,1.0,72.0,72.0,40.0,40.0,75.0,75.0,pass,,25.0,6.261491684321044,18.738508315678956,current,current,unknown,external/arc_dsl/solvers.py,,unknown,,,,none,unknown,not_obvious,6.261491684321044,12.522983,true,2026-06-09T18:29:09,2026-06-09T18:46:48,
374,task374,ea32f347,,submissions/candidates/GOLF_20260609_060_arc_dsl_task057_single_object_hconcat/onnx/task374.onnx,true,b890f0c0ab7ee65e12a6764eb1475d1f9a8f7effe61eae04bb472c05ab165bb0,5300.0,134.0,13208.0,,13342.0,15.501327766730538,pass,,4.0,4.0,1.0,1.0,262.0,262.0,40.0,40.0,267.0,267.0,pass,,25.0,9.498672233269462,15.501327766730538,current,current,unknown,external/arc_dsl/solvers.py,,unknown,,,,none,unknown,not_obvious,9.498672233269462,18.997344,true,2026-06-09T18:29:09,2026-06-09T18:46:48,
375,task375,ea786f4a,,submissions/candidates/GOLF_20260609_060_arc_dsl_task057_single_object_hconcat/onnx/task375.onnx,true,509686d607b3126316a284357799deb369829fe56865a1b05609fa3447c4c5d7,2214.0,59.0,15113.0,,15172.0,15.372793097191211,pass,,3.0,3.0,1.0,1.0,54.0,54.0,40.0,40.0,58.0,58.0,pass,,25.0,9.627206902808789,15.372793097191211,current,current,unknown,external/arc_dsl/solvers.py,,unknown,,,,none,unknown,not_obvious,9.627206902808789,19.254414,true,2026-06-09T18:29:10,2026-06-09T18:46:48,
376,task376,eb281b96,,submissions/candidates/GOLF_20260609_060_arc_dsl_task057_single_object_hconcat/onnx/task376.onnx,true,becd963a84ce2cfe83a8ee38e494f26a327cbefcc0e2b1c426a29aba33de5f43,4045.0,150.0,23262.0,,23412.0,14.93899600958889,pass,,2.0,2.0,1.0,1.0,36.0,36.0,39.0,39.0,39.0,39.0,pass,,25.0,10.06100399041111,14.93899600958889,current,current,unknown,external/arc_dsl/solvers.py,,unknown,,,,none,medium,not_obvious,10.06100399041111,28.122008,true,2026-06-09T18:29:10,2026-06-09T18:46:48,
377,task377,eb5a1d5d,,submissions/candidates/GOLF_20260609_060_arc_dsl_task057_single_object_hconcat/onnx/task377.onnx,true,9b52b78bd3e2bfa2d9837ed1edc28b7aea7bbfa859063f82428bbf9c175dfa43,18685.0,84.0,61840.0,,61924.0,13.966336894339644,pass,,3.0,3.0,1.0,1.0,262.0,262.0,40.0,40.0,266.0,266.0,pass,,25.0,11.033663105660356,13.966336894339644,current,current,unknown,external/arc_dsl/solvers.py,,unknown,,,,none,medium,not_obvious,11.033663105660356,22.067326,true,2026-06-09T18:29:10,2026-06-09T18:46:48,
378,task378,ec883f72,,submissions/candidates/GOLF_20260609_060_arc_dsl_task057_single_object_hconcat/onnx/task378.onnx,true,83b85af797290c872bb4445a649a62c3dbb79def4efe2837004cc95fe7d9308f,5481.0,76.0,38932.0,,39008.0,14.428477967719003,pass,,4.0,4.0,1.0,1.0,262.0,262.0,32.0,40.0,267.0,267.0,pass,,25.0,10.571522032280997,14.428477967719003,current,current,unknown,external/arc_dsl/solvers.py,,unknown,,,,none,unknown,not_obvious,10.571522032280997,21.143044,true,2026-06-09T18:29:13,2026-06-09T18:46:48,
379,task379,ecdecbb3,,submissions/candidates/GOLF_20260609_060_arc_dsl_task057_single_object_hconcat/onnx/task379.onnx,true,0c03cb198f78a5d1d9b965c7ea2ebe492d740ab48cdd97c061c2341b1386e720,13402.0,1730.0,69969.0,,71699.0,13.819767920510943,pass,,3.0,3.0,1.0,1.0,262.0,262.0,26.0,40.0,266.0,266.0,pass,,25.0,11.180232079489057,13.819767920510943,current,current,unknown,external/arc_dsl/solvers.py,,unknown,,,,none,medium,not_obvious,11.180232079489057,22.360464,true,2026-06-09T18:29:14,2026-06-09T18:46:48,
380,task380,ed36ccf7,,submissions/candidates/GOLF_20260609_060_arc_dsl_task057_single_object_hconcat/onnx/task380.onnx,true,5738b9a32c4e060390dd4e9616533654a3951ef69af2721854b0ba55a010d39c,396.0,8.0,720.0,,728.0,18.409698951803314,pass,,4.0,4.0,1.0,1.0,262.0,262.0,40.0,40.0,267.0,267.0,pass,,25.0,6.590301048196686,18.409698951803314,current,current,unknown,external/arc_dsl/solvers.py,,unknown,,,,none,unknown,not_obvious,6.590301048196686,13.180602,true,2026-06-09T18:29:16,2026-06-09T18:46:48,
381,task381,ef135b50,,submissions/candidates/GOLF_20260609_060_arc_dsl_task057_single_object_hconcat/onnx/task381.onnx,true,ebf1e59013474b1e1ee3486919874587e800e3df415c612b856b0e8861dbca9a,2035.0,130.0,3400.0,,3530.0,16.830946850072657,pass,,3.0,3.0,1.0,1.0,261.0,261.0,40.0,40.0,265.0,265.0,pass,,25.0,8.169053149927343,16.830946850072657,current,current,unknown,external/arc_dsl/solvers.py,,unknown,,,,none,unknown,not_obvious,8.169053149927343,16.338106,true,2026-06-09T18:29:16,2026-06-09T18:46:48,
382,task382,f15e1fac,,submissions/candidates/GOLF_20260609_060_arc_dsl_task057_single_object_hconcat/onnx/task382.onnx,true,94f0452abfa272097770831feedaf2065f2785f1eb867eabd4ab7bdee3824b3b,28488.0,382.0,95196.0,,95578.0,13.532302052966461,pass,,3.0,3.0,1.0,1.0,262.0,262.0,31.0,40.0,266.0,266.0,pass,,25.0,11.467697947033539,13.532302052966461,current,current,unknown,external/arc_dsl/solvers.py,,unknown,,,,none,medium,not_obvious,11.467697947033539,22.935396,true,2026-06-09T18:29:17,2026-06-09T18:46:48,
383,task383,f1cefba8,,submissions/candidates/GOLF_20260609_060_arc_dsl_task057_single_object_hconcat/onnx/task383.onnx,true,bbc98988ec528e0858ee04e0ac68e45da2f73e8d7db4106ebd2dafb9e841e5ac,3193.0,29.0,127212.0,,127241.0,13.246161795004017,pass,,3.0,3.0,1.0,1.0,262.0,262.0,34.0,40.0,266.0,266.0,pass,,25.0,11.753838204995983,13.246161795004017,current,current,unknown,external/arc_dsl/solvers.py,,unknown,,,,none,medium,not_obvious,11.753838204995983,23.507676,true,2026-06-09T18:29:20,2026-06-09T18:46:48,
384,task384,f25fbde4,,submissions/candidates/GOLF_20260609_060_arc_dsl_task057_single_object_hconcat/onnx/task384.onnx,true,d9baeb3d16a135b1e1b56295fdda32d565121b333be61b73ebc5221c486fb273,2717.0,70.0,27956.0,,28026.0,14.759112070269836,pass,,3.0,3.0,1.0,1.0,262.0,262.0,40.0,40.0,266.0,266.0,pass,,25.0,10.240887929730164,14.759112070269836,current,current,unknown,external/arc_dsl/solvers.py,,unknown,,,,none,unknown,not_obvious,10.240887929730164,20.481776,true,2026-06-09T18:29:21,2026-06-09T18:46:48,
385,task385,f25ffba3,,submissions/candidates/GOLF_20260609_060_arc_dsl_task057_single_object_hconcat/onnx/task385.onnx,true,629a5673b6a8e745a4c5b1b5afcf3c5e7214f2fd7c54d7f5da27eb3e788ea5d1,175.0,30.0,0.0,,30.0,21.598802618337846,pass,,2.0,2.0,1.0,1.0,262.0,262.0,40.0,40.0,265.0,265.0,pass,,25.0,3.401197381662154,21.598802618337846,current,current,unknown,external/arc_dsl/solvers.py,,unknown,,,,none,unknown,not_obvious,3.401197381662154,6.802395,true,2026-06-09T18:29:22,2026-06-09T18:46:48,
386,task386,f2829549,,submissions/candidates/GOLF_20260609_060_arc_dsl_task057_single_object_hconcat/onnx/task386.onnx,true,a56ac34e03f43469aad4355bacc75df2f6722e5fbed6a38e6dccb1522efc1fec,1334.0,1.0,2162.0,,2163.0,17.32074857404694,pass,,5.0,5.0,1.0,1.0,262.0,262.0,40.0,40.0,268.0,268.0,pass,,25.0,7.679251425953058,17.32074857404694,current,current,unknown,external/arc_dsl/solvers.py,,unknown,,,,none,unknown,not_obvious,7.679251425953058,15.358503,true,2026-06-09T18:29:22,2026-06-09T18:46:48,
387,task387,f35d900a,,submissions/candidates/GOLF_20260609_060_arc_dsl_task057_single_object_hconcat/onnx/task387.onnx,true,922ce5bde5319cc313a3bd536efe5ad0870456361b80db7b5e806f0adc4a9188,12388.0,88.0,63470.0,,63558.0,13.940291846175448,pass,,4.0,4.0,1.0,1.0,261.0,261.0,40.0,40.0,266.0,266.0,pass,,25.0,11.059708153824552,13.940291846175448,current,current,unknown,external/arc_dsl/solvers.py,,unknown,,,,none,medium,not_obvious,11.059708153824552,22.119416,true,2026-06-09T18:29:22,2026-06-09T18:46:48,
388,task388,f5b8619d,,submissions/candidates/GOLF_20260609_060_arc_dsl_task057_single_object_hconcat/onnx/task388.onnx,true,8afccfc448cdf82a4975b45c7b556477083e29728ac00da51d92d2da1aefe4cc,6536.0,186.0,6282.0,,6468.0,16.225377779303003,pass,,3.0,3.0,1.0,1.0,262.0,262.0,38.0,40.0,266.0,266.0,pass,,25.0,8.774622220696997,16.225377779303003,current,current,unknown,external/arc_dsl/solvers.py,,unknown,,,,none,unknown,not_obvious,8.774622220696997,17.549244,true,2026-06-09T18:29:24,2026-06-09T18:46:48,
389,task389,f76d97a5,,submissions/candidates/GOLF_20260609_060_arc_dsl_task057_single_object_hconcat/onnx/task389.onnx,true,5d19a4d137ddfa5d5e278378f5210bdd9ffd9225b6b7ca3cfb0a823a86ca0be9,1421.0,42.0,1856.0,,1898.0,17.451444020830127,pass,,3.0,3.0,1.0,1.0,262.0,262.0,40.0,40.0,266.0,266.0,pass,,25.0,7.548555979169873,17.451444020830127,current,current,unknown,external/arc_dsl/solvers.py,,unknown,,,,none,unknown,not_obvious,7.548555979169873,15.097112,true,2026-06-09T18:29:25,2026-06-09T18:46:48,
390,task390,f8a8fe49,,submissions/candidates/GOLF_20260609_060_arc_dsl_task057_single_object_hconcat/onnx/task390.onnx,true,7633e32f12d67d4f58ce345980ffcc442888c7ad72ba6f2b47205a5fff24fc38,5953.0,967.0,23724.0,,24691.0,14.885805916253345,pass,,3.0,3.0,1.0,1.0,262.0,262.0,16.0,40.0,266.0,266.0,pass,,25.0,10.114194083746655,14.885805916253345,current,current,unknown,external/arc_dsl/solvers.py,,unknown,,,,none,unknown,not_obvious,10.114194083746655,20.228388,true,2026-06-09T18:29:25,2026-06-09T18:46:48,
391,task391,f8b3ba0a,,submissions/candidates/GOLF_20260609_060_arc_dsl_task057_single_object_hconcat/onnx/task391.onnx,true,1582c8e52095b42ea4800ff8753f6e9fcb62f2e7b65b1642a469835c6548bf80,2841.0,29.0,9992.0,,10021.0,15.787561829941671,pass,,4.0,4.0,1.0,1.0,262.0,262.0,40.0,40.0,267.0,267.0,pass,,25.0,9.212438170058329,15.787561829941671,current,current,unknown,external/arc_dsl/solvers.py,,unknown,,,,none,unknown,not_obvious,9.212438170058329,18.424876,true,2026-06-09T18:29:26,2026-06-09T18:46:48,
392,task392,f8c80d96,,submissions/candidates/GOLF_20260609_060_arc_dsl_task057_single_object_hconcat/onnx/task392.onnx,true,a1b6f293dd9143a38e3214f644aef3e1f1792e03f13d48612156a4e4f8274c9c,9738.0,2087.0,28772.0,,30859.0,14.662816279014882,pass,,3.0,3.0,1.0,1.0,262.0,262.0,40.0,40.0,266.0,266.0,pass,,25.0,10.337183720985118,14.662816279014882,current,current,unknown,external/arc_dsl/solvers.py,,unknown,,,,none,unknown,not_obvious,10.337183720985118,20.674367,true,2026-06-09T18:29:26,2026-06-09T18:46:48,
393,task393,f8ff0b80,,submissions/candidates/GOLF_20260609_060_arc_dsl_task057_single_object_hconcat/onnx/task393.onnx,true,ca611d444767651339521e15512433dff1dccbf80f21572d62cfc02d5924cb48,1538.0,9.0,450.0,,459.0,18.870949789939456,pass,,3.0,3.0,1.0,1.0,261.0,261.0,40.0,40.0,265.0,265.0,pass,,25.0,6.129050210060544,18.870949789939456,current,current,unknown,external/arc_dsl/solvers.py,,unknown,,,,none,unknown,not_obvious,6.129050210060544,12.2581,true,2026-06-09T18:29:27,2026-06-09T18:46:48,
394,task394,f9012d9b,,submissions/candidates/GOLF_20260609_060_arc_dsl_task057_single_object_hconcat/onnx/task394.onnx,true,6f9e76b487f97c594199199e75fc55402957e97ede7b3c08c5059ae6412a4a45,3787.0,35.0,4718.0,,4753.0,16.53346872338599,pass,,3.0,3.0,1.0,1.0,262.0,262.0,32.0,40.0,266.0,266.0,pass,,25.0,8.46653127661401,16.53346872338599,current,current,unknown,external/arc_dsl/solvers.py,,unknown,,,,none,unknown,not_obvious,8.46653127661401,16.933063,true,2026-06-09T18:29:28,2026-06-09T18:46:48,
395,task395,fafffa47,,submissions/candidates/GOLF_20260609_060_arc_dsl_task057_single_object_hconcat/onnx/task395.onnx,true,19fd478858c781c596e2ca2f7e34d4e1bcfa8798379225afbe1efd44d2841ac0,1179.0,47.0,1620.0,,1667.0,17.581219117249205,pass,,5.0,5.0,1.0,1.0,262.0,262.0,40.0,40.0,268.0,268.0,pass,,25.0,7.418780882750795,17.581219117249205,current,current,unknown,external/arc_dsl/solvers.py,,unknown,,,,none,unknown,not_obvious,7.418780882750795,14.837562,true,2026-06-09T18:29:29,2026-06-09T18:46:48,
396,task396,fcb5c309,,submissions/candidates/GOLF_20260609_060_arc_dsl_task057_single_object_hconcat/onnx/task396.onnx,true,a9a8a5c3780c0496286932fc74a4bc5917beceacf116e159df3effbb794bc085,26549.0,5446.0,137943.0,,143389.0,13.126683504302262,pass,,3.0,3.0,1.0,1.0,262.0,262.0,40.0,40.0,266.0,266.0,pass,,25.0,11.873316495697738,13.126683504302262,current,current,unknown,external/arc_dsl/solvers.py,,unknown,,,,none,medium,not_obvious,11.873316495697738,23.746633,true,2026-06-09T18:29:29,2026-06-09T18:46:48,
397,task397,fcc82909,,submissions/candidates/GOLF_20260609_060_arc_dsl_task057_single_object_hconcat/onnx/task397.onnx,true,6bec01ff9716ef2cfce531990ea08c499d66034e4b16e8919d46f33da3bd2009,7195.0,95.0,20946.0,,21041.0,15.045771805760689,pass,,3.0,3.0,1.0,1.0,262.0,262.0,29.0,40.0,266.0,266.0,pass,,25.0,9.954228194239311,15.045771805760689,current,current,unknown,external/arc_dsl/solvers.py,,unknown,,,,none,unknown,not_obvious,9.954228194239311,19.908456,true,2026-06-09T18:29:30,2026-06-09T18:46:48,
398,task398,feca6190,,submissions/candidates/GOLF_20260609_060_arc_dsl_task057_single_object_hconcat/onnx/task398.onnx,true,9bc3ab8e8d057ba1d59681824fb89937bcea44d3056731d448f703c55156e86d,8682.0,762.0,83533.0,,84295.0,13.657922169750098,pass,,5.0,5.0,1.0,1.0,262.0,262.0,33.0,40.0,268.0,268.0,pass,,25.0,11.342077830249902,13.657922169750098,current,current,unknown,external/arc_dsl/solvers.py,,unknown,,,,none,medium,not_obvious,11.342077830249902,22.684156,true,2026-06-09T18:29:32,2026-06-09T18:46:48,
399,task399,ff28f65a,,submissions/candidates/GOLF_20260609_060_arc_dsl_task057_single_object_hconcat/onnx/task399.onnx,true,f8e72c2228ae91a54d38c5a7f101356edc42d906cda234321b13bfc87a5ff38f,1907.0,909.0,930.0,,1839.0,17.48302277539568,pass,,8.0,8.0,3.0,3.0,262.0,262.0,40.0,40.0,273.0,273.0,pass,,25.0,7.516977224604322,17.48302277539568,current,current,unknown,external/arc_dsl/solvers.py,,unknown,,,,none,unknown,not_obvious,7.516977224604322,15.033954,true,2026-06-09T18:29:33,2026-06-09T18:46:48,
400,task400,ff805c23,,submissions/candidates/GOLF_20260609_060_arc_dsl_task057_single_object_hconcat/onnx/task400.onnx,true,85a9828beec5f14034326e3d758cb7a93f61e66437df97f60e5b4a304af62110,3021.0,39.0,35114.0,,35153.0,14.532534757896764,pass,,3.0,3.0,1.0,1.0,262.0,262.0,40.0,40.0,266.0,266.0,pass,,25.0,10.467465242103236,14.532534757896764,current,current,unknown,external/arc_dsl/solvers.py,,unknown,,,,none,unknown,not_obvious,10.467465242103236,20.93493,true,2026-06-09T18:29:33,2026-06-09T18:46:48,
