timestamp,task_id,old_score,new_score,delta,old_cost,new_cost,candidate_id,notes
2026-06-09T18:31:02,task001,,17.047384888349,,,2843.0,current,score_or_cost_updated
2026-06-09T18:31:02,task002,,13.514517676859928,,,97293.0,current,score_or_cost_updated
2026-06-09T18:31:02,task003,,17.918291413894426,,,1190.0,current,score_or_cost_updated
2026-06-09T18:31:02,task004,,14.084547965521434,,,55020.0,current,score_or_cost_updated
2026-06-09T18:31:02,task005,,13.328149556042213,,,117225.0,current,score_or_cost_updated
2026-06-09T18:31:02,task006,,17.603051397378987,,,1631.0,current,score_or_cost_updated
2026-06-09T18:31:02,task007,,16.108350887349943,,,7271.0,current,score_or_cost_updated
2026-06-09T18:31:02,task008,,14.94430651457454,,,23288.0,current,score_or_cost_updated
2026-06-09T18:31:02,task009,,13.69482467517415,,,81241.0,current,score_or_cost_updated
2026-06-09T18:31:02,task010,,16.479811299603966,,,5015.0,current,score_or_cost_updated
2026-06-09T18:31:02,task011,,13.898854540195707,,,66247.0,current,score_or_cost_updated
2026-06-09T18:31:02,task012,,15.555457449352874,,,12639.0,current,score_or_cost_updated
2026-06-09T18:31:02,task013,,13.3310798421544,,,116882.0,current,score_or_cost_updated
2026-06-09T18:31:02,task014,,14.427427453254685,,,39049.0,current,score_or_cost_updated
2026-06-09T18:31:02,task015,,18.197605236675688,,,900.0,current,score_or_cost_updated
2026-06-09T18:31:02,task016,,22.697414907005953,,,10.0,current,score_or_cost_updated
2026-06-09T18:31:02,task017,,14.57051253772697,,,33843.0,current,score_or_cost_updated
2026-06-09T18:31:02,task018,,11.926440386857584,,,476184.0,current,score_or_cost_updated
2026-06-09T18:31:02,task019,,13.69353305881371,,,81346.0,current,score_or_cost_updated
2026-06-09T18:31:02,task020,,16.061599593526992,,,7619.0,current,score_or_cost_updated
2026-06-09T18:31:02,task021,,14.156056071090937,,,51223.0,current,score_or_cost_updated
2026-06-09T18:31:02,task022,,14.542024067963268,,,34821.0,current,score_or_cost_updated
2026-06-09T18:31:02,task023,,13.863194455943471,,,68652.0,current,score_or_cost_updated
2026-06-09T18:31:02,task024,,15.88617052840466,,,9080.0,current,score_or_cost_updated
2026-06-09T18:31:02,task025,,13.149938233234366,,,140093.0,current,score_or_cost_updated
2026-06-09T18:31:02,task026,,18.415208607614282,,,724.0,current,score_or_cost_updated
2026-06-09T18:31:02,task027,,16.331975918881177,,,5814.0,current,score_or_cost_updated
2026-06-09T18:31:02,task028,,16.51553663320668,,,4839.0,current,score_or_cost_updated
2026-06-09T18:31:02,task029,,13.516328283804857,,,97117.0,current,score_or_cost_updated
2026-06-09T18:31:02,task030,,15.69453128293224,,,10998.0,current,score_or_cost_updated
2026-06-09T18:31:02,task031,,15.168223295017873,,,18616.0,current,score_or_cost_updated
2026-06-09T18:31:02,task032,,16.86699978141639,,,3405.0,current,score_or_cost_updated
2026-06-09T18:31:02,task033,,14.081988539178049,,,55161.0,current,score_or_cost_updated
2026-06-09T18:31:02,task034,,13.425828929592994,,,106316.0,current,score_or_cost_updated
2026-06-09T18:31:02,task035,,15.36028269986934,,,15363.0,current,score_or_cost_updated
2026-06-09T18:31:02,task036,,13.710918331458375,,,79944.0,current,score_or_cost_updated
2026-06-09T18:31:02,task037,,13.937652078450405,,,63726.0,current,score_or_cost_updated
2026-06-09T18:31:02,task038,,17.315675932318847,,,2174.0,current,score_or_cost_updated
2026-06-09T18:31:02,task039,,16.04171718950267,,,7772.0,current,score_or_cost_updated
2026-06-09T18:31:02,task040,,16.02944082049105,,,7868.0,current,score_or_cost_updated
2026-06-09T18:31:02,task041,,15.626775765122337,,,11769.0,current,score_or_cost_updated
2026-06-09T18:31:02,task042,,15.95018055485892,,,8517.0,current,score_or_cost_updated
2026-06-09T18:31:02,task043,,16.129617933929865,,,7118.0,current,score_or_cost_updated
2026-06-09T18:31:02,task044,,14.354527484820627,,,42002.0,current,score_or_cost_updated
2026-06-09T18:31:02,task045,,16.0873920363291,,,7425.0,current,score_or_cost_updated
2026-06-09T18:31:02,task046,,14.58291068075113,,,33426.0,current,score_or_cost_updated
2026-06-09T18:31:02,task047,,16.985664262700574,,,3024.0,current,score_or_cost_updated
2026-06-09T18:31:02,task048,,16.367872270491663,,,5609.0,current,score_or_cost_updated
2026-06-09T18:31:02,task049,,14.674878758194124,,,30489.0,current,score_or_cost_updated
2026-06-09T18:31:02,task050,,15.843587970049374,,,9475.0,current,score_or_cost_updated
2026-06-09T18:31:02,task051,,13.866448009633856,,,68429.0,current,score_or_cost_updated
2026-06-09T18:31:02,task052,,17.886857891292912,,,1228.0,current,score_or_cost_updated
2026-06-09T18:31:02,task053,,21.598802618337846,,,30.0,current,score_or_cost_updated
2026-06-09T18:31:02,task054,,13.07796275080141,,,150548.0,current,score_or_cost_updated
2026-06-09T18:31:02,task055,,14.820017720652668,,,26370.0,current,score_or_cost_updated
2026-06-09T18:31:02,task056,,19.638707834290575,,,213.0,current,score_or_cost_updated
2026-06-09T18:31:02,task057,,15.354118052333183,,,15458.0,current,score_or_cost_updated
2026-06-09T18:31:02,task058,,15.314295392535985,,,16086.0,current,score_or_cost_updated
2026-06-09T18:31:02,task059,,15.077347278202861,,,20387.0,current,score_or_cost_updated
2026-06-09T18:31:02,task060,,16.372876749211567,,,5581.0,current,score_or_cost_updated
2026-06-09T18:31:02,task061,,15.152342332424542,,,18914.0,current,score_or_cost_updated
2026-06-09T18:31:02,task062,,14.810807327896311,,,26614.0,current,score_or_cost_updated
2026-06-09T18:31:02,task063,,14.666940264012474,,,30732.0,current,score_or_cost_updated
2026-06-09T18:31:02,task064,,13.354705067178468,,,114153.0,current,score_or_cost_updated
2026-06-09T18:31:02,task065,,14.534186050835478,,,35095.0,current,score_or_cost_updated
2026-06-09T18:31:02,task066,,13.455382088297283,,,103220.0,current,score_or_cost_updated
2026-06-09T18:31:02,task067,,19.247427361174367,,,315.0,current,score_or_cost_updated
2026-06-09T18:31:02,task068,,15.55942130423374,,,12589.0,current,score_or_cost_updated
2026-06-09T18:31:02,task069,,13.658456151785392,,,84250.0,current,score_or_cost_updated
2026-06-09T18:31:02,task070,,15.910020984695,,,8866.0,current,score_or_cost_updated
2026-06-09T18:31:02,task071,,13.238317819353261,,,128243.0,current,score_or_cost_updated
2026-06-09T18:31:02,task072,,17.8229812340901,,,1309.0,current,score_or_cost_updated
2026-06-09T18:31:02,task073,,18.186555400489105,,,910.0,current,score_or_cost_updated
2026-06-09T18:31:02,task074,,15.009188619292196,,,21825.0,current,score_or_cost_updated
2026-06-09T18:31:02,task075,,14.742796878157792,,,28487.0,current,score_or_cost_updated
2026-06-09T18:31:02,task076,,12.292867258634116,,,330094.0,current,score_or_cost_updated
2026-06-09T18:31:02,task077,,13.032857358715912,,,157494.0,current,score_or_cost_updated
2026-06-09T18:31:02,task078,,15.65024557224114,,,11496.0,current,score_or_cost_updated
2026-06-09T18:31:02,task079,,15.029648507210364,,,21383.0,current,score_or_cost_updated
2026-06-09T18:31:02,task080,,14.353266435603462,,,42055.0,current,score_or_cost_updated
2026-06-09T18:31:02,task081,,17.256296741826247,,,2307.0,current,score_or_cost_updated
2026-06-09T18:31:02,task082,,15.818470709877937,,,9716.0,current,score_or_cost_updated
2026-06-09T18:31:02,task083,,17.504458056115745,,,1800.0,current,score_or_cost_updated
2026-06-09T18:31:02,task084,,15.121163810905001,,,19513.0,current,score_or_cost_updated
2026-06-09T18:31:02,task085,,13.36328292042622,,,113178.0,current,score_or_cost_updated
2026-06-09T18:31:02,task086,,14.83966336368449,,,25857.0,current,score_or_cost_updated
2026-06-09T18:31:02,task087,,19.09191706183107,,,368.0,current,score_or_cost_updated
2026-06-09T18:31:02,task088,,13.80499590787612,,,72766.0,current,score_or_cost_updated
2026-06-09T18:31:02,task089,,14.186179427563964,,,49703.0,current,score_or_cost_updated
2026-06-09T18:31:02,task090,,13.94350667496543,,,63354.0,current,score_or_cost_updated
2026-06-09T18:31:02,task091,,14.151323325547068,,,51466.0,current,score_or_cost_updated
2026-06-09T18:31:02,task092,,14.25734036914603,,,46289.0,current,score_or_cost_updated
2026-06-09T18:31:02,task093,,15.354118052333183,,,15458.0,current,score_or_cost_updated
2026-06-09T18:31:02,task094,,15.745451373359497,,,10452.0,current,score_or_cost_updated
2026-06-09T18:31:02,task095,,18.186555400489105,,,910.0,current,score_or_cost_updated
2026-06-09T18:31:02,task096,,12.827184286371278,,,193458.0,current,score_or_cost_updated
2026-06-09T18:31:02,task097,,15.20070697648173,,,18021.0,current,score_or_cost_updated
2026-06-09T18:31:02,task098,,18.186555400489105,,,910.0,current,score_or_cost_updated
2026-06-09T18:31:02,task099,,16.500970779211436,,,4910.0,current,score_or_cost_updated
2026-06-09T18:31:02,task100,,16.21491936346016,,,6536.0,current,score_or_cost_updated
2026-06-09T18:31:02,task101,,12.166837180696787,,,374431.0,current,score_or_cost_updated
2026-06-09T18:31:02,task102,,15.558071829926945,,,12606.0,current,score_or_cost_updated
2026-06-09T18:31:02,task103,,19.737309811095116,,,193.0,current,score_or_cost_updated
2026-06-09T18:31:02,task104,,16.788788638206977,,,3682.0,current,score_or_cost_updated
2026-06-09T18:31:02,task105,,16.138508135713085,,,7055.0,current,score_or_cost_updated
2026-06-09T18:31:02,task106,,17.940382371708615,,,1164.0,current,score_or_cost_updated
2026-06-09T18:31:02,task107,,13.799992367549814,,,73131.0,current,score_or_cost_updated
2026-06-09T18:31:02,task108,,17.504458056115745,,,1800.0,current,score_or_cost_updated
2026-06-09T18:31:02,task109,,13.539652865248629,,,94878.0,current,score_or_cost_updated
2026-06-09T18:31:02,task110,,13.411104725742392,,,107893.0,current,score_or_cost_updated
2026-06-09T18:31:02,task111,,18.319145321209785,,,797.0,current,score_or_cost_updated
2026-06-09T18:31:02,task112,,14.010141445218116,,,59270.0,current,score_or_cost_updated
2026-06-09T18:31:02,task113,,21.598802618337846,,,30.0,current,score_or_cost_updated
2026-06-09T18:31:02,task114,,17.869901489874422,,,1249.0,current,score_or_cost_updated
2026-06-09T18:31:02,task115,,16.67663430556392,,,4119.0,current,score_or_cost_updated
2026-06-09T18:31:02,task116,,21.598802618337846,,,30.0,current,score_or_cost_updated
2026-06-09T18:31:02,task117,,15.202317506360849,,,17992.0,current,score_or_cost_updated
2026-06-09T18:31:02,task118,,13.336192047071197,,,116286.0,current,score_or_cost_updated
2026-06-09T18:31:02,task119,,15.297955663465414,,,16351.0,current,score_or_cost_updated
2026-06-09T18:31:02,task120,,18.186555400489105,,,910.0,current,score_or_cost_updated
2026-06-09T18:31:02,task121,,16.215837777729526,,,6530.0,current,score_or_cost_updated
2026-06-09T18:31:02,task122,,17.17196196787417,,,2510.0,current,score_or_cost_updated
2026-06-09T18:31:02,task123,,16.680526307557813,,,4103.0,current,score_or_cost_updated
2026-06-09T18:31:02,task124,,15.634966238347337,,,11673.0,current,score_or_cost_updated
2026-06-09T18:31:02,task125,,15.495796696496955,,,13416.0,current,score_or_cost_updated
2026-06-09T18:31:02,task126,,13.636839844664504,,,86091.0,current,score_or_cost_updated
2026-06-09T18:31:02,task127,,18.197605236675688,,,900.0,current,score_or_cost_updated
2026-06-09T18:31:02,task128,,13.693373260405208,,,81359.0,current,score_or_cost_updated
2026-06-09T18:31:02,task129,,18.306676331730053,,,807.0,current,score_or_cost_updated
2026-06-09T18:31:02,task130,,15.323538526042306,,,15938.0,current,score_or_cost_updated
2026-06-09T18:31:02,task131,,14.295632567101045,,,44550.0,current,score_or_cost_updated
2026-06-09T18:31:02,task132,,14.709279200950512,,,29458.0,current,score_or_cost_updated
2026-06-09T18:31:02,task133,,12.810671762888107,,,196679.0,current,score_or_cost_updated
2026-06-09T18:31:02,task134,,15.576162453761413,,,12380.0,current,score_or_cost_updated
2026-06-09T18:31:02,task135,,19.113895968549844,,,360.0,current,score_or_cost_updated
2026-06-09T18:31:02,task136,,16.516156788265317,,,4836.0,current,score_or_cost_updated
2026-06-09T18:31:02,task137,,13.821401075304742,,,71582.0,current,score_or_cost_updated
2026-06-09T18:31:02,task138,,14.211361567031112,,,48467.0,current,score_or_cost_updated
2026-06-09T18:31:02,task139,,16.803012072741105,,,3630.0,current,score_or_cost_updated
2026-06-09T18:31:02,task140,,19.09191706183107,,,368.0,current,score_or_cost_updated
2026-06-09T18:31:02,task141,,15.33103297180142,,,15819.0,current,score_or_cost_updated
2026-06-09T18:31:02,task142,,17.504458056115745,,,1800.0,current,score_or_cost_updated
2026-06-09T18:31:02,task143,,15.12486048297936,,,19441.0,current,score_or_cost_updated
2026-06-09T18:31:02,task144,,18.93621479131239,,,430.0,current,score_or_cost_updated
2026-06-09T18:31:02,task145,,13.847226946929018,,,69757.0,current,score_or_cost_updated
2026-06-09T18:31:02,task146,,17.27865138738205,,,2256.0,current,score_or_cost_updated
2026-06-09T18:31:02,task147,,18.186555400489105,,,910.0,current,score_or_cost_updated
2026-06-09T18:31:02,task148,,14.99988495388028,,,22029.0,current,score_or_cost_updated
2026-06-09T18:31:02,task149,,19.54041448585584,,,235.0,current,score_or_cost_updated
2026-06-09T18:31:02,task150,,18.47643769385049,,,681.0,current,score_or_cost_updated
2026-06-09T18:31:02,task151,,18.186555400489105,,,910.0,current,score_or_cost_updated
2026-06-09T18:31:02,task152,,17.504458056115745,,,1800.0,current,score_or_cost_updated
2026-06-09T18:31:02,task153,,15.029134212133924,,,21394.0,current,score_or_cost_updated
2026-06-09T18:31:02,task154,,14.596525348878876,,,32974.0,current,score_or_cost_updated
2026-06-09T18:31:02,task155,,18.47643769385049,,,681.0,current,score_or_cost_updated
2026-06-09T18:31:02,task156,,14.813177309255789,,,26551.0,current,score_or_cost_updated
2026-06-09T18:31:02,task157,,13.72024316999107,,,79202.0,current,score_or_cost_updated
2026-06-09T18:31:02,task158,,12.837576257600388,,,191458.0,current,score_or_cost_updated
2026-06-09T18:31:02,task159,,15.067099286895523,,,20597.0,current,score_or_cost_updated
2026-06-09T18:31:02,task160,,16.569454615309432,,,4585.0,current,score_or_cost_updated
2026-06-09T18:31:02,task161,,13.923426777221719,,,64639.0,current,score_or_cost_updated
2026-06-09T18:31:02,task162,,13.944501582071068,,,63291.0,current,score_or_cost_updated
2026-06-09T18:31:02,task163,,14.911070763333674,,,24075.0,current,score_or_cost_updated
2026-06-09T18:31:02,task164,,21.598802618337846,,,30.0,current,score_or_cost_updated
2026-06-09T18:31:02,task165,,13.87976163077872,,,67524.0,current,score_or_cost_updated
2026-06-09T18:31:02,task166,,14.881844714630706,,,24789.0,current,score_or_cost_updated
2026-06-09T18:31:02,task167,,18.470581161737776,,,685.0,current,score_or_cost_updated
2026-06-09T18:31:02,task168,,15.076562772156251,,,20403.0,current,score_or_cost_updated
2026-06-09T18:31:02,task169,,14.929812271572874,,,23628.0,current,score_or_cost_updated
2026-06-09T18:31:02,task170,,13.728331141770909,,,78564.0,current,score_or_cost_updated
2026-06-09T18:31:02,task171,,18.186555400489105,,,910.0,current,score_or_cost_updated
2026-06-09T18:31:02,task172,,21.598802618337846,,,30.0,current,score_or_cost_updated
2026-06-09T18:31:02,task173,,12.926071138839562,,,175243.0,current,score_or_cost_updated
2026-06-09T18:31:02,task174,,14.140635684557754,,,52019.0,current,score_or_cost_updated
2026-06-09T18:31:02,task175,,13.54026436354389,,,94820.0,current,score_or_cost_updated
2026-06-09T18:31:02,task176,,16.022853515191528,,,7920.0,current,score_or_cost_updated
2026-06-09T18:31:02,task177,,13.978195575521427,,,61194.0,current,score_or_cost_updated
2026-06-09T18:31:02,task178,,15.478065735525723,,,13656.0,current,score_or_cost_updated
2026-06-09T18:31:02,task179,,25.0,,,0.0,current,score_or_cost_updated
2026-06-09T18:31:02,task180,,16.084030688626395,,,7450.0,current,score_or_cost_updated
2026-06-09T18:31:02,task181,,17.91493570604745,,,1194.0,current,score_or_cost_updated
2026-06-09T18:31:02,task182,,14.22901287975965,,,47619.0,current,score_or_cost_updated
2026-06-09T18:31:02,task183,,14.878662884610772,,,24868.0,current,score_or_cost_updated
2026-06-09T18:31:02,task184,,14.432407952356657,,,38855.0,current,score_or_cost_updated
2026-06-09T18:31:02,task185,,14.00485763936326,,,59584.0,current,score_or_cost_updated
2026-06-09T18:31:02,task186,,19.10284613236326,,,364.0,current,score_or_cost_updated
2026-06-09T18:31:02,task187,,13.654168620492959,,,84612.0,current,score_or_cost_updated
2026-06-09T18:31:02,task188,,15.692532917293095,,,11020.0,current,score_or_cost_updated
2026-06-09T18:31:02,task189,,14.887914167591697,,,24639.0,current,score_or_cost_updated
2026-06-09T18:31:02,task190,,15.675973863620001,,,11204.0,current,score_or_cost_updated
2026-06-09T18:31:02,task191,,13.638839729058745,,,85919.0,current,score_or_cost_updated
2026-06-09T18:31:02,task192,,14.14161657647865,,,51968.0,current,score_or_cost_updated
2026-06-09T18:31:02,task193,,14.109558240338645,,,53661.0,current,score_or_cost_updated
2026-06-09T18:31:02,task194,,17.504458056115745,,,1800.0,current,score_or_cost_updated
2026-06-09T18:31:02,task195,,15.436962585454308,,,14229.0,current,score_or_cost_updated
2026-06-09T18:31:02,task196,,14.619005786490737,,,32241.0,current,score_or_cost_updated
2026-06-09T18:31:02,task197,,14.166555524825903,,,50688.0,current,score_or_cost_updated
2026-06-09T18:31:02,task198,,13.449576458609688,,,103821.0,current,score_or_cost_updated
2026-06-09T18:31:02,task199,,15.30989132872317,,,16157.0,current,score_or_cost_updated
2026-06-09T18:31:02,task200,,16.90867872646959,,,3266.0,current,score_or_cost_updated
2026-06-09T18:31:02,task201,,13.562876248446054,,,92700.0,current,score_or_cost_updated
2026-06-09T18:31:02,task202,,13.258187509088495,,,125720.0,current,score_or_cost_updated
2026-06-09T18:31:02,task203,,13.610350127195805,,,88402.0,current,score_or_cost_updated
2026-06-09T18:31:02,task204,,13.307707338062253,,,119646.0,current,score_or_cost_updated
2026-06-09T18:31:02,task205,,13.370955104619776,,,112313.0,current,score_or_cost_updated
2026-06-09T18:31:02,task206,,13.975062924893004,,,61386.0,current,score_or_cost_updated
2026-06-09T18:31:02,task207,,17.463636061595487,,,1875.0,current,score_or_cost_updated
2026-06-09T18:31:02,task208,,14.236326566974489,,,47272.0,current,score_or_cost_updated
2026-06-09T18:31:02,task209,,13.28530989269121,,,122356.0,current,score_or_cost_updated
2026-06-09T18:31:02,task210,,21.598802618337846,,,30.0,current,score_or_cost_updated
2026-06-09T18:31:02,task211,,17.504458056115745,,,1800.0,current,score_or_cost_updated
2026-06-09T18:31:02,task212,,15.876307434749489,,,9170.0,current,score_or_cost_updated
2026-06-09T18:31:02,task213,,14.177325912477691,,,50145.0,current,score_or_cost_updated
2026-06-09T18:31:02,task214,,17.504458056115745,,,1800.0,current,score_or_cost_updated
2026-06-09T18:31:02,task215,,14.452187931601495,,,38094.0,current,score_or_cost_updated
2026-06-09T18:31:02,task216,,13.451977697992342,,,103572.0,current,score_or_cost_updated
2026-06-09T18:31:02,task217,,15.206104124093967,,,17924.0,current,score_or_cost_updated
2026-06-09T18:31:02,task218,,14.948006239164648,,,23202.0,current,score_or_cost_updated
2026-06-09T18:31:02,task219,,13.651395086474174,,,84847.0,current,score_or_cost_updated
2026-06-09T18:31:02,task220,,18.197605236675688,,,900.0,current,score_or_cost_updated
2026-06-09T18:31:02,task221,,14.069235056400384,,,55869.0,current,score_or_cost_updated
2026-06-09T18:31:02,task222,,14.031198444197276,,,58035.0,current,score_or_cost_updated
2026-06-09T18:31:02,task223,,17.504458056115745,,,1800.0,current,score_or_cost_updated
2026-06-09T18:31:02,task224,,14.275455898281896,,,45458.0,current,score_or_cost_updated
2026-06-09T18:31:02,task225,,15.68728356140695,,,11078.0,current,score_or_cost_updated
2026-06-09T18:31:02,task226,,16.53220715887889,,,4759.0,current,score_or_cost_updated
2026-06-09T18:31:02,task227,,17.018266713308115,,,2927.0,current,score_or_cost_updated
2026-06-09T18:31:02,task228,,14.86993479941538,,,25086.0,current,score_or_cost_updated
2026-06-09T18:31:02,task229,,17.74936448810132,,,1409.0,current,score_or_cost_updated
2026-06-09T18:31:02,task230,,18.197605236675688,,,900.0,current,score_or_cost_updated
2026-06-09T18:31:02,task231,,14.445698819920006,,,38342.0,current,score_or_cost_updated
2026-06-09T18:31:02,task232,,14.707956157758622,,,29497.0,current,score_or_cost_updated
2026-06-09T18:31:02,task233,,10.679645472747369,,,1656727.0,current,score_or_cost_updated
2026-06-09T18:31:02,task234,,13.689154000119816,,,81703.0,current,score_or_cost_updated
2026-06-09T18:31:02,task235,,17.801068759311825,,,1338.0,current,score_or_cost_updated
2026-06-09T18:31:02,task236,,18.53385527576238,,,643.0,current,score_or_cost_updated
2026-06-09T18:31:02,task237,,15.430308268881676,,,14324.0,current,score_or_cost_updated
2026-06-09T18:31:02,task238,,13.927876707427622,,,64352.0,current,score_or_cost_updated
2026-06-09T18:31:02,task239,,13.54388830238479,,,94477.0,current,score_or_cost_updated
2026-06-09T18:31:02,task240,,14.765519480374964,,,27847.0,current,score_or_cost_updated
2026-06-09T18:31:02,task241,,25.0,,,0.0,current,score_or_cost_updated
2026-06-09T18:31:02,task242,,16.02905960185755,,,7871.0,current,score_or_cost_updated
2026-06-09T18:31:02,task243,,13.401208814053447,,,108966.0,current,score_or_cost_updated
2026-06-09T18:31:02,task244,,14.633344629227418,,,31782.0,current,score_or_cost_updated
2026-06-09T18:31:02,task245,,14.724535183516696,,,29012.0,current,score_or_cost_updated
2026-06-09T18:31:02,task246,,15.497661881504435,,,13391.0,current,score_or_cost_updated
2026-06-09T18:31:02,task247,,16.272870084756832,,,6168.0,current,score_or_cost_updated
2026-06-09T18:31:02,task248,,16.218905264797385,,,6510.0,current,score_or_cost_updated
2026-06-09T18:31:02,task249,,18.477907201829847,,,680.0,current,score_or_cost_updated
2026-06-09T18:31:02,task250,,15.59573893538651,,,12140.0,current,score_or_cost_updated
2026-06-09T18:31:02,task251,,13.481291290274044,,,100580.0,current,score_or_cost_updated
2026-06-09T18:31:02,task252,,14.453028311923028,,,38062.0,current,score_or_cost_updated
2026-06-09T18:31:02,task253,,14.215455188361384,,,48269.0,current,score_or_cost_updated
2026-06-09T18:31:02,task254,,16.018318360026136,,,7956.0,current,score_or_cost_updated
2026-06-09T18:31:02,task255,,11.62208628955128,,,645586.0,current,score_or_cost_updated
2026-06-09T18:31:02,task256,,15.197383057848846,,,18081.0,current,score_or_cost_updated
2026-06-09T18:31:02,task257,,18.01806532284361,,,1077.0,current,score_or_cost_updated
2026-06-09T18:31:02,task258,,19.924826184766175,,,160.0,current,score_or_cost_updated
2026-06-09T18:31:02,task259,,16.169018489047502,,,6843.0,current,score_or_cost_updated
2026-06-09T18:31:02,task260,,15.568678412874291,,,12473.0,current,score_or_cost_updated
2026-06-09T18:31:02,task261,,19.701682633451963,,,200.0,current,score_or_cost_updated
2026-06-09T18:31:02,task262,,16.765169719557946,,,3770.0,current,score_or_cost_updated
2026-06-09T18:31:02,task263,,16.006075858588602,,,8054.0,current,score_or_cost_updated
2026-06-09T18:31:02,task264,,13.720116918523228,,,79212.0,current,score_or_cost_updated
2026-06-09T18:31:02,task265,,14.424537832136728,,,39162.0,current,score_or_cost_updated
2026-06-09T18:31:02,task266,,18.186555400489105,,,910.0,current,score_or_cost_updated
2026-06-09T18:31:02,task267,,17.904106778902467,,,1207.0,current,score_or_cost_updated
2026-06-09T18:31:02,task268,,14.983808957550787,,,22386.0,current,score_or_cost_updated
2026-06-09T18:31:02,task269,,15.940249986656319,,,8602.0,current,score_or_cost_updated
2026-06-09T18:31:02,task270,,14.853527053936123,,,25501.0,current,score_or_cost_updated
2026-06-09T18:31:02,task271,,14.725259284025897,,,28991.0,current,score_or_cost_updated
2026-06-09T18:31:02,task272,,18.86877351051686,,,460.0,current,score_or_cost_updated
2026-06-09T18:31:02,task273,,16.311040765729324,,,5937.0,current,score_or_cost_updated
2026-06-09T18:31:02,task274,,15.942694264192879,,,8581.0,current,score_or_cost_updated
2026-06-09T18:31:02,task275,,13.662869436848247,,,83879.0,current,score_or_cost_updated
2026-06-09T18:31:02,task276,,22.697414907005953,,,10.0,current,score_or_cost_updated
2026-06-09T18:31:02,task277,,15.410059486110708,,,14617.0,current,score_or_cost_updated
2026-06-09T18:31:02,task278,,14.864210958364897,,,25230.0,current,score_or_cost_updated
2026-06-09T18:31:02,task279,,14.821535747509644,,,26330.0,current,score_or_cost_updated
2026-06-09T18:31:02,task280,,13.64132188619622,,,85706.0,current,score_or_cost_updated
2026-06-09T18:31:02,task281,,13.60794357751076,,,88615.0,current,score_or_cost_updated
2026-06-09T18:31:02,task282,,18.197605236675688,,,900.0,current,score_or_cost_updated
2026-06-09T18:31:02,task283,,18.186555400489105,,,910.0,current,score_or_cost_updated
2026-06-09T18:31:02,task284,,13.475808238755878,,,101133.0,current,score_or_cost_updated
2026-06-09T18:31:02,task285,,12.112179904635754,,,395466.0,current,score_or_cost_updated
2026-06-09T18:31:02,task286,,13.00342074458367,,,162199.0,current,score_or_cost_updated
2026-06-09T18:31:02,task287,,14.975800372301608,,,22566.0,current,score_or_cost_updated
2026-06-09T18:31:02,task288,,14.632558329669694,,,31807.0,current,score_or_cost_updated
2026-06-09T18:31:02,task289,,14.874489523818365,,,24972.0,current,score_or_cost_updated
2026-06-09T18:31:02,task290,,15.631972352188223,,,11708.0,current,score_or_cost_updated
2026-06-09T18:31:02,task291,,16.627370259775116,,,4327.0,current,score_or_cost_updated
2026-06-09T18:31:02,task292,,16.250901751600978,,,6305.0,current,score_or_cost_updated
2026-06-09T18:31:02,task293,,14.882571106914462,,,24771.0,current,score_or_cost_updated
2026-06-09T18:31:02,task294,,18.186555400489105,,,910.0,current,score_or_cost_updated
2026-06-09T18:31:02,task295,,15.591628777524683,,,12190.0,current,score_or_cost_updated
2026-06-09T18:31:02,task296,,16.67955188604344,,,4107.0,current,score_or_cost_updated
2026-06-09T18:31:02,task297,,15.876198389441056,,,9171.0,current,score_or_cost_updated
2026-06-09T18:31:02,task298,,15.387667209394625,,,14948.0,current,score_or_cost_updated
2026-06-09T18:31:02,task299,,17.5510838974558,,,1718.0,current,score_or_cost_updated
2026-06-09T18:31:02,task300,,13.741373412351637,,,77546.0,current,score_or_cost_updated
2026-06-09T18:31:02,task301,,13.91804208355036,,,64988.0,current,score_or_cost_updated
2026-06-09T18:31:02,task302,,16.03863393937255,,,7796.0,current,score_or_cost_updated
2026-06-09T18:31:02,task303,,15.848136557782793,,,9432.0,current,score_or_cost_updated
2026-06-09T18:31:02,task304,,15.708263989819823,,,10848.0,current,score_or_cost_updated
2026-06-09T18:31:02,task305,,16.71802294113224,,,3952.0,current,score_or_cost_updated
2026-06-09T18:31:02,task306,,13.9264791265675,,,64442.0,current,score_or_cost_updated
2026-06-09T18:31:02,task307,,17.504458056115745,,,1800.0,current,score_or_cost_updated
2026-06-09T18:31:02,task308,,15.010380623834585,,,21799.0,current,score_or_cost_updated
2026-06-09T18:31:02,task309,,22.697414907005953,,,10.0,current,score_or_cost_updated
2026-06-09T18:31:02,task310,,15.11442186800744,,,19645.0,current,score_or_cost_updated
2026-06-09T18:31:02,task311,,21.598802618337846,,,30.0,current,score_or_cost_updated
2026-06-09T18:31:02,task312,,15.791761836115688,,,9979.0,current,score_or_cost_updated
2026-06-09T18:31:02,task313,,13.666536185257858,,,83572.0,current,score_or_cost_updated
2026-06-09T18:31:02,task314,,15.941180435665059,,,8594.0,current,score_or_cost_updated
2026-06-09T18:31:02,task315,,16.87230014718223,,,3387.0,current,score_or_cost_updated
2026-06-09T18:31:02,task316,,16.730755478816945,,,3902.0,current,score_or_cost_updated
2026-06-09T18:31:02,task317,,18.197605236675688,,,900.0,current,score_or_cost_updated
2026-06-09T18:31:02,task318,,18.394702079051797,,,739.0,current,score_or_cost_updated
2026-06-09T18:31:02,task319,,14.580490348791063,,,33507.0,current,score_or_cost_updated
2026-06-09T18:31:02,task320,,16.445511023840066,,,5190.0,current,score_or_cost_updated
2026-06-09T18:31:02,task321,,16.403810802357263,,,5411.0,current,score_or_cost_updated
2026-06-09T18:31:02,task322,,18.23496102321946,,,867.0,current,score_or_cost_updated
2026-06-09T18:31:02,task323,,16.5810813778521,,,4532.0,current,score_or_cost_updated
2026-06-09T18:31:02,task324,,14.203081009735799,,,48870.0,current,score_or_cost_updated
2026-06-09T18:31:02,task325,,14.330533108254256,,,43022.0,current,score_or_cost_updated
2026-06-09T18:31:02,task326,,19.924826184766175,,,160.0,current,score_or_cost_updated
2026-06-09T18:31:02,task327,,16.072287826172918,,,7538.0,current,score_or_cost_updated
2026-06-09T18:31:02,task328,,13.871957907660665,,,68053.0,current,score_or_cost_updated
2026-06-09T18:31:02,task329,,15.76399188127524,,,10260.0,current,score_or_cost_updated
2026-06-09T18:31:02,task330,,15.216591867794413,,,17737.0,current,score_or_cost_updated
2026-06-09T18:31:02,task331,,18.186555400489105,,,910.0,current,score_or_cost_updated
2026-06-09T18:31:02,task332,,15.896131872534333,,,8990.0,current,score_or_cost_updated
2026-06-09T18:31:02,task333,,14.877658081568091,,,24893.0,current,score_or_cost_updated
2026-06-09T18:31:02,task334,,18.588181732290103,,,609.0,current,score_or_cost_updated
2026-06-09T18:31:02,task335,,14.258204878914801,,,46249.0,current,score_or_cost_updated
2026-06-09T18:31:02,task336,,16.294503180112258,,,6036.0,current,score_or_cost_updated
2026-06-09T18:31:02,task337,,22.697414907005953,,,10.0,current,score_or_cost_updated
2026-06-09T18:31:02,task338,,14.285226738886886,,,45016.0,current,score_or_cost_updated
2026-06-09T18:31:02,task339,,18.112447428335383,,,980.0,current,score_or_cost_updated
2026-06-09T18:31:02,task340,,13.83887566105239,,,70342.0,current,score_or_cost_updated
2026-06-09T18:31:02,task341,,15.15493636760159,,,18865.0,current,score_or_cost_updated
2026-06-09T18:31:02,task342,,15.5946686681292,,,12153.0,current,score_or_cost_updated
2026-06-09T18:31:02,task343,,14.736881875699506,,,28656.0,current,score_or_cost_updated
2026-06-09T18:31:02,task344,,17.17196196787417,,,2510.0,current,score_or_cost_updated
2026-06-09T18:31:02,task345,,15.631289292052376,,,11716.0,current,score_or_cost_updated
2026-06-09T18:31:02,task346,,15.884849815027566,,,9092.0,current,score_or_cost_updated
2026-06-09T18:31:02,task347,,17.63039927947359,,,1587.0,current,score_or_cost_updated
2026-06-09T18:31:02,task348,,16.11719194507556,,,7207.0,current,score_or_cost_updated
2026-06-09T18:31:02,task349,,14.306261242455944,,,44079.0,current,score_or_cost_updated
2026-06-09T18:31:02,task350,,15.10504877848616,,,19830.0,current,score_or_cost_updated
2026-06-09T18:31:02,task351,,14.532506311227156,,,35154.0,current,score_or_cost_updated
2026-06-09T18:31:02,task352,,16.20124341714016,,,6626.0,current,score_or_cost_updated
2026-06-09T18:31:02,task353,,16.403810802357263,,,5411.0,current,score_or_cost_updated
2026-06-09T18:31:02,task354,,15.258619697007587,,,17007.0,current,score_or_cost_updated
2026-06-09T18:31:02,task355,,15.624569008158225,,,11795.0,current,score_or_cost_updated
2026-06-09T18:31:02,task356,,16.482606828581098,,,5001.0,current,score_or_cost_updated
2026-06-09T18:31:02,task357,,16.20942652084284,,,6572.0,current,score_or_cost_updated
2026-06-09T18:31:02,task358,,13.356739495302836,,,113921.0,current,score_or_cost_updated
2026-06-09T18:31:02,task359,,14.347150353576192,,,42313.0,current,score_or_cost_updated
2026-06-09T18:31:02,task360,,15.681164031870518,,,11146.0,current,score_or_cost_updated
2026-06-09T18:31:02,task361,,15.324919828453181,,,15916.0,current,score_or_cost_updated
2026-06-09T18:31:02,task362,,15.612434368654611,,,11939.0,current,score_or_cost_updated
2026-06-09T18:31:02,task363,,13.60482257129864,,,88892.0,current,score_or_cost_updated
2026-06-09T18:31:02,task364,,13.737345222483407,,,77859.0,current,score_or_cost_updated
2026-06-09T18:31:02,task365,,14.01786479921536,,,58814.0,current,score_or_cost_updated
2026-06-09T18:31:02,task366,,11.362564029982357,,,836880.0,current,score_or_cost_updated
2026-06-09T18:31:02,task367,,13.125192173257059,,,143603.0,current,score_or_cost_updated
2026-06-09T18:31:02,task368,,14.615970788806473,,,32339.0,current,score_or_cost_updated
2026-06-09T18:31:02,task369,,16.07334967920606,,,7530.0,current,score_or_cost_updated
2026-06-09T18:31:02,task370,,13.407505785810647,,,108282.0,current,score_or_cost_updated
2026-06-09T18:31:02,task371,,15.50983333153762,,,13229.0,current,score_or_cost_updated
2026-06-09T18:31:02,task372,,16.027916817148075,,,7880.0,current,score_or_cost_updated
2026-06-09T18:31:02,task373,,18.738508315678956,,,524.0,current,score_or_cost_updated
2026-06-09T18:31:02,task374,,15.501327766730538,,,13342.0,current,score_or_cost_updated
2026-06-09T18:31:02,task375,,15.372793097191211,,,15172.0,current,score_or_cost_updated
2026-06-09T18:31:02,task376,,14.93899600958889,,,23412.0,current,score_or_cost_updated
2026-06-09T18:31:02,task377,,13.966336894339644,,,61924.0,current,score_or_cost_updated
2026-06-09T18:31:02,task378,,14.428477967719003,,,39008.0,current,score_or_cost_updated
2026-06-09T18:31:02,task379,,13.819767920510943,,,71699.0,current,score_or_cost_updated
2026-06-09T18:31:02,task380,,18.409698951803314,,,728.0,current,score_or_cost_updated
2026-06-09T18:31:02,task381,,16.830946850072657,,,3530.0,current,score_or_cost_updated
2026-06-09T18:31:02,task382,,13.532302052966461,,,95578.0,current,score_or_cost_updated
2026-06-09T18:31:02,task383,,13.246161795004017,,,127241.0,current,score_or_cost_updated
2026-06-09T18:31:02,task384,,14.759112070269836,,,28026.0,current,score_or_cost_updated
2026-06-09T18:31:02,task385,,21.598802618337846,,,30.0,current,score_or_cost_updated
2026-06-09T18:31:02,task386,,17.32074857404694,,,2163.0,current,score_or_cost_updated
2026-06-09T18:31:02,task387,,13.940291846175448,,,63558.0,current,score_or_cost_updated
2026-06-09T18:31:02,task388,,16.225377779303003,,,6468.0,current,score_or_cost_updated
2026-06-09T18:31:02,task389,,17.451444020830127,,,1898.0,current,score_or_cost_updated
2026-06-09T18:31:02,task390,,14.885805916253345,,,24691.0,current,score_or_cost_updated
2026-06-09T18:31:02,task391,,15.787561829941671,,,10021.0,current,score_or_cost_updated
2026-06-09T18:31:02,task392,,14.662816279014882,,,30859.0,current,score_or_cost_updated
2026-06-09T18:31:02,task393,,18.870949789939456,,,459.0,current,score_or_cost_updated
2026-06-09T18:31:02,task394,,16.53346872338599,,,4753.0,current,score_or_cost_updated
2026-06-09T18:31:02,task395,,17.581219117249205,,,1667.0,current,score_or_cost_updated
2026-06-09T18:31:02,task396,,13.126683504302262,,,143389.0,current,score_or_cost_updated
2026-06-09T18:31:02,task397,,15.045771805760689,,,21041.0,current,score_or_cost_updated
2026-06-09T18:31:02,task398,,13.657922169750098,,,84295.0,current,score_or_cost_updated
2026-06-09T18:31:02,task399,,17.48302277539568,,,1839.0,current,score_or_cost_updated
2026-06-09T18:31:02,task400,,14.532534757896764,,,35153.0,current,score_or_cost_updated
2026-06-09T19:03:05,task325,14.330533108254256,15.016315905469595,0.6857827972153387,43022.0,21670.0,current,score_or_cost_updated
2026-06-09T19:32:21,task001,17.047384888349,17.047384888349,0.0,2843.0,2843.0,current_best_061,score_or_cost_updated
2026-06-09T19:32:21,task002,13.514517676859928,13.514517676859928,0.0,97293.0,97293.0,current_best_061,score_or_cost_updated
2026-06-09T19:32:21,task003,17.918291413894426,17.918291413894426,0.0,1190.0,1190.0,current_best_061,score_or_cost_updated
2026-06-09T19:32:21,task004,14.084547965521434,14.084547965521434,0.0,55020.0,55020.0,current_best_061,score_or_cost_updated
2026-06-09T19:32:21,task005,13.328149556042213,13.328149556042213,0.0,117225.0,117225.0,current_best_061,score_or_cost_updated
2026-06-09T19:32:21,task006,17.603051397378987,17.603051397378987,0.0,1631.0,1631.0,current_best_061,score_or_cost_updated
2026-06-09T19:32:21,task007,16.108350887349943,16.108350887349943,0.0,7271.0,7271.0,current_best_061,score_or_cost_updated
2026-06-09T19:32:21,task008,14.94430651457454,14.94430651457454,0.0,23288.0,23288.0,current_best_061,score_or_cost_updated
2026-06-09T19:32:21,task009,13.69482467517415,13.69482467517415,0.0,81241.0,81241.0,current_best_061,score_or_cost_updated
2026-06-09T19:32:21,task010,16.479811299603966,16.479811299603966,0.0,5015.0,5015.0,current_best_061,score_or_cost_updated
2026-06-09T19:32:21,task011,13.898854540195707,13.898854540195707,0.0,66247.0,66247.0,current_best_061,score_or_cost_updated
2026-06-09T19:32:21,task012,15.555457449352874,15.555457449352874,0.0,12639.0,12639.0,current_best_061,score_or_cost_updated
2026-06-09T19:32:21,task013,13.3310798421544,13.3310798421544,0.0,116882.0,116882.0,current_best_061,score_or_cost_updated
2026-06-09T19:32:21,task014,14.427427453254685,14.427427453254685,0.0,39049.0,39049.0,current_best_061,score_or_cost_updated
2026-06-09T19:32:21,task015,18.197605236675688,18.197605236675688,0.0,900.0,900.0,current_best_061,score_or_cost_updated
2026-06-09T19:32:21,task016,22.697414907005953,22.697414907005953,0.0,10.0,10.0,current_best_061,score_or_cost_updated
2026-06-09T19:32:21,task017,14.57051253772697,14.57051253772697,0.0,33843.0,33843.0,current_best_061,score_or_cost_updated
2026-06-09T19:32:21,task018,11.926440386857584,11.926440386857584,0.0,476184.0,476184.0,current_best_061,score_or_cost_updated
2026-06-09T19:32:21,task019,13.69353305881371,13.69353305881371,0.0,81346.0,81346.0,current_best_061,score_or_cost_updated
2026-06-09T19:32:21,task020,16.061599593526992,16.061599593526992,0.0,7619.0,7619.0,current_best_061,score_or_cost_updated
2026-06-09T19:32:21,task021,14.156056071090937,14.156056071090937,0.0,51223.0,51223.0,current_best_061,score_or_cost_updated
2026-06-09T19:32:21,task022,14.542024067963268,14.542024067963268,0.0,34821.0,34821.0,current_best_061,score_or_cost_updated
2026-06-09T19:32:21,task023,13.863194455943471,13.863194455943471,0.0,68652.0,68652.0,current_best_061,score_or_cost_updated
2026-06-09T19:32:21,task024,15.88617052840466,15.88617052840466,0.0,9080.0,9080.0,current_best_061,score_or_cost_updated
2026-06-09T19:32:21,task025,13.149938233234366,13.149938233234366,0.0,140093.0,140093.0,current_best_061,score_or_cost_updated
2026-06-09T19:32:21,task026,18.415208607614282,18.415208607614282,0.0,724.0,724.0,current_best_061,score_or_cost_updated
2026-06-09T19:32:21,task027,16.331975918881177,16.331975918881177,0.0,5814.0,5814.0,current_best_061,score_or_cost_updated
2026-06-09T19:32:21,task028,16.51553663320668,16.51553663320668,0.0,4839.0,4839.0,current_best_061,score_or_cost_updated
2026-06-09T19:32:21,task029,13.516328283804857,13.516328283804857,0.0,97117.0,97117.0,current_best_061,score_or_cost_updated
2026-06-09T19:32:21,task030,15.69453128293224,15.69453128293224,0.0,10998.0,10998.0,current_best_061,score_or_cost_updated
2026-06-09T19:32:21,task031,15.168223295017873,15.168223295017873,0.0,18616.0,18616.0,current_best_061,score_or_cost_updated
2026-06-09T19:32:21,task032,16.86699978141639,16.86699978141639,0.0,3405.0,3405.0,current_best_061,score_or_cost_updated
2026-06-09T19:32:21,task033,14.081988539178049,14.081988539178049,0.0,55161.0,55161.0,current_best_061,score_or_cost_updated
2026-06-09T19:32:21,task034,13.425828929592994,13.425828929592994,0.0,106316.0,106316.0,current_best_061,score_or_cost_updated
2026-06-09T19:32:21,task035,15.36028269986934,15.36028269986934,0.0,15363.0,15363.0,current_best_061,score_or_cost_updated
2026-06-09T19:32:21,task036,13.710918331458375,13.710918331458375,0.0,79944.0,79944.0,current_best_061,score_or_cost_updated
2026-06-09T19:32:21,task037,13.937652078450405,13.937652078450405,0.0,63726.0,63726.0,current_best_061,score_or_cost_updated
2026-06-09T19:32:21,task038,17.315675932318847,17.315675932318847,0.0,2174.0,2174.0,current_best_061,score_or_cost_updated
2026-06-09T19:32:21,task039,16.04171718950267,16.04171718950267,0.0,7772.0,7772.0,current_best_061,score_or_cost_updated
2026-06-09T19:32:21,task040,16.02944082049105,16.02944082049105,0.0,7868.0,7868.0,current_best_061,score_or_cost_updated
2026-06-09T19:32:21,task041,15.626775765122337,15.626775765122337,0.0,11769.0,11769.0,current_best_061,score_or_cost_updated
2026-06-09T19:32:21,task042,15.95018055485892,15.95018055485892,0.0,8517.0,8517.0,current_best_061,score_or_cost_updated
2026-06-09T19:32:21,task043,16.129617933929865,16.129617933929865,0.0,7118.0,7118.0,current_best_061,score_or_cost_updated
2026-06-09T19:32:21,task044,14.354527484820627,14.354527484820627,0.0,42002.0,42002.0,current_best_061,score_or_cost_updated
2026-06-09T19:32:21,task045,16.0873920363291,16.0873920363291,0.0,7425.0,7425.0,current_best_061,score_or_cost_updated
2026-06-09T19:32:21,task046,14.58291068075113,14.58291068075113,0.0,33426.0,33426.0,current_best_061,score_or_cost_updated
2026-06-09T19:32:21,task047,16.985664262700574,16.985664262700574,0.0,3024.0,3024.0,current_best_061,score_or_cost_updated
2026-06-09T19:32:21,task048,16.367872270491663,16.367872270491663,0.0,5609.0,5609.0,current_best_061,score_or_cost_updated
2026-06-09T19:32:21,task049,14.674878758194124,14.674878758194124,0.0,30489.0,30489.0,current_best_061,score_or_cost_updated
2026-06-09T19:32:21,task050,15.843587970049374,15.843587970049374,0.0,9475.0,9475.0,current_best_061,score_or_cost_updated
2026-06-09T19:32:21,task051,13.866448009633856,13.866448009633856,0.0,68429.0,68429.0,current_best_061,score_or_cost_updated
2026-06-09T19:32:21,task052,17.886857891292912,17.886857891292912,0.0,1228.0,1228.0,current_best_061,score_or_cost_updated
2026-06-09T19:32:21,task053,21.598802618337846,21.598802618337846,0.0,30.0,30.0,current_best_061,score_or_cost_updated
2026-06-09T19:32:21,task054,13.07796275080141,13.07796275080141,0.0,150548.0,150548.0,current_best_061,score_or_cost_updated
2026-06-09T19:32:21,task055,14.820017720652668,14.820017720652668,0.0,26370.0,26370.0,current_best_061,score_or_cost_updated
2026-06-09T19:32:21,task056,19.638707834290575,19.638707834290575,0.0,213.0,213.0,current_best_061,score_or_cost_updated
2026-06-09T19:32:21,task057,15.354118052333183,15.354118052333183,0.0,15458.0,15458.0,current_best_061,score_or_cost_updated
2026-06-09T19:32:21,task058,15.314295392535985,15.314295392535985,0.0,16086.0,16086.0,current_best_061,score_or_cost_updated
2026-06-09T19:32:21,task059,15.077347278202861,15.077347278202861,0.0,20387.0,20387.0,current_best_061,score_or_cost_updated
2026-06-09T19:32:21,task060,16.372876749211567,16.372876749211567,0.0,5581.0,5581.0,current_best_061,score_or_cost_updated
2026-06-09T19:32:21,task061,15.152342332424542,15.152342332424542,0.0,18914.0,18914.0,current_best_061,score_or_cost_updated
2026-06-09T19:32:21,task062,14.810807327896311,14.810807327896311,0.0,26614.0,26614.0,current_best_061,score_or_cost_updated
2026-06-09T19:32:21,task063,14.666940264012474,14.666940264012474,0.0,30732.0,30732.0,current_best_061,score_or_cost_updated
2026-06-09T19:32:21,task064,13.354705067178468,13.354705067178468,0.0,114153.0,114153.0,current_best_061,score_or_cost_updated
2026-06-09T19:32:21,task065,14.534186050835478,14.534186050835478,0.0,35095.0,35095.0,current_best_061,score_or_cost_updated
2026-06-09T19:32:21,task066,13.455382088297283,13.455382088297283,0.0,103220.0,103220.0,current_best_061,score_or_cost_updated
2026-06-09T19:32:21,task067,19.247427361174367,19.247427361174367,0.0,315.0,315.0,current_best_061,score_or_cost_updated
2026-06-09T19:32:21,task068,15.55942130423374,15.55942130423374,0.0,12589.0,12589.0,current_best_061,score_or_cost_updated
2026-06-09T19:32:21,task069,13.658456151785392,13.658456151785392,0.0,84250.0,84250.0,current_best_061,score_or_cost_updated
2026-06-09T19:32:21,task070,15.910020984695,15.910020984695,0.0,8866.0,8866.0,current_best_061,score_or_cost_updated
2026-06-09T19:32:21,task071,13.238317819353261,13.238317819353261,0.0,128243.0,128243.0,current_best_061,score_or_cost_updated
2026-06-09T19:32:21,task072,17.8229812340901,17.8229812340901,0.0,1309.0,1309.0,current_best_061,score_or_cost_updated
2026-06-09T19:32:21,task073,18.186555400489105,18.186555400489105,0.0,910.0,910.0,current_best_061,score_or_cost_updated
2026-06-09T19:32:21,task074,15.009188619292196,15.009188619292196,0.0,21825.0,21825.0,current_best_061,score_or_cost_updated
2026-06-09T19:32:21,task075,14.742796878157792,14.742796878157792,0.0,28487.0,28487.0,current_best_061,score_or_cost_updated
2026-06-09T19:32:21,task076,12.292867258634116,12.292867258634116,0.0,330094.0,330094.0,current_best_061,score_or_cost_updated
2026-06-09T19:32:21,task077,13.032857358715912,13.032857358715912,0.0,157494.0,157494.0,current_best_061,score_or_cost_updated
2026-06-09T19:32:21,task078,15.65024557224114,15.65024557224114,0.0,11496.0,11496.0,current_best_061,score_or_cost_updated
2026-06-09T19:32:21,task079,15.029648507210364,15.029648507210364,0.0,21383.0,21383.0,current_best_061,score_or_cost_updated
2026-06-09T19:32:21,task080,14.353266435603462,14.353266435603462,0.0,42055.0,42055.0,current_best_061,score_or_cost_updated
2026-06-09T19:32:21,task081,17.256296741826247,17.256296741826247,0.0,2307.0,2307.0,current_best_061,score_or_cost_updated
2026-06-09T19:32:21,task082,15.818470709877937,15.818470709877937,0.0,9716.0,9716.0,current_best_061,score_or_cost_updated
2026-06-09T19:32:21,task083,17.504458056115745,17.504458056115745,0.0,1800.0,1800.0,current_best_061,score_or_cost_updated
2026-06-09T19:32:21,task084,15.121163810905001,15.121163810905001,0.0,19513.0,19513.0,current_best_061,score_or_cost_updated
2026-06-09T19:32:21,task085,13.36328292042622,13.36328292042622,0.0,113178.0,113178.0,current_best_061,score_or_cost_updated
2026-06-09T19:32:21,task086,14.83966336368449,14.83966336368449,0.0,25857.0,25857.0,current_best_061,score_or_cost_updated
2026-06-09T19:32:21,task087,19.09191706183107,19.09191706183107,0.0,368.0,368.0,current_best_061,score_or_cost_updated
2026-06-09T19:32:21,task088,13.80499590787612,13.80499590787612,0.0,72766.0,72766.0,current_best_061,score_or_cost_updated
2026-06-09T19:32:21,task089,14.186179427563964,14.186179427563964,0.0,49703.0,49703.0,current_best_061,score_or_cost_updated
2026-06-09T19:32:21,task090,13.94350667496543,13.94350667496543,0.0,63354.0,63354.0,current_best_061,score_or_cost_updated
2026-06-09T19:32:21,task091,14.151323325547068,14.151323325547068,0.0,51466.0,51466.0,current_best_061,score_or_cost_updated
2026-06-09T19:32:21,task092,14.25734036914603,14.25734036914603,0.0,46289.0,46289.0,current_best_061,score_or_cost_updated
2026-06-09T19:32:21,task093,15.354118052333183,15.354118052333183,0.0,15458.0,15458.0,current_best_061,score_or_cost_updated
2026-06-09T19:32:21,task094,15.745451373359497,15.745451373359497,0.0,10452.0,10452.0,current_best_061,score_or_cost_updated
2026-06-09T19:32:21,task095,18.186555400489105,18.186555400489105,0.0,910.0,910.0,current_best_061,score_or_cost_updated
2026-06-09T19:32:21,task096,12.827184286371278,12.827184286371278,0.0,193458.0,193458.0,current_best_061,score_or_cost_updated
2026-06-09T19:32:21,task097,15.20070697648173,15.20070697648173,0.0,18021.0,18021.0,current_best_061,score_or_cost_updated
2026-06-09T19:32:21,task098,18.186555400489105,18.186555400489105,0.0,910.0,910.0,current_best_061,score_or_cost_updated
2026-06-09T19:32:21,task099,16.500970779211436,16.500970779211436,0.0,4910.0,4910.0,current_best_061,score_or_cost_updated
2026-06-09T19:32:21,task100,16.21491936346016,16.21491936346016,0.0,6536.0,6536.0,current_best_061,score_or_cost_updated
2026-06-09T19:32:21,task101,12.166837180696787,12.166837180696787,0.0,374431.0,374431.0,current_best_061,score_or_cost_updated
2026-06-09T19:32:21,task102,15.558071829926945,15.558071829926945,0.0,12606.0,12606.0,current_best_061,score_or_cost_updated
2026-06-09T19:32:21,task103,19.737309811095116,19.737309811095116,0.0,193.0,193.0,current_best_061,score_or_cost_updated
2026-06-09T19:32:21,task104,16.788788638206977,16.788788638206977,0.0,3682.0,3682.0,current_best_061,score_or_cost_updated
2026-06-09T19:32:21,task105,16.138508135713085,16.138508135713085,0.0,7055.0,7055.0,current_best_061,score_or_cost_updated
2026-06-09T19:32:21,task106,17.940382371708615,17.940382371708615,0.0,1164.0,1164.0,current_best_061,score_or_cost_updated
2026-06-09T19:32:21,task107,13.799992367549814,13.799992367549814,0.0,73131.0,73131.0,current_best_061,score_or_cost_updated
2026-06-09T19:32:21,task108,17.504458056115745,17.504458056115745,0.0,1800.0,1800.0,current_best_061,score_or_cost_updated
2026-06-09T19:32:21,task109,13.539652865248629,13.539652865248629,0.0,94878.0,94878.0,current_best_061,score_or_cost_updated
2026-06-09T19:32:21,task110,13.411104725742392,13.411104725742392,0.0,107893.0,107893.0,current_best_061,score_or_cost_updated
2026-06-09T19:32:21,task111,18.319145321209785,18.319145321209785,0.0,797.0,797.0,current_best_061,score_or_cost_updated
2026-06-09T19:32:21,task112,14.010141445218116,14.010141445218116,0.0,59270.0,59270.0,current_best_061,score_or_cost_updated
2026-06-09T19:32:21,task113,21.598802618337846,21.598802618337846,0.0,30.0,30.0,current_best_061,score_or_cost_updated
2026-06-09T19:32:21,task114,17.869901489874422,17.869901489874422,0.0,1249.0,1249.0,current_best_061,score_or_cost_updated
2026-06-09T19:32:21,task115,16.67663430556392,16.67663430556392,0.0,4119.0,4119.0,current_best_061,score_or_cost_updated
2026-06-09T19:32:21,task116,21.598802618337846,21.598802618337846,0.0,30.0,30.0,current_best_061,score_or_cost_updated
2026-06-09T19:32:21,task117,15.202317506360849,15.202317506360849,0.0,17992.0,17992.0,current_best_061,score_or_cost_updated
2026-06-09T19:32:21,task118,13.336192047071197,13.336192047071197,0.0,116286.0,116286.0,current_best_061,score_or_cost_updated
2026-06-09T19:32:21,task119,15.297955663465414,15.297955663465414,0.0,16351.0,16351.0,current_best_061,score_or_cost_updated
2026-06-09T19:32:21,task120,18.186555400489105,18.186555400489105,0.0,910.0,910.0,current_best_061,score_or_cost_updated
2026-06-09T19:32:21,task121,16.215837777729526,16.215837777729526,0.0,6530.0,6530.0,current_best_061,score_or_cost_updated
2026-06-09T19:32:21,task122,17.17196196787417,17.17196196787417,0.0,2510.0,2510.0,current_best_061,score_or_cost_updated
2026-06-09T19:32:21,task123,16.680526307557813,16.680526307557813,0.0,4103.0,4103.0,current_best_061,score_or_cost_updated
2026-06-09T19:32:21,task124,15.634966238347337,15.634966238347337,0.0,11673.0,11673.0,current_best_061,score_or_cost_updated
2026-06-09T19:32:21,task125,15.495796696496955,15.495796696496955,0.0,13416.0,13416.0,current_best_061,score_or_cost_updated
2026-06-09T19:32:21,task126,13.636839844664504,13.636839844664504,0.0,86091.0,86091.0,current_best_061,score_or_cost_updated
2026-06-09T19:32:21,task127,18.197605236675688,18.197605236675688,0.0,900.0,900.0,current_best_061,score_or_cost_updated
2026-06-09T19:32:21,task128,13.693373260405208,13.693373260405208,0.0,81359.0,81359.0,current_best_061,score_or_cost_updated
2026-06-09T19:32:21,task129,18.306676331730053,18.306676331730053,0.0,807.0,807.0,current_best_061,score_or_cost_updated
2026-06-09T19:32:21,task130,15.323538526042306,15.323538526042306,0.0,15938.0,15938.0,current_best_061,score_or_cost_updated
2026-06-09T19:32:21,task131,14.295632567101045,14.295632567101045,0.0,44550.0,44550.0,current_best_061,score_or_cost_updated
2026-06-09T19:32:21,task132,14.709279200950512,14.709279200950512,0.0,29458.0,29458.0,current_best_061,score_or_cost_updated
2026-06-09T19:32:21,task133,12.810671762888107,12.810671762888107,0.0,196679.0,196679.0,current_best_061,score_or_cost_updated
2026-06-09T19:32:21,task134,15.576162453761413,15.576162453761413,0.0,12380.0,12380.0,current_best_061,score_or_cost_updated
2026-06-09T19:32:21,task135,19.113895968549844,19.113895968549844,0.0,360.0,360.0,current_best_061,score_or_cost_updated
2026-06-09T19:32:21,task136,16.516156788265317,16.516156788265317,0.0,4836.0,4836.0,current_best_061,score_or_cost_updated
2026-06-09T19:32:21,task137,13.821401075304742,13.821401075304742,0.0,71582.0,71582.0,current_best_061,score_or_cost_updated
2026-06-09T19:32:21,task138,14.211361567031112,14.211361567031112,0.0,48467.0,48467.0,current_best_061,score_or_cost_updated
2026-06-09T19:32:21,task139,16.803012072741105,16.803012072741105,0.0,3630.0,3630.0,current_best_061,score_or_cost_updated
2026-06-09T19:32:21,task140,19.09191706183107,19.09191706183107,0.0,368.0,368.0,current_best_061,score_or_cost_updated
2026-06-09T19:32:21,task141,15.33103297180142,15.33103297180142,0.0,15819.0,15819.0,current_best_061,score_or_cost_updated
2026-06-09T19:32:21,task142,17.504458056115745,17.504458056115745,0.0,1800.0,1800.0,current_best_061,score_or_cost_updated
2026-06-09T19:32:21,task143,15.12486048297936,15.12486048297936,0.0,19441.0,19441.0,current_best_061,score_or_cost_updated
2026-06-09T19:32:21,task144,18.93621479131239,18.93621479131239,0.0,430.0,430.0,current_best_061,score_or_cost_updated
2026-06-09T19:32:21,task145,13.847226946929018,13.847226946929018,0.0,69757.0,69757.0,current_best_061,score_or_cost_updated
2026-06-09T19:32:21,task146,17.27865138738205,17.27865138738205,0.0,2256.0,2256.0,current_best_061,score_or_cost_updated
2026-06-09T19:32:21,task147,18.186555400489105,18.186555400489105,0.0,910.0,910.0,current_best_061,score_or_cost_updated
2026-06-09T19:32:21,task148,14.99988495388028,14.99988495388028,0.0,22029.0,22029.0,current_best_061,score_or_cost_updated
2026-06-09T19:32:21,task149,19.54041448585584,19.54041448585584,0.0,235.0,235.0,current_best_061,score_or_cost_updated
2026-06-09T19:32:21,task150,18.47643769385049,18.47643769385049,0.0,681.0,681.0,current_best_061,score_or_cost_updated
2026-06-09T19:32:21,task151,18.186555400489105,18.186555400489105,0.0,910.0,910.0,current_best_061,score_or_cost_updated
2026-06-09T19:32:21,task152,17.504458056115745,17.504458056115745,0.0,1800.0,1800.0,current_best_061,score_or_cost_updated
2026-06-09T19:32:21,task153,15.029134212133924,15.029134212133924,0.0,21394.0,21394.0,current_best_061,score_or_cost_updated
2026-06-09T19:32:21,task154,14.596525348878876,14.596525348878876,0.0,32974.0,32974.0,current_best_061,score_or_cost_updated
2026-06-09T19:32:21,task155,18.47643769385049,18.47643769385049,0.0,681.0,681.0,current_best_061,score_or_cost_updated
2026-06-09T19:32:21,task156,14.813177309255789,14.813177309255789,0.0,26551.0,26551.0,current_best_061,score_or_cost_updated
2026-06-09T19:32:21,task157,13.72024316999107,13.72024316999107,0.0,79202.0,79202.0,current_best_061,score_or_cost_updated
2026-06-09T19:32:21,task158,12.837576257600388,12.837576257600388,0.0,191458.0,191458.0,current_best_061,score_or_cost_updated
2026-06-09T19:32:21,task159,15.067099286895523,15.067099286895523,0.0,20597.0,20597.0,current_best_061,score_or_cost_updated
2026-06-09T19:32:21,task160,16.569454615309432,16.569454615309432,0.0,4585.0,4585.0,current_best_061,score_or_cost_updated
2026-06-09T19:32:21,task161,13.923426777221719,13.923426777221719,0.0,64639.0,64639.0,current_best_061,score_or_cost_updated
2026-06-09T19:32:21,task162,13.944501582071068,13.944501582071068,0.0,63291.0,63291.0,current_best_061,score_or_cost_updated
2026-06-09T19:32:21,task163,14.911070763333674,14.911070763333674,0.0,24075.0,24075.0,current_best_061,score_or_cost_updated
2026-06-09T19:32:21,task164,21.598802618337846,21.598802618337846,0.0,30.0,30.0,current_best_061,score_or_cost_updated
2026-06-09T19:32:21,task165,13.87976163077872,13.87976163077872,0.0,67524.0,67524.0,current_best_061,score_or_cost_updated
2026-06-09T19:32:21,task166,14.881844714630706,14.881844714630706,0.0,24789.0,24789.0,current_best_061,score_or_cost_updated
2026-06-09T19:32:21,task167,18.470581161737776,18.470581161737776,0.0,685.0,685.0,current_best_061,score_or_cost_updated
2026-06-09T19:32:21,task168,15.076562772156251,15.076562772156251,0.0,20403.0,20403.0,current_best_061,score_or_cost_updated
2026-06-09T19:32:21,task169,14.929812271572874,14.929812271572874,0.0,23628.0,23628.0,current_best_061,score_or_cost_updated
2026-06-09T19:32:21,task170,13.728331141770909,13.728331141770909,0.0,78564.0,78564.0,current_best_061,score_or_cost_updated
2026-06-09T19:32:21,task171,18.186555400489105,18.186555400489105,0.0,910.0,910.0,current_best_061,score_or_cost_updated
2026-06-09T19:32:21,task172,21.598802618337846,21.598802618337846,0.0,30.0,30.0,current_best_061,score_or_cost_updated
2026-06-09T19:32:21,task173,12.926071138839562,12.926071138839562,0.0,175243.0,175243.0,current_best_061,score_or_cost_updated
2026-06-09T19:32:21,task174,14.140635684557754,14.140635684557754,0.0,52019.0,52019.0,current_best_061,score_or_cost_updated
2026-06-09T19:32:21,task175,13.54026436354389,13.54026436354389,0.0,94820.0,94820.0,current_best_061,score_or_cost_updated
2026-06-09T19:32:21,task176,16.022853515191528,16.022853515191528,0.0,7920.0,7920.0,current_best_061,score_or_cost_updated
2026-06-09T19:32:21,task177,13.978195575521427,13.978195575521427,0.0,61194.0,61194.0,current_best_061,score_or_cost_updated
2026-06-09T19:32:21,task178,15.478065735525723,15.478065735525723,0.0,13656.0,13656.0,current_best_061,score_or_cost_updated
2026-06-09T19:32:21,task179,25.0,25.0,0.0,0.0,0.0,current_best_061,score_or_cost_updated
2026-06-09T19:32:21,task180,16.084030688626395,16.084030688626395,0.0,7450.0,7450.0,current_best_061,score_or_cost_updated
2026-06-09T19:32:21,task181,17.91493570604745,17.91493570604745,0.0,1194.0,1194.0,current_best_061,score_or_cost_updated
2026-06-09T19:32:21,task182,14.22901287975965,14.22901287975965,0.0,47619.0,47619.0,current_best_061,score_or_cost_updated
2026-06-09T19:32:21,task183,14.878662884610772,14.878662884610772,0.0,24868.0,24868.0,current_best_061,score_or_cost_updated
2026-06-09T19:32:21,task184,14.432407952356657,14.432407952356657,0.0,38855.0,38855.0,current_best_061,score_or_cost_updated
2026-06-09T19:32:21,task185,14.00485763936326,14.00485763936326,0.0,59584.0,59584.0,current_best_061,score_or_cost_updated
2026-06-09T19:32:21,task186,19.10284613236326,19.10284613236326,0.0,364.0,364.0,current_best_061,score_or_cost_updated
2026-06-09T19:32:21,task187,13.654168620492959,13.654168620492959,0.0,84612.0,84612.0,current_best_061,score_or_cost_updated
2026-06-09T19:32:21,task188,15.692532917293095,15.692532917293095,0.0,11020.0,11020.0,current_best_061,score_or_cost_updated
2026-06-09T19:32:21,task189,14.887914167591697,14.887914167591697,0.0,24639.0,24639.0,current_best_061,score_or_cost_updated
2026-06-09T19:32:21,task190,15.675973863620001,15.675973863620001,0.0,11204.0,11204.0,current_best_061,score_or_cost_updated
2026-06-09T19:32:21,task191,13.638839729058745,13.638839729058745,0.0,85919.0,85919.0,current_best_061,score_or_cost_updated
2026-06-09T19:32:21,task192,14.14161657647865,14.14161657647865,0.0,51968.0,51968.0,current_best_061,score_or_cost_updated
2026-06-09T19:32:21,task193,14.109558240338645,14.109558240338645,0.0,53661.0,53661.0,current_best_061,score_or_cost_updated
2026-06-09T19:32:21,task194,17.504458056115745,17.504458056115745,0.0,1800.0,1800.0,current_best_061,score_or_cost_updated
2026-06-09T19:32:21,task195,15.436962585454308,15.436962585454308,0.0,14229.0,14229.0,current_best_061,score_or_cost_updated
2026-06-09T19:32:21,task196,14.619005786490737,14.619005786490737,0.0,32241.0,32241.0,current_best_061,score_or_cost_updated
2026-06-09T19:32:21,task197,14.166555524825903,14.166555524825903,0.0,50688.0,50688.0,current_best_061,score_or_cost_updated
2026-06-09T19:32:21,task198,13.449576458609688,13.449576458609688,0.0,103821.0,103821.0,current_best_061,score_or_cost_updated
2026-06-09T19:32:21,task199,15.30989132872317,15.30989132872317,0.0,16157.0,16157.0,current_best_061,score_or_cost_updated
2026-06-09T19:32:21,task200,16.90867872646959,16.90867872646959,0.0,3266.0,3266.0,current_best_061,score_or_cost_updated
2026-06-09T19:32:21,task201,13.562876248446054,13.562876248446054,0.0,92700.0,92700.0,current_best_061,score_or_cost_updated
2026-06-09T19:32:21,task202,13.258187509088495,13.258187509088495,0.0,125720.0,125720.0,current_best_061,score_or_cost_updated
2026-06-09T19:32:21,task203,13.610350127195805,13.610350127195805,0.0,88402.0,88402.0,current_best_061,score_or_cost_updated
2026-06-09T19:32:21,task204,13.307707338062253,13.307707338062253,0.0,119646.0,119646.0,current_best_061,score_or_cost_updated
2026-06-09T19:32:21,task205,13.370955104619776,13.370955104619776,0.0,112313.0,112313.0,current_best_061,score_or_cost_updated
2026-06-09T19:32:21,task206,13.975062924893004,13.975062924893004,0.0,61386.0,61386.0,current_best_061,score_or_cost_updated
2026-06-09T19:32:21,task207,17.463636061595487,17.463636061595487,0.0,1875.0,1875.0,current_best_061,score_or_cost_updated
2026-06-09T19:32:21,task208,14.236326566974489,14.236326566974489,0.0,47272.0,47272.0,current_best_061,score_or_cost_updated
2026-06-09T19:32:21,task209,13.28530989269121,13.28530989269121,0.0,122356.0,122356.0,current_best_061,score_or_cost_updated
2026-06-09T19:32:21,task210,21.598802618337846,21.598802618337846,0.0,30.0,30.0,current_best_061,score_or_cost_updated
2026-06-09T19:32:21,task211,17.504458056115745,17.504458056115745,0.0,1800.0,1800.0,current_best_061,score_or_cost_updated
2026-06-09T19:32:21,task212,15.876307434749489,15.876307434749489,0.0,9170.0,9170.0,current_best_061,score_or_cost_updated
2026-06-09T19:32:21,task213,14.177325912477691,14.177325912477691,0.0,50145.0,50145.0,current_best_061,score_or_cost_updated
2026-06-09T19:32:21,task214,17.504458056115745,17.504458056115745,0.0,1800.0,1800.0,current_best_061,score_or_cost_updated
2026-06-09T19:32:21,task215,14.452187931601495,14.452187931601495,0.0,38094.0,38094.0,current_best_061,score_or_cost_updated
2026-06-09T19:32:21,task216,13.451977697992342,13.451977697992342,0.0,103572.0,103572.0,current_best_061,score_or_cost_updated
2026-06-09T19:32:21,task217,15.206104124093967,15.206104124093967,0.0,17924.0,17924.0,current_best_061,score_or_cost_updated
2026-06-09T19:32:21,task218,14.948006239164648,14.948006239164648,0.0,23202.0,23202.0,current_best_061,score_or_cost_updated
2026-06-09T19:32:21,task219,13.651395086474174,13.651395086474174,0.0,84847.0,84847.0,current_best_061,score_or_cost_updated
2026-06-09T19:32:21,task220,18.197605236675688,18.197605236675688,0.0,900.0,900.0,current_best_061,score_or_cost_updated
2026-06-09T19:32:21,task221,14.069235056400384,14.069235056400384,0.0,55869.0,55869.0,current_best_061,score_or_cost_updated
2026-06-09T19:32:21,task222,14.031198444197276,14.031198444197276,0.0,58035.0,58035.0,current_best_061,score_or_cost_updated
2026-06-09T19:32:21,task223,17.504458056115745,17.504458056115745,0.0,1800.0,1800.0,current_best_061,score_or_cost_updated
2026-06-09T19:32:21,task224,14.275455898281896,14.275455898281896,0.0,45458.0,45458.0,current_best_061,score_or_cost_updated
2026-06-09T19:32:21,task225,15.68728356140695,15.68728356140695,0.0,11078.0,11078.0,current_best_061,score_or_cost_updated
2026-06-09T19:32:21,task226,16.53220715887889,16.53220715887889,0.0,4759.0,4759.0,current_best_061,score_or_cost_updated
2026-06-09T19:32:21,task227,17.018266713308115,17.018266713308115,0.0,2927.0,2927.0,current_best_061,score_or_cost_updated
2026-06-09T19:32:21,task228,14.86993479941538,14.86993479941538,0.0,25086.0,25086.0,current_best_061,score_or_cost_updated
2026-06-09T19:32:21,task229,17.74936448810132,17.74936448810132,0.0,1409.0,1409.0,current_best_061,score_or_cost_updated
2026-06-09T19:32:21,task230,18.197605236675688,18.197605236675688,0.0,900.0,900.0,current_best_061,score_or_cost_updated
2026-06-09T19:32:21,task231,14.445698819920006,14.445698819920006,0.0,38342.0,38342.0,current_best_061,score_or_cost_updated
2026-06-09T19:32:21,task232,14.707956157758622,14.707956157758622,0.0,29497.0,29497.0,current_best_061,score_or_cost_updated
2026-06-09T19:32:21,task233,10.679645472747369,10.679645472747369,0.0,1656727.0,1656727.0,current_best_061,score_or_cost_updated
2026-06-09T19:32:21,task234,13.689154000119816,13.689154000119816,0.0,81703.0,81703.0,current_best_061,score_or_cost_updated
2026-06-09T19:32:21,task235,17.801068759311825,17.801068759311825,0.0,1338.0,1338.0,current_best_061,score_or_cost_updated
2026-06-09T19:32:21,task236,18.53385527576238,18.53385527576238,0.0,643.0,643.0,current_best_061,score_or_cost_updated
2026-06-09T19:32:21,task237,15.430308268881676,15.430308268881676,0.0,14324.0,14324.0,current_best_061,score_or_cost_updated
2026-06-09T19:32:21,task238,13.927876707427622,13.927876707427622,0.0,64352.0,64352.0,current_best_061,score_or_cost_updated
2026-06-09T19:32:21,task239,13.54388830238479,13.54388830238479,0.0,94477.0,94477.0,current_best_061,score_or_cost_updated
2026-06-09T19:32:21,task240,14.765519480374964,14.765519480374964,0.0,27847.0,27847.0,current_best_061,score_or_cost_updated
2026-06-09T19:32:21,task241,25.0,25.0,0.0,0.0,0.0,current_best_061,score_or_cost_updated
2026-06-09T19:32:21,task242,16.02905960185755,16.02905960185755,0.0,7871.0,7871.0,current_best_061,score_or_cost_updated
2026-06-09T19:32:21,task243,13.401208814053447,13.401208814053447,0.0,108966.0,108966.0,current_best_061,score_or_cost_updated
2026-06-09T19:32:21,task244,14.633344629227418,14.633344629227418,0.0,31782.0,31782.0,current_best_061,score_or_cost_updated
2026-06-09T19:32:21,task245,14.724535183516696,14.724535183516696,0.0,29012.0,29012.0,current_best_061,score_or_cost_updated
2026-06-09T19:32:21,task246,15.497661881504435,15.497661881504435,0.0,13391.0,13391.0,current_best_061,score_or_cost_updated
2026-06-09T19:32:21,task247,16.272870084756832,16.272870084756832,0.0,6168.0,6168.0,current_best_061,score_or_cost_updated
2026-06-09T19:32:21,task248,16.218905264797385,16.218905264797385,0.0,6510.0,6510.0,current_best_061,score_or_cost_updated
2026-06-09T19:32:21,task249,18.477907201829847,18.477907201829847,0.0,680.0,680.0,current_best_061,score_or_cost_updated
2026-06-09T19:32:21,task250,15.59573893538651,15.59573893538651,0.0,12140.0,12140.0,current_best_061,score_or_cost_updated
2026-06-09T19:32:21,task251,13.481291290274044,13.481291290274044,0.0,100580.0,100580.0,current_best_061,score_or_cost_updated
2026-06-09T19:32:21,task252,14.453028311923028,14.453028311923028,0.0,38062.0,38062.0,current_best_061,score_or_cost_updated
2026-06-09T19:32:21,task253,14.215455188361384,14.215455188361384,0.0,48269.0,48269.0,current_best_061,score_or_cost_updated
2026-06-09T19:32:21,task254,16.018318360026136,16.018318360026136,0.0,7956.0,7956.0,current_best_061,score_or_cost_updated
2026-06-09T19:32:21,task255,11.62208628955128,11.62208628955128,0.0,645586.0,645586.0,current_best_061,score_or_cost_updated
2026-06-09T19:32:21,task256,15.197383057848846,15.197383057848846,0.0,18081.0,18081.0,current_best_061,score_or_cost_updated
2026-06-09T19:32:21,task257,18.01806532284361,18.01806532284361,0.0,1077.0,1077.0,current_best_061,score_or_cost_updated
2026-06-09T19:32:21,task258,19.924826184766175,19.924826184766175,0.0,160.0,160.0,current_best_061,score_or_cost_updated
2026-06-09T19:32:21,task259,16.169018489047502,16.169018489047502,0.0,6843.0,6843.0,current_best_061,score_or_cost_updated
2026-06-09T19:32:21,task260,15.568678412874291,15.568678412874291,0.0,12473.0,12473.0,current_best_061,score_or_cost_updated
2026-06-09T19:32:21,task261,19.701682633451963,19.701682633451963,0.0,200.0,200.0,current_best_061,score_or_cost_updated
2026-06-09T19:32:21,task262,16.765169719557946,16.765169719557946,0.0,3770.0,3770.0,current_best_061,score_or_cost_updated
2026-06-09T19:32:21,task263,16.006075858588602,16.006075858588602,0.0,8054.0,8054.0,current_best_061,score_or_cost_updated
2026-06-09T19:32:21,task264,13.720116918523228,13.720116918523228,0.0,79212.0,79212.0,current_best_061,score_or_cost_updated
2026-06-09T19:32:21,task265,14.424537832136728,14.424537832136728,0.0,39162.0,39162.0,current_best_061,score_or_cost_updated
2026-06-09T19:32:21,task266,18.186555400489105,18.186555400489105,0.0,910.0,910.0,current_best_061,score_or_cost_updated
2026-06-09T19:32:21,task267,17.904106778902467,17.904106778902467,0.0,1207.0,1207.0,current_best_061,score_or_cost_updated
2026-06-09T19:32:21,task268,14.983808957550787,14.983808957550787,0.0,22386.0,22386.0,current_best_061,score_or_cost_updated
2026-06-09T19:32:21,task269,15.940249986656319,15.940249986656319,0.0,8602.0,8602.0,current_best_061,score_or_cost_updated
2026-06-09T19:32:21,task270,14.853527053936123,14.853527053936123,0.0,25501.0,25501.0,current_best_061,score_or_cost_updated
2026-06-09T19:32:21,task271,14.725259284025897,14.725259284025897,0.0,28991.0,28991.0,current_best_061,score_or_cost_updated
2026-06-09T19:32:21,task272,18.86877351051686,18.86877351051686,0.0,460.0,460.0,current_best_061,score_or_cost_updated
2026-06-09T19:32:21,task273,16.311040765729324,16.311040765729324,0.0,5937.0,5937.0,current_best_061,score_or_cost_updated
2026-06-09T19:32:21,task274,15.942694264192879,15.942694264192879,0.0,8581.0,8581.0,current_best_061,score_or_cost_updated
2026-06-09T19:32:21,task275,13.662869436848247,13.662869436848247,0.0,83879.0,83879.0,current_best_061,score_or_cost_updated
2026-06-09T19:32:21,task276,22.697414907005953,22.697414907005953,0.0,10.0,10.0,current_best_061,score_or_cost_updated
2026-06-09T19:32:21,task277,15.410059486110708,15.410059486110708,0.0,14617.0,14617.0,current_best_061,score_or_cost_updated
2026-06-09T19:32:21,task278,14.864210958364897,14.864210958364897,0.0,25230.0,25230.0,current_best_061,score_or_cost_updated
2026-06-09T19:32:21,task279,14.821535747509644,14.821535747509644,0.0,26330.0,26330.0,current_best_061,score_or_cost_updated
2026-06-09T19:32:21,task280,13.64132188619622,13.64132188619622,0.0,85706.0,85706.0,current_best_061,score_or_cost_updated
2026-06-09T19:32:21,task281,13.60794357751076,13.60794357751076,0.0,88615.0,88615.0,current_best_061,score_or_cost_updated
2026-06-09T19:32:21,task282,18.197605236675688,18.197605236675688,0.0,900.0,900.0,current_best_061,score_or_cost_updated
2026-06-09T19:32:21,task283,18.186555400489105,18.186555400489105,0.0,910.0,910.0,current_best_061,score_or_cost_updated
2026-06-09T19:32:21,task284,13.475808238755878,13.475808238755878,0.0,101133.0,101133.0,current_best_061,score_or_cost_updated
2026-06-09T19:32:21,task285,12.112179904635754,12.112179904635754,0.0,395466.0,395466.0,current_best_061,score_or_cost_updated
2026-06-09T19:32:21,task286,13.00342074458367,13.00342074458367,0.0,162199.0,162199.0,current_best_061,score_or_cost_updated
2026-06-09T19:32:21,task287,14.975800372301608,14.975800372301608,0.0,22566.0,22566.0,current_best_061,score_or_cost_updated
2026-06-09T19:32:21,task288,14.632558329669694,14.632558329669694,0.0,31807.0,31807.0,current_best_061,score_or_cost_updated
2026-06-09T19:32:21,task289,14.874489523818365,14.874489523818365,0.0,24972.0,24972.0,current_best_061,score_or_cost_updated
2026-06-09T19:32:21,task290,15.631972352188223,15.631972352188223,0.0,11708.0,11708.0,current_best_061,score_or_cost_updated
2026-06-09T19:32:21,task291,16.627370259775116,16.627370259775116,0.0,4327.0,4327.0,current_best_061,score_or_cost_updated
2026-06-09T19:32:21,task292,16.250901751600978,16.250901751600978,0.0,6305.0,6305.0,current_best_061,score_or_cost_updated
2026-06-09T19:32:21,task293,14.882571106914462,14.882571106914462,0.0,24771.0,24771.0,current_best_061,score_or_cost_updated
2026-06-09T19:32:21,task294,18.186555400489105,18.186555400489105,0.0,910.0,910.0,current_best_061,score_or_cost_updated
2026-06-09T19:32:21,task295,15.591628777524683,15.591628777524683,0.0,12190.0,12190.0,current_best_061,score_or_cost_updated
2026-06-09T19:32:21,task296,16.67955188604344,16.67955188604344,0.0,4107.0,4107.0,current_best_061,score_or_cost_updated
2026-06-09T19:32:21,task297,15.876198389441056,15.876198389441056,0.0,9171.0,9171.0,current_best_061,score_or_cost_updated
2026-06-09T19:32:21,task298,15.387667209394625,15.387667209394625,0.0,14948.0,14948.0,current_best_061,score_or_cost_updated
2026-06-09T19:32:21,task299,17.5510838974558,17.5510838974558,0.0,1718.0,1718.0,current_best_061,score_or_cost_updated
2026-06-09T19:32:21,task300,13.741373412351637,13.741373412351637,0.0,77546.0,77546.0,current_best_061,score_or_cost_updated
2026-06-09T19:32:21,task301,13.91804208355036,13.91804208355036,0.0,64988.0,64988.0,current_best_061,score_or_cost_updated
2026-06-09T19:32:21,task302,16.03863393937255,16.03863393937255,0.0,7796.0,7796.0,current_best_061,score_or_cost_updated
2026-06-09T19:32:21,task303,15.848136557782793,15.848136557782793,0.0,9432.0,9432.0,current_best_061,score_or_cost_updated
2026-06-09T19:32:21,task304,15.708263989819823,15.708263989819823,0.0,10848.0,10848.0,current_best_061,score_or_cost_updated
2026-06-09T19:32:21,task305,16.71802294113224,16.71802294113224,0.0,3952.0,3952.0,current_best_061,score_or_cost_updated
2026-06-09T19:32:21,task306,13.9264791265675,13.9264791265675,0.0,64442.0,64442.0,current_best_061,score_or_cost_updated
2026-06-09T19:32:21,task307,17.504458056115745,17.504458056115745,0.0,1800.0,1800.0,current_best_061,score_or_cost_updated
2026-06-09T19:32:21,task308,15.010380623834585,15.010380623834585,0.0,21799.0,21799.0,current_best_061,score_or_cost_updated
2026-06-09T19:32:21,task309,22.697414907005953,22.697414907005953,0.0,10.0,10.0,current_best_061,score_or_cost_updated
2026-06-09T19:32:21,task310,15.11442186800744,15.11442186800744,0.0,19645.0,19645.0,current_best_061,score_or_cost_updated
2026-06-09T19:32:21,task311,21.598802618337846,21.598802618337846,0.0,30.0,30.0,current_best_061,score_or_cost_updated
2026-06-09T19:32:21,task312,15.791761836115688,15.791761836115688,0.0,9979.0,9979.0,current_best_061,score_or_cost_updated
2026-06-09T19:32:21,task313,13.666536185257858,13.666536185257858,0.0,83572.0,83572.0,current_best_061,score_or_cost_updated
2026-06-09T19:32:21,task314,15.941180435665059,15.941180435665059,0.0,8594.0,8594.0,current_best_061,score_or_cost_updated
2026-06-09T19:32:21,task315,16.87230014718223,16.87230014718223,0.0,3387.0,3387.0,current_best_061,score_or_cost_updated
2026-06-09T19:32:21,task316,16.730755478816945,16.730755478816945,0.0,3902.0,3902.0,current_best_061,score_or_cost_updated
2026-06-09T19:32:21,task317,18.197605236675688,18.197605236675688,0.0,900.0,900.0,current_best_061,score_or_cost_updated
2026-06-09T19:32:21,task318,18.394702079051797,18.394702079051797,0.0,739.0,739.0,current_best_061,score_or_cost_updated
2026-06-09T19:32:21,task319,14.580490348791063,14.580490348791063,0.0,33507.0,33507.0,current_best_061,score_or_cost_updated
2026-06-09T19:32:21,task320,16.445511023840066,16.445511023840066,0.0,5190.0,5190.0,current_best_061,score_or_cost_updated
2026-06-09T19:32:21,task321,16.403810802357263,16.403810802357263,0.0,5411.0,5411.0,current_best_061,score_or_cost_updated
2026-06-09T19:32:21,task322,18.23496102321946,18.23496102321946,0.0,867.0,867.0,current_best_061,score_or_cost_updated
2026-06-09T19:32:21,task323,16.5810813778521,16.5810813778521,0.0,4532.0,4532.0,current_best_061,score_or_cost_updated
2026-06-09T19:32:21,task324,14.203081009735799,14.203081009735799,0.0,48870.0,48870.0,current_best_061,score_or_cost_updated
2026-06-09T19:32:21,task325,15.016315905469595,15.016315905469595,0.0,21670.0,21670.0,current_best_061,score_or_cost_updated
2026-06-09T19:32:21,task326,19.924826184766175,19.924826184766175,0.0,160.0,160.0,current_best_061,score_or_cost_updated
2026-06-09T19:32:21,task327,16.072287826172918,16.072287826172918,0.0,7538.0,7538.0,current_best_061,score_or_cost_updated
2026-06-09T19:32:21,task328,13.871957907660665,13.871957907660665,0.0,68053.0,68053.0,current_best_061,score_or_cost_updated
2026-06-09T19:32:21,task329,15.76399188127524,15.76399188127524,0.0,10260.0,10260.0,current_best_061,score_or_cost_updated
2026-06-09T19:32:21,task330,15.216591867794413,15.216591867794413,0.0,17737.0,17737.0,current_best_061,score_or_cost_updated
2026-06-09T19:32:21,task331,18.186555400489105,18.186555400489105,0.0,910.0,910.0,current_best_061,score_or_cost_updated
2026-06-09T19:32:21,task332,15.896131872534333,15.896131872534333,0.0,8990.0,8990.0,current_best_061,score_or_cost_updated
2026-06-09T19:32:21,task333,14.877658081568091,14.877658081568091,0.0,24893.0,24893.0,current_best_061,score_or_cost_updated
2026-06-09T19:32:21,task334,18.588181732290103,18.588181732290103,0.0,609.0,609.0,current_best_061,score_or_cost_updated
2026-06-09T19:32:21,task335,14.258204878914801,14.258204878914801,0.0,46249.0,46249.0,current_best_061,score_or_cost_updated
2026-06-09T19:32:21,task336,16.294503180112258,16.294503180112258,0.0,6036.0,6036.0,current_best_061,score_or_cost_updated
2026-06-09T19:32:21,task337,22.697414907005953,22.697414907005953,0.0,10.0,10.0,current_best_061,score_or_cost_updated
2026-06-09T19:32:21,task338,14.285226738886886,14.285226738886886,0.0,45016.0,45016.0,current_best_061,score_or_cost_updated
2026-06-09T19:32:21,task339,18.112447428335383,18.112447428335383,0.0,980.0,980.0,current_best_061,score_or_cost_updated
2026-06-09T19:32:21,task340,13.83887566105239,13.83887566105239,0.0,70342.0,70342.0,current_best_061,score_or_cost_updated
2026-06-09T19:32:21,task341,15.15493636760159,15.15493636760159,0.0,18865.0,18865.0,current_best_061,score_or_cost_updated
2026-06-09T19:32:21,task342,15.5946686681292,15.5946686681292,0.0,12153.0,12153.0,current_best_061,score_or_cost_updated
2026-06-09T19:32:21,task343,14.736881875699506,14.736881875699506,0.0,28656.0,28656.0,current_best_061,score_or_cost_updated
2026-06-09T19:32:21,task344,17.17196196787417,17.17196196787417,0.0,2510.0,2510.0,current_best_061,score_or_cost_updated
2026-06-09T19:32:21,task345,15.631289292052376,15.631289292052376,0.0,11716.0,11716.0,current_best_061,score_or_cost_updated
2026-06-09T19:32:21,task346,15.884849815027566,15.884849815027566,0.0,9092.0,9092.0,current_best_061,score_or_cost_updated
2026-06-09T19:32:21,task347,17.63039927947359,17.63039927947359,0.0,1587.0,1587.0,current_best_061,score_or_cost_updated
2026-06-09T19:32:21,task348,16.11719194507556,16.11719194507556,0.0,7207.0,7207.0,current_best_061,score_or_cost_updated
2026-06-09T19:32:21,task349,14.306261242455944,14.306261242455944,0.0,44079.0,44079.0,current_best_061,score_or_cost_updated
2026-06-09T19:32:21,task350,15.10504877848616,15.10504877848616,0.0,19830.0,19830.0,current_best_061,score_or_cost_updated
2026-06-09T19:32:21,task351,14.532506311227156,14.532506311227156,0.0,35154.0,35154.0,current_best_061,score_or_cost_updated
2026-06-09T19:32:21,task352,16.20124341714016,16.20124341714016,0.0,6626.0,6626.0,current_best_061,score_or_cost_updated
2026-06-09T19:32:21,task353,16.403810802357263,16.403810802357263,0.0,5411.0,5411.0,current_best_061,score_or_cost_updated
2026-06-09T19:32:21,task354,15.258619697007587,15.258619697007587,0.0,17007.0,17007.0,current_best_061,score_or_cost_updated
2026-06-09T19:32:21,task355,15.624569008158225,15.624569008158225,0.0,11795.0,11795.0,current_best_061,score_or_cost_updated
2026-06-09T19:32:21,task356,16.482606828581098,16.482606828581098,0.0,5001.0,5001.0,current_best_061,score_or_cost_updated
2026-06-09T19:32:21,task357,16.20942652084284,16.20942652084284,0.0,6572.0,6572.0,current_best_061,score_or_cost_updated
2026-06-09T19:32:21,task358,13.356739495302836,13.356739495302836,0.0,113921.0,113921.0,current_best_061,score_or_cost_updated
2026-06-09T19:32:21,task359,14.347150353576192,14.347150353576192,0.0,42313.0,42313.0,current_best_061,score_or_cost_updated
2026-06-09T19:32:21,task360,15.681164031870518,15.681164031870518,0.0,11146.0,11146.0,current_best_061,score_or_cost_updated
2026-06-09T19:32:21,task361,15.324919828453181,15.324919828453181,0.0,15916.0,15916.0,current_best_061,score_or_cost_updated
2026-06-09T19:32:21,task362,15.612434368654611,15.612434368654611,0.0,11939.0,11939.0,current_best_061,score_or_cost_updated
2026-06-09T19:32:21,task363,13.60482257129864,13.60482257129864,0.0,88892.0,88892.0,current_best_061,score_or_cost_updated
2026-06-09T19:32:21,task364,13.737345222483407,13.737345222483407,0.0,77859.0,77859.0,current_best_061,score_or_cost_updated
2026-06-09T19:32:21,task365,14.01786479921536,14.01786479921536,0.0,58814.0,58814.0,current_best_061,score_or_cost_updated
2026-06-09T19:32:21,task366,11.362564029982357,11.362564029982357,0.0,836880.0,836880.0,current_best_061,score_or_cost_updated
2026-06-09T19:32:21,task367,13.125192173257059,13.125192173257059,0.0,143603.0,143603.0,current_best_061,score_or_cost_updated
2026-06-09T19:32:21,task368,14.615970788806473,14.615970788806473,0.0,32339.0,32339.0,current_best_061,score_or_cost_updated
2026-06-09T19:32:21,task369,16.07334967920606,16.07334967920606,0.0,7530.0,7530.0,current_best_061,score_or_cost_updated
2026-06-09T19:32:21,task370,13.407505785810647,13.407505785810647,0.0,108282.0,108282.0,current_best_061,score_or_cost_updated
2026-06-09T19:32:21,task371,15.50983333153762,15.50983333153762,0.0,13229.0,13229.0,current_best_061,score_or_cost_updated
2026-06-09T19:32:21,task372,16.027916817148075,16.027916817148075,0.0,7880.0,7880.0,current_best_061,score_or_cost_updated
2026-06-09T19:32:21,task373,18.738508315678956,18.738508315678956,0.0,524.0,524.0,current_best_061,score_or_cost_updated
2026-06-09T19:32:21,task374,15.501327766730538,15.501327766730538,0.0,13342.0,13342.0,current_best_061,score_or_cost_updated
2026-06-09T19:32:21,task375,15.372793097191211,15.372793097191211,0.0,15172.0,15172.0,current_best_061,score_or_cost_updated
2026-06-09T19:32:21,task376,14.93899600958889,14.93899600958889,0.0,23412.0,23412.0,current_best_061,score_or_cost_updated
2026-06-09T19:32:21,task377,13.966336894339644,13.966336894339644,0.0,61924.0,61924.0,current_best_061,score_or_cost_updated
2026-06-09T19:32:21,task378,14.428477967719003,14.428477967719003,0.0,39008.0,39008.0,current_best_061,score_or_cost_updated
2026-06-09T19:32:21,task379,13.819767920510943,13.819767920510943,0.0,71699.0,71699.0,current_best_061,score_or_cost_updated
2026-06-09T19:32:21,task380,18.409698951803314,18.409698951803314,0.0,728.0,728.0,current_best_061,score_or_cost_updated
2026-06-09T19:32:21,task381,16.830946850072657,16.830946850072657,0.0,3530.0,3530.0,current_best_061,score_or_cost_updated
2026-06-09T19:32:21,task382,13.532302052966461,13.532302052966461,0.0,95578.0,95578.0,current_best_061,score_or_cost_updated
2026-06-09T19:32:21,task383,13.246161795004017,13.246161795004017,0.0,127241.0,127241.0,current_best_061,score_or_cost_updated
2026-06-09T19:32:21,task384,14.759112070269836,14.759112070269836,0.0,28026.0,28026.0,current_best_061,score_or_cost_updated
2026-06-09T19:32:21,task385,21.598802618337846,21.598802618337846,0.0,30.0,30.0,current_best_061,score_or_cost_updated
2026-06-09T19:32:21,task386,17.32074857404694,17.32074857404694,0.0,2163.0,2163.0,current_best_061,score_or_cost_updated
2026-06-09T19:32:21,task387,13.940291846175448,13.940291846175448,0.0,63558.0,63558.0,current_best_061,score_or_cost_updated
2026-06-09T19:32:21,task388,16.225377779303003,16.225377779303003,0.0,6468.0,6468.0,current_best_061,score_or_cost_updated
2026-06-09T19:32:21,task389,17.451444020830127,17.451444020830127,0.0,1898.0,1898.0,current_best_061,score_or_cost_updated
2026-06-09T19:32:21,task390,14.885805916253345,14.885805916253345,0.0,24691.0,24691.0,current_best_061,score_or_cost_updated
2026-06-09T19:32:21,task391,15.787561829941671,15.787561829941671,0.0,10021.0,10021.0,current_best_061,score_or_cost_updated
2026-06-09T19:32:21,task392,14.662816279014882,14.662816279014882,0.0,30859.0,30859.0,current_best_061,score_or_cost_updated
2026-06-09T19:32:21,task393,18.870949789939456,18.870949789939456,0.0,459.0,459.0,current_best_061,score_or_cost_updated
2026-06-09T19:32:21,task394,16.53346872338599,16.53346872338599,0.0,4753.0,4753.0,current_best_061,score_or_cost_updated
2026-06-09T19:32:21,task395,17.581219117249205,17.581219117249205,0.0,1667.0,1667.0,current_best_061,score_or_cost_updated
2026-06-09T19:32:21,task396,13.126683504302262,13.126683504302262,0.0,143389.0,143389.0,current_best_061,score_or_cost_updated
2026-06-09T19:32:21,task397,15.045771805760689,15.045771805760689,0.0,21041.0,21041.0,current_best_061,score_or_cost_updated
2026-06-09T19:32:21,task398,13.657922169750098,13.657922169750098,0.0,84295.0,84295.0,current_best_061,score_or_cost_updated
2026-06-09T19:32:21,task399,17.48302277539568,17.48302277539568,0.0,1839.0,1839.0,current_best_061,score_or_cost_updated
2026-06-09T19:32:21,task400,14.532534757896764,14.532534757896764,0.0,35153.0,35153.0,current_best_061,score_or_cost_updated
2026-06-09T20:25:36,task001,17.047384888349,17.047384888349,0.0,2843.0,2843.0,GOLF_20260609_062_public_single_task_task076_jonathan,score_or_cost_updated
2026-06-09T20:25:36,task002,13.514517676859928,13.514517676859928,0.0,97293.0,97293.0,GOLF_20260609_062_public_single_task_task076_jonathan,score_or_cost_updated
2026-06-09T20:25:36,task003,17.918291413894426,17.918291413894426,0.0,1190.0,1190.0,GOLF_20260609_062_public_single_task_task076_jonathan,score_or_cost_updated
2026-06-09T20:25:36,task004,14.084547965521434,14.084547965521434,0.0,55020.0,55020.0,GOLF_20260609_062_public_single_task_task076_jonathan,score_or_cost_updated
2026-06-09T20:25:36,task005,13.328149556042213,13.328149556042213,0.0,117225.0,117225.0,GOLF_20260609_062_public_single_task_task076_jonathan,score_or_cost_updated
2026-06-09T20:25:36,task006,17.603051397378987,17.603051397378987,0.0,1631.0,1631.0,GOLF_20260609_062_public_single_task_task076_jonathan,score_or_cost_updated
2026-06-09T20:25:36,task007,16.108350887349943,16.108350887349943,0.0,7271.0,7271.0,GOLF_20260609_062_public_single_task_task076_jonathan,score_or_cost_updated
2026-06-09T20:25:36,task008,14.94430651457454,14.94430651457454,0.0,23288.0,23288.0,GOLF_20260609_062_public_single_task_task076_jonathan,score_or_cost_updated
2026-06-09T20:25:36,task009,13.69482467517415,13.69482467517415,0.0,81241.0,81241.0,GOLF_20260609_062_public_single_task_task076_jonathan,score_or_cost_updated
2026-06-09T20:25:36,task010,16.479811299603966,16.479811299603966,0.0,5015.0,5015.0,GOLF_20260609_062_public_single_task_task076_jonathan,score_or_cost_updated
2026-06-09T20:25:36,task011,13.898854540195707,13.898854540195707,0.0,66247.0,66247.0,GOLF_20260609_062_public_single_task_task076_jonathan,score_or_cost_updated
2026-06-09T20:25:36,task012,15.555457449352874,15.555457449352874,0.0,12639.0,12639.0,GOLF_20260609_062_public_single_task_task076_jonathan,score_or_cost_updated
2026-06-09T20:25:36,task013,13.3310798421544,13.3310798421544,0.0,116882.0,116882.0,GOLF_20260609_062_public_single_task_task076_jonathan,score_or_cost_updated
2026-06-09T20:25:36,task014,14.427427453254685,14.427427453254685,0.0,39049.0,39049.0,GOLF_20260609_062_public_single_task_task076_jonathan,score_or_cost_updated
2026-06-09T20:25:36,task015,18.197605236675688,18.197605236675688,0.0,900.0,900.0,GOLF_20260609_062_public_single_task_task076_jonathan,score_or_cost_updated
2026-06-09T20:25:36,task016,22.697414907005953,22.697414907005953,0.0,10.0,10.0,GOLF_20260609_062_public_single_task_task076_jonathan,score_or_cost_updated
2026-06-09T20:25:36,task017,14.57051253772697,14.57051253772697,0.0,33843.0,33843.0,GOLF_20260609_062_public_single_task_task076_jonathan,score_or_cost_updated
2026-06-09T20:25:36,task018,11.926440386857584,11.926440386857584,0.0,476184.0,476184.0,GOLF_20260609_062_public_single_task_task076_jonathan,score_or_cost_updated
2026-06-09T20:25:36,task019,13.69353305881371,13.69353305881371,0.0,81346.0,81346.0,GOLF_20260609_062_public_single_task_task076_jonathan,score_or_cost_updated
2026-06-09T20:25:36,task020,16.061599593526992,16.061599593526992,0.0,7619.0,7619.0,GOLF_20260609_062_public_single_task_task076_jonathan,score_or_cost_updated
2026-06-09T20:25:36,task021,14.156056071090937,14.156056071090937,0.0,51223.0,51223.0,GOLF_20260609_062_public_single_task_task076_jonathan,score_or_cost_updated
2026-06-09T20:25:36,task022,14.542024067963268,14.542024067963268,0.0,34821.0,34821.0,GOLF_20260609_062_public_single_task_task076_jonathan,score_or_cost_updated
2026-06-09T20:25:36,task023,13.863194455943471,13.863194455943471,0.0,68652.0,68652.0,GOLF_20260609_062_public_single_task_task076_jonathan,score_or_cost_updated
2026-06-09T20:25:36,task024,15.88617052840466,15.88617052840466,0.0,9080.0,9080.0,GOLF_20260609_062_public_single_task_task076_jonathan,score_or_cost_updated
2026-06-09T20:25:36,task025,13.149938233234366,13.149938233234366,0.0,140093.0,140093.0,GOLF_20260609_062_public_single_task_task076_jonathan,score_or_cost_updated
2026-06-09T20:25:36,task026,18.415208607614282,18.415208607614282,0.0,724.0,724.0,GOLF_20260609_062_public_single_task_task076_jonathan,score_or_cost_updated
2026-06-09T20:25:36,task027,16.331975918881177,16.331975918881177,0.0,5814.0,5814.0,GOLF_20260609_062_public_single_task_task076_jonathan,score_or_cost_updated
2026-06-09T20:25:36,task028,16.51553663320668,16.51553663320668,0.0,4839.0,4839.0,GOLF_20260609_062_public_single_task_task076_jonathan,score_or_cost_updated
2026-06-09T20:25:36,task029,13.516328283804857,13.516328283804857,0.0,97117.0,97117.0,GOLF_20260609_062_public_single_task_task076_jonathan,score_or_cost_updated
2026-06-09T20:25:36,task030,15.69453128293224,15.69453128293224,0.0,10998.0,10998.0,GOLF_20260609_062_public_single_task_task076_jonathan,score_or_cost_updated
2026-06-09T20:25:36,task031,15.168223295017873,15.168223295017873,0.0,18616.0,18616.0,GOLF_20260609_062_public_single_task_task076_jonathan,score_or_cost_updated
2026-06-09T20:25:36,task032,16.86699978141639,16.86699978141639,0.0,3405.0,3405.0,GOLF_20260609_062_public_single_task_task076_jonathan,score_or_cost_updated
2026-06-09T20:25:36,task033,14.081988539178049,14.081988539178049,0.0,55161.0,55161.0,GOLF_20260609_062_public_single_task_task076_jonathan,score_or_cost_updated
2026-06-09T20:25:36,task034,13.425828929592994,13.425828929592994,0.0,106316.0,106316.0,GOLF_20260609_062_public_single_task_task076_jonathan,score_or_cost_updated
2026-06-09T20:25:36,task035,15.36028269986934,15.36028269986934,0.0,15363.0,15363.0,GOLF_20260609_062_public_single_task_task076_jonathan,score_or_cost_updated
2026-06-09T20:25:36,task036,13.710918331458375,13.710918331458375,0.0,79944.0,79944.0,GOLF_20260609_062_public_single_task_task076_jonathan,score_or_cost_updated
2026-06-09T20:25:36,task037,13.937652078450405,13.937652078450405,0.0,63726.0,63726.0,GOLF_20260609_062_public_single_task_task076_jonathan,score_or_cost_updated
2026-06-09T20:25:36,task038,17.315675932318847,17.315675932318847,0.0,2174.0,2174.0,GOLF_20260609_062_public_single_task_task076_jonathan,score_or_cost_updated
2026-06-09T20:25:36,task039,16.04171718950267,16.04171718950267,0.0,7772.0,7772.0,GOLF_20260609_062_public_single_task_task076_jonathan,score_or_cost_updated
2026-06-09T20:25:36,task040,16.02944082049105,16.02944082049105,0.0,7868.0,7868.0,GOLF_20260609_062_public_single_task_task076_jonathan,score_or_cost_updated
2026-06-09T20:25:36,task041,15.626775765122337,15.626775765122337,0.0,11769.0,11769.0,GOLF_20260609_062_public_single_task_task076_jonathan,score_or_cost_updated
2026-06-09T20:25:36,task042,15.95018055485892,15.95018055485892,0.0,8517.0,8517.0,GOLF_20260609_062_public_single_task_task076_jonathan,score_or_cost_updated
2026-06-09T20:25:36,task043,16.129617933929865,16.129617933929865,0.0,7118.0,7118.0,GOLF_20260609_062_public_single_task_task076_jonathan,score_or_cost_updated
2026-06-09T20:25:36,task044,14.354527484820627,14.354527484820627,0.0,42002.0,42002.0,GOLF_20260609_062_public_single_task_task076_jonathan,score_or_cost_updated
2026-06-09T20:25:36,task045,16.0873920363291,16.0873920363291,0.0,7425.0,7425.0,GOLF_20260609_062_public_single_task_task076_jonathan,score_or_cost_updated
2026-06-09T20:25:36,task046,14.58291068075113,14.58291068075113,0.0,33426.0,33426.0,GOLF_20260609_062_public_single_task_task076_jonathan,score_or_cost_updated
2026-06-09T20:25:36,task047,16.985664262700574,16.985664262700574,0.0,3024.0,3024.0,GOLF_20260609_062_public_single_task_task076_jonathan,score_or_cost_updated
2026-06-09T20:25:36,task048,16.367872270491663,16.367872270491663,0.0,5609.0,5609.0,GOLF_20260609_062_public_single_task_task076_jonathan,score_or_cost_updated
2026-06-09T20:25:36,task049,14.674878758194124,14.674878758194124,0.0,30489.0,30489.0,GOLF_20260609_062_public_single_task_task076_jonathan,score_or_cost_updated
2026-06-09T20:25:36,task050,15.843587970049374,15.843587970049374,0.0,9475.0,9475.0,GOLF_20260609_062_public_single_task_task076_jonathan,score_or_cost_updated
2026-06-09T20:25:36,task051,13.866448009633856,13.866448009633856,0.0,68429.0,68429.0,GOLF_20260609_062_public_single_task_task076_jonathan,score_or_cost_updated
2026-06-09T20:25:36,task052,17.886857891292912,17.886857891292912,0.0,1228.0,1228.0,GOLF_20260609_062_public_single_task_task076_jonathan,score_or_cost_updated
2026-06-09T20:25:36,task053,21.598802618337846,21.598802618337846,0.0,30.0,30.0,GOLF_20260609_062_public_single_task_task076_jonathan,score_or_cost_updated
2026-06-09T20:25:36,task054,13.07796275080141,13.07796275080141,0.0,150548.0,150548.0,GOLF_20260609_062_public_single_task_task076_jonathan,score_or_cost_updated
2026-06-09T20:25:36,task055,14.820017720652668,14.820017720652668,0.0,26370.0,26370.0,GOLF_20260609_062_public_single_task_task076_jonathan,score_or_cost_updated
2026-06-09T20:25:36,task056,19.638707834290575,19.638707834290575,0.0,213.0,213.0,GOLF_20260609_062_public_single_task_task076_jonathan,score_or_cost_updated
2026-06-09T20:25:36,task057,15.354118052333183,15.354118052333183,0.0,15458.0,15458.0,GOLF_20260609_062_public_single_task_task076_jonathan,score_or_cost_updated
2026-06-09T20:25:36,task058,15.314295392535985,15.314295392535985,0.0,16086.0,16086.0,GOLF_20260609_062_public_single_task_task076_jonathan,score_or_cost_updated
2026-06-09T20:25:36,task059,15.077347278202861,15.077347278202861,0.0,20387.0,20387.0,GOLF_20260609_062_public_single_task_task076_jonathan,score_or_cost_updated
2026-06-09T20:25:36,task060,16.372876749211567,16.372876749211567,0.0,5581.0,5581.0,GOLF_20260609_062_public_single_task_task076_jonathan,score_or_cost_updated
2026-06-09T20:25:36,task061,15.152342332424542,15.152342332424542,0.0,18914.0,18914.0,GOLF_20260609_062_public_single_task_task076_jonathan,score_or_cost_updated
2026-06-09T20:25:36,task062,14.810807327896311,14.810807327896311,0.0,26614.0,26614.0,GOLF_20260609_062_public_single_task_task076_jonathan,score_or_cost_updated
2026-06-09T20:25:36,task063,14.666940264012474,14.666940264012474,0.0,30732.0,30732.0,GOLF_20260609_062_public_single_task_task076_jonathan,score_or_cost_updated
2026-06-09T20:25:36,task064,13.354705067178468,13.354705067178468,0.0,114153.0,114153.0,GOLF_20260609_062_public_single_task_task076_jonathan,score_or_cost_updated
2026-06-09T20:25:36,task065,14.534186050835478,14.534186050835478,0.0,35095.0,35095.0,GOLF_20260609_062_public_single_task_task076_jonathan,score_or_cost_updated
2026-06-09T20:25:36,task066,13.455382088297283,13.455382088297283,0.0,103220.0,103220.0,GOLF_20260609_062_public_single_task_task076_jonathan,score_or_cost_updated
2026-06-09T20:25:36,task067,19.247427361174367,19.247427361174367,0.0,315.0,315.0,GOLF_20260609_062_public_single_task_task076_jonathan,score_or_cost_updated
2026-06-09T20:25:36,task068,15.55942130423374,15.55942130423374,0.0,12589.0,12589.0,GOLF_20260609_062_public_single_task_task076_jonathan,score_or_cost_updated
2026-06-09T20:25:36,task069,13.658456151785392,13.658456151785392,0.0,84250.0,84250.0,GOLF_20260609_062_public_single_task_task076_jonathan,score_or_cost_updated
2026-06-09T20:25:36,task070,15.910020984695,15.910020984695,0.0,8866.0,8866.0,GOLF_20260609_062_public_single_task_task076_jonathan,score_or_cost_updated
2026-06-09T20:25:36,task071,13.238317819353261,13.238317819353261,0.0,128243.0,128243.0,GOLF_20260609_062_public_single_task_task076_jonathan,score_or_cost_updated
2026-06-09T20:25:36,task072,17.8229812340901,17.8229812340901,0.0,1309.0,1309.0,GOLF_20260609_062_public_single_task_task076_jonathan,score_or_cost_updated
2026-06-09T20:25:36,task073,18.186555400489105,18.186555400489105,0.0,910.0,910.0,GOLF_20260609_062_public_single_task_task076_jonathan,score_or_cost_updated
2026-06-09T20:25:36,task074,15.009188619292196,15.009188619292196,0.0,21825.0,21825.0,GOLF_20260609_062_public_single_task_task076_jonathan,score_or_cost_updated
2026-06-09T20:25:36,task075,14.742796878157792,14.742796878157792,0.0,28487.0,28487.0,GOLF_20260609_062_public_single_task_task076_jonathan,score_or_cost_updated
2026-06-09T20:25:36,task076,12.292867258634116,14.503627688842322,2.2107604302082056,330094.0,36184.0,GOLF_20260609_062_public_single_task_task076_jonathan,score_or_cost_updated
2026-06-09T20:25:36,task077,13.032857358715912,13.032857358715912,0.0,157494.0,157494.0,GOLF_20260609_062_public_single_task_task076_jonathan,score_or_cost_updated
2026-06-09T20:25:36,task078,15.65024557224114,15.65024557224114,0.0,11496.0,11496.0,GOLF_20260609_062_public_single_task_task076_jonathan,score_or_cost_updated
2026-06-09T20:25:36,task079,15.029648507210364,15.029648507210364,0.0,21383.0,21383.0,GOLF_20260609_062_public_single_task_task076_jonathan,score_or_cost_updated
2026-06-09T20:25:36,task080,14.353266435603462,14.353266435603462,0.0,42055.0,42055.0,GOLF_20260609_062_public_single_task_task076_jonathan,score_or_cost_updated
2026-06-09T20:25:36,task081,17.256296741826247,17.256296741826247,0.0,2307.0,2307.0,GOLF_20260609_062_public_single_task_task076_jonathan,score_or_cost_updated
2026-06-09T20:25:36,task082,15.818470709877937,15.818470709877937,0.0,9716.0,9716.0,GOLF_20260609_062_public_single_task_task076_jonathan,score_or_cost_updated
2026-06-09T20:25:36,task083,17.504458056115745,17.504458056115745,0.0,1800.0,1800.0,GOLF_20260609_062_public_single_task_task076_jonathan,score_or_cost_updated
2026-06-09T20:25:36,task084,15.121163810905001,15.121163810905001,0.0,19513.0,19513.0,GOLF_20260609_062_public_single_task_task076_jonathan,score_or_cost_updated
2026-06-09T20:25:36,task085,13.36328292042622,13.36328292042622,0.0,113178.0,113178.0,GOLF_20260609_062_public_single_task_task076_jonathan,score_or_cost_updated
2026-06-09T20:25:36,task086,14.83966336368449,14.83966336368449,0.0,25857.0,25857.0,GOLF_20260609_062_public_single_task_task076_jonathan,score_or_cost_updated
2026-06-09T20:25:36,task087,19.09191706183107,19.09191706183107,0.0,368.0,368.0,GOLF_20260609_062_public_single_task_task076_jonathan,score_or_cost_updated
2026-06-09T20:25:36,task088,13.80499590787612,13.80499590787612,0.0,72766.0,72766.0,GOLF_20260609_062_public_single_task_task076_jonathan,score_or_cost_updated
2026-06-09T20:25:36,task089,14.186179427563964,14.186179427563964,0.0,49703.0,49703.0,GOLF_20260609_062_public_single_task_task076_jonathan,score_or_cost_updated
2026-06-09T20:25:36,task090,13.94350667496543,13.94350667496543,0.0,63354.0,63354.0,GOLF_20260609_062_public_single_task_task076_jonathan,score_or_cost_updated
2026-06-09T20:25:36,task091,14.151323325547068,14.151323325547068,0.0,51466.0,51466.0,GOLF_20260609_062_public_single_task_task076_jonathan,score_or_cost_updated
2026-06-09T20:25:36,task092,14.25734036914603,14.25734036914603,0.0,46289.0,46289.0,GOLF_20260609_062_public_single_task_task076_jonathan,score_or_cost_updated
2026-06-09T20:25:36,task093,15.354118052333183,15.354118052333183,0.0,15458.0,15458.0,GOLF_20260609_062_public_single_task_task076_jonathan,score_or_cost_updated
2026-06-09T20:25:36,task094,15.745451373359497,15.745451373359497,0.0,10452.0,10452.0,GOLF_20260609_062_public_single_task_task076_jonathan,score_or_cost_updated
2026-06-09T20:25:36,task095,18.186555400489105,18.186555400489105,0.0,910.0,910.0,GOLF_20260609_062_public_single_task_task076_jonathan,score_or_cost_updated
2026-06-09T20:25:36,task096,12.827184286371278,12.827184286371278,0.0,193458.0,193458.0,GOLF_20260609_062_public_single_task_task076_jonathan,score_or_cost_updated
2026-06-09T20:25:36,task097,15.20070697648173,15.20070697648173,0.0,18021.0,18021.0,GOLF_20260609_062_public_single_task_task076_jonathan,score_or_cost_updated
2026-06-09T20:25:36,task098,18.186555400489105,18.186555400489105,0.0,910.0,910.0,GOLF_20260609_062_public_single_task_task076_jonathan,score_or_cost_updated
2026-06-09T20:25:36,task099,16.500970779211436,16.500970779211436,0.0,4910.0,4910.0,GOLF_20260609_062_public_single_task_task076_jonathan,score_or_cost_updated
2026-06-09T20:25:36,task100,16.21491936346016,16.21491936346016,0.0,6536.0,6536.0,GOLF_20260609_062_public_single_task_task076_jonathan,score_or_cost_updated
2026-06-09T20:25:36,task101,12.166837180696787,12.166837180696787,0.0,374431.0,374431.0,GOLF_20260609_062_public_single_task_task076_jonathan,score_or_cost_updated
2026-06-09T20:25:36,task102,15.558071829926945,15.558071829926945,0.0,12606.0,12606.0,GOLF_20260609_062_public_single_task_task076_jonathan,score_or_cost_updated
2026-06-09T20:25:36,task103,19.737309811095116,19.737309811095116,0.0,193.0,193.0,GOLF_20260609_062_public_single_task_task076_jonathan,score_or_cost_updated
2026-06-09T20:25:36,task104,16.788788638206977,16.788788638206977,0.0,3682.0,3682.0,GOLF_20260609_062_public_single_task_task076_jonathan,score_or_cost_updated
2026-06-09T20:25:36,task105,16.138508135713085,16.138508135713085,0.0,7055.0,7055.0,GOLF_20260609_062_public_single_task_task076_jonathan,score_or_cost_updated
2026-06-09T20:25:36,task106,17.940382371708615,17.940382371708615,0.0,1164.0,1164.0,GOLF_20260609_062_public_single_task_task076_jonathan,score_or_cost_updated
2026-06-09T20:25:36,task107,13.799992367549814,13.799992367549814,0.0,73131.0,73131.0,GOLF_20260609_062_public_single_task_task076_jonathan,score_or_cost_updated
2026-06-09T20:25:36,task108,17.504458056115745,17.504458056115745,0.0,1800.0,1800.0,GOLF_20260609_062_public_single_task_task076_jonathan,score_or_cost_updated
2026-06-09T20:25:36,task109,13.539652865248629,13.539652865248629,0.0,94878.0,94878.0,GOLF_20260609_062_public_single_task_task076_jonathan,score_or_cost_updated
2026-06-09T20:25:36,task110,13.411104725742392,13.411104725742392,0.0,107893.0,107893.0,GOLF_20260609_062_public_single_task_task076_jonathan,score_or_cost_updated
2026-06-09T20:25:36,task111,18.319145321209785,18.319145321209785,0.0,797.0,797.0,GOLF_20260609_062_public_single_task_task076_jonathan,score_or_cost_updated
2026-06-09T20:25:36,task112,14.010141445218116,14.010141445218116,0.0,59270.0,59270.0,GOLF_20260609_062_public_single_task_task076_jonathan,score_or_cost_updated
2026-06-09T20:25:36,task113,21.598802618337846,21.598802618337846,0.0,30.0,30.0,GOLF_20260609_062_public_single_task_task076_jonathan,score_or_cost_updated
2026-06-09T20:25:36,task114,17.869901489874422,17.869901489874422,0.0,1249.0,1249.0,GOLF_20260609_062_public_single_task_task076_jonathan,score_or_cost_updated
2026-06-09T20:25:36,task115,16.67663430556392,16.67663430556392,0.0,4119.0,4119.0,GOLF_20260609_062_public_single_task_task076_jonathan,score_or_cost_updated
2026-06-09T20:25:36,task116,21.598802618337846,21.598802618337846,0.0,30.0,30.0,GOLF_20260609_062_public_single_task_task076_jonathan,score_or_cost_updated
2026-06-09T20:25:36,task117,15.202317506360849,15.202317506360849,0.0,17992.0,17992.0,GOLF_20260609_062_public_single_task_task076_jonathan,score_or_cost_updated
2026-06-09T20:25:36,task118,13.336192047071197,13.336192047071197,0.0,116286.0,116286.0,GOLF_20260609_062_public_single_task_task076_jonathan,score_or_cost_updated
2026-06-09T20:25:36,task119,15.297955663465414,15.297955663465414,0.0,16351.0,16351.0,GOLF_20260609_062_public_single_task_task076_jonathan,score_or_cost_updated
2026-06-09T20:25:36,task120,18.186555400489105,18.186555400489105,0.0,910.0,910.0,GOLF_20260609_062_public_single_task_task076_jonathan,score_or_cost_updated
2026-06-09T20:25:36,task121,16.215837777729526,16.215837777729526,0.0,6530.0,6530.0,GOLF_20260609_062_public_single_task_task076_jonathan,score_or_cost_updated
2026-06-09T20:25:36,task122,17.17196196787417,17.17196196787417,0.0,2510.0,2510.0,GOLF_20260609_062_public_single_task_task076_jonathan,score_or_cost_updated
2026-06-09T20:25:36,task123,16.680526307557813,16.680526307557813,0.0,4103.0,4103.0,GOLF_20260609_062_public_single_task_task076_jonathan,score_or_cost_updated
2026-06-09T20:25:36,task124,15.634966238347337,15.634966238347337,0.0,11673.0,11673.0,GOLF_20260609_062_public_single_task_task076_jonathan,score_or_cost_updated
2026-06-09T20:25:36,task125,15.495796696496955,15.495796696496955,0.0,13416.0,13416.0,GOLF_20260609_062_public_single_task_task076_jonathan,score_or_cost_updated
2026-06-09T20:25:36,task126,13.636839844664504,13.636839844664504,0.0,86091.0,86091.0,GOLF_20260609_062_public_single_task_task076_jonathan,score_or_cost_updated
2026-06-09T20:25:36,task127,18.197605236675688,18.197605236675688,0.0,900.0,900.0,GOLF_20260609_062_public_single_task_task076_jonathan,score_or_cost_updated
2026-06-09T20:25:36,task128,13.693373260405208,13.693373260405208,0.0,81359.0,81359.0,GOLF_20260609_062_public_single_task_task076_jonathan,score_or_cost_updated
2026-06-09T20:25:36,task129,18.306676331730053,18.306676331730053,0.0,807.0,807.0,GOLF_20260609_062_public_single_task_task076_jonathan,score_or_cost_updated
2026-06-09T20:25:36,task130,15.323538526042306,15.323538526042306,0.0,15938.0,15938.0,GOLF_20260609_062_public_single_task_task076_jonathan,score_or_cost_updated
2026-06-09T20:25:36,task131,14.295632567101045,14.295632567101045,0.0,44550.0,44550.0,GOLF_20260609_062_public_single_task_task076_jonathan,score_or_cost_updated
2026-06-09T20:25:36,task132,14.709279200950512,14.709279200950512,0.0,29458.0,29458.0,GOLF_20260609_062_public_single_task_task076_jonathan,score_or_cost_updated
2026-06-09T20:25:36,task133,12.810671762888107,12.810671762888107,0.0,196679.0,196679.0,GOLF_20260609_062_public_single_task_task076_jonathan,score_or_cost_updated
2026-06-09T20:25:36,task134,15.576162453761413,15.576162453761413,0.0,12380.0,12380.0,GOLF_20260609_062_public_single_task_task076_jonathan,score_or_cost_updated
2026-06-09T20:25:36,task135,19.113895968549844,19.113895968549844,0.0,360.0,360.0,GOLF_20260609_062_public_single_task_task076_jonathan,score_or_cost_updated
2026-06-09T20:25:36,task136,16.516156788265317,16.516156788265317,0.0,4836.0,4836.0,GOLF_20260609_062_public_single_task_task076_jonathan,score_or_cost_updated
2026-06-09T20:25:36,task137,13.821401075304742,13.821401075304742,0.0,71582.0,71582.0,GOLF_20260609_062_public_single_task_task076_jonathan,score_or_cost_updated
2026-06-09T20:25:36,task138,14.211361567031112,14.211361567031112,0.0,48467.0,48467.0,GOLF_20260609_062_public_single_task_task076_jonathan,score_or_cost_updated
2026-06-09T20:25:36,task139,16.803012072741105,16.803012072741105,0.0,3630.0,3630.0,GOLF_20260609_062_public_single_task_task076_jonathan,score_or_cost_updated
2026-06-09T20:25:36,task140,19.09191706183107,19.09191706183107,0.0,368.0,368.0,GOLF_20260609_062_public_single_task_task076_jonathan,score_or_cost_updated
2026-06-09T20:25:36,task141,15.33103297180142,15.33103297180142,0.0,15819.0,15819.0,GOLF_20260609_062_public_single_task_task076_jonathan,score_or_cost_updated
2026-06-09T20:25:36,task142,17.504458056115745,17.504458056115745,0.0,1800.0,1800.0,GOLF_20260609_062_public_single_task_task076_jonathan,score_or_cost_updated
2026-06-09T20:25:36,task143,15.12486048297936,15.12486048297936,0.0,19441.0,19441.0,GOLF_20260609_062_public_single_task_task076_jonathan,score_or_cost_updated
2026-06-09T20:25:36,task144,18.93621479131239,18.93621479131239,0.0,430.0,430.0,GOLF_20260609_062_public_single_task_task076_jonathan,score_or_cost_updated
2026-06-09T20:25:36,task145,13.847226946929018,13.847226946929018,0.0,69757.0,69757.0,GOLF_20260609_062_public_single_task_task076_jonathan,score_or_cost_updated
2026-06-09T20:25:36,task146,17.27865138738205,17.27865138738205,0.0,2256.0,2256.0,GOLF_20260609_062_public_single_task_task076_jonathan,score_or_cost_updated
2026-06-09T20:25:36,task147,18.186555400489105,18.186555400489105,0.0,910.0,910.0,GOLF_20260609_062_public_single_task_task076_jonathan,score_or_cost_updated
2026-06-09T20:25:36,task148,14.99988495388028,14.99988495388028,0.0,22029.0,22029.0,GOLF_20260609_062_public_single_task_task076_jonathan,score_or_cost_updated
2026-06-09T20:25:36,task149,19.54041448585584,19.54041448585584,0.0,235.0,235.0,GOLF_20260609_062_public_single_task_task076_jonathan,score_or_cost_updated
2026-06-09T20:25:36,task150,18.47643769385049,18.47643769385049,0.0,681.0,681.0,GOLF_20260609_062_public_single_task_task076_jonathan,score_or_cost_updated
2026-06-09T20:25:36,task151,18.186555400489105,18.186555400489105,0.0,910.0,910.0,GOLF_20260609_062_public_single_task_task076_jonathan,score_or_cost_updated
2026-06-09T20:25:36,task152,17.504458056115745,17.504458056115745,0.0,1800.0,1800.0,GOLF_20260609_062_public_single_task_task076_jonathan,score_or_cost_updated
2026-06-09T20:25:36,task153,15.029134212133924,15.029134212133924,0.0,21394.0,21394.0,GOLF_20260609_062_public_single_task_task076_jonathan,score_or_cost_updated
2026-06-09T20:25:36,task154,14.596525348878876,14.596525348878876,0.0,32974.0,32974.0,GOLF_20260609_062_public_single_task_task076_jonathan,score_or_cost_updated
2026-06-09T20:25:36,task155,18.47643769385049,18.47643769385049,0.0,681.0,681.0,GOLF_20260609_062_public_single_task_task076_jonathan,score_or_cost_updated
2026-06-09T20:25:36,task156,14.813177309255789,14.813177309255789,0.0,26551.0,26551.0,GOLF_20260609_062_public_single_task_task076_jonathan,score_or_cost_updated
2026-06-09T20:25:36,task157,13.72024316999107,13.72024316999107,0.0,79202.0,79202.0,GOLF_20260609_062_public_single_task_task076_jonathan,score_or_cost_updated
2026-06-09T20:25:36,task158,12.837576257600388,12.837576257600388,0.0,191458.0,191458.0,GOLF_20260609_062_public_single_task_task076_jonathan,score_or_cost_updated
2026-06-09T20:25:36,task159,15.067099286895523,15.067099286895523,0.0,20597.0,20597.0,GOLF_20260609_062_public_single_task_task076_jonathan,score_or_cost_updated
2026-06-09T20:25:36,task160,16.569454615309432,16.569454615309432,0.0,4585.0,4585.0,GOLF_20260609_062_public_single_task_task076_jonathan,score_or_cost_updated
2026-06-09T20:25:36,task161,13.923426777221719,13.923426777221719,0.0,64639.0,64639.0,GOLF_20260609_062_public_single_task_task076_jonathan,score_or_cost_updated
2026-06-09T20:25:36,task162,13.944501582071068,13.944501582071068,0.0,63291.0,63291.0,GOLF_20260609_062_public_single_task_task076_jonathan,score_or_cost_updated
2026-06-09T20:25:36,task163,14.911070763333674,14.911070763333674,0.0,24075.0,24075.0,GOLF_20260609_062_public_single_task_task076_jonathan,score_or_cost_updated
2026-06-09T20:25:36,task164,21.598802618337846,21.598802618337846,0.0,30.0,30.0,GOLF_20260609_062_public_single_task_task076_jonathan,score_or_cost_updated
2026-06-09T20:25:36,task165,13.87976163077872,13.87976163077872,0.0,67524.0,67524.0,GOLF_20260609_062_public_single_task_task076_jonathan,score_or_cost_updated
2026-06-09T20:25:36,task166,14.881844714630706,14.881844714630706,0.0,24789.0,24789.0,GOLF_20260609_062_public_single_task_task076_jonathan,score_or_cost_updated
2026-06-09T20:25:36,task167,18.470581161737776,18.470581161737776,0.0,685.0,685.0,GOLF_20260609_062_public_single_task_task076_jonathan,score_or_cost_updated
2026-06-09T20:25:36,task168,15.076562772156251,15.076562772156251,0.0,20403.0,20403.0,GOLF_20260609_062_public_single_task_task076_jonathan,score_or_cost_updated
2026-06-09T20:25:36,task169,14.929812271572874,14.929812271572874,0.0,23628.0,23628.0,GOLF_20260609_062_public_single_task_task076_jonathan,score_or_cost_updated
2026-06-09T20:25:36,task170,13.728331141770909,13.728331141770909,0.0,78564.0,78564.0,GOLF_20260609_062_public_single_task_task076_jonathan,score_or_cost_updated
2026-06-09T20:25:36,task171,18.186555400489105,18.186555400489105,0.0,910.0,910.0,GOLF_20260609_062_public_single_task_task076_jonathan,score_or_cost_updated
2026-06-09T20:25:36,task172,21.598802618337846,21.598802618337846,0.0,30.0,30.0,GOLF_20260609_062_public_single_task_task076_jonathan,score_or_cost_updated
2026-06-09T20:25:36,task173,12.926071138839562,12.926071138839562,0.0,175243.0,175243.0,GOLF_20260609_062_public_single_task_task076_jonathan,score_or_cost_updated
2026-06-09T20:25:36,task174,14.140635684557754,14.140635684557754,0.0,52019.0,52019.0,GOLF_20260609_062_public_single_task_task076_jonathan,score_or_cost_updated
2026-06-09T20:25:36,task175,13.54026436354389,13.54026436354389,0.0,94820.0,94820.0,GOLF_20260609_062_public_single_task_task076_jonathan,score_or_cost_updated
2026-06-09T20:25:36,task176,16.022853515191528,16.022853515191528,0.0,7920.0,7920.0,GOLF_20260609_062_public_single_task_task076_jonathan,score_or_cost_updated
2026-06-09T20:25:36,task177,13.978195575521427,13.978195575521427,0.0,61194.0,61194.0,GOLF_20260609_062_public_single_task_task076_jonathan,score_or_cost_updated
2026-06-09T20:25:36,task178,15.478065735525723,15.478065735525723,0.0,13656.0,13656.0,GOLF_20260609_062_public_single_task_task076_jonathan,score_or_cost_updated
2026-06-09T20:25:36,task179,25.0,25.0,0.0,0.0,0.0,GOLF_20260609_062_public_single_task_task076_jonathan,score_or_cost_updated
2026-06-09T20:25:36,task180,16.084030688626395,16.084030688626395,0.0,7450.0,7450.0,GOLF_20260609_062_public_single_task_task076_jonathan,score_or_cost_updated
2026-06-09T20:25:36,task181,17.91493570604745,17.91493570604745,0.0,1194.0,1194.0,GOLF_20260609_062_public_single_task_task076_jonathan,score_or_cost_updated
2026-06-09T20:25:36,task182,14.22901287975965,14.22901287975965,0.0,47619.0,47619.0,GOLF_20260609_062_public_single_task_task076_jonathan,score_or_cost_updated
2026-06-09T20:25:36,task183,14.878662884610772,14.878662884610772,0.0,24868.0,24868.0,GOLF_20260609_062_public_single_task_task076_jonathan,score_or_cost_updated
2026-06-09T20:25:36,task184,14.432407952356657,14.432407952356657,0.0,38855.0,38855.0,GOLF_20260609_062_public_single_task_task076_jonathan,score_or_cost_updated
2026-06-09T20:25:36,task185,14.00485763936326,14.00485763936326,0.0,59584.0,59584.0,GOLF_20260609_062_public_single_task_task076_jonathan,score_or_cost_updated
2026-06-09T20:25:36,task186,19.10284613236326,19.10284613236326,0.0,364.0,364.0,GOLF_20260609_062_public_single_task_task076_jonathan,score_or_cost_updated
2026-06-09T20:25:36,task187,13.654168620492959,13.654168620492959,0.0,84612.0,84612.0,GOLF_20260609_062_public_single_task_task076_jonathan,score_or_cost_updated
2026-06-09T20:25:36,task188,15.692532917293095,15.692532917293095,0.0,11020.0,11020.0,GOLF_20260609_062_public_single_task_task076_jonathan,score_or_cost_updated
2026-06-09T20:25:36,task189,14.887914167591697,14.887914167591697,0.0,24639.0,24639.0,GOLF_20260609_062_public_single_task_task076_jonathan,score_or_cost_updated
2026-06-09T20:25:36,task190,15.675973863620001,15.675973863620001,0.0,11204.0,11204.0,GOLF_20260609_062_public_single_task_task076_jonathan,score_or_cost_updated
2026-06-09T20:25:36,task191,13.638839729058745,13.638839729058745,0.0,85919.0,85919.0,GOLF_20260609_062_public_single_task_task076_jonathan,score_or_cost_updated
2026-06-09T20:25:36,task192,14.14161657647865,14.14161657647865,0.0,51968.0,51968.0,GOLF_20260609_062_public_single_task_task076_jonathan,score_or_cost_updated
2026-06-09T20:25:36,task193,14.109558240338645,14.109558240338645,0.0,53661.0,53661.0,GOLF_20260609_062_public_single_task_task076_jonathan,score_or_cost_updated
2026-06-09T20:25:36,task194,17.504458056115745,17.504458056115745,0.0,1800.0,1800.0,GOLF_20260609_062_public_single_task_task076_jonathan,score_or_cost_updated
2026-06-09T20:25:36,task195,15.436962585454308,15.436962585454308,0.0,14229.0,14229.0,GOLF_20260609_062_public_single_task_task076_jonathan,score_or_cost_updated
2026-06-09T20:25:36,task196,14.619005786490737,14.619005786490737,0.0,32241.0,32241.0,GOLF_20260609_062_public_single_task_task076_jonathan,score_or_cost_updated
2026-06-09T20:25:36,task197,14.166555524825903,14.166555524825903,0.0,50688.0,50688.0,GOLF_20260609_062_public_single_task_task076_jonathan,score_or_cost_updated
2026-06-09T20:25:36,task198,13.449576458609688,13.449576458609688,0.0,103821.0,103821.0,GOLF_20260609_062_public_single_task_task076_jonathan,score_or_cost_updated
2026-06-09T20:25:36,task199,15.30989132872317,15.30989132872317,0.0,16157.0,16157.0,GOLF_20260609_062_public_single_task_task076_jonathan,score_or_cost_updated
2026-06-09T20:25:36,task200,16.90867872646959,16.90867872646959,0.0,3266.0,3266.0,GOLF_20260609_062_public_single_task_task076_jonathan,score_or_cost_updated
2026-06-09T20:25:36,task201,13.562876248446054,13.562876248446054,0.0,92700.0,92700.0,GOLF_20260609_062_public_single_task_task076_jonathan,score_or_cost_updated
2026-06-09T20:25:36,task202,13.258187509088495,13.258187509088495,0.0,125720.0,125720.0,GOLF_20260609_062_public_single_task_task076_jonathan,score_or_cost_updated
2026-06-09T20:25:36,task203,13.610350127195805,13.610350127195805,0.0,88402.0,88402.0,GOLF_20260609_062_public_single_task_task076_jonathan,score_or_cost_updated
2026-06-09T20:25:36,task204,13.307707338062253,13.307707338062253,0.0,119646.0,119646.0,GOLF_20260609_062_public_single_task_task076_jonathan,score_or_cost_updated
2026-06-09T20:25:36,task205,13.370955104619776,13.370955104619776,0.0,112313.0,112313.0,GOLF_20260609_062_public_single_task_task076_jonathan,score_or_cost_updated
2026-06-09T20:25:36,task206,13.975062924893004,13.975062924893004,0.0,61386.0,61386.0,GOLF_20260609_062_public_single_task_task076_jonathan,score_or_cost_updated
2026-06-09T20:25:36,task207,17.463636061595487,17.463636061595487,0.0,1875.0,1875.0,GOLF_20260609_062_public_single_task_task076_jonathan,score_or_cost_updated
2026-06-09T20:25:36,task208,14.236326566974489,14.236326566974489,0.0,47272.0,47272.0,GOLF_20260609_062_public_single_task_task076_jonathan,score_or_cost_updated
2026-06-09T20:25:36,task209,13.28530989269121,13.28530989269121,0.0,122356.0,122356.0,GOLF_20260609_062_public_single_task_task076_jonathan,score_or_cost_updated
2026-06-09T20:25:36,task210,21.598802618337846,21.598802618337846,0.0,30.0,30.0,GOLF_20260609_062_public_single_task_task076_jonathan,score_or_cost_updated
2026-06-09T20:25:36,task211,17.504458056115745,17.504458056115745,0.0,1800.0,1800.0,GOLF_20260609_062_public_single_task_task076_jonathan,score_or_cost_updated
2026-06-09T20:25:36,task212,15.876307434749489,15.876307434749489,0.0,9170.0,9170.0,GOLF_20260609_062_public_single_task_task076_jonathan,score_or_cost_updated
2026-06-09T20:25:36,task213,14.177325912477691,14.177325912477691,0.0,50145.0,50145.0,GOLF_20260609_062_public_single_task_task076_jonathan,score_or_cost_updated
2026-06-09T20:25:36,task214,17.504458056115745,17.504458056115745,0.0,1800.0,1800.0,GOLF_20260609_062_public_single_task_task076_jonathan,score_or_cost_updated
2026-06-09T20:25:36,task215,14.452187931601495,14.452187931601495,0.0,38094.0,38094.0,GOLF_20260609_062_public_single_task_task076_jonathan,score_or_cost_updated
2026-06-09T20:25:36,task216,13.451977697992342,13.451977697992342,0.0,103572.0,103572.0,GOLF_20260609_062_public_single_task_task076_jonathan,score_or_cost_updated
2026-06-09T20:25:36,task217,15.206104124093967,15.206104124093967,0.0,17924.0,17924.0,GOLF_20260609_062_public_single_task_task076_jonathan,score_or_cost_updated
2026-06-09T20:25:36,task218,14.948006239164648,14.948006239164648,0.0,23202.0,23202.0,GOLF_20260609_062_public_single_task_task076_jonathan,score_or_cost_updated
2026-06-09T20:25:36,task219,13.651395086474174,13.651395086474174,0.0,84847.0,84847.0,GOLF_20260609_062_public_single_task_task076_jonathan,score_or_cost_updated
2026-06-09T20:25:36,task220,18.197605236675688,18.197605236675688,0.0,900.0,900.0,GOLF_20260609_062_public_single_task_task076_jonathan,score_or_cost_updated
2026-06-09T20:25:36,task221,14.069235056400384,14.069235056400384,0.0,55869.0,55869.0,GOLF_20260609_062_public_single_task_task076_jonathan,score_or_cost_updated
2026-06-09T20:25:36,task222,14.031198444197276,14.031198444197276,0.0,58035.0,58035.0,GOLF_20260609_062_public_single_task_task076_jonathan,score_or_cost_updated
2026-06-09T20:25:36,task223,17.504458056115745,17.504458056115745,0.0,1800.0,1800.0,GOLF_20260609_062_public_single_task_task076_jonathan,score_or_cost_updated
2026-06-09T20:25:36,task224,14.275455898281896,14.275455898281896,0.0,45458.0,45458.0,GOLF_20260609_062_public_single_task_task076_jonathan,score_or_cost_updated
2026-06-09T20:25:36,task225,15.68728356140695,15.68728356140695,0.0,11078.0,11078.0,GOLF_20260609_062_public_single_task_task076_jonathan,score_or_cost_updated
2026-06-09T20:25:36,task226,16.53220715887889,16.53220715887889,0.0,4759.0,4759.0,GOLF_20260609_062_public_single_task_task076_jonathan,score_or_cost_updated
2026-06-09T20:25:36,task227,17.018266713308115,17.018266713308115,0.0,2927.0,2927.0,GOLF_20260609_062_public_single_task_task076_jonathan,score_or_cost_updated
2026-06-09T20:25:36,task228,14.86993479941538,14.86993479941538,0.0,25086.0,25086.0,GOLF_20260609_062_public_single_task_task076_jonathan,score_or_cost_updated
2026-06-09T20:25:36,task229,17.74936448810132,17.74936448810132,0.0,1409.0,1409.0,GOLF_20260609_062_public_single_task_task076_jonathan,score_or_cost_updated
2026-06-09T20:25:36,task230,18.197605236675688,18.197605236675688,0.0,900.0,900.0,GOLF_20260609_062_public_single_task_task076_jonathan,score_or_cost_updated
2026-06-09T20:25:36,task231,14.445698819920006,14.445698819920006,0.0,38342.0,38342.0,GOLF_20260609_062_public_single_task_task076_jonathan,score_or_cost_updated
2026-06-09T20:25:36,task232,14.707956157758622,14.707956157758622,0.0,29497.0,29497.0,GOLF_20260609_062_public_single_task_task076_jonathan,score_or_cost_updated
2026-06-09T20:25:36,task233,10.679645472747369,10.679645472747369,0.0,1656727.0,1656727.0,GOLF_20260609_062_public_single_task_task076_jonathan,score_or_cost_updated
2026-06-09T20:25:36,task234,13.689154000119816,13.689154000119816,0.0,81703.0,81703.0,GOLF_20260609_062_public_single_task_task076_jonathan,score_or_cost_updated
2026-06-09T20:25:36,task235,17.801068759311825,17.801068759311825,0.0,1338.0,1338.0,GOLF_20260609_062_public_single_task_task076_jonathan,score_or_cost_updated
2026-06-09T20:25:36,task236,18.53385527576238,18.53385527576238,0.0,643.0,643.0,GOLF_20260609_062_public_single_task_task076_jonathan,score_or_cost_updated
2026-06-09T20:25:36,task237,15.430308268881676,15.430308268881676,0.0,14324.0,14324.0,GOLF_20260609_062_public_single_task_task076_jonathan,score_or_cost_updated
2026-06-09T20:25:36,task238,13.927876707427622,13.927876707427622,0.0,64352.0,64352.0,GOLF_20260609_062_public_single_task_task076_jonathan,score_or_cost_updated
2026-06-09T20:25:36,task239,13.54388830238479,13.54388830238479,0.0,94477.0,94477.0,GOLF_20260609_062_public_single_task_task076_jonathan,score_or_cost_updated
2026-06-09T20:25:36,task240,14.765519480374964,14.765519480374964,0.0,27847.0,27847.0,GOLF_20260609_062_public_single_task_task076_jonathan,score_or_cost_updated
2026-06-09T20:25:36,task241,25.0,25.0,0.0,0.0,0.0,GOLF_20260609_062_public_single_task_task076_jonathan,score_or_cost_updated
2026-06-09T20:25:36,task242,16.02905960185755,16.02905960185755,0.0,7871.0,7871.0,GOLF_20260609_062_public_single_task_task076_jonathan,score_or_cost_updated
2026-06-09T20:25:36,task243,13.401208814053447,13.401208814053447,0.0,108966.0,108966.0,GOLF_20260609_062_public_single_task_task076_jonathan,score_or_cost_updated
2026-06-09T20:25:36,task244,14.633344629227418,14.633344629227418,0.0,31782.0,31782.0,GOLF_20260609_062_public_single_task_task076_jonathan,score_or_cost_updated
2026-06-09T20:25:36,task245,14.724535183516696,14.724535183516696,0.0,29012.0,29012.0,GOLF_20260609_062_public_single_task_task076_jonathan,score_or_cost_updated
2026-06-09T20:25:36,task246,15.497661881504435,15.497661881504435,0.0,13391.0,13391.0,GOLF_20260609_062_public_single_task_task076_jonathan,score_or_cost_updated
2026-06-09T20:25:36,task247,16.272870084756832,16.272870084756832,0.0,6168.0,6168.0,GOLF_20260609_062_public_single_task_task076_jonathan,score_or_cost_updated
2026-06-09T20:25:36,task248,16.218905264797385,16.218905264797385,0.0,6510.0,6510.0,GOLF_20260609_062_public_single_task_task076_jonathan,score_or_cost_updated
2026-06-09T20:25:36,task249,18.477907201829847,18.477907201829847,0.0,680.0,680.0,GOLF_20260609_062_public_single_task_task076_jonathan,score_or_cost_updated
2026-06-09T20:25:36,task250,15.59573893538651,15.59573893538651,0.0,12140.0,12140.0,GOLF_20260609_062_public_single_task_task076_jonathan,score_or_cost_updated
2026-06-09T20:25:36,task251,13.481291290274044,13.481291290274044,0.0,100580.0,100580.0,GOLF_20260609_062_public_single_task_task076_jonathan,score_or_cost_updated
2026-06-09T20:25:36,task252,14.453028311923028,14.453028311923028,0.0,38062.0,38062.0,GOLF_20260609_062_public_single_task_task076_jonathan,score_or_cost_updated
2026-06-09T20:25:36,task253,14.215455188361384,14.215455188361384,0.0,48269.0,48269.0,GOLF_20260609_062_public_single_task_task076_jonathan,score_or_cost_updated
2026-06-09T20:25:36,task254,16.018318360026136,16.018318360026136,0.0,7956.0,7956.0,GOLF_20260609_062_public_single_task_task076_jonathan,score_or_cost_updated
2026-06-09T20:25:36,task255,11.62208628955128,11.62208628955128,0.0,645586.0,645586.0,GOLF_20260609_062_public_single_task_task076_jonathan,score_or_cost_updated
2026-06-09T20:25:36,task256,15.197383057848846,15.197383057848846,0.0,18081.0,18081.0,GOLF_20260609_062_public_single_task_task076_jonathan,score_or_cost_updated
2026-06-09T20:25:36,task257,18.01806532284361,18.01806532284361,0.0,1077.0,1077.0,GOLF_20260609_062_public_single_task_task076_jonathan,score_or_cost_updated
2026-06-09T20:25:36,task258,19.924826184766175,19.924826184766175,0.0,160.0,160.0,GOLF_20260609_062_public_single_task_task076_jonathan,score_or_cost_updated
2026-06-09T20:25:36,task259,16.169018489047502,16.169018489047502,0.0,6843.0,6843.0,GOLF_20260609_062_public_single_task_task076_jonathan,score_or_cost_updated
2026-06-09T20:25:36,task260,15.568678412874291,15.568678412874291,0.0,12473.0,12473.0,GOLF_20260609_062_public_single_task_task076_jonathan,score_or_cost_updated
2026-06-09T20:25:36,task261,19.701682633451963,19.701682633451963,0.0,200.0,200.0,GOLF_20260609_062_public_single_task_task076_jonathan,score_or_cost_updated
2026-06-09T20:25:36,task262,16.765169719557946,16.765169719557946,0.0,3770.0,3770.0,GOLF_20260609_062_public_single_task_task076_jonathan,score_or_cost_updated
2026-06-09T20:25:36,task263,16.006075858588602,16.006075858588602,0.0,8054.0,8054.0,GOLF_20260609_062_public_single_task_task076_jonathan,score_or_cost_updated
2026-06-09T20:25:36,task264,13.720116918523228,13.720116918523228,0.0,79212.0,79212.0,GOLF_20260609_062_public_single_task_task076_jonathan,score_or_cost_updated
2026-06-09T20:25:36,task265,14.424537832136728,14.424537832136728,0.0,39162.0,39162.0,GOLF_20260609_062_public_single_task_task076_jonathan,score_or_cost_updated
2026-06-09T20:25:36,task266,18.186555400489105,18.186555400489105,0.0,910.0,910.0,GOLF_20260609_062_public_single_task_task076_jonathan,score_or_cost_updated
2026-06-09T20:25:36,task267,17.904106778902467,17.904106778902467,0.0,1207.0,1207.0,GOLF_20260609_062_public_single_task_task076_jonathan,score_or_cost_updated
2026-06-09T20:25:36,task268,14.983808957550787,14.983808957550787,0.0,22386.0,22386.0,GOLF_20260609_062_public_single_task_task076_jonathan,score_or_cost_updated
2026-06-09T20:25:36,task269,15.940249986656319,15.940249986656319,0.0,8602.0,8602.0,GOLF_20260609_062_public_single_task_task076_jonathan,score_or_cost_updated
2026-06-09T20:25:36,task270,14.853527053936123,14.853527053936123,0.0,25501.0,25501.0,GOLF_20260609_062_public_single_task_task076_jonathan,score_or_cost_updated
2026-06-09T20:25:36,task271,14.725259284025897,14.725259284025897,0.0,28991.0,28991.0,GOLF_20260609_062_public_single_task_task076_jonathan,score_or_cost_updated
2026-06-09T20:25:36,task272,18.86877351051686,18.86877351051686,0.0,460.0,460.0,GOLF_20260609_062_public_single_task_task076_jonathan,score_or_cost_updated
2026-06-09T20:25:36,task273,16.311040765729324,16.311040765729324,0.0,5937.0,5937.0,GOLF_20260609_062_public_single_task_task076_jonathan,score_or_cost_updated
2026-06-09T20:25:36,task274,15.942694264192879,15.942694264192879,0.0,8581.0,8581.0,GOLF_20260609_062_public_single_task_task076_jonathan,score_or_cost_updated
2026-06-09T20:25:36,task275,13.662869436848247,13.662869436848247,0.0,83879.0,83879.0,GOLF_20260609_062_public_single_task_task076_jonathan,score_or_cost_updated
2026-06-09T20:25:36,task276,22.697414907005953,22.697414907005953,0.0,10.0,10.0,GOLF_20260609_062_public_single_task_task076_jonathan,score_or_cost_updated
2026-06-09T20:25:36,task277,15.410059486110708,15.410059486110708,0.0,14617.0,14617.0,GOLF_20260609_062_public_single_task_task076_jonathan,score_or_cost_updated
2026-06-09T20:25:36,task278,14.864210958364897,14.864210958364897,0.0,25230.0,25230.0,GOLF_20260609_062_public_single_task_task076_jonathan,score_or_cost_updated
2026-06-09T20:25:36,task279,14.821535747509644,14.821535747509644,0.0,26330.0,26330.0,GOLF_20260609_062_public_single_task_task076_jonathan,score_or_cost_updated
2026-06-09T20:25:36,task280,13.64132188619622,13.64132188619622,0.0,85706.0,85706.0,GOLF_20260609_062_public_single_task_task076_jonathan,score_or_cost_updated
2026-06-09T20:25:36,task281,13.60794357751076,13.60794357751076,0.0,88615.0,88615.0,GOLF_20260609_062_public_single_task_task076_jonathan,score_or_cost_updated
2026-06-09T20:25:36,task282,18.197605236675688,18.197605236675688,0.0,900.0,900.0,GOLF_20260609_062_public_single_task_task076_jonathan,score_or_cost_updated
2026-06-09T20:25:36,task283,18.186555400489105,18.186555400489105,0.0,910.0,910.0,GOLF_20260609_062_public_single_task_task076_jonathan,score_or_cost_updated
2026-06-09T20:25:36,task284,13.475808238755878,13.475808238755878,0.0,101133.0,101133.0,GOLF_20260609_062_public_single_task_task076_jonathan,score_or_cost_updated
2026-06-09T20:25:36,task285,12.112179904635754,12.112179904635754,0.0,395466.0,395466.0,GOLF_20260609_062_public_single_task_task076_jonathan,score_or_cost_updated
2026-06-09T20:25:36,task286,13.00342074458367,13.00342074458367,0.0,162199.0,162199.0,GOLF_20260609_062_public_single_task_task076_jonathan,score_or_cost_updated
2026-06-09T20:25:36,task287,14.975800372301608,14.975800372301608,0.0,22566.0,22566.0,GOLF_20260609_062_public_single_task_task076_jonathan,score_or_cost_updated
2026-06-09T20:25:36,task288,14.632558329669694,14.632558329669694,0.0,31807.0,31807.0,GOLF_20260609_062_public_single_task_task076_jonathan,score_or_cost_updated
2026-06-09T20:25:36,task289,14.874489523818365,14.874489523818365,0.0,24972.0,24972.0,GOLF_20260609_062_public_single_task_task076_jonathan,score_or_cost_updated
2026-06-09T20:25:36,task290,15.631972352188223,15.631972352188223,0.0,11708.0,11708.0,GOLF_20260609_062_public_single_task_task076_jonathan,score_or_cost_updated
2026-06-09T20:25:36,task291,16.627370259775116,16.627370259775116,0.0,4327.0,4327.0,GOLF_20260609_062_public_single_task_task076_jonathan,score_or_cost_updated
2026-06-09T20:25:36,task292,16.250901751600978,16.250901751600978,0.0,6305.0,6305.0,GOLF_20260609_062_public_single_task_task076_jonathan,score_or_cost_updated
2026-06-09T20:25:36,task293,14.882571106914462,14.882571106914462,0.0,24771.0,24771.0,GOLF_20260609_062_public_single_task_task076_jonathan,score_or_cost_updated
2026-06-09T20:25:36,task294,18.186555400489105,18.186555400489105,0.0,910.0,910.0,GOLF_20260609_062_public_single_task_task076_jonathan,score_or_cost_updated
2026-06-09T20:25:36,task295,15.591628777524683,15.591628777524683,0.0,12190.0,12190.0,GOLF_20260609_062_public_single_task_task076_jonathan,score_or_cost_updated
2026-06-09T20:25:36,task296,16.67955188604344,16.67955188604344,0.0,4107.0,4107.0,GOLF_20260609_062_public_single_task_task076_jonathan,score_or_cost_updated
2026-06-09T20:25:36,task297,15.876198389441056,15.876198389441056,0.0,9171.0,9171.0,GOLF_20260609_062_public_single_task_task076_jonathan,score_or_cost_updated
2026-06-09T20:25:36,task298,15.387667209394625,15.387667209394625,0.0,14948.0,14948.0,GOLF_20260609_062_public_single_task_task076_jonathan,score_or_cost_updated
2026-06-09T20:25:36,task299,17.5510838974558,17.5510838974558,0.0,1718.0,1718.0,GOLF_20260609_062_public_single_task_task076_jonathan,score_or_cost_updated
2026-06-09T20:25:36,task300,13.741373412351637,13.741373412351637,0.0,77546.0,77546.0,GOLF_20260609_062_public_single_task_task076_jonathan,score_or_cost_updated
2026-06-09T20:25:36,task301,13.91804208355036,13.91804208355036,0.0,64988.0,64988.0,GOLF_20260609_062_public_single_task_task076_jonathan,score_or_cost_updated
2026-06-09T20:25:36,task302,16.03863393937255,16.03863393937255,0.0,7796.0,7796.0,GOLF_20260609_062_public_single_task_task076_jonathan,score_or_cost_updated
2026-06-09T20:25:36,task303,15.848136557782793,15.848136557782793,0.0,9432.0,9432.0,GOLF_20260609_062_public_single_task_task076_jonathan,score_or_cost_updated
2026-06-09T20:25:36,task304,15.708263989819823,15.708263989819823,0.0,10848.0,10848.0,GOLF_20260609_062_public_single_task_task076_jonathan,score_or_cost_updated
2026-06-09T20:25:36,task305,16.71802294113224,16.71802294113224,0.0,3952.0,3952.0,GOLF_20260609_062_public_single_task_task076_jonathan,score_or_cost_updated
2026-06-09T20:25:36,task306,13.9264791265675,13.9264791265675,0.0,64442.0,64442.0,GOLF_20260609_062_public_single_task_task076_jonathan,score_or_cost_updated
2026-06-09T20:25:36,task307,17.504458056115745,17.504458056115745,0.0,1800.0,1800.0,GOLF_20260609_062_public_single_task_task076_jonathan,score_or_cost_updated
2026-06-09T20:25:36,task308,15.010380623834585,15.010380623834585,0.0,21799.0,21799.0,GOLF_20260609_062_public_single_task_task076_jonathan,score_or_cost_updated
2026-06-09T20:25:36,task309,22.697414907005953,22.697414907005953,0.0,10.0,10.0,GOLF_20260609_062_public_single_task_task076_jonathan,score_or_cost_updated
2026-06-09T20:25:36,task310,15.11442186800744,15.11442186800744,0.0,19645.0,19645.0,GOLF_20260609_062_public_single_task_task076_jonathan,score_or_cost_updated
2026-06-09T20:25:36,task311,21.598802618337846,21.598802618337846,0.0,30.0,30.0,GOLF_20260609_062_public_single_task_task076_jonathan,score_or_cost_updated
2026-06-09T20:25:36,task312,15.791761836115688,15.791761836115688,0.0,9979.0,9979.0,GOLF_20260609_062_public_single_task_task076_jonathan,score_or_cost_updated
2026-06-09T20:25:36,task313,13.666536185257858,13.666536185257858,0.0,83572.0,83572.0,GOLF_20260609_062_public_single_task_task076_jonathan,score_or_cost_updated
2026-06-09T20:25:36,task314,15.941180435665059,15.941180435665059,0.0,8594.0,8594.0,GOLF_20260609_062_public_single_task_task076_jonathan,score_or_cost_updated
2026-06-09T20:25:36,task315,16.87230014718223,16.87230014718223,0.0,3387.0,3387.0,GOLF_20260609_062_public_single_task_task076_jonathan,score_or_cost_updated
2026-06-09T20:25:36,task316,16.730755478816945,16.730755478816945,0.0,3902.0,3902.0,GOLF_20260609_062_public_single_task_task076_jonathan,score_or_cost_updated
2026-06-09T20:25:36,task317,18.197605236675688,18.197605236675688,0.0,900.0,900.0,GOLF_20260609_062_public_single_task_task076_jonathan,score_or_cost_updated
2026-06-09T20:25:36,task318,18.394702079051797,18.394702079051797,0.0,739.0,739.0,GOLF_20260609_062_public_single_task_task076_jonathan,score_or_cost_updated
2026-06-09T20:25:36,task319,14.580490348791063,14.580490348791063,0.0,33507.0,33507.0,GOLF_20260609_062_public_single_task_task076_jonathan,score_or_cost_updated
2026-06-09T20:25:36,task320,16.445511023840066,16.445511023840066,0.0,5190.0,5190.0,GOLF_20260609_062_public_single_task_task076_jonathan,score_or_cost_updated
2026-06-09T20:25:36,task321,16.403810802357263,16.403810802357263,0.0,5411.0,5411.0,GOLF_20260609_062_public_single_task_task076_jonathan,score_or_cost_updated
2026-06-09T20:25:36,task322,18.23496102321946,18.23496102321946,0.0,867.0,867.0,GOLF_20260609_062_public_single_task_task076_jonathan,score_or_cost_updated
2026-06-09T20:25:36,task323,16.5810813778521,16.5810813778521,0.0,4532.0,4532.0,GOLF_20260609_062_public_single_task_task076_jonathan,score_or_cost_updated
2026-06-09T20:25:36,task324,14.203081009735799,14.203081009735799,0.0,48870.0,48870.0,GOLF_20260609_062_public_single_task_task076_jonathan,score_or_cost_updated
2026-06-09T20:25:36,task325,15.016315905469595,15.016315905469595,0.0,21670.0,21670.0,GOLF_20260609_062_public_single_task_task076_jonathan,score_or_cost_updated
2026-06-09T20:25:36,task326,19.924826184766175,19.924826184766175,0.0,160.0,160.0,GOLF_20260609_062_public_single_task_task076_jonathan,score_or_cost_updated
2026-06-09T20:25:36,task327,16.072287826172918,16.072287826172918,0.0,7538.0,7538.0,GOLF_20260609_062_public_single_task_task076_jonathan,score_or_cost_updated
2026-06-09T20:25:36,task328,13.871957907660665,13.871957907660665,0.0,68053.0,68053.0,GOLF_20260609_062_public_single_task_task076_jonathan,score_or_cost_updated
2026-06-09T20:25:36,task329,15.76399188127524,15.76399188127524,0.0,10260.0,10260.0,GOLF_20260609_062_public_single_task_task076_jonathan,score_or_cost_updated
2026-06-09T20:25:36,task330,15.216591867794413,15.216591867794413,0.0,17737.0,17737.0,GOLF_20260609_062_public_single_task_task076_jonathan,score_or_cost_updated
2026-06-09T20:25:36,task331,18.186555400489105,18.186555400489105,0.0,910.0,910.0,GOLF_20260609_062_public_single_task_task076_jonathan,score_or_cost_updated
2026-06-09T20:25:36,task332,15.896131872534333,15.896131872534333,0.0,8990.0,8990.0,GOLF_20260609_062_public_single_task_task076_jonathan,score_or_cost_updated
2026-06-09T20:25:36,task333,14.877658081568091,14.877658081568091,0.0,24893.0,24893.0,GOLF_20260609_062_public_single_task_task076_jonathan,score_or_cost_updated
2026-06-09T20:25:36,task334,18.588181732290103,18.588181732290103,0.0,609.0,609.0,GOLF_20260609_062_public_single_task_task076_jonathan,score_or_cost_updated
2026-06-09T20:25:36,task335,14.258204878914801,14.258204878914801,0.0,46249.0,46249.0,GOLF_20260609_062_public_single_task_task076_jonathan,score_or_cost_updated
2026-06-09T20:25:36,task336,16.294503180112258,16.294503180112258,0.0,6036.0,6036.0,GOLF_20260609_062_public_single_task_task076_jonathan,score_or_cost_updated
2026-06-09T20:25:36,task337,22.697414907005953,22.697414907005953,0.0,10.0,10.0,GOLF_20260609_062_public_single_task_task076_jonathan,score_or_cost_updated
2026-06-09T20:25:36,task338,14.285226738886886,14.285226738886886,0.0,45016.0,45016.0,GOLF_20260609_062_public_single_task_task076_jonathan,score_or_cost_updated
2026-06-09T20:25:36,task339,18.112447428335383,18.112447428335383,0.0,980.0,980.0,GOLF_20260609_062_public_single_task_task076_jonathan,score_or_cost_updated
2026-06-09T20:25:36,task340,13.83887566105239,13.83887566105239,0.0,70342.0,70342.0,GOLF_20260609_062_public_single_task_task076_jonathan,score_or_cost_updated
2026-06-09T20:25:36,task341,15.15493636760159,15.15493636760159,0.0,18865.0,18865.0,GOLF_20260609_062_public_single_task_task076_jonathan,score_or_cost_updated
2026-06-09T20:25:36,task342,15.5946686681292,15.5946686681292,0.0,12153.0,12153.0,GOLF_20260609_062_public_single_task_task076_jonathan,score_or_cost_updated
2026-06-09T20:25:36,task343,14.736881875699506,14.736881875699506,0.0,28656.0,28656.0,GOLF_20260609_062_public_single_task_task076_jonathan,score_or_cost_updated
2026-06-09T20:25:36,task344,17.17196196787417,17.17196196787417,0.0,2510.0,2510.0,GOLF_20260609_062_public_single_task_task076_jonathan,score_or_cost_updated
2026-06-09T20:25:36,task345,15.631289292052376,15.631289292052376,0.0,11716.0,11716.0,GOLF_20260609_062_public_single_task_task076_jonathan,score_or_cost_updated
2026-06-09T20:25:36,task346,15.884849815027566,15.884849815027566,0.0,9092.0,9092.0,GOLF_20260609_062_public_single_task_task076_jonathan,score_or_cost_updated
2026-06-09T20:25:36,task347,17.63039927947359,17.63039927947359,0.0,1587.0,1587.0,GOLF_20260609_062_public_single_task_task076_jonathan,score_or_cost_updated
2026-06-09T20:25:36,task348,16.11719194507556,16.11719194507556,0.0,7207.0,7207.0,GOLF_20260609_062_public_single_task_task076_jonathan,score_or_cost_updated
2026-06-09T20:25:36,task349,14.306261242455944,14.306261242455944,0.0,44079.0,44079.0,GOLF_20260609_062_public_single_task_task076_jonathan,score_or_cost_updated
2026-06-09T20:25:36,task350,15.10504877848616,15.10504877848616,0.0,19830.0,19830.0,GOLF_20260609_062_public_single_task_task076_jonathan,score_or_cost_updated
2026-06-09T20:25:36,task351,14.532506311227156,14.532506311227156,0.0,35154.0,35154.0,GOLF_20260609_062_public_single_task_task076_jonathan,score_or_cost_updated
2026-06-09T20:25:36,task352,16.20124341714016,16.20124341714016,0.0,6626.0,6626.0,GOLF_20260609_062_public_single_task_task076_jonathan,score_or_cost_updated
2026-06-09T20:25:36,task353,16.403810802357263,16.403810802357263,0.0,5411.0,5411.0,GOLF_20260609_062_public_single_task_task076_jonathan,score_or_cost_updated
2026-06-09T20:25:36,task354,15.258619697007587,15.258619697007587,0.0,17007.0,17007.0,GOLF_20260609_062_public_single_task_task076_jonathan,score_or_cost_updated
2026-06-09T20:25:36,task355,15.624569008158225,15.624569008158225,0.0,11795.0,11795.0,GOLF_20260609_062_public_single_task_task076_jonathan,score_or_cost_updated
2026-06-09T20:25:36,task356,16.482606828581098,16.482606828581098,0.0,5001.0,5001.0,GOLF_20260609_062_public_single_task_task076_jonathan,score_or_cost_updated
2026-06-09T20:25:36,task357,16.20942652084284,16.20942652084284,0.0,6572.0,6572.0,GOLF_20260609_062_public_single_task_task076_jonathan,score_or_cost_updated
2026-06-09T20:25:36,task358,13.356739495302836,13.356739495302836,0.0,113921.0,113921.0,GOLF_20260609_062_public_single_task_task076_jonathan,score_or_cost_updated
2026-06-09T20:25:36,task359,14.347150353576192,14.347150353576192,0.0,42313.0,42313.0,GOLF_20260609_062_public_single_task_task076_jonathan,score_or_cost_updated
2026-06-09T20:25:36,task360,15.681164031870518,15.681164031870518,0.0,11146.0,11146.0,GOLF_20260609_062_public_single_task_task076_jonathan,score_or_cost_updated
2026-06-09T20:25:36,task361,15.324919828453181,15.324919828453181,0.0,15916.0,15916.0,GOLF_20260609_062_public_single_task_task076_jonathan,score_or_cost_updated
2026-06-09T20:25:36,task362,15.612434368654611,15.612434368654611,0.0,11939.0,11939.0,GOLF_20260609_062_public_single_task_task076_jonathan,score_or_cost_updated
2026-06-09T20:25:36,task363,13.60482257129864,13.60482257129864,0.0,88892.0,88892.0,GOLF_20260609_062_public_single_task_task076_jonathan,score_or_cost_updated
2026-06-09T20:25:36,task364,13.737345222483407,13.737345222483407,0.0,77859.0,77859.0,GOLF_20260609_062_public_single_task_task076_jonathan,score_or_cost_updated
2026-06-09T20:25:36,task365,14.01786479921536,14.01786479921536,0.0,58814.0,58814.0,GOLF_20260609_062_public_single_task_task076_jonathan,score_or_cost_updated
2026-06-09T20:25:36,task366,11.362564029982357,11.362564029982357,0.0,836880.0,836880.0,GOLF_20260609_062_public_single_task_task076_jonathan,score_or_cost_updated
2026-06-09T20:25:36,task367,13.125192173257059,13.125192173257059,0.0,143603.0,143603.0,GOLF_20260609_062_public_single_task_task076_jonathan,score_or_cost_updated
2026-06-09T20:25:36,task368,14.615970788806473,14.615970788806473,0.0,32339.0,32339.0,GOLF_20260609_062_public_single_task_task076_jonathan,score_or_cost_updated
2026-06-09T20:25:36,task369,16.07334967920606,16.07334967920606,0.0,7530.0,7530.0,GOLF_20260609_062_public_single_task_task076_jonathan,score_or_cost_updated
2026-06-09T20:25:36,task370,13.407505785810647,13.407505785810647,0.0,108282.0,108282.0,GOLF_20260609_062_public_single_task_task076_jonathan,score_or_cost_updated
2026-06-09T20:25:36,task371,15.50983333153762,15.50983333153762,0.0,13229.0,13229.0,GOLF_20260609_062_public_single_task_task076_jonathan,score_or_cost_updated
2026-06-09T20:25:36,task372,16.027916817148075,16.027916817148075,0.0,7880.0,7880.0,GOLF_20260609_062_public_single_task_task076_jonathan,score_or_cost_updated
2026-06-09T20:25:36,task373,18.738508315678956,18.738508315678956,0.0,524.0,524.0,GOLF_20260609_062_public_single_task_task076_jonathan,score_or_cost_updated
2026-06-09T20:25:36,task374,15.501327766730538,15.501327766730538,0.0,13342.0,13342.0,GOLF_20260609_062_public_single_task_task076_jonathan,score_or_cost_updated
2026-06-09T20:25:36,task375,15.372793097191211,15.372793097191211,0.0,15172.0,15172.0,GOLF_20260609_062_public_single_task_task076_jonathan,score_or_cost_updated
2026-06-09T20:25:36,task376,14.93899600958889,14.93899600958889,0.0,23412.0,23412.0,GOLF_20260609_062_public_single_task_task076_jonathan,score_or_cost_updated
2026-06-09T20:25:36,task377,13.966336894339644,13.966336894339644,0.0,61924.0,61924.0,GOLF_20260609_062_public_single_task_task076_jonathan,score_or_cost_updated
2026-06-09T20:25:36,task378,14.428477967719003,14.428477967719003,0.0,39008.0,39008.0,GOLF_20260609_062_public_single_task_task076_jonathan,score_or_cost_updated
2026-06-09T20:25:36,task379,13.819767920510943,13.819767920510943,0.0,71699.0,71699.0,GOLF_20260609_062_public_single_task_task076_jonathan,score_or_cost_updated
2026-06-09T20:25:36,task380,18.409698951803314,18.409698951803314,0.0,728.0,728.0,GOLF_20260609_062_public_single_task_task076_jonathan,score_or_cost_updated
2026-06-09T20:25:36,task381,16.830946850072657,16.830946850072657,0.0,3530.0,3530.0,GOLF_20260609_062_public_single_task_task076_jonathan,score_or_cost_updated
2026-06-09T20:25:36,task382,13.532302052966461,13.532302052966461,0.0,95578.0,95578.0,GOLF_20260609_062_public_single_task_task076_jonathan,score_or_cost_updated
2026-06-09T20:25:36,task383,13.246161795004017,13.246161795004017,0.0,127241.0,127241.0,GOLF_20260609_062_public_single_task_task076_jonathan,score_or_cost_updated
2026-06-09T20:25:36,task384,14.759112070269836,14.759112070269836,0.0,28026.0,28026.0,GOLF_20260609_062_public_single_task_task076_jonathan,score_or_cost_updated
2026-06-09T20:25:36,task385,21.598802618337846,21.598802618337846,0.0,30.0,30.0,GOLF_20260609_062_public_single_task_task076_jonathan,score_or_cost_updated
2026-06-09T20:25:36,task386,17.32074857404694,17.32074857404694,0.0,2163.0,2163.0,GOLF_20260609_062_public_single_task_task076_jonathan,score_or_cost_updated
2026-06-09T20:25:36,task387,13.940291846175448,13.940291846175448,0.0,63558.0,63558.0,GOLF_20260609_062_public_single_task_task076_jonathan,score_or_cost_updated
2026-06-09T20:25:36,task388,16.225377779303003,16.225377779303003,0.0,6468.0,6468.0,GOLF_20260609_062_public_single_task_task076_jonathan,score_or_cost_updated
2026-06-09T20:25:36,task389,17.451444020830127,17.451444020830127,0.0,1898.0,1898.0,GOLF_20260609_062_public_single_task_task076_jonathan,score_or_cost_updated
2026-06-09T20:25:36,task390,14.885805916253345,14.885805916253345,0.0,24691.0,24691.0,GOLF_20260609_062_public_single_task_task076_jonathan,score_or_cost_updated
2026-06-09T20:25:36,task391,15.787561829941671,15.787561829941671,0.0,10021.0,10021.0,GOLF_20260609_062_public_single_task_task076_jonathan,score_or_cost_updated
2026-06-09T20:25:36,task392,14.662816279014882,14.662816279014882,0.0,30859.0,30859.0,GOLF_20260609_062_public_single_task_task076_jonathan,score_or_cost_updated
2026-06-09T20:25:36,task393,18.870949789939456,18.870949789939456,0.0,459.0,459.0,GOLF_20260609_062_public_single_task_task076_jonathan,score_or_cost_updated
2026-06-09T20:25:36,task394,16.53346872338599,16.53346872338599,0.0,4753.0,4753.0,GOLF_20260609_062_public_single_task_task076_jonathan,score_or_cost_updated
2026-06-09T20:25:36,task395,17.581219117249205,17.581219117249205,0.0,1667.0,1667.0,GOLF_20260609_062_public_single_task_task076_jonathan,score_or_cost_updated
2026-06-09T20:25:36,task396,13.126683504302262,13.126683504302262,0.0,143389.0,143389.0,GOLF_20260609_062_public_single_task_task076_jonathan,score_or_cost_updated
2026-06-09T20:25:36,task397,15.045771805760689,15.045771805760689,0.0,21041.0,21041.0,GOLF_20260609_062_public_single_task_task076_jonathan,score_or_cost_updated
2026-06-09T20:25:36,task398,13.657922169750098,13.657922169750098,0.0,84295.0,84295.0,GOLF_20260609_062_public_single_task_task076_jonathan,score_or_cost_updated
2026-06-09T20:25:36,task399,17.48302277539568,17.48302277539568,0.0,1839.0,1839.0,GOLF_20260609_062_public_single_task_task076_jonathan,score_or_cost_updated
2026-06-09T20:25:36,task400,14.532534757896764,14.532534757896764,0.0,35153.0,35153.0,GOLF_20260609_062_public_single_task_task076_jonathan,score_or_cost_updated
2026-06-09T20:36:00,task001,17.047384888349,17.047384888349,0.0,2843.0,2843.0,current,score_or_cost_updated
2026-06-09T20:36:00,task002,13.514517676859928,13.514517676859928,0.0,97293.0,97293.0,current,score_or_cost_updated
2026-06-09T20:36:00,task003,17.918291413894426,17.918291413894426,0.0,1190.0,1190.0,current,score_or_cost_updated
2026-06-09T20:36:00,task004,14.084547965521434,14.084547965521434,0.0,55020.0,55020.0,current,score_or_cost_updated
2026-06-09T20:36:00,task005,13.328149556042213,13.328149556042213,0.0,117225.0,117225.0,current,score_or_cost_updated
2026-06-09T20:36:00,task006,17.603051397378987,17.603051397378987,0.0,1631.0,1631.0,current,score_or_cost_updated
2026-06-09T20:36:00,task007,16.108350887349943,16.108350887349943,0.0,7271.0,7271.0,current,score_or_cost_updated
2026-06-09T20:36:00,task008,14.94430651457454,14.94430651457454,0.0,23288.0,23288.0,current,score_or_cost_updated
2026-06-09T20:36:00,task009,13.69482467517415,13.69482467517415,0.0,81241.0,81241.0,current,score_or_cost_updated
2026-06-09T20:36:00,task010,16.479811299603966,16.479811299603966,0.0,5015.0,5015.0,current,score_or_cost_updated
2026-06-09T20:36:00,task011,13.898854540195707,13.898854540195707,0.0,66247.0,66247.0,current,score_or_cost_updated
2026-06-09T20:36:00,task012,15.555457449352874,15.555457449352874,0.0,12639.0,12639.0,current,score_or_cost_updated
2026-06-09T20:36:00,task013,13.3310798421544,13.3310798421544,0.0,116882.0,116882.0,current,score_or_cost_updated
2026-06-09T20:36:00,task014,14.427427453254685,14.427427453254685,0.0,39049.0,39049.0,current,score_or_cost_updated
2026-06-09T20:36:00,task015,18.197605236675688,18.197605236675688,0.0,900.0,900.0,current,score_or_cost_updated
2026-06-09T20:36:00,task016,22.697414907005953,22.697414907005953,0.0,10.0,10.0,current,score_or_cost_updated
2026-06-09T20:36:00,task017,14.57051253772697,14.57051253772697,0.0,33843.0,33843.0,current,score_or_cost_updated
2026-06-09T20:36:00,task018,11.926440386857584,11.926440386857584,0.0,476184.0,476184.0,current,score_or_cost_updated
2026-06-09T20:36:00,task019,13.69353305881371,13.69353305881371,0.0,81346.0,81346.0,current,score_or_cost_updated
2026-06-09T20:36:00,task020,16.061599593526992,16.061599593526992,0.0,7619.0,7619.0,current,score_or_cost_updated
2026-06-09T20:36:00,task021,14.156056071090937,14.156056071090937,0.0,51223.0,51223.0,current,score_or_cost_updated
2026-06-09T20:36:00,task022,14.542024067963268,14.542024067963268,0.0,34821.0,34821.0,current,score_or_cost_updated
2026-06-09T20:36:00,task023,13.863194455943471,13.863194455943471,0.0,68652.0,68652.0,current,score_or_cost_updated
2026-06-09T20:36:00,task024,15.88617052840466,15.88617052840466,0.0,9080.0,9080.0,current,score_or_cost_updated
2026-06-09T20:36:00,task025,13.149938233234366,13.149938233234366,0.0,140093.0,140093.0,current,score_or_cost_updated
2026-06-09T20:36:00,task026,18.415208607614282,18.415208607614282,0.0,724.0,724.0,current,score_or_cost_updated
2026-06-09T20:36:00,task027,16.331975918881177,16.331975918881177,0.0,5814.0,5814.0,current,score_or_cost_updated
2026-06-09T20:36:00,task028,16.51553663320668,16.51553663320668,0.0,4839.0,4839.0,current,score_or_cost_updated
2026-06-09T20:36:00,task029,13.516328283804857,13.516328283804857,0.0,97117.0,97117.0,current,score_or_cost_updated
2026-06-09T20:36:00,task030,15.69453128293224,15.69453128293224,0.0,10998.0,10998.0,current,score_or_cost_updated
2026-06-09T20:36:00,task031,15.168223295017873,15.168223295017873,0.0,18616.0,18616.0,current,score_or_cost_updated
2026-06-09T20:36:00,task032,16.86699978141639,16.86699978141639,0.0,3405.0,3405.0,current,score_or_cost_updated
2026-06-09T20:36:00,task033,14.081988539178049,14.081988539178049,0.0,55161.0,55161.0,current,score_or_cost_updated
2026-06-09T20:36:00,task034,13.425828929592994,13.425828929592994,0.0,106316.0,106316.0,current,score_or_cost_updated
2026-06-09T20:36:00,task035,15.36028269986934,15.36028269986934,0.0,15363.0,15363.0,current,score_or_cost_updated
2026-06-09T20:36:00,task036,13.710918331458375,13.710918331458375,0.0,79944.0,79944.0,current,score_or_cost_updated
2026-06-09T20:36:00,task037,13.937652078450405,13.937652078450405,0.0,63726.0,63726.0,current,score_or_cost_updated
2026-06-09T20:36:00,task038,17.315675932318847,17.315675932318847,0.0,2174.0,2174.0,current,score_or_cost_updated
2026-06-09T20:36:00,task039,16.04171718950267,16.04171718950267,0.0,7772.0,7772.0,current,score_or_cost_updated
2026-06-09T20:36:00,task040,16.02944082049105,16.02944082049105,0.0,7868.0,7868.0,current,score_or_cost_updated
2026-06-09T20:36:00,task041,15.626775765122337,15.626775765122337,0.0,11769.0,11769.0,current,score_or_cost_updated
2026-06-09T20:36:00,task042,15.95018055485892,15.95018055485892,0.0,8517.0,8517.0,current,score_or_cost_updated
2026-06-09T20:36:00,task043,16.129617933929865,16.129617933929865,0.0,7118.0,7118.0,current,score_or_cost_updated
2026-06-09T20:36:00,task044,14.354527484820627,14.354527484820627,0.0,42002.0,42002.0,current,score_or_cost_updated
2026-06-09T20:36:00,task045,16.0873920363291,16.0873920363291,0.0,7425.0,7425.0,current,score_or_cost_updated
2026-06-09T20:36:00,task046,14.58291068075113,14.58291068075113,0.0,33426.0,33426.0,current,score_or_cost_updated
2026-06-09T20:36:00,task047,16.985664262700574,16.985664262700574,0.0,3024.0,3024.0,current,score_or_cost_updated
2026-06-09T20:36:00,task048,16.367872270491663,16.367872270491663,0.0,5609.0,5609.0,current,score_or_cost_updated
2026-06-09T20:36:00,task049,14.674878758194124,14.674878758194124,0.0,30489.0,30489.0,current,score_or_cost_updated
2026-06-09T20:36:00,task050,15.843587970049374,15.843587970049374,0.0,9475.0,9475.0,current,score_or_cost_updated
2026-06-09T20:36:00,task051,13.866448009633856,13.866448009633856,0.0,68429.0,68429.0,current,score_or_cost_updated
2026-06-09T20:36:00,task052,17.886857891292912,17.886857891292912,0.0,1228.0,1228.0,current,score_or_cost_updated
2026-06-09T20:36:00,task053,21.598802618337846,21.598802618337846,0.0,30.0,30.0,current,score_or_cost_updated
2026-06-09T20:36:00,task054,13.07796275080141,13.07796275080141,0.0,150548.0,150548.0,current,score_or_cost_updated
2026-06-09T20:36:00,task055,14.820017720652668,14.820017720652668,0.0,26370.0,26370.0,current,score_or_cost_updated
2026-06-09T20:36:00,task056,19.638707834290575,19.638707834290575,0.0,213.0,213.0,current,score_or_cost_updated
2026-06-09T20:36:00,task057,15.354118052333183,15.354118052333183,0.0,15458.0,15458.0,current,score_or_cost_updated
2026-06-09T20:36:00,task058,15.314295392535985,15.314295392535985,0.0,16086.0,16086.0,current,score_or_cost_updated
2026-06-09T20:36:00,task059,15.077347278202861,15.077347278202861,0.0,20387.0,20387.0,current,score_or_cost_updated
2026-06-09T20:36:00,task060,16.372876749211567,16.372876749211567,0.0,5581.0,5581.0,current,score_or_cost_updated
2026-06-09T20:36:00,task061,15.152342332424542,15.152342332424542,0.0,18914.0,18914.0,current,score_or_cost_updated
2026-06-09T20:36:00,task062,14.810807327896311,14.810807327896311,0.0,26614.0,26614.0,current,score_or_cost_updated
2026-06-09T20:36:00,task063,14.666940264012474,14.666940264012474,0.0,30732.0,30732.0,current,score_or_cost_updated
2026-06-09T20:36:00,task064,13.354705067178468,13.354705067178468,0.0,114153.0,114153.0,current,score_or_cost_updated
2026-06-09T20:36:00,task065,14.534186050835478,14.534186050835478,0.0,35095.0,35095.0,current,score_or_cost_updated
2026-06-09T20:36:00,task066,13.455382088297283,13.455382088297283,0.0,103220.0,103220.0,current,score_or_cost_updated
2026-06-09T20:36:00,task067,19.247427361174367,19.247427361174367,0.0,315.0,315.0,current,score_or_cost_updated
2026-06-09T20:36:00,task068,15.55942130423374,15.55942130423374,0.0,12589.0,12589.0,current,score_or_cost_updated
2026-06-09T20:36:00,task069,13.658456151785392,13.658456151785392,0.0,84250.0,84250.0,current,score_or_cost_updated
2026-06-09T20:36:00,task070,15.910020984695,15.910020984695,0.0,8866.0,8866.0,current,score_or_cost_updated
2026-06-09T20:36:00,task071,13.238317819353261,13.238317819353261,0.0,128243.0,128243.0,current,score_or_cost_updated
2026-06-09T20:36:00,task072,17.8229812340901,17.8229812340901,0.0,1309.0,1309.0,current,score_or_cost_updated
2026-06-09T20:36:00,task073,18.186555400489105,18.186555400489105,0.0,910.0,910.0,current,score_or_cost_updated
2026-06-09T20:36:00,task074,15.009188619292196,15.009188619292196,0.0,21825.0,21825.0,current,score_or_cost_updated
2026-06-09T20:36:00,task075,14.742796878157792,14.742796878157792,0.0,28487.0,28487.0,current,score_or_cost_updated
2026-06-09T20:36:00,task076,14.503627688842322,12.292867258634116,-2.2107604302082056,36184.0,330094.0,current,score_or_cost_updated
2026-06-09T20:36:00,task077,13.032857358715912,13.032857358715912,0.0,157494.0,157494.0,current,score_or_cost_updated
2026-06-09T20:36:00,task078,15.65024557224114,15.65024557224114,0.0,11496.0,11496.0,current,score_or_cost_updated
2026-06-09T20:36:00,task079,15.029648507210364,15.029648507210364,0.0,21383.0,21383.0,current,score_or_cost_updated
2026-06-09T20:36:00,task080,14.353266435603462,14.353266435603462,0.0,42055.0,42055.0,current,score_or_cost_updated
2026-06-09T20:36:00,task081,17.256296741826247,17.256296741826247,0.0,2307.0,2307.0,current,score_or_cost_updated
2026-06-09T20:36:00,task082,15.818470709877937,15.818470709877937,0.0,9716.0,9716.0,current,score_or_cost_updated
2026-06-09T20:36:00,task083,17.504458056115745,17.504458056115745,0.0,1800.0,1800.0,current,score_or_cost_updated
2026-06-09T20:36:00,task084,15.121163810905001,15.121163810905001,0.0,19513.0,19513.0,current,score_or_cost_updated
2026-06-09T20:36:00,task085,13.36328292042622,13.36328292042622,0.0,113178.0,113178.0,current,score_or_cost_updated
2026-06-09T20:36:00,task086,14.83966336368449,14.83966336368449,0.0,25857.0,25857.0,current,score_or_cost_updated
2026-06-09T20:36:00,task087,19.09191706183107,19.09191706183107,0.0,368.0,368.0,current,score_or_cost_updated
2026-06-09T20:36:00,task088,13.80499590787612,13.80499590787612,0.0,72766.0,72766.0,current,score_or_cost_updated
2026-06-09T20:36:00,task089,14.186179427563964,14.186179427563964,0.0,49703.0,49703.0,current,score_or_cost_updated
2026-06-09T20:36:00,task090,13.94350667496543,13.94350667496543,0.0,63354.0,63354.0,current,score_or_cost_updated
2026-06-09T20:36:00,task091,14.151323325547068,14.151323325547068,0.0,51466.0,51466.0,current,score_or_cost_updated
2026-06-09T20:36:00,task092,14.25734036914603,14.25734036914603,0.0,46289.0,46289.0,current,score_or_cost_updated
2026-06-09T20:36:00,task093,15.354118052333183,15.354118052333183,0.0,15458.0,15458.0,current,score_or_cost_updated
2026-06-09T20:36:00,task094,15.745451373359497,15.745451373359497,0.0,10452.0,10452.0,current,score_or_cost_updated
2026-06-09T20:36:00,task095,18.186555400489105,18.186555400489105,0.0,910.0,910.0,current,score_or_cost_updated
2026-06-09T20:36:00,task096,12.827184286371278,12.827184286371278,0.0,193458.0,193458.0,current,score_or_cost_updated
2026-06-09T20:36:00,task097,15.20070697648173,15.20070697648173,0.0,18021.0,18021.0,current,score_or_cost_updated
2026-06-09T20:36:00,task098,18.186555400489105,18.186555400489105,0.0,910.0,910.0,current,score_or_cost_updated
2026-06-09T20:36:00,task099,16.500970779211436,16.500970779211436,0.0,4910.0,4910.0,current,score_or_cost_updated
2026-06-09T20:36:00,task100,16.21491936346016,16.21491936346016,0.0,6536.0,6536.0,current,score_or_cost_updated
2026-06-09T20:36:00,task101,12.166837180696787,12.166837180696787,0.0,374431.0,374431.0,current,score_or_cost_updated
2026-06-09T20:36:00,task102,15.558071829926945,15.558071829926945,0.0,12606.0,12606.0,current,score_or_cost_updated
2026-06-09T20:36:00,task103,19.737309811095116,19.737309811095116,0.0,193.0,193.0,current,score_or_cost_updated
2026-06-09T20:36:00,task104,16.788788638206977,16.788788638206977,0.0,3682.0,3682.0,current,score_or_cost_updated
2026-06-09T20:36:00,task105,16.138508135713085,16.138508135713085,0.0,7055.0,7055.0,current,score_or_cost_updated
2026-06-09T20:36:00,task106,17.940382371708615,17.940382371708615,0.0,1164.0,1164.0,current,score_or_cost_updated
2026-06-09T20:36:00,task107,13.799992367549814,13.799992367549814,0.0,73131.0,73131.0,current,score_or_cost_updated
2026-06-09T20:36:00,task108,17.504458056115745,17.504458056115745,0.0,1800.0,1800.0,current,score_or_cost_updated
2026-06-09T20:36:00,task109,13.539652865248629,13.539652865248629,0.0,94878.0,94878.0,current,score_or_cost_updated
2026-06-09T20:36:00,task110,13.411104725742392,13.411104725742392,0.0,107893.0,107893.0,current,score_or_cost_updated
2026-06-09T20:36:00,task111,18.319145321209785,18.319145321209785,0.0,797.0,797.0,current,score_or_cost_updated
2026-06-09T20:36:00,task112,14.010141445218116,14.010141445218116,0.0,59270.0,59270.0,current,score_or_cost_updated
2026-06-09T20:36:00,task113,21.598802618337846,21.598802618337846,0.0,30.0,30.0,current,score_or_cost_updated
2026-06-09T20:36:00,task114,17.869901489874422,17.869901489874422,0.0,1249.0,1249.0,current,score_or_cost_updated
2026-06-09T20:36:00,task115,16.67663430556392,16.67663430556392,0.0,4119.0,4119.0,current,score_or_cost_updated
2026-06-09T20:36:00,task116,21.598802618337846,21.598802618337846,0.0,30.0,30.0,current,score_or_cost_updated
2026-06-09T20:36:00,task117,15.202317506360849,15.202317506360849,0.0,17992.0,17992.0,current,score_or_cost_updated
2026-06-09T20:36:00,task118,13.336192047071197,13.336192047071197,0.0,116286.0,116286.0,current,score_or_cost_updated
2026-06-09T20:36:00,task119,15.297955663465414,15.297955663465414,0.0,16351.0,16351.0,current,score_or_cost_updated
2026-06-09T20:36:00,task120,18.186555400489105,18.186555400489105,0.0,910.0,910.0,current,score_or_cost_updated
2026-06-09T20:36:00,task121,16.215837777729526,16.215837777729526,0.0,6530.0,6530.0,current,score_or_cost_updated
2026-06-09T20:36:00,task122,17.17196196787417,17.17196196787417,0.0,2510.0,2510.0,current,score_or_cost_updated
2026-06-09T20:36:00,task123,16.680526307557813,16.680526307557813,0.0,4103.0,4103.0,current,score_or_cost_updated
2026-06-09T20:36:00,task124,15.634966238347337,15.634966238347337,0.0,11673.0,11673.0,current,score_or_cost_updated
2026-06-09T20:36:00,task125,15.495796696496955,15.495796696496955,0.0,13416.0,13416.0,current,score_or_cost_updated
2026-06-09T20:36:00,task126,13.636839844664504,13.636839844664504,0.0,86091.0,86091.0,current,score_or_cost_updated
2026-06-09T20:36:00,task127,18.197605236675688,18.197605236675688,0.0,900.0,900.0,current,score_or_cost_updated
2026-06-09T20:36:00,task128,13.693373260405208,13.693373260405208,0.0,81359.0,81359.0,current,score_or_cost_updated
2026-06-09T20:36:00,task129,18.306676331730053,18.306676331730053,0.0,807.0,807.0,current,score_or_cost_updated
2026-06-09T20:36:00,task130,15.323538526042306,15.323538526042306,0.0,15938.0,15938.0,current,score_or_cost_updated
2026-06-09T20:36:00,task131,14.295632567101045,14.295632567101045,0.0,44550.0,44550.0,current,score_or_cost_updated
2026-06-09T20:36:00,task132,14.709279200950512,14.709279200950512,0.0,29458.0,29458.0,current,score_or_cost_updated
2026-06-09T20:36:00,task133,12.810671762888107,12.810671762888107,0.0,196679.0,196679.0,current,score_or_cost_updated
2026-06-09T20:36:00,task134,15.576162453761413,15.576162453761413,0.0,12380.0,12380.0,current,score_or_cost_updated
2026-06-09T20:36:00,task135,19.113895968549844,19.113895968549844,0.0,360.0,360.0,current,score_or_cost_updated
2026-06-09T20:36:00,task136,16.516156788265317,16.516156788265317,0.0,4836.0,4836.0,current,score_or_cost_updated
2026-06-09T20:36:00,task137,13.821401075304742,13.821401075304742,0.0,71582.0,71582.0,current,score_or_cost_updated
2026-06-09T20:36:00,task138,14.211361567031112,14.211361567031112,0.0,48467.0,48467.0,current,score_or_cost_updated
2026-06-09T20:36:00,task139,16.803012072741105,16.803012072741105,0.0,3630.0,3630.0,current,score_or_cost_updated
2026-06-09T20:36:00,task140,19.09191706183107,19.09191706183107,0.0,368.0,368.0,current,score_or_cost_updated
2026-06-09T20:36:00,task141,15.33103297180142,15.33103297180142,0.0,15819.0,15819.0,current,score_or_cost_updated
2026-06-09T20:36:00,task142,17.504458056115745,17.504458056115745,0.0,1800.0,1800.0,current,score_or_cost_updated
2026-06-09T20:36:00,task143,15.12486048297936,15.12486048297936,0.0,19441.0,19441.0,current,score_or_cost_updated
2026-06-09T20:36:00,task144,18.93621479131239,18.93621479131239,0.0,430.0,430.0,current,score_or_cost_updated
2026-06-09T20:36:00,task145,13.847226946929018,13.847226946929018,0.0,69757.0,69757.0,current,score_or_cost_updated
2026-06-09T20:36:00,task146,17.27865138738205,17.27865138738205,0.0,2256.0,2256.0,current,score_or_cost_updated
2026-06-09T20:36:00,task147,18.186555400489105,18.186555400489105,0.0,910.0,910.0,current,score_or_cost_updated
2026-06-09T20:36:00,task148,14.99988495388028,14.99988495388028,0.0,22029.0,22029.0,current,score_or_cost_updated
2026-06-09T20:36:00,task149,19.54041448585584,19.54041448585584,0.0,235.0,235.0,current,score_or_cost_updated
2026-06-09T20:36:00,task150,18.47643769385049,18.47643769385049,0.0,681.0,681.0,current,score_or_cost_updated
2026-06-09T20:36:00,task151,18.186555400489105,18.186555400489105,0.0,910.0,910.0,current,score_or_cost_updated
2026-06-09T20:36:00,task152,17.504458056115745,17.504458056115745,0.0,1800.0,1800.0,current,score_or_cost_updated
2026-06-09T20:36:00,task153,15.029134212133924,15.029134212133924,0.0,21394.0,21394.0,current,score_or_cost_updated
2026-06-09T20:36:00,task154,14.596525348878876,14.596525348878876,0.0,32974.0,32974.0,current,score_or_cost_updated
2026-06-09T20:36:00,task155,18.47643769385049,18.47643769385049,0.0,681.0,681.0,current,score_or_cost_updated
2026-06-09T20:36:00,task156,14.813177309255789,14.813177309255789,0.0,26551.0,26551.0,current,score_or_cost_updated
2026-06-09T20:36:00,task157,13.72024316999107,13.72024316999107,0.0,79202.0,79202.0,current,score_or_cost_updated
2026-06-09T20:36:00,task158,12.837576257600388,12.837576257600388,0.0,191458.0,191458.0,current,score_or_cost_updated
2026-06-09T20:36:00,task159,15.067099286895523,15.067099286895523,0.0,20597.0,20597.0,current,score_or_cost_updated
2026-06-09T20:36:00,task160,16.569454615309432,16.569454615309432,0.0,4585.0,4585.0,current,score_or_cost_updated
2026-06-09T20:36:00,task161,13.923426777221719,13.923426777221719,0.0,64639.0,64639.0,current,score_or_cost_updated
2026-06-09T20:36:00,task162,13.944501582071068,13.944501582071068,0.0,63291.0,63291.0,current,score_or_cost_updated
2026-06-09T20:36:00,task163,14.911070763333674,14.911070763333674,0.0,24075.0,24075.0,current,score_or_cost_updated
2026-06-09T20:36:00,task164,21.598802618337846,21.598802618337846,0.0,30.0,30.0,current,score_or_cost_updated
2026-06-09T20:36:00,task165,13.87976163077872,13.87976163077872,0.0,67524.0,67524.0,current,score_or_cost_updated
2026-06-09T20:36:00,task166,14.881844714630706,14.881844714630706,0.0,24789.0,24789.0,current,score_or_cost_updated
2026-06-09T20:36:00,task167,18.470581161737776,18.470581161737776,0.0,685.0,685.0,current,score_or_cost_updated
2026-06-09T20:36:00,task168,15.076562772156251,15.076562772156251,0.0,20403.0,20403.0,current,score_or_cost_updated
2026-06-09T20:36:00,task169,14.929812271572874,14.929812271572874,0.0,23628.0,23628.0,current,score_or_cost_updated
2026-06-09T20:36:00,task170,13.728331141770909,13.728331141770909,0.0,78564.0,78564.0,current,score_or_cost_updated
2026-06-09T20:36:00,task171,18.186555400489105,18.186555400489105,0.0,910.0,910.0,current,score_or_cost_updated
2026-06-09T20:36:00,task172,21.598802618337846,21.598802618337846,0.0,30.0,30.0,current,score_or_cost_updated
2026-06-09T20:36:00,task173,12.926071138839562,12.926071138839562,0.0,175243.0,175243.0,current,score_or_cost_updated
2026-06-09T20:36:00,task174,14.140635684557754,14.140635684557754,0.0,52019.0,52019.0,current,score_or_cost_updated
2026-06-09T20:36:00,task175,13.54026436354389,13.54026436354389,0.0,94820.0,94820.0,current,score_or_cost_updated
2026-06-09T20:36:00,task176,16.022853515191528,16.022853515191528,0.0,7920.0,7920.0,current,score_or_cost_updated
2026-06-09T20:36:00,task177,13.978195575521427,13.978195575521427,0.0,61194.0,61194.0,current,score_or_cost_updated
2026-06-09T20:36:00,task178,15.478065735525723,15.478065735525723,0.0,13656.0,13656.0,current,score_or_cost_updated
2026-06-09T20:36:00,task179,25.0,25.0,0.0,0.0,0.0,current,score_or_cost_updated
2026-06-09T20:36:00,task180,16.084030688626395,16.084030688626395,0.0,7450.0,7450.0,current,score_or_cost_updated
2026-06-09T20:36:00,task181,17.91493570604745,17.91493570604745,0.0,1194.0,1194.0,current,score_or_cost_updated
2026-06-09T20:36:00,task182,14.22901287975965,14.22901287975965,0.0,47619.0,47619.0,current,score_or_cost_updated
2026-06-09T20:36:00,task183,14.878662884610772,14.878662884610772,0.0,24868.0,24868.0,current,score_or_cost_updated
2026-06-09T20:36:00,task184,14.432407952356657,14.432407952356657,0.0,38855.0,38855.0,current,score_or_cost_updated
2026-06-09T20:36:00,task185,14.00485763936326,14.00485763936326,0.0,59584.0,59584.0,current,score_or_cost_updated
2026-06-09T20:36:00,task186,19.10284613236326,19.10284613236326,0.0,364.0,364.0,current,score_or_cost_updated
2026-06-09T20:36:00,task187,13.654168620492959,13.654168620492959,0.0,84612.0,84612.0,current,score_or_cost_updated
2026-06-09T20:36:00,task188,15.692532917293095,15.692532917293095,0.0,11020.0,11020.0,current,score_or_cost_updated
2026-06-09T20:36:00,task189,14.887914167591697,14.887914167591697,0.0,24639.0,24639.0,current,score_or_cost_updated
2026-06-09T20:36:00,task190,15.675973863620001,15.675973863620001,0.0,11204.0,11204.0,current,score_or_cost_updated
2026-06-09T20:36:00,task191,13.638839729058745,13.638839729058745,0.0,85919.0,85919.0,current,score_or_cost_updated
2026-06-09T20:36:00,task192,14.14161657647865,14.14161657647865,0.0,51968.0,51968.0,current,score_or_cost_updated
2026-06-09T20:36:00,task193,14.109558240338645,14.109558240338645,0.0,53661.0,53661.0,current,score_or_cost_updated
2026-06-09T20:36:00,task194,17.504458056115745,17.504458056115745,0.0,1800.0,1800.0,current,score_or_cost_updated
2026-06-09T20:36:00,task195,15.436962585454308,15.436962585454308,0.0,14229.0,14229.0,current,score_or_cost_updated
2026-06-09T20:36:00,task196,14.619005786490737,14.619005786490737,0.0,32241.0,32241.0,current,score_or_cost_updated
2026-06-09T20:36:00,task197,14.166555524825903,14.166555524825903,0.0,50688.0,50688.0,current,score_or_cost_updated
2026-06-09T20:36:00,task198,13.449576458609688,13.449576458609688,0.0,103821.0,103821.0,current,score_or_cost_updated
2026-06-09T20:36:00,task199,15.30989132872317,15.30989132872317,0.0,16157.0,16157.0,current,score_or_cost_updated
2026-06-09T20:36:00,task200,16.90867872646959,16.90867872646959,0.0,3266.0,3266.0,current,score_or_cost_updated
2026-06-09T20:36:00,task201,13.562876248446054,13.562876248446054,0.0,92700.0,92700.0,current,score_or_cost_updated
2026-06-09T20:36:00,task202,13.258187509088495,13.258187509088495,0.0,125720.0,125720.0,current,score_or_cost_updated
2026-06-09T20:36:00,task203,13.610350127195805,13.610350127195805,0.0,88402.0,88402.0,current,score_or_cost_updated
2026-06-09T20:36:00,task204,13.307707338062253,13.307707338062253,0.0,119646.0,119646.0,current,score_or_cost_updated
2026-06-09T20:36:00,task205,13.370955104619776,13.370955104619776,0.0,112313.0,112313.0,current,score_or_cost_updated
2026-06-09T20:36:00,task206,13.975062924893004,13.975062924893004,0.0,61386.0,61386.0,current,score_or_cost_updated
2026-06-09T20:36:00,task207,17.463636061595487,17.463636061595487,0.0,1875.0,1875.0,current,score_or_cost_updated
2026-06-09T20:36:00,task208,14.236326566974489,14.236326566974489,0.0,47272.0,47272.0,current,score_or_cost_updated
2026-06-09T20:36:00,task209,13.28530989269121,13.28530989269121,0.0,122356.0,122356.0,current,score_or_cost_updated
2026-06-09T20:36:00,task210,21.598802618337846,21.598802618337846,0.0,30.0,30.0,current,score_or_cost_updated
2026-06-09T20:36:00,task211,17.504458056115745,17.504458056115745,0.0,1800.0,1800.0,current,score_or_cost_updated
2026-06-09T20:36:00,task212,15.876307434749489,15.876307434749489,0.0,9170.0,9170.0,current,score_or_cost_updated
2026-06-09T20:36:00,task213,14.177325912477691,14.177325912477691,0.0,50145.0,50145.0,current,score_or_cost_updated
2026-06-09T20:36:00,task214,17.504458056115745,17.504458056115745,0.0,1800.0,1800.0,current,score_or_cost_updated
2026-06-09T20:36:00,task215,14.452187931601495,14.452187931601495,0.0,38094.0,38094.0,current,score_or_cost_updated
2026-06-09T20:36:00,task216,13.451977697992342,13.451977697992342,0.0,103572.0,103572.0,current,score_or_cost_updated
2026-06-09T20:36:00,task217,15.206104124093967,15.206104124093967,0.0,17924.0,17924.0,current,score_or_cost_updated
2026-06-09T20:36:00,task218,14.948006239164648,14.948006239164648,0.0,23202.0,23202.0,current,score_or_cost_updated
2026-06-09T20:36:00,task219,13.651395086474174,13.651395086474174,0.0,84847.0,84847.0,current,score_or_cost_updated
2026-06-09T20:36:00,task220,18.197605236675688,18.197605236675688,0.0,900.0,900.0,current,score_or_cost_updated
2026-06-09T20:36:00,task221,14.069235056400384,14.069235056400384,0.0,55869.0,55869.0,current,score_or_cost_updated
2026-06-09T20:36:00,task222,14.031198444197276,14.031198444197276,0.0,58035.0,58035.0,current,score_or_cost_updated
2026-06-09T20:36:00,task223,17.504458056115745,17.504458056115745,0.0,1800.0,1800.0,current,score_or_cost_updated
2026-06-09T20:36:00,task224,14.275455898281896,14.275455898281896,0.0,45458.0,45458.0,current,score_or_cost_updated
2026-06-09T20:36:00,task225,15.68728356140695,15.68728356140695,0.0,11078.0,11078.0,current,score_or_cost_updated
2026-06-09T20:36:00,task226,16.53220715887889,16.53220715887889,0.0,4759.0,4759.0,current,score_or_cost_updated
2026-06-09T20:36:00,task227,17.018266713308115,17.018266713308115,0.0,2927.0,2927.0,current,score_or_cost_updated
2026-06-09T20:36:00,task228,14.86993479941538,14.86993479941538,0.0,25086.0,25086.0,current,score_or_cost_updated
2026-06-09T20:36:00,task229,17.74936448810132,17.74936448810132,0.0,1409.0,1409.0,current,score_or_cost_updated
2026-06-09T20:36:00,task230,18.197605236675688,18.197605236675688,0.0,900.0,900.0,current,score_or_cost_updated
2026-06-09T20:36:00,task231,14.445698819920006,14.445698819920006,0.0,38342.0,38342.0,current,score_or_cost_updated
2026-06-09T20:36:00,task232,14.707956157758622,14.707956157758622,0.0,29497.0,29497.0,current,score_or_cost_updated
2026-06-09T20:36:00,task233,10.679645472747369,10.679645472747369,0.0,1656727.0,1656727.0,current,score_or_cost_updated
2026-06-09T20:36:00,task234,13.689154000119816,13.689154000119816,0.0,81703.0,81703.0,current,score_or_cost_updated
2026-06-09T20:36:00,task235,17.801068759311825,17.801068759311825,0.0,1338.0,1338.0,current,score_or_cost_updated
2026-06-09T20:36:00,task236,18.53385527576238,18.53385527576238,0.0,643.0,643.0,current,score_or_cost_updated
2026-06-09T20:36:00,task237,15.430308268881676,15.430308268881676,0.0,14324.0,14324.0,current,score_or_cost_updated
2026-06-09T20:36:00,task238,13.927876707427622,13.927876707427622,0.0,64352.0,64352.0,current,score_or_cost_updated
2026-06-09T20:36:00,task239,13.54388830238479,13.54388830238479,0.0,94477.0,94477.0,current,score_or_cost_updated
2026-06-09T20:36:00,task240,14.765519480374964,14.765519480374964,0.0,27847.0,27847.0,current,score_or_cost_updated
2026-06-09T20:36:00,task241,25.0,25.0,0.0,0.0,0.0,current,score_or_cost_updated
2026-06-09T20:36:00,task242,16.02905960185755,16.02905960185755,0.0,7871.0,7871.0,current,score_or_cost_updated
2026-06-09T20:36:00,task243,13.401208814053447,13.401208814053447,0.0,108966.0,108966.0,current,score_or_cost_updated
2026-06-09T20:36:00,task244,14.633344629227418,14.633344629227418,0.0,31782.0,31782.0,current,score_or_cost_updated
2026-06-09T20:36:00,task245,14.724535183516696,14.724535183516696,0.0,29012.0,29012.0,current,score_or_cost_updated
2026-06-09T20:36:00,task246,15.497661881504435,15.497661881504435,0.0,13391.0,13391.0,current,score_or_cost_updated
2026-06-09T20:36:00,task247,16.272870084756832,16.272870084756832,0.0,6168.0,6168.0,current,score_or_cost_updated
2026-06-09T20:36:00,task248,16.218905264797385,16.218905264797385,0.0,6510.0,6510.0,current,score_or_cost_updated
2026-06-09T20:36:00,task249,18.477907201829847,18.477907201829847,0.0,680.0,680.0,current,score_or_cost_updated
2026-06-09T20:36:00,task250,15.59573893538651,15.59573893538651,0.0,12140.0,12140.0,current,score_or_cost_updated
2026-06-09T20:36:00,task251,13.481291290274044,13.481291290274044,0.0,100580.0,100580.0,current,score_or_cost_updated
2026-06-09T20:36:00,task252,14.453028311923028,14.453028311923028,0.0,38062.0,38062.0,current,score_or_cost_updated
2026-06-09T20:36:00,task253,14.215455188361384,14.215455188361384,0.0,48269.0,48269.0,current,score_or_cost_updated
2026-06-09T20:36:00,task254,16.018318360026136,16.018318360026136,0.0,7956.0,7956.0,current,score_or_cost_updated
2026-06-09T20:36:00,task255,11.62208628955128,11.62208628955128,0.0,645586.0,645586.0,current,score_or_cost_updated
2026-06-09T20:36:00,task256,15.197383057848846,15.197383057848846,0.0,18081.0,18081.0,current,score_or_cost_updated
2026-06-09T20:36:00,task257,18.01806532284361,18.01806532284361,0.0,1077.0,1077.0,current,score_or_cost_updated
2026-06-09T20:36:00,task258,19.924826184766175,19.924826184766175,0.0,160.0,160.0,current,score_or_cost_updated
2026-06-09T20:36:00,task259,16.169018489047502,16.169018489047502,0.0,6843.0,6843.0,current,score_or_cost_updated
2026-06-09T20:36:00,task260,15.568678412874291,15.568678412874291,0.0,12473.0,12473.0,current,score_or_cost_updated
2026-06-09T20:36:00,task261,19.701682633451963,19.701682633451963,0.0,200.0,200.0,current,score_or_cost_updated
2026-06-09T20:36:00,task262,16.765169719557946,16.765169719557946,0.0,3770.0,3770.0,current,score_or_cost_updated
2026-06-09T20:36:00,task263,16.006075858588602,16.006075858588602,0.0,8054.0,8054.0,current,score_or_cost_updated
2026-06-09T20:36:00,task264,13.720116918523228,13.720116918523228,0.0,79212.0,79212.0,current,score_or_cost_updated
2026-06-09T20:36:00,task265,14.424537832136728,14.424537832136728,0.0,39162.0,39162.0,current,score_or_cost_updated
2026-06-09T20:36:00,task266,18.186555400489105,18.186555400489105,0.0,910.0,910.0,current,score_or_cost_updated
2026-06-09T20:36:00,task267,17.904106778902467,17.904106778902467,0.0,1207.0,1207.0,current,score_or_cost_updated
2026-06-09T20:36:00,task268,14.983808957550787,14.983808957550787,0.0,22386.0,22386.0,current,score_or_cost_updated
2026-06-09T20:36:00,task269,15.940249986656319,15.940249986656319,0.0,8602.0,8602.0,current,score_or_cost_updated
2026-06-09T20:36:00,task270,14.853527053936123,14.853527053936123,0.0,25501.0,25501.0,current,score_or_cost_updated
2026-06-09T20:36:00,task271,14.725259284025897,14.725259284025897,0.0,28991.0,28991.0,current,score_or_cost_updated
2026-06-09T20:36:00,task272,18.86877351051686,18.86877351051686,0.0,460.0,460.0,current,score_or_cost_updated
2026-06-09T20:36:00,task273,16.311040765729324,16.311040765729324,0.0,5937.0,5937.0,current,score_or_cost_updated
2026-06-09T20:36:00,task274,15.942694264192879,15.942694264192879,0.0,8581.0,8581.0,current,score_or_cost_updated
2026-06-09T20:36:00,task275,13.662869436848247,13.662869436848247,0.0,83879.0,83879.0,current,score_or_cost_updated
2026-06-09T20:36:00,task276,22.697414907005953,22.697414907005953,0.0,10.0,10.0,current,score_or_cost_updated
2026-06-09T20:36:00,task277,15.410059486110708,15.410059486110708,0.0,14617.0,14617.0,current,score_or_cost_updated
2026-06-09T20:36:00,task278,14.864210958364897,14.864210958364897,0.0,25230.0,25230.0,current,score_or_cost_updated
2026-06-09T20:36:00,task279,14.821535747509644,14.821535747509644,0.0,26330.0,26330.0,current,score_or_cost_updated
2026-06-09T20:36:00,task280,13.64132188619622,13.64132188619622,0.0,85706.0,85706.0,current,score_or_cost_updated
2026-06-09T20:36:00,task281,13.60794357751076,13.60794357751076,0.0,88615.0,88615.0,current,score_or_cost_updated
2026-06-09T20:36:00,task282,18.197605236675688,18.197605236675688,0.0,900.0,900.0,current,score_or_cost_updated
2026-06-09T20:36:00,task283,18.186555400489105,18.186555400489105,0.0,910.0,910.0,current,score_or_cost_updated
2026-06-09T20:36:00,task284,13.475808238755878,13.475808238755878,0.0,101133.0,101133.0,current,score_or_cost_updated
2026-06-09T20:36:00,task285,12.112179904635754,12.112179904635754,0.0,395466.0,395466.0,current,score_or_cost_updated
2026-06-09T20:36:00,task286,13.00342074458367,13.00342074458367,0.0,162199.0,162199.0,current,score_or_cost_updated
2026-06-09T20:36:00,task287,14.975800372301608,14.975800372301608,0.0,22566.0,22566.0,current,score_or_cost_updated
2026-06-09T20:36:00,task288,14.632558329669694,14.632558329669694,0.0,31807.0,31807.0,current,score_or_cost_updated
2026-06-09T20:36:00,task289,14.874489523818365,14.874489523818365,0.0,24972.0,24972.0,current,score_or_cost_updated
2026-06-09T20:36:00,task290,15.631972352188223,15.631972352188223,0.0,11708.0,11708.0,current,score_or_cost_updated
2026-06-09T20:36:00,task291,16.627370259775116,16.627370259775116,0.0,4327.0,4327.0,current,score_or_cost_updated
2026-06-09T20:36:00,task292,16.250901751600978,16.250901751600978,0.0,6305.0,6305.0,current,score_or_cost_updated
2026-06-09T20:36:00,task293,14.882571106914462,14.882571106914462,0.0,24771.0,24771.0,current,score_or_cost_updated
2026-06-09T20:36:00,task294,18.186555400489105,18.186555400489105,0.0,910.0,910.0,current,score_or_cost_updated
2026-06-09T20:36:00,task295,15.591628777524683,15.591628777524683,0.0,12190.0,12190.0,current,score_or_cost_updated
2026-06-09T20:36:00,task296,16.67955188604344,16.67955188604344,0.0,4107.0,4107.0,current,score_or_cost_updated
2026-06-09T20:36:00,task297,15.876198389441056,15.876198389441056,0.0,9171.0,9171.0,current,score_or_cost_updated
2026-06-09T20:36:00,task298,15.387667209394625,15.387667209394625,0.0,14948.0,14948.0,current,score_or_cost_updated
2026-06-09T20:36:00,task299,17.5510838974558,17.5510838974558,0.0,1718.0,1718.0,current,score_or_cost_updated
2026-06-09T20:36:00,task300,13.741373412351637,13.741373412351637,0.0,77546.0,77546.0,current,score_or_cost_updated
2026-06-09T20:36:00,task301,13.91804208355036,13.91804208355036,0.0,64988.0,64988.0,current,score_or_cost_updated
2026-06-09T20:36:00,task302,16.03863393937255,16.03863393937255,0.0,7796.0,7796.0,current,score_or_cost_updated
2026-06-09T20:36:00,task303,15.848136557782793,15.848136557782793,0.0,9432.0,9432.0,current,score_or_cost_updated
2026-06-09T20:36:00,task304,15.708263989819823,15.708263989819823,0.0,10848.0,10848.0,current,score_or_cost_updated
2026-06-09T20:36:00,task305,16.71802294113224,16.71802294113224,0.0,3952.0,3952.0,current,score_or_cost_updated
2026-06-09T20:36:00,task306,13.9264791265675,13.9264791265675,0.0,64442.0,64442.0,current,score_or_cost_updated
2026-06-09T20:36:00,task307,17.504458056115745,17.504458056115745,0.0,1800.0,1800.0,current,score_or_cost_updated
2026-06-09T20:36:00,task308,15.010380623834585,15.010380623834585,0.0,21799.0,21799.0,current,score_or_cost_updated
2026-06-09T20:36:00,task309,22.697414907005953,22.697414907005953,0.0,10.0,10.0,current,score_or_cost_updated
2026-06-09T20:36:00,task310,15.11442186800744,15.11442186800744,0.0,19645.0,19645.0,current,score_or_cost_updated
2026-06-09T20:36:00,task311,21.598802618337846,21.598802618337846,0.0,30.0,30.0,current,score_or_cost_updated
2026-06-09T20:36:00,task312,15.791761836115688,15.791761836115688,0.0,9979.0,9979.0,current,score_or_cost_updated
2026-06-09T20:36:00,task313,13.666536185257858,13.666536185257858,0.0,83572.0,83572.0,current,score_or_cost_updated
2026-06-09T20:36:00,task314,15.941180435665059,15.941180435665059,0.0,8594.0,8594.0,current,score_or_cost_updated
2026-06-09T20:36:00,task315,16.87230014718223,16.87230014718223,0.0,3387.0,3387.0,current,score_or_cost_updated
2026-06-09T20:36:00,task316,16.730755478816945,16.730755478816945,0.0,3902.0,3902.0,current,score_or_cost_updated
2026-06-09T20:36:00,task317,18.197605236675688,18.197605236675688,0.0,900.0,900.0,current,score_or_cost_updated
2026-06-09T20:36:00,task318,18.394702079051797,18.394702079051797,0.0,739.0,739.0,current,score_or_cost_updated
2026-06-09T20:36:00,task319,14.580490348791063,14.580490348791063,0.0,33507.0,33507.0,current,score_or_cost_updated
2026-06-09T20:36:00,task320,16.445511023840066,16.445511023840066,0.0,5190.0,5190.0,current,score_or_cost_updated
2026-06-09T20:36:00,task321,16.403810802357263,16.403810802357263,0.0,5411.0,5411.0,current,score_or_cost_updated
2026-06-09T20:36:00,task322,18.23496102321946,18.23496102321946,0.0,867.0,867.0,current,score_or_cost_updated
2026-06-09T20:36:00,task323,16.5810813778521,16.5810813778521,0.0,4532.0,4532.0,current,score_or_cost_updated
2026-06-09T20:36:00,task324,14.203081009735799,14.203081009735799,0.0,48870.0,48870.0,current,score_or_cost_updated
2026-06-09T20:36:00,task325,15.016315905469595,15.016315905469595,0.0,21670.0,21670.0,current,score_or_cost_updated
2026-06-09T20:36:00,task326,19.924826184766175,19.924826184766175,0.0,160.0,160.0,current,score_or_cost_updated
2026-06-09T20:36:00,task327,16.072287826172918,16.072287826172918,0.0,7538.0,7538.0,current,score_or_cost_updated
2026-06-09T20:36:00,task328,13.871957907660665,13.871957907660665,0.0,68053.0,68053.0,current,score_or_cost_updated
2026-06-09T20:36:00,task329,15.76399188127524,15.76399188127524,0.0,10260.0,10260.0,current,score_or_cost_updated
2026-06-09T20:36:00,task330,15.216591867794413,15.216591867794413,0.0,17737.0,17737.0,current,score_or_cost_updated
2026-06-09T20:36:00,task331,18.186555400489105,18.186555400489105,0.0,910.0,910.0,current,score_or_cost_updated
2026-06-09T20:36:00,task332,15.896131872534333,15.896131872534333,0.0,8990.0,8990.0,current,score_or_cost_updated
2026-06-09T20:36:00,task333,14.877658081568091,14.877658081568091,0.0,24893.0,24893.0,current,score_or_cost_updated
2026-06-09T20:36:00,task334,18.588181732290103,18.588181732290103,0.0,609.0,609.0,current,score_or_cost_updated
2026-06-09T20:36:00,task335,14.258204878914801,14.258204878914801,0.0,46249.0,46249.0,current,score_or_cost_updated
2026-06-09T20:36:00,task336,16.294503180112258,16.294503180112258,0.0,6036.0,6036.0,current,score_or_cost_updated
2026-06-09T20:36:00,task337,22.697414907005953,22.697414907005953,0.0,10.0,10.0,current,score_or_cost_updated
2026-06-09T20:36:00,task338,14.285226738886886,14.285226738886886,0.0,45016.0,45016.0,current,score_or_cost_updated
2026-06-09T20:36:00,task339,18.112447428335383,18.112447428335383,0.0,980.0,980.0,current,score_or_cost_updated
2026-06-09T20:36:00,task340,13.83887566105239,13.83887566105239,0.0,70342.0,70342.0,current,score_or_cost_updated
2026-06-09T20:36:00,task341,15.15493636760159,15.15493636760159,0.0,18865.0,18865.0,current,score_or_cost_updated
2026-06-09T20:36:00,task342,15.5946686681292,15.5946686681292,0.0,12153.0,12153.0,current,score_or_cost_updated
2026-06-09T20:36:00,task343,14.736881875699506,14.736881875699506,0.0,28656.0,28656.0,current,score_or_cost_updated
2026-06-09T20:36:00,task344,17.17196196787417,17.17196196787417,0.0,2510.0,2510.0,current,score_or_cost_updated
2026-06-09T20:36:00,task345,15.631289292052376,15.631289292052376,0.0,11716.0,11716.0,current,score_or_cost_updated
2026-06-09T20:36:00,task346,15.884849815027566,15.884849815027566,0.0,9092.0,9092.0,current,score_or_cost_updated
2026-06-09T20:36:00,task347,17.63039927947359,17.63039927947359,0.0,1587.0,1587.0,current,score_or_cost_updated
2026-06-09T20:36:00,task348,16.11719194507556,16.11719194507556,0.0,7207.0,7207.0,current,score_or_cost_updated
2026-06-09T20:36:00,task349,14.306261242455944,14.306261242455944,0.0,44079.0,44079.0,current,score_or_cost_updated
2026-06-09T20:36:00,task350,15.10504877848616,15.10504877848616,0.0,19830.0,19830.0,current,score_or_cost_updated
2026-06-09T20:36:00,task351,14.532506311227156,14.532506311227156,0.0,35154.0,35154.0,current,score_or_cost_updated
2026-06-09T20:36:00,task352,16.20124341714016,16.20124341714016,0.0,6626.0,6626.0,current,score_or_cost_updated
2026-06-09T20:36:00,task353,16.403810802357263,16.403810802357263,0.0,5411.0,5411.0,current,score_or_cost_updated
2026-06-09T20:36:00,task354,15.258619697007587,15.258619697007587,0.0,17007.0,17007.0,current,score_or_cost_updated
2026-06-09T20:36:00,task355,15.624569008158225,15.624569008158225,0.0,11795.0,11795.0,current,score_or_cost_updated
2026-06-09T20:36:00,task356,16.482606828581098,16.482606828581098,0.0,5001.0,5001.0,current,score_or_cost_updated
2026-06-09T20:36:00,task357,16.20942652084284,16.20942652084284,0.0,6572.0,6572.0,current,score_or_cost_updated
2026-06-09T20:36:00,task358,13.356739495302836,13.356739495302836,0.0,113921.0,113921.0,current,score_or_cost_updated
2026-06-09T20:36:00,task359,14.347150353576192,14.347150353576192,0.0,42313.0,42313.0,current,score_or_cost_updated
2026-06-09T20:36:00,task360,15.681164031870518,15.681164031870518,0.0,11146.0,11146.0,current,score_or_cost_updated
2026-06-09T20:36:00,task361,15.324919828453181,15.324919828453181,0.0,15916.0,15916.0,current,score_or_cost_updated
2026-06-09T20:36:00,task362,15.612434368654611,15.612434368654611,0.0,11939.0,11939.0,current,score_or_cost_updated
2026-06-09T20:36:00,task363,13.60482257129864,13.60482257129864,0.0,88892.0,88892.0,current,score_or_cost_updated
2026-06-09T20:36:00,task364,13.737345222483407,13.737345222483407,0.0,77859.0,77859.0,current,score_or_cost_updated
2026-06-09T20:36:00,task365,14.01786479921536,14.01786479921536,0.0,58814.0,58814.0,current,score_or_cost_updated
2026-06-09T20:36:00,task366,11.362564029982357,11.362564029982357,0.0,836880.0,836880.0,current,score_or_cost_updated
2026-06-09T20:36:00,task367,13.125192173257059,13.125192173257059,0.0,143603.0,143603.0,current,score_or_cost_updated
2026-06-09T20:36:00,task368,14.615970788806473,14.615970788806473,0.0,32339.0,32339.0,current,score_or_cost_updated
2026-06-09T20:36:00,task369,16.07334967920606,16.07334967920606,0.0,7530.0,7530.0,current,score_or_cost_updated
2026-06-09T20:36:00,task370,13.407505785810647,13.407505785810647,0.0,108282.0,108282.0,current,score_or_cost_updated
2026-06-09T20:36:00,task371,15.50983333153762,15.50983333153762,0.0,13229.0,13229.0,current,score_or_cost_updated
2026-06-09T20:36:00,task372,16.027916817148075,16.027916817148075,0.0,7880.0,7880.0,current,score_or_cost_updated
2026-06-09T20:36:00,task373,18.738508315678956,18.738508315678956,0.0,524.0,524.0,current,score_or_cost_updated
2026-06-09T20:36:00,task374,15.501327766730538,15.501327766730538,0.0,13342.0,13342.0,current,score_or_cost_updated
2026-06-09T20:36:00,task375,15.372793097191211,15.372793097191211,0.0,15172.0,15172.0,current,score_or_cost_updated
2026-06-09T20:36:00,task376,14.93899600958889,14.93899600958889,0.0,23412.0,23412.0,current,score_or_cost_updated
2026-06-09T20:36:00,task377,13.966336894339644,13.966336894339644,0.0,61924.0,61924.0,current,score_or_cost_updated
2026-06-09T20:36:00,task378,14.428477967719003,14.428477967719003,0.0,39008.0,39008.0,current,score_or_cost_updated
2026-06-09T20:36:00,task379,13.819767920510943,13.819767920510943,0.0,71699.0,71699.0,current,score_or_cost_updated
2026-06-09T20:36:00,task380,18.409698951803314,18.409698951803314,0.0,728.0,728.0,current,score_or_cost_updated
2026-06-09T20:36:00,task381,16.830946850072657,16.830946850072657,0.0,3530.0,3530.0,current,score_or_cost_updated
2026-06-09T20:36:00,task382,13.532302052966461,13.532302052966461,0.0,95578.0,95578.0,current,score_or_cost_updated
2026-06-09T20:36:00,task383,13.246161795004017,13.246161795004017,0.0,127241.0,127241.0,current,score_or_cost_updated
2026-06-09T20:36:00,task384,14.759112070269836,14.759112070269836,0.0,28026.0,28026.0,current,score_or_cost_updated
2026-06-09T20:36:00,task385,21.598802618337846,21.598802618337846,0.0,30.0,30.0,current,score_or_cost_updated
2026-06-09T20:36:00,task386,17.32074857404694,17.32074857404694,0.0,2163.0,2163.0,current,score_or_cost_updated
2026-06-09T20:36:00,task387,13.940291846175448,13.940291846175448,0.0,63558.0,63558.0,current,score_or_cost_updated
2026-06-09T20:36:00,task388,16.225377779303003,16.225377779303003,0.0,6468.0,6468.0,current,score_or_cost_updated
2026-06-09T20:36:00,task389,17.451444020830127,17.451444020830127,0.0,1898.0,1898.0,current,score_or_cost_updated
2026-06-09T20:36:00,task390,14.885805916253345,14.885805916253345,0.0,24691.0,24691.0,current,score_or_cost_updated
2026-06-09T20:36:00,task391,15.787561829941671,15.787561829941671,0.0,10021.0,10021.0,current,score_or_cost_updated
2026-06-09T20:36:00,task392,14.662816279014882,14.662816279014882,0.0,30859.0,30859.0,current,score_or_cost_updated
2026-06-09T20:36:00,task393,18.870949789939456,18.870949789939456,0.0,459.0,459.0,current,score_or_cost_updated
2026-06-09T20:36:00,task394,16.53346872338599,16.53346872338599,0.0,4753.0,4753.0,current,score_or_cost_updated
2026-06-09T20:36:00,task395,17.581219117249205,17.581219117249205,0.0,1667.0,1667.0,current,score_or_cost_updated
2026-06-09T20:36:00,task396,13.126683504302262,13.126683504302262,0.0,143389.0,143389.0,current,score_or_cost_updated
2026-06-09T20:36:00,task397,15.045771805760689,15.045771805760689,0.0,21041.0,21041.0,current,score_or_cost_updated
2026-06-09T20:36:00,task398,13.657922169750098,13.657922169750098,0.0,84295.0,84295.0,current,score_or_cost_updated
2026-06-09T20:36:00,task399,17.48302277539568,17.48302277539568,0.0,1839.0,1839.0,current,score_or_cost_updated
2026-06-09T20:36:00,task400,14.532534757896764,14.532534757896764,0.0,35153.0,35153.0,current,score_or_cost_updated
2026-06-09T20:37:40,task001,17.047384888349,17.047384888349,0.0,2843.0,2843.0,current,score_or_cost_updated
2026-06-09T20:37:40,task002,13.514517676859928,13.514517676859928,0.0,97293.0,97293.0,current,score_or_cost_updated
2026-06-09T20:37:40,task003,17.918291413894426,17.918291413894426,0.0,1190.0,1190.0,current,score_or_cost_updated
2026-06-09T20:37:40,task004,14.084547965521434,14.084547965521434,0.0,55020.0,55020.0,current,score_or_cost_updated
2026-06-09T20:37:40,task005,13.328149556042213,13.328149556042213,0.0,117225.0,117225.0,current,score_or_cost_updated
2026-06-09T20:37:40,task006,17.603051397378987,17.603051397378987,0.0,1631.0,1631.0,current,score_or_cost_updated
2026-06-09T20:37:40,task007,16.108350887349943,16.108350887349943,0.0,7271.0,7271.0,current,score_or_cost_updated
2026-06-09T20:37:40,task008,14.94430651457454,14.94430651457454,0.0,23288.0,23288.0,current,score_or_cost_updated
2026-06-09T20:37:40,task009,13.69482467517415,13.69482467517415,0.0,81241.0,81241.0,current,score_or_cost_updated
2026-06-09T20:37:40,task010,16.479811299603966,16.479811299603966,0.0,5015.0,5015.0,current,score_or_cost_updated
2026-06-09T20:37:40,task011,13.898854540195707,13.898854540195707,0.0,66247.0,66247.0,current,score_or_cost_updated
2026-06-09T20:37:40,task012,15.555457449352874,15.555457449352874,0.0,12639.0,12639.0,current,score_or_cost_updated
2026-06-09T20:37:40,task013,13.3310798421544,13.3310798421544,0.0,116882.0,116882.0,current,score_or_cost_updated
2026-06-09T20:37:40,task014,14.427427453254685,14.427427453254685,0.0,39049.0,39049.0,current,score_or_cost_updated
2026-06-09T20:37:40,task015,18.197605236675688,18.197605236675688,0.0,900.0,900.0,current,score_or_cost_updated
2026-06-09T20:37:40,task016,22.697414907005953,22.697414907005953,0.0,10.0,10.0,current,score_or_cost_updated
2026-06-09T20:37:40,task017,14.57051253772697,14.57051253772697,0.0,33843.0,33843.0,current,score_or_cost_updated
2026-06-09T20:37:40,task018,11.926440386857584,11.926440386857584,0.0,476184.0,476184.0,current,score_or_cost_updated
2026-06-09T20:37:40,task019,13.69353305881371,13.69353305881371,0.0,81346.0,81346.0,current,score_or_cost_updated
2026-06-09T20:37:40,task020,16.061599593526992,16.061599593526992,0.0,7619.0,7619.0,current,score_or_cost_updated
2026-06-09T20:37:40,task021,14.156056071090937,14.156056071090937,0.0,51223.0,51223.0,current,score_or_cost_updated
2026-06-09T20:37:40,task022,14.542024067963268,14.542024067963268,0.0,34821.0,34821.0,current,score_or_cost_updated
2026-06-09T20:37:40,task023,13.863194455943471,13.863194455943471,0.0,68652.0,68652.0,current,score_or_cost_updated
2026-06-09T20:37:40,task024,15.88617052840466,15.88617052840466,0.0,9080.0,9080.0,current,score_or_cost_updated
2026-06-09T20:37:40,task025,13.149938233234366,13.149938233234366,0.0,140093.0,140093.0,current,score_or_cost_updated
2026-06-09T20:37:40,task026,18.415208607614282,18.415208607614282,0.0,724.0,724.0,current,score_or_cost_updated
2026-06-09T20:37:40,task027,16.331975918881177,16.331975918881177,0.0,5814.0,5814.0,current,score_or_cost_updated
2026-06-09T20:37:40,task028,16.51553663320668,16.51553663320668,0.0,4839.0,4839.0,current,score_or_cost_updated
2026-06-09T20:37:40,task029,13.516328283804857,13.516328283804857,0.0,97117.0,97117.0,current,score_or_cost_updated
2026-06-09T20:37:40,task030,15.69453128293224,15.69453128293224,0.0,10998.0,10998.0,current,score_or_cost_updated
2026-06-09T20:37:40,task031,15.168223295017873,15.168223295017873,0.0,18616.0,18616.0,current,score_or_cost_updated
2026-06-09T20:37:40,task032,16.86699978141639,16.86699978141639,0.0,3405.0,3405.0,current,score_or_cost_updated
2026-06-09T20:37:40,task033,14.081988539178049,14.081988539178049,0.0,55161.0,55161.0,current,score_or_cost_updated
2026-06-09T20:37:40,task034,13.425828929592994,13.425828929592994,0.0,106316.0,106316.0,current,score_or_cost_updated
2026-06-09T20:37:40,task035,15.36028269986934,15.36028269986934,0.0,15363.0,15363.0,current,score_or_cost_updated
2026-06-09T20:37:40,task036,13.710918331458375,13.710918331458375,0.0,79944.0,79944.0,current,score_or_cost_updated
2026-06-09T20:37:40,task037,13.937652078450405,13.937652078450405,0.0,63726.0,63726.0,current,score_or_cost_updated
2026-06-09T20:37:40,task038,17.315675932318847,17.315675932318847,0.0,2174.0,2174.0,current,score_or_cost_updated
2026-06-09T20:37:40,task039,16.04171718950267,16.04171718950267,0.0,7772.0,7772.0,current,score_or_cost_updated
2026-06-09T20:37:40,task040,16.02944082049105,16.02944082049105,0.0,7868.0,7868.0,current,score_or_cost_updated
2026-06-09T20:37:40,task041,15.626775765122337,15.626775765122337,0.0,11769.0,11769.0,current,score_or_cost_updated
2026-06-09T20:37:40,task042,15.95018055485892,15.95018055485892,0.0,8517.0,8517.0,current,score_or_cost_updated
2026-06-09T20:37:40,task043,16.129617933929865,16.129617933929865,0.0,7118.0,7118.0,current,score_or_cost_updated
2026-06-09T20:37:40,task044,14.354527484820627,14.354527484820627,0.0,42002.0,42002.0,current,score_or_cost_updated
2026-06-09T20:37:40,task045,16.0873920363291,16.0873920363291,0.0,7425.0,7425.0,current,score_or_cost_updated
2026-06-09T20:37:40,task046,14.58291068075113,14.58291068075113,0.0,33426.0,33426.0,current,score_or_cost_updated
2026-06-09T20:37:40,task047,16.985664262700574,16.985664262700574,0.0,3024.0,3024.0,current,score_or_cost_updated
2026-06-09T20:37:40,task048,16.367872270491663,16.367872270491663,0.0,5609.0,5609.0,current,score_or_cost_updated
2026-06-09T20:37:40,task049,14.674878758194124,14.674878758194124,0.0,30489.0,30489.0,current,score_or_cost_updated
2026-06-09T20:37:40,task050,15.843587970049374,15.843587970049374,0.0,9475.0,9475.0,current,score_or_cost_updated
2026-06-09T20:37:40,task051,13.866448009633856,13.866448009633856,0.0,68429.0,68429.0,current,score_or_cost_updated
2026-06-09T20:37:40,task052,17.886857891292912,17.886857891292912,0.0,1228.0,1228.0,current,score_or_cost_updated
2026-06-09T20:37:40,task053,21.598802618337846,21.598802618337846,0.0,30.0,30.0,current,score_or_cost_updated
2026-06-09T20:37:40,task054,13.07796275080141,13.07796275080141,0.0,150548.0,150548.0,current,score_or_cost_updated
2026-06-09T20:37:40,task055,14.820017720652668,14.820017720652668,0.0,26370.0,26370.0,current,score_or_cost_updated
2026-06-09T20:37:40,task056,19.638707834290575,19.638707834290575,0.0,213.0,213.0,current,score_or_cost_updated
2026-06-09T20:37:40,task057,15.354118052333183,15.354118052333183,0.0,15458.0,15458.0,current,score_or_cost_updated
2026-06-09T20:37:40,task058,15.314295392535985,15.314295392535985,0.0,16086.0,16086.0,current,score_or_cost_updated
2026-06-09T20:37:40,task059,15.077347278202861,15.077347278202861,0.0,20387.0,20387.0,current,score_or_cost_updated
2026-06-09T20:37:40,task060,16.372876749211567,16.372876749211567,0.0,5581.0,5581.0,current,score_or_cost_updated
2026-06-09T20:37:40,task061,15.152342332424542,15.152342332424542,0.0,18914.0,18914.0,current,score_or_cost_updated
2026-06-09T20:37:40,task062,14.810807327896311,14.810807327896311,0.0,26614.0,26614.0,current,score_or_cost_updated
2026-06-09T20:37:40,task063,14.666940264012474,14.666940264012474,0.0,30732.0,30732.0,current,score_or_cost_updated
2026-06-09T20:37:40,task064,13.354705067178468,13.354705067178468,0.0,114153.0,114153.0,current,score_or_cost_updated
2026-06-09T20:37:40,task065,14.534186050835478,14.534186050835478,0.0,35095.0,35095.0,current,score_or_cost_updated
2026-06-09T20:37:40,task066,13.455382088297283,13.455382088297283,0.0,103220.0,103220.0,current,score_or_cost_updated
2026-06-09T20:37:40,task067,19.247427361174367,19.247427361174367,0.0,315.0,315.0,current,score_or_cost_updated
2026-06-09T20:37:40,task068,15.55942130423374,15.55942130423374,0.0,12589.0,12589.0,current,score_or_cost_updated
2026-06-09T20:37:40,task069,13.658456151785392,13.658456151785392,0.0,84250.0,84250.0,current,score_or_cost_updated
2026-06-09T20:37:40,task070,15.910020984695,15.910020984695,0.0,8866.0,8866.0,current,score_or_cost_updated
2026-06-09T20:37:40,task071,13.238317819353261,13.238317819353261,0.0,128243.0,128243.0,current,score_or_cost_updated
2026-06-09T20:37:40,task072,17.8229812340901,17.8229812340901,0.0,1309.0,1309.0,current,score_or_cost_updated
2026-06-09T20:37:40,task073,18.186555400489105,18.186555400489105,0.0,910.0,910.0,current,score_or_cost_updated
2026-06-09T20:37:40,task074,15.009188619292196,15.009188619292196,0.0,21825.0,21825.0,current,score_or_cost_updated
2026-06-09T20:37:40,task075,14.742796878157792,14.742796878157792,0.0,28487.0,28487.0,current,score_or_cost_updated
2026-06-09T20:37:40,task076,12.292867258634116,14.503627688842322,2.2107604302082056,330094.0,36184.0,current,score_or_cost_updated
2026-06-09T20:37:40,task077,13.032857358715912,13.032857358715912,0.0,157494.0,157494.0,current,score_or_cost_updated
2026-06-09T20:37:40,task078,15.65024557224114,15.65024557224114,0.0,11496.0,11496.0,current,score_or_cost_updated
2026-06-09T20:37:40,task079,15.029648507210364,15.029648507210364,0.0,21383.0,21383.0,current,score_or_cost_updated
2026-06-09T20:37:40,task080,14.353266435603462,14.353266435603462,0.0,42055.0,42055.0,current,score_or_cost_updated
2026-06-09T20:37:40,task081,17.256296741826247,17.256296741826247,0.0,2307.0,2307.0,current,score_or_cost_updated
2026-06-09T20:37:40,task082,15.818470709877937,15.818470709877937,0.0,9716.0,9716.0,current,score_or_cost_updated
2026-06-09T20:37:40,task083,17.504458056115745,17.504458056115745,0.0,1800.0,1800.0,current,score_or_cost_updated
2026-06-09T20:37:40,task084,15.121163810905001,15.121163810905001,0.0,19513.0,19513.0,current,score_or_cost_updated
2026-06-09T20:37:40,task085,13.36328292042622,13.36328292042622,0.0,113178.0,113178.0,current,score_or_cost_updated
2026-06-09T20:37:40,task086,14.83966336368449,14.83966336368449,0.0,25857.0,25857.0,current,score_or_cost_updated
2026-06-09T20:37:40,task087,19.09191706183107,19.09191706183107,0.0,368.0,368.0,current,score_or_cost_updated
2026-06-09T20:37:40,task088,13.80499590787612,13.80499590787612,0.0,72766.0,72766.0,current,score_or_cost_updated
2026-06-09T20:37:40,task089,14.186179427563964,14.186179427563964,0.0,49703.0,49703.0,current,score_or_cost_updated
2026-06-09T20:37:40,task090,13.94350667496543,13.94350667496543,0.0,63354.0,63354.0,current,score_or_cost_updated
2026-06-09T20:37:40,task091,14.151323325547068,14.151323325547068,0.0,51466.0,51466.0,current,score_or_cost_updated
2026-06-09T20:37:40,task092,14.25734036914603,14.25734036914603,0.0,46289.0,46289.0,current,score_or_cost_updated
2026-06-09T20:37:40,task093,15.354118052333183,15.354118052333183,0.0,15458.0,15458.0,current,score_or_cost_updated
2026-06-09T20:37:40,task094,15.745451373359497,15.745451373359497,0.0,10452.0,10452.0,current,score_or_cost_updated
2026-06-09T20:37:40,task095,18.186555400489105,18.186555400489105,0.0,910.0,910.0,current,score_or_cost_updated
2026-06-09T20:37:40,task096,12.827184286371278,12.827184286371278,0.0,193458.0,193458.0,current,score_or_cost_updated
2026-06-09T20:37:40,task097,15.20070697648173,15.20070697648173,0.0,18021.0,18021.0,current,score_or_cost_updated
2026-06-09T20:37:40,task098,18.186555400489105,18.186555400489105,0.0,910.0,910.0,current,score_or_cost_updated
2026-06-09T20:37:40,task099,16.500970779211436,16.500970779211436,0.0,4910.0,4910.0,current,score_or_cost_updated
2026-06-09T20:37:40,task100,16.21491936346016,16.21491936346016,0.0,6536.0,6536.0,current,score_or_cost_updated
2026-06-09T20:37:40,task101,12.166837180696787,12.166837180696787,0.0,374431.0,374431.0,current,score_or_cost_updated
2026-06-09T20:37:40,task102,15.558071829926945,15.558071829926945,0.0,12606.0,12606.0,current,score_or_cost_updated
2026-06-09T20:37:40,task103,19.737309811095116,19.737309811095116,0.0,193.0,193.0,current,score_or_cost_updated
2026-06-09T20:37:40,task104,16.788788638206977,16.788788638206977,0.0,3682.0,3682.0,current,score_or_cost_updated
2026-06-09T20:37:40,task105,16.138508135713085,16.138508135713085,0.0,7055.0,7055.0,current,score_or_cost_updated
2026-06-09T20:37:40,task106,17.940382371708615,17.940382371708615,0.0,1164.0,1164.0,current,score_or_cost_updated
2026-06-09T20:37:40,task107,13.799992367549814,13.799992367549814,0.0,73131.0,73131.0,current,score_or_cost_updated
2026-06-09T20:37:40,task108,17.504458056115745,17.504458056115745,0.0,1800.0,1800.0,current,score_or_cost_updated
2026-06-09T20:37:40,task109,13.539652865248629,13.539652865248629,0.0,94878.0,94878.0,current,score_or_cost_updated
2026-06-09T20:37:40,task110,13.411104725742392,13.411104725742392,0.0,107893.0,107893.0,current,score_or_cost_updated
2026-06-09T20:37:40,task111,18.319145321209785,18.319145321209785,0.0,797.0,797.0,current,score_or_cost_updated
2026-06-09T20:37:40,task112,14.010141445218116,14.010141445218116,0.0,59270.0,59270.0,current,score_or_cost_updated
2026-06-09T20:37:40,task113,21.598802618337846,21.598802618337846,0.0,30.0,30.0,current,score_or_cost_updated
2026-06-09T20:37:40,task114,17.869901489874422,17.869901489874422,0.0,1249.0,1249.0,current,score_or_cost_updated
2026-06-09T20:37:40,task115,16.67663430556392,16.67663430556392,0.0,4119.0,4119.0,current,score_or_cost_updated
2026-06-09T20:37:40,task116,21.598802618337846,21.598802618337846,0.0,30.0,30.0,current,score_or_cost_updated
2026-06-09T20:37:40,task117,15.202317506360849,15.202317506360849,0.0,17992.0,17992.0,current,score_or_cost_updated
2026-06-09T20:37:40,task118,13.336192047071197,13.336192047071197,0.0,116286.0,116286.0,current,score_or_cost_updated
2026-06-09T20:37:40,task119,15.297955663465414,15.297955663465414,0.0,16351.0,16351.0,current,score_or_cost_updated
2026-06-09T20:37:40,task120,18.186555400489105,18.186555400489105,0.0,910.0,910.0,current,score_or_cost_updated
2026-06-09T20:37:40,task121,16.215837777729526,16.215837777729526,0.0,6530.0,6530.0,current,score_or_cost_updated
2026-06-09T20:37:40,task122,17.17196196787417,17.17196196787417,0.0,2510.0,2510.0,current,score_or_cost_updated
2026-06-09T20:37:40,task123,16.680526307557813,16.680526307557813,0.0,4103.0,4103.0,current,score_or_cost_updated
2026-06-09T20:37:40,task124,15.634966238347337,15.634966238347337,0.0,11673.0,11673.0,current,score_or_cost_updated
2026-06-09T20:37:40,task125,15.495796696496955,15.495796696496955,0.0,13416.0,13416.0,current,score_or_cost_updated
2026-06-09T20:37:40,task126,13.636839844664504,13.636839844664504,0.0,86091.0,86091.0,current,score_or_cost_updated
2026-06-09T20:37:40,task127,18.197605236675688,18.197605236675688,0.0,900.0,900.0,current,score_or_cost_updated
2026-06-09T20:37:40,task128,13.693373260405208,13.693373260405208,0.0,81359.0,81359.0,current,score_or_cost_updated
2026-06-09T20:37:40,task129,18.306676331730053,18.306676331730053,0.0,807.0,807.0,current,score_or_cost_updated
2026-06-09T20:37:40,task130,15.323538526042306,15.323538526042306,0.0,15938.0,15938.0,current,score_or_cost_updated
2026-06-09T20:37:40,task131,14.295632567101045,14.295632567101045,0.0,44550.0,44550.0,current,score_or_cost_updated
2026-06-09T20:37:40,task132,14.709279200950512,14.709279200950512,0.0,29458.0,29458.0,current,score_or_cost_updated
2026-06-09T20:37:40,task133,12.810671762888107,12.810671762888107,0.0,196679.0,196679.0,current,score_or_cost_updated
2026-06-09T20:37:40,task134,15.576162453761413,15.576162453761413,0.0,12380.0,12380.0,current,score_or_cost_updated
2026-06-09T20:37:40,task135,19.113895968549844,19.113895968549844,0.0,360.0,360.0,current,score_or_cost_updated
2026-06-09T20:37:40,task136,16.516156788265317,16.516156788265317,0.0,4836.0,4836.0,current,score_or_cost_updated
2026-06-09T20:37:40,task137,13.821401075304742,13.821401075304742,0.0,71582.0,71582.0,current,score_or_cost_updated
2026-06-09T20:37:40,task138,14.211361567031112,14.211361567031112,0.0,48467.0,48467.0,current,score_or_cost_updated
2026-06-09T20:37:40,task139,16.803012072741105,16.803012072741105,0.0,3630.0,3630.0,current,score_or_cost_updated
2026-06-09T20:37:40,task140,19.09191706183107,19.09191706183107,0.0,368.0,368.0,current,score_or_cost_updated
2026-06-09T20:37:40,task141,15.33103297180142,15.33103297180142,0.0,15819.0,15819.0,current,score_or_cost_updated
2026-06-09T20:37:40,task142,17.504458056115745,17.504458056115745,0.0,1800.0,1800.0,current,score_or_cost_updated
2026-06-09T20:37:40,task143,15.12486048297936,15.12486048297936,0.0,19441.0,19441.0,current,score_or_cost_updated
2026-06-09T20:37:40,task144,18.93621479131239,18.93621479131239,0.0,430.0,430.0,current,score_or_cost_updated
2026-06-09T20:37:40,task145,13.847226946929018,13.847226946929018,0.0,69757.0,69757.0,current,score_or_cost_updated
2026-06-09T20:37:40,task146,17.27865138738205,17.27865138738205,0.0,2256.0,2256.0,current,score_or_cost_updated
2026-06-09T20:37:40,task147,18.186555400489105,18.186555400489105,0.0,910.0,910.0,current,score_or_cost_updated
2026-06-09T20:37:40,task148,14.99988495388028,14.99988495388028,0.0,22029.0,22029.0,current,score_or_cost_updated
2026-06-09T20:37:40,task149,19.54041448585584,19.54041448585584,0.0,235.0,235.0,current,score_or_cost_updated
2026-06-09T20:37:40,task150,18.47643769385049,18.47643769385049,0.0,681.0,681.0,current,score_or_cost_updated
2026-06-09T20:37:40,task151,18.186555400489105,18.186555400489105,0.0,910.0,910.0,current,score_or_cost_updated
2026-06-09T20:37:40,task152,17.504458056115745,17.504458056115745,0.0,1800.0,1800.0,current,score_or_cost_updated
2026-06-09T20:37:40,task153,15.029134212133924,15.029134212133924,0.0,21394.0,21394.0,current,score_or_cost_updated
2026-06-09T20:37:40,task154,14.596525348878876,14.596525348878876,0.0,32974.0,32974.0,current,score_or_cost_updated
2026-06-09T20:37:40,task155,18.47643769385049,18.47643769385049,0.0,681.0,681.0,current,score_or_cost_updated
2026-06-09T20:37:40,task156,14.813177309255789,14.813177309255789,0.0,26551.0,26551.0,current,score_or_cost_updated
2026-06-09T20:37:40,task157,13.72024316999107,13.72024316999107,0.0,79202.0,79202.0,current,score_or_cost_updated
2026-06-09T20:37:40,task158,12.837576257600388,12.837576257600388,0.0,191458.0,191458.0,current,score_or_cost_updated
2026-06-09T20:37:40,task159,15.067099286895523,15.067099286895523,0.0,20597.0,20597.0,current,score_or_cost_updated
2026-06-09T20:37:40,task160,16.569454615309432,16.569454615309432,0.0,4585.0,4585.0,current,score_or_cost_updated
2026-06-09T20:37:40,task161,13.923426777221719,13.923426777221719,0.0,64639.0,64639.0,current,score_or_cost_updated
2026-06-09T20:37:40,task162,13.944501582071068,13.944501582071068,0.0,63291.0,63291.0,current,score_or_cost_updated
2026-06-09T20:37:40,task163,14.911070763333674,14.911070763333674,0.0,24075.0,24075.0,current,score_or_cost_updated
2026-06-09T20:37:40,task164,21.598802618337846,21.598802618337846,0.0,30.0,30.0,current,score_or_cost_updated
2026-06-09T20:37:40,task165,13.87976163077872,13.87976163077872,0.0,67524.0,67524.0,current,score_or_cost_updated
2026-06-09T20:37:40,task166,14.881844714630706,14.881844714630706,0.0,24789.0,24789.0,current,score_or_cost_updated
2026-06-09T20:37:40,task167,18.470581161737776,18.470581161737776,0.0,685.0,685.0,current,score_or_cost_updated
2026-06-09T20:37:40,task168,15.076562772156251,15.076562772156251,0.0,20403.0,20403.0,current,score_or_cost_updated
2026-06-09T20:37:40,task169,14.929812271572874,14.929812271572874,0.0,23628.0,23628.0,current,score_or_cost_updated
2026-06-09T20:37:40,task170,13.728331141770909,13.728331141770909,0.0,78564.0,78564.0,current,score_or_cost_updated
2026-06-09T20:37:40,task171,18.186555400489105,18.186555400489105,0.0,910.0,910.0,current,score_or_cost_updated
2026-06-09T20:37:40,task172,21.598802618337846,21.598802618337846,0.0,30.0,30.0,current,score_or_cost_updated
2026-06-09T20:37:40,task173,12.926071138839562,12.926071138839562,0.0,175243.0,175243.0,current,score_or_cost_updated
2026-06-09T20:37:40,task174,14.140635684557754,14.140635684557754,0.0,52019.0,52019.0,current,score_or_cost_updated
2026-06-09T20:37:40,task175,13.54026436354389,13.54026436354389,0.0,94820.0,94820.0,current,score_or_cost_updated
2026-06-09T20:37:40,task176,16.022853515191528,16.022853515191528,0.0,7920.0,7920.0,current,score_or_cost_updated
2026-06-09T20:37:40,task177,13.978195575521427,13.978195575521427,0.0,61194.0,61194.0,current,score_or_cost_updated
2026-06-09T20:37:40,task178,15.478065735525723,15.478065735525723,0.0,13656.0,13656.0,current,score_or_cost_updated
2026-06-09T20:37:40,task179,25.0,25.0,0.0,0.0,0.0,current,score_or_cost_updated
2026-06-09T20:37:40,task180,16.084030688626395,16.084030688626395,0.0,7450.0,7450.0,current,score_or_cost_updated
2026-06-09T20:37:40,task181,17.91493570604745,17.91493570604745,0.0,1194.0,1194.0,current,score_or_cost_updated
2026-06-09T20:37:40,task182,14.22901287975965,14.22901287975965,0.0,47619.0,47619.0,current,score_or_cost_updated
2026-06-09T20:37:40,task183,14.878662884610772,14.878662884610772,0.0,24868.0,24868.0,current,score_or_cost_updated
2026-06-09T20:37:40,task184,14.432407952356657,14.432407952356657,0.0,38855.0,38855.0,current,score_or_cost_updated
2026-06-09T20:37:40,task185,14.00485763936326,14.00485763936326,0.0,59584.0,59584.0,current,score_or_cost_updated
2026-06-09T20:37:40,task186,19.10284613236326,19.10284613236326,0.0,364.0,364.0,current,score_or_cost_updated
2026-06-09T20:37:40,task187,13.654168620492959,13.654168620492959,0.0,84612.0,84612.0,current,score_or_cost_updated
2026-06-09T20:37:40,task188,15.692532917293095,15.692532917293095,0.0,11020.0,11020.0,current,score_or_cost_updated
2026-06-09T20:37:40,task189,14.887914167591697,14.887914167591697,0.0,24639.0,24639.0,current,score_or_cost_updated
2026-06-09T20:37:40,task190,15.675973863620001,15.675973863620001,0.0,11204.0,11204.0,current,score_or_cost_updated
2026-06-09T20:37:40,task191,13.638839729058745,13.638839729058745,0.0,85919.0,85919.0,current,score_or_cost_updated
2026-06-09T20:37:40,task192,14.14161657647865,14.14161657647865,0.0,51968.0,51968.0,current,score_or_cost_updated
2026-06-09T20:37:40,task193,14.109558240338645,14.109558240338645,0.0,53661.0,53661.0,current,score_or_cost_updated
2026-06-09T20:37:40,task194,17.504458056115745,17.504458056115745,0.0,1800.0,1800.0,current,score_or_cost_updated
2026-06-09T20:37:40,task195,15.436962585454308,15.436962585454308,0.0,14229.0,14229.0,current,score_or_cost_updated
2026-06-09T20:37:40,task196,14.619005786490737,14.619005786490737,0.0,32241.0,32241.0,current,score_or_cost_updated
2026-06-09T20:37:40,task197,14.166555524825903,14.166555524825903,0.0,50688.0,50688.0,current,score_or_cost_updated
2026-06-09T20:37:40,task198,13.449576458609688,13.449576458609688,0.0,103821.0,103821.0,current,score_or_cost_updated
2026-06-09T20:37:40,task199,15.30989132872317,15.30989132872317,0.0,16157.0,16157.0,current,score_or_cost_updated
2026-06-09T20:37:40,task200,16.90867872646959,16.90867872646959,0.0,3266.0,3266.0,current,score_or_cost_updated
2026-06-09T20:37:40,task201,13.562876248446054,13.562876248446054,0.0,92700.0,92700.0,current,score_or_cost_updated
2026-06-09T20:37:40,task202,13.258187509088495,13.258187509088495,0.0,125720.0,125720.0,current,score_or_cost_updated
2026-06-09T20:37:40,task203,13.610350127195805,13.610350127195805,0.0,88402.0,88402.0,current,score_or_cost_updated
2026-06-09T20:37:40,task204,13.307707338062253,13.307707338062253,0.0,119646.0,119646.0,current,score_or_cost_updated
2026-06-09T20:37:40,task205,13.370955104619776,13.370955104619776,0.0,112313.0,112313.0,current,score_or_cost_updated
2026-06-09T20:37:40,task206,13.975062924893004,13.975062924893004,0.0,61386.0,61386.0,current,score_or_cost_updated
2026-06-09T20:37:40,task207,17.463636061595487,17.463636061595487,0.0,1875.0,1875.0,current,score_or_cost_updated
2026-06-09T20:37:40,task208,14.236326566974489,14.236326566974489,0.0,47272.0,47272.0,current,score_or_cost_updated
2026-06-09T20:37:40,task209,13.28530989269121,13.28530989269121,0.0,122356.0,122356.0,current,score_or_cost_updated
2026-06-09T20:37:40,task210,21.598802618337846,21.598802618337846,0.0,30.0,30.0,current,score_or_cost_updated
2026-06-09T20:37:40,task211,17.504458056115745,17.504458056115745,0.0,1800.0,1800.0,current,score_or_cost_updated
2026-06-09T20:37:40,task212,15.876307434749489,15.876307434749489,0.0,9170.0,9170.0,current,score_or_cost_updated
2026-06-09T20:37:40,task213,14.177325912477691,14.177325912477691,0.0,50145.0,50145.0,current,score_or_cost_updated
2026-06-09T20:37:40,task214,17.504458056115745,17.504458056115745,0.0,1800.0,1800.0,current,score_or_cost_updated
2026-06-09T20:37:40,task215,14.452187931601495,14.452187931601495,0.0,38094.0,38094.0,current,score_or_cost_updated
2026-06-09T20:37:40,task216,13.451977697992342,13.451977697992342,0.0,103572.0,103572.0,current,score_or_cost_updated
2026-06-09T20:37:40,task217,15.206104124093967,15.206104124093967,0.0,17924.0,17924.0,current,score_or_cost_updated
2026-06-09T20:37:40,task218,14.948006239164648,14.948006239164648,0.0,23202.0,23202.0,current,score_or_cost_updated
2026-06-09T20:37:40,task219,13.651395086474174,13.651395086474174,0.0,84847.0,84847.0,current,score_or_cost_updated
2026-06-09T20:37:40,task220,18.197605236675688,18.197605236675688,0.0,900.0,900.0,current,score_or_cost_updated
2026-06-09T20:37:40,task221,14.069235056400384,14.069235056400384,0.0,55869.0,55869.0,current,score_or_cost_updated
2026-06-09T20:37:40,task222,14.031198444197276,14.031198444197276,0.0,58035.0,58035.0,current,score_or_cost_updated
2026-06-09T20:37:40,task223,17.504458056115745,17.504458056115745,0.0,1800.0,1800.0,current,score_or_cost_updated
2026-06-09T20:37:40,task224,14.275455898281896,14.275455898281896,0.0,45458.0,45458.0,current,score_or_cost_updated
2026-06-09T20:37:40,task225,15.68728356140695,15.68728356140695,0.0,11078.0,11078.0,current,score_or_cost_updated
2026-06-09T20:37:40,task226,16.53220715887889,16.53220715887889,0.0,4759.0,4759.0,current,score_or_cost_updated
2026-06-09T20:37:40,task227,17.018266713308115,17.018266713308115,0.0,2927.0,2927.0,current,score_or_cost_updated
2026-06-09T20:37:40,task228,14.86993479941538,14.86993479941538,0.0,25086.0,25086.0,current,score_or_cost_updated
2026-06-09T20:37:40,task229,17.74936448810132,17.74936448810132,0.0,1409.0,1409.0,current,score_or_cost_updated
2026-06-09T20:37:40,task230,18.197605236675688,18.197605236675688,0.0,900.0,900.0,current,score_or_cost_updated
2026-06-09T20:37:40,task231,14.445698819920006,14.445698819920006,0.0,38342.0,38342.0,current,score_or_cost_updated
2026-06-09T20:37:40,task232,14.707956157758622,14.707956157758622,0.0,29497.0,29497.0,current,score_or_cost_updated
2026-06-09T20:37:40,task233,10.679645472747369,10.679645472747369,0.0,1656727.0,1656727.0,current,score_or_cost_updated
2026-06-09T20:37:40,task234,13.689154000119816,13.689154000119816,0.0,81703.0,81703.0,current,score_or_cost_updated
2026-06-09T20:37:40,task235,17.801068759311825,17.801068759311825,0.0,1338.0,1338.0,current,score_or_cost_updated
2026-06-09T20:37:40,task236,18.53385527576238,18.53385527576238,0.0,643.0,643.0,current,score_or_cost_updated
2026-06-09T20:37:40,task237,15.430308268881676,15.430308268881676,0.0,14324.0,14324.0,current,score_or_cost_updated
2026-06-09T20:37:40,task238,13.927876707427622,13.927876707427622,0.0,64352.0,64352.0,current,score_or_cost_updated
2026-06-09T20:37:40,task239,13.54388830238479,13.54388830238479,0.0,94477.0,94477.0,current,score_or_cost_updated
2026-06-09T20:37:40,task240,14.765519480374964,14.765519480374964,0.0,27847.0,27847.0,current,score_or_cost_updated
2026-06-09T20:37:40,task241,25.0,25.0,0.0,0.0,0.0,current,score_or_cost_updated
2026-06-09T20:37:40,task242,16.02905960185755,16.02905960185755,0.0,7871.0,7871.0,current,score_or_cost_updated
2026-06-09T20:37:40,task243,13.401208814053447,13.401208814053447,0.0,108966.0,108966.0,current,score_or_cost_updated
2026-06-09T20:37:40,task244,14.633344629227418,14.633344629227418,0.0,31782.0,31782.0,current,score_or_cost_updated
2026-06-09T20:37:40,task245,14.724535183516696,14.724535183516696,0.0,29012.0,29012.0,current,score_or_cost_updated
2026-06-09T20:37:40,task246,15.497661881504435,15.497661881504435,0.0,13391.0,13391.0,current,score_or_cost_updated
2026-06-09T20:37:40,task247,16.272870084756832,16.272870084756832,0.0,6168.0,6168.0,current,score_or_cost_updated
2026-06-09T20:37:40,task248,16.218905264797385,16.218905264797385,0.0,6510.0,6510.0,current,score_or_cost_updated
2026-06-09T20:37:40,task249,18.477907201829847,18.477907201829847,0.0,680.0,680.0,current,score_or_cost_updated
2026-06-09T20:37:40,task250,15.59573893538651,15.59573893538651,0.0,12140.0,12140.0,current,score_or_cost_updated
2026-06-09T20:37:40,task251,13.481291290274044,13.481291290274044,0.0,100580.0,100580.0,current,score_or_cost_updated
2026-06-09T20:37:40,task252,14.453028311923028,14.453028311923028,0.0,38062.0,38062.0,current,score_or_cost_updated
2026-06-09T20:37:40,task253,14.215455188361384,14.215455188361384,0.0,48269.0,48269.0,current,score_or_cost_updated
2026-06-09T20:37:40,task254,16.018318360026136,16.018318360026136,0.0,7956.0,7956.0,current,score_or_cost_updated
2026-06-09T20:37:40,task255,11.62208628955128,11.62208628955128,0.0,645586.0,645586.0,current,score_or_cost_updated
2026-06-09T20:37:40,task256,15.197383057848846,15.197383057848846,0.0,18081.0,18081.0,current,score_or_cost_updated
2026-06-09T20:37:40,task257,18.01806532284361,18.01806532284361,0.0,1077.0,1077.0,current,score_or_cost_updated
2026-06-09T20:37:40,task258,19.924826184766175,19.924826184766175,0.0,160.0,160.0,current,score_or_cost_updated
2026-06-09T20:37:40,task259,16.169018489047502,16.169018489047502,0.0,6843.0,6843.0,current,score_or_cost_updated
2026-06-09T20:37:40,task260,15.568678412874291,15.568678412874291,0.0,12473.0,12473.0,current,score_or_cost_updated
2026-06-09T20:37:40,task261,19.701682633451963,19.701682633451963,0.0,200.0,200.0,current,score_or_cost_updated
2026-06-09T20:37:40,task262,16.765169719557946,16.765169719557946,0.0,3770.0,3770.0,current,score_or_cost_updated
2026-06-09T20:37:40,task263,16.006075858588602,16.006075858588602,0.0,8054.0,8054.0,current,score_or_cost_updated
2026-06-09T20:37:40,task264,13.720116918523228,13.720116918523228,0.0,79212.0,79212.0,current,score_or_cost_updated
2026-06-09T20:37:40,task265,14.424537832136728,14.424537832136728,0.0,39162.0,39162.0,current,score_or_cost_updated
2026-06-09T20:37:40,task266,18.186555400489105,18.186555400489105,0.0,910.0,910.0,current,score_or_cost_updated
2026-06-09T20:37:40,task267,17.904106778902467,17.904106778902467,0.0,1207.0,1207.0,current,score_or_cost_updated
2026-06-09T20:37:40,task268,14.983808957550787,14.983808957550787,0.0,22386.0,22386.0,current,score_or_cost_updated
2026-06-09T20:37:40,task269,15.940249986656319,15.940249986656319,0.0,8602.0,8602.0,current,score_or_cost_updated
2026-06-09T20:37:40,task270,14.853527053936123,14.853527053936123,0.0,25501.0,25501.0,current,score_or_cost_updated
2026-06-09T20:37:40,task271,14.725259284025897,14.725259284025897,0.0,28991.0,28991.0,current,score_or_cost_updated
2026-06-09T20:37:40,task272,18.86877351051686,18.86877351051686,0.0,460.0,460.0,current,score_or_cost_updated
2026-06-09T20:37:40,task273,16.311040765729324,16.311040765729324,0.0,5937.0,5937.0,current,score_or_cost_updated
2026-06-09T20:37:40,task274,15.942694264192879,15.942694264192879,0.0,8581.0,8581.0,current,score_or_cost_updated
2026-06-09T20:37:40,task275,13.662869436848247,13.662869436848247,0.0,83879.0,83879.0,current,score_or_cost_updated
2026-06-09T20:37:40,task276,22.697414907005953,22.697414907005953,0.0,10.0,10.0,current,score_or_cost_updated
2026-06-09T20:37:40,task277,15.410059486110708,15.410059486110708,0.0,14617.0,14617.0,current,score_or_cost_updated
2026-06-09T20:37:40,task278,14.864210958364897,14.864210958364897,0.0,25230.0,25230.0,current,score_or_cost_updated
2026-06-09T20:37:40,task279,14.821535747509644,14.821535747509644,0.0,26330.0,26330.0,current,score_or_cost_updated
2026-06-09T20:37:40,task280,13.64132188619622,13.64132188619622,0.0,85706.0,85706.0,current,score_or_cost_updated
2026-06-09T20:37:40,task281,13.60794357751076,13.60794357751076,0.0,88615.0,88615.0,current,score_or_cost_updated
2026-06-09T20:37:40,task282,18.197605236675688,18.197605236675688,0.0,900.0,900.0,current,score_or_cost_updated
2026-06-09T20:37:40,task283,18.186555400489105,18.186555400489105,0.0,910.0,910.0,current,score_or_cost_updated
2026-06-09T20:37:40,task284,13.475808238755878,13.475808238755878,0.0,101133.0,101133.0,current,score_or_cost_updated
2026-06-09T20:37:40,task285,12.112179904635754,12.112179904635754,0.0,395466.0,395466.0,current,score_or_cost_updated
2026-06-09T20:37:40,task286,13.00342074458367,13.00342074458367,0.0,162199.0,162199.0,current,score_or_cost_updated
2026-06-09T20:37:40,task287,14.975800372301608,14.975800372301608,0.0,22566.0,22566.0,current,score_or_cost_updated
2026-06-09T20:37:40,task288,14.632558329669694,14.632558329669694,0.0,31807.0,31807.0,current,score_or_cost_updated
2026-06-09T20:37:40,task289,14.874489523818365,14.874489523818365,0.0,24972.0,24972.0,current,score_or_cost_updated
2026-06-09T20:37:40,task290,15.631972352188223,15.631972352188223,0.0,11708.0,11708.0,current,score_or_cost_updated
2026-06-09T20:37:40,task291,16.627370259775116,16.627370259775116,0.0,4327.0,4327.0,current,score_or_cost_updated
2026-06-09T20:37:40,task292,16.250901751600978,16.250901751600978,0.0,6305.0,6305.0,current,score_or_cost_updated
2026-06-09T20:37:40,task293,14.882571106914462,14.882571106914462,0.0,24771.0,24771.0,current,score_or_cost_updated
2026-06-09T20:37:40,task294,18.186555400489105,18.186555400489105,0.0,910.0,910.0,current,score_or_cost_updated
2026-06-09T20:37:40,task295,15.591628777524683,15.591628777524683,0.0,12190.0,12190.0,current,score_or_cost_updated
2026-06-09T20:37:40,task296,16.67955188604344,16.67955188604344,0.0,4107.0,4107.0,current,score_or_cost_updated
2026-06-09T20:37:40,task297,15.876198389441056,15.876198389441056,0.0,9171.0,9171.0,current,score_or_cost_updated
2026-06-09T20:37:40,task298,15.387667209394625,15.387667209394625,0.0,14948.0,14948.0,current,score_or_cost_updated
2026-06-09T20:37:40,task299,17.5510838974558,17.5510838974558,0.0,1718.0,1718.0,current,score_or_cost_updated
2026-06-09T20:37:40,task300,13.741373412351637,13.741373412351637,0.0,77546.0,77546.0,current,score_or_cost_updated
2026-06-09T20:37:40,task301,13.91804208355036,13.91804208355036,0.0,64988.0,64988.0,current,score_or_cost_updated
2026-06-09T20:37:40,task302,16.03863393937255,16.03863393937255,0.0,7796.0,7796.0,current,score_or_cost_updated
2026-06-09T20:37:40,task303,15.848136557782793,15.848136557782793,0.0,9432.0,9432.0,current,score_or_cost_updated
2026-06-09T20:37:40,task304,15.708263989819823,15.708263989819823,0.0,10848.0,10848.0,current,score_or_cost_updated
2026-06-09T20:37:40,task305,16.71802294113224,16.71802294113224,0.0,3952.0,3952.0,current,score_or_cost_updated
2026-06-09T20:37:40,task306,13.9264791265675,13.9264791265675,0.0,64442.0,64442.0,current,score_or_cost_updated
2026-06-09T20:37:40,task307,17.504458056115745,17.504458056115745,0.0,1800.0,1800.0,current,score_or_cost_updated
2026-06-09T20:37:40,task308,15.010380623834585,15.010380623834585,0.0,21799.0,21799.0,current,score_or_cost_updated
2026-06-09T20:37:40,task309,22.697414907005953,22.697414907005953,0.0,10.0,10.0,current,score_or_cost_updated
2026-06-09T20:37:40,task310,15.11442186800744,15.11442186800744,0.0,19645.0,19645.0,current,score_or_cost_updated
2026-06-09T20:37:40,task311,21.598802618337846,21.598802618337846,0.0,30.0,30.0,current,score_or_cost_updated
2026-06-09T20:37:40,task312,15.791761836115688,15.791761836115688,0.0,9979.0,9979.0,current,score_or_cost_updated
2026-06-09T20:37:40,task313,13.666536185257858,13.666536185257858,0.0,83572.0,83572.0,current,score_or_cost_updated
2026-06-09T20:37:40,task314,15.941180435665059,15.941180435665059,0.0,8594.0,8594.0,current,score_or_cost_updated
2026-06-09T20:37:40,task315,16.87230014718223,16.87230014718223,0.0,3387.0,3387.0,current,score_or_cost_updated
2026-06-09T20:37:40,task316,16.730755478816945,16.730755478816945,0.0,3902.0,3902.0,current,score_or_cost_updated
2026-06-09T20:37:40,task317,18.197605236675688,18.197605236675688,0.0,900.0,900.0,current,score_or_cost_updated
2026-06-09T20:37:40,task318,18.394702079051797,18.394702079051797,0.0,739.0,739.0,current,score_or_cost_updated
2026-06-09T20:37:40,task319,14.580490348791063,14.580490348791063,0.0,33507.0,33507.0,current,score_or_cost_updated
2026-06-09T20:37:40,task320,16.445511023840066,16.445511023840066,0.0,5190.0,5190.0,current,score_or_cost_updated
2026-06-09T20:37:40,task321,16.403810802357263,16.403810802357263,0.0,5411.0,5411.0,current,score_or_cost_updated
2026-06-09T20:37:40,task322,18.23496102321946,18.23496102321946,0.0,867.0,867.0,current,score_or_cost_updated
2026-06-09T20:37:40,task323,16.5810813778521,16.5810813778521,0.0,4532.0,4532.0,current,score_or_cost_updated
2026-06-09T20:37:40,task324,14.203081009735799,14.203081009735799,0.0,48870.0,48870.0,current,score_or_cost_updated
2026-06-09T20:37:40,task325,15.016315905469595,15.016315905469595,0.0,21670.0,21670.0,current,score_or_cost_updated
2026-06-09T20:37:40,task326,19.924826184766175,19.924826184766175,0.0,160.0,160.0,current,score_or_cost_updated
2026-06-09T20:37:40,task327,16.072287826172918,16.072287826172918,0.0,7538.0,7538.0,current,score_or_cost_updated
2026-06-09T20:37:40,task328,13.871957907660665,13.871957907660665,0.0,68053.0,68053.0,current,score_or_cost_updated
2026-06-09T20:37:40,task329,15.76399188127524,15.76399188127524,0.0,10260.0,10260.0,current,score_or_cost_updated
2026-06-09T20:37:40,task330,15.216591867794413,15.216591867794413,0.0,17737.0,17737.0,current,score_or_cost_updated
2026-06-09T20:37:40,task331,18.186555400489105,18.186555400489105,0.0,910.0,910.0,current,score_or_cost_updated
2026-06-09T20:37:40,task332,15.896131872534333,15.896131872534333,0.0,8990.0,8990.0,current,score_or_cost_updated
2026-06-09T20:37:40,task333,14.877658081568091,14.877658081568091,0.0,24893.0,24893.0,current,score_or_cost_updated
2026-06-09T20:37:40,task334,18.588181732290103,18.588181732290103,0.0,609.0,609.0,current,score_or_cost_updated
2026-06-09T20:37:40,task335,14.258204878914801,14.258204878914801,0.0,46249.0,46249.0,current,score_or_cost_updated
2026-06-09T20:37:40,task336,16.294503180112258,16.294503180112258,0.0,6036.0,6036.0,current,score_or_cost_updated
2026-06-09T20:37:40,task337,22.697414907005953,22.697414907005953,0.0,10.0,10.0,current,score_or_cost_updated
2026-06-09T20:37:40,task338,14.285226738886886,14.285226738886886,0.0,45016.0,45016.0,current,score_or_cost_updated
2026-06-09T20:37:40,task339,18.112447428335383,18.112447428335383,0.0,980.0,980.0,current,score_or_cost_updated
2026-06-09T20:37:40,task340,13.83887566105239,13.83887566105239,0.0,70342.0,70342.0,current,score_or_cost_updated
2026-06-09T20:37:40,task341,15.15493636760159,15.15493636760159,0.0,18865.0,18865.0,current,score_or_cost_updated
2026-06-09T20:37:40,task342,15.5946686681292,15.5946686681292,0.0,12153.0,12153.0,current,score_or_cost_updated
2026-06-09T20:37:40,task343,14.736881875699506,14.736881875699506,0.0,28656.0,28656.0,current,score_or_cost_updated
2026-06-09T20:37:40,task344,17.17196196787417,17.17196196787417,0.0,2510.0,2510.0,current,score_or_cost_updated
2026-06-09T20:37:40,task345,15.631289292052376,15.631289292052376,0.0,11716.0,11716.0,current,score_or_cost_updated
2026-06-09T20:37:40,task346,15.884849815027566,15.884849815027566,0.0,9092.0,9092.0,current,score_or_cost_updated
2026-06-09T20:37:40,task347,17.63039927947359,17.63039927947359,0.0,1587.0,1587.0,current,score_or_cost_updated
2026-06-09T20:37:40,task348,16.11719194507556,16.11719194507556,0.0,7207.0,7207.0,current,score_or_cost_updated
2026-06-09T20:37:40,task349,14.306261242455944,14.306261242455944,0.0,44079.0,44079.0,current,score_or_cost_updated
2026-06-09T20:37:40,task350,15.10504877848616,15.10504877848616,0.0,19830.0,19830.0,current,score_or_cost_updated
2026-06-09T20:37:40,task351,14.532506311227156,14.532506311227156,0.0,35154.0,35154.0,current,score_or_cost_updated
2026-06-09T20:37:40,task352,16.20124341714016,16.20124341714016,0.0,6626.0,6626.0,current,score_or_cost_updated
2026-06-09T20:37:40,task353,16.403810802357263,16.403810802357263,0.0,5411.0,5411.0,current,score_or_cost_updated
2026-06-09T20:37:40,task354,15.258619697007587,15.258619697007587,0.0,17007.0,17007.0,current,score_or_cost_updated
2026-06-09T20:37:40,task355,15.624569008158225,15.624569008158225,0.0,11795.0,11795.0,current,score_or_cost_updated
2026-06-09T20:37:40,task356,16.482606828581098,16.482606828581098,0.0,5001.0,5001.0,current,score_or_cost_updated
2026-06-09T20:37:40,task357,16.20942652084284,16.20942652084284,0.0,6572.0,6572.0,current,score_or_cost_updated
2026-06-09T20:37:40,task358,13.356739495302836,13.356739495302836,0.0,113921.0,113921.0,current,score_or_cost_updated
2026-06-09T20:37:40,task359,14.347150353576192,14.347150353576192,0.0,42313.0,42313.0,current,score_or_cost_updated
2026-06-09T20:37:40,task360,15.681164031870518,15.681164031870518,0.0,11146.0,11146.0,current,score_or_cost_updated
2026-06-09T20:37:40,task361,15.324919828453181,15.324919828453181,0.0,15916.0,15916.0,current,score_or_cost_updated
2026-06-09T20:37:40,task362,15.612434368654611,15.612434368654611,0.0,11939.0,11939.0,current,score_or_cost_updated
2026-06-09T20:37:40,task363,13.60482257129864,13.60482257129864,0.0,88892.0,88892.0,current,score_or_cost_updated
2026-06-09T20:37:40,task364,13.737345222483407,13.737345222483407,0.0,77859.0,77859.0,current,score_or_cost_updated
2026-06-09T20:37:40,task365,14.01786479921536,14.01786479921536,0.0,58814.0,58814.0,current,score_or_cost_updated
2026-06-09T20:37:40,task366,11.362564029982357,11.362564029982357,0.0,836880.0,836880.0,current,score_or_cost_updated
2026-06-09T20:37:40,task367,13.125192173257059,13.125192173257059,0.0,143603.0,143603.0,current,score_or_cost_updated
2026-06-09T20:37:40,task368,14.615970788806473,14.615970788806473,0.0,32339.0,32339.0,current,score_or_cost_updated
2026-06-09T20:37:40,task369,16.07334967920606,16.07334967920606,0.0,7530.0,7530.0,current,score_or_cost_updated
2026-06-09T20:37:40,task370,13.407505785810647,13.407505785810647,0.0,108282.0,108282.0,current,score_or_cost_updated
2026-06-09T20:37:40,task371,15.50983333153762,15.50983333153762,0.0,13229.0,13229.0,current,score_or_cost_updated
2026-06-09T20:37:40,task372,16.027916817148075,16.027916817148075,0.0,7880.0,7880.0,current,score_or_cost_updated
2026-06-09T20:37:40,task373,18.738508315678956,18.738508315678956,0.0,524.0,524.0,current,score_or_cost_updated
2026-06-09T20:37:40,task374,15.501327766730538,15.501327766730538,0.0,13342.0,13342.0,current,score_or_cost_updated
2026-06-09T20:37:40,task375,15.372793097191211,15.372793097191211,0.0,15172.0,15172.0,current,score_or_cost_updated
2026-06-09T20:37:40,task376,14.93899600958889,14.93899600958889,0.0,23412.0,23412.0,current,score_or_cost_updated
2026-06-09T20:37:40,task377,13.966336894339644,13.966336894339644,0.0,61924.0,61924.0,current,score_or_cost_updated
2026-06-09T20:37:40,task378,14.428477967719003,14.428477967719003,0.0,39008.0,39008.0,current,score_or_cost_updated
2026-06-09T20:37:40,task379,13.819767920510943,13.819767920510943,0.0,71699.0,71699.0,current,score_or_cost_updated
2026-06-09T20:37:40,task380,18.409698951803314,18.409698951803314,0.0,728.0,728.0,current,score_or_cost_updated
2026-06-09T20:37:40,task381,16.830946850072657,16.830946850072657,0.0,3530.0,3530.0,current,score_or_cost_updated
2026-06-09T20:37:40,task382,13.532302052966461,13.532302052966461,0.0,95578.0,95578.0,current,score_or_cost_updated
2026-06-09T20:37:40,task383,13.246161795004017,13.246161795004017,0.0,127241.0,127241.0,current,score_or_cost_updated
2026-06-09T20:37:40,task384,14.759112070269836,14.759112070269836,0.0,28026.0,28026.0,current,score_or_cost_updated
2026-06-09T20:37:40,task385,21.598802618337846,21.598802618337846,0.0,30.0,30.0,current,score_or_cost_updated
2026-06-09T20:37:40,task386,17.32074857404694,17.32074857404694,0.0,2163.0,2163.0,current,score_or_cost_updated
2026-06-09T20:37:40,task387,13.940291846175448,13.940291846175448,0.0,63558.0,63558.0,current,score_or_cost_updated
2026-06-09T20:37:40,task388,16.225377779303003,16.225377779303003,0.0,6468.0,6468.0,current,score_or_cost_updated
2026-06-09T20:37:40,task389,17.451444020830127,17.451444020830127,0.0,1898.0,1898.0,current,score_or_cost_updated
2026-06-09T20:37:40,task390,14.885805916253345,14.885805916253345,0.0,24691.0,24691.0,current,score_or_cost_updated
2026-06-09T20:37:40,task391,15.787561829941671,15.787561829941671,0.0,10021.0,10021.0,current,score_or_cost_updated
2026-06-09T20:37:40,task392,14.662816279014882,14.662816279014882,0.0,30859.0,30859.0,current,score_or_cost_updated
2026-06-09T20:37:40,task393,18.870949789939456,18.870949789939456,0.0,459.0,459.0,current,score_or_cost_updated
2026-06-09T20:37:40,task394,16.53346872338599,16.53346872338599,0.0,4753.0,4753.0,current,score_or_cost_updated
2026-06-09T20:37:40,task395,17.581219117249205,17.581219117249205,0.0,1667.0,1667.0,current,score_or_cost_updated
2026-06-09T20:37:40,task396,13.126683504302262,13.126683504302262,0.0,143389.0,143389.0,current,score_or_cost_updated
2026-06-09T20:37:40,task397,15.045771805760689,15.045771805760689,0.0,21041.0,21041.0,current,score_or_cost_updated
2026-06-09T20:37:40,task398,13.657922169750098,13.657922169750098,0.0,84295.0,84295.0,current,score_or_cost_updated
2026-06-09T20:37:40,task399,17.48302277539568,17.48302277539568,0.0,1839.0,1839.0,current,score_or_cost_updated
2026-06-09T20:37:40,task400,14.532534757896764,14.532534757896764,0.0,35153.0,35153.0,current,score_or_cost_updated
