task_num,task_id,arc_task_id,task_name,current_onnx_path,onnx_exists,onnx_sha256,onnx_file_size_bytes,params,memory_bytes,macs,total_cost,current_score,correctness,verify_error,train_pass,train_total,test_pass,test_total,arcgen_pass,arcgen_total,python_solver_pass,python_solver_total,onnx_pass,onnx_total,official_verify_status,public_score,target_score,gap_to_target,best_known_score,best_known_source,candidate_id,source_type,solver_source_path,compiler_source_path,rule_status,rule_summary,first_fail_case,fail_reason,failure_type,recoverability,onnx_template_candidate,estimated_gain,priority,safe_to_submit,last_scored_at,last_updated_at,notes
1,task001,,,C:/Users/zyc/AppData/Local/Temp/neurogolf_score__hewx83n/task001.onnx,true,a493c6d57750bc5504d8e9ee2f93a9d2521d44c6f158010e418ce861c1c08959,795,21,265,,286,19.344008189180148,pass,,5,5,1,1,262,262,,,268,268,pass,,25.0,5.655991810819852,19.344008189180148,,GOLF_20260709_101_prvsiyan_7266_72_repro,unknown,,,unknown,,,,none,unknown,not_obvious,,,true,2026-07-09T13:53:54,2026-07-09T13:53:54,
2,task002,,,C:/Users/zyc/AppData/Local/Temp/neurogolf_score__hewx83n/task002.onnx,true,d97c7d47649ea943c35c7062a4e257c0fe467a4fc308c6df870ddabf94f39e94,12833,225,14060,,14285,15.433034685335127,pass,,5,5,1,1,262,262,,,268,268,pass,,25.0,9.566965314664873,15.433034685335127,,GOLF_20260709_101_prvsiyan_7266_72_repro,unknown,,,unknown,,,,none,unknown,not_obvious,,,true,2026-07-09T13:53:55,2026-07-09T13:53:55,
3,task003,,,C:/Users/zyc/AppData/Local/Temp/neurogolf_score__hewx83n/task003.onnx,true,aafbad07e8d682d538c1dce9a95646f6c6f10c46bdab18dfa205ae42028ae95b,1309,33,227,,260,19.439318368984473,pass,,3,3,1,1,261,261,,,265,265,pass,,25.0,5.560681631015527,19.439318368984473,,GOLF_20260709_101_prvsiyan_7266_72_repro,unknown,,,unknown,,,,none,unknown,not_obvious,,,true,2026-07-09T13:53:57,2026-07-09T13:53:57,
4,task004,,,C:/Users/zyc/AppData/Local/Temp/neurogolf_score__hewx83n/task004.onnx,true,dcd99dba776b71d86ab54a7d7d9b008d8fe7b9cda264d5347d3458bcfdf84409,1433,94,4772,,4866,16.509972476656532,pass,,2,2,1,1,262,262,,,265,265,pass,,25.0,8.490027523343468,16.509972476656532,,GOLF_20260709_101_prvsiyan_7266_72_repro,unknown,,,unknown,,,,none,unknown,not_obvious,,,true,2026-07-09T13:53:57,2026-07-09T13:53:57,
5,task005,,,C:/Users/zyc/AppData/Local/Temp/neurogolf_score__hewx83n/task005.onnx,true,a91c800a5d153db0b51bea8f4b5941b25e6aa11a4eaaa267b9a4b521a3151fb7,4692,195,6452,,6647,16.19807909595842,pass,,3,3,1,1,262,262,,,266,266,pass,,25.0,8.80192090404158,16.19807909595842,,GOLF_20260709_101_prvsiyan_7266_72_repro,unknown,,,unknown,,,,none,unknown,not_obvious,,,true,2026-07-09T13:53:57,2026-07-09T13:53:57,
6,task006,,,C:/Users/zyc/AppData/Local/Temp/neurogolf_score__hewx83n/task006.onnx,true,c59abe078271e1b9716a9cfcaa299391f7a73d012775c268342f00ac36e40794,877,27,126,,153,19.969562078607566,pass,,3,3,1,1,262,262,,,266,266,pass,,25.0,5.0304379213924335,19.969562078607566,,GOLF_20260709_101_prvsiyan_7266_72_repro,unknown,,,unknown,,,,none,unknown,not_obvious,,,true,2026-07-09T13:53:59,2026-07-09T13:53:59,
7,task007,,,C:/Users/zyc/AppData/Local/Temp/neurogolf_score__hewx83n/task007.onnx,true,ee94f67c01b2af670919d608cdab2bd9611aa816f0d618d81945b3de27e3fabc,840,127,0,,127,20.15581291354141,pass,,3,3,1,1,262,262,,,266,266,pass,,25.0,4.844187086458589,20.15581291354141,,GOLF_20260709_101_prvsiyan_7266_72_repro,unknown,,,unknown,,,,none,unknown,not_obvious,,,true,2026-07-09T13:53:59,2026-07-09T13:53:59,
8,task008,,,C:/Users/zyc/AppData/Local/Temp/neurogolf_score__hewx83n/task008.onnx,true,e66d88084736e122ba21e47a495c82894d22ca03dafb790748455fa9abab739b,7009,89,2654,,2743,17.083192509062396,pass,,3,3,1,1,262,262,,,266,266,pass,,25.0,7.916807490937604,17.083192509062396,,GOLF_20260709_101_prvsiyan_7266_72_repro,unknown,,,unknown,,,,none,unknown,not_obvious,,,true,2026-07-09T13:53:59,2026-07-09T13:53:59,
9,task009,,,C:/Users/zyc/AppData/Local/Temp/neurogolf_score__hewx83n/task009.onnx,true,2418667851ab6ace305a5979282c1008697868a082dfb446722d366d31574008,2039,165,6529,,6694,16.191033118228727,pass,,3,3,1,1,261,261,,,265,265,pass,,25.0,8.808966881771273,16.191033118228727,,GOLF_20260709_101_prvsiyan_7266_72_repro,unknown,,,unknown,,,,none,unknown,not_obvious,,,true,2026-07-09T13:54:01,2026-07-09T13:54:01,
10,task010,,,C:/Users/zyc/AppData/Local/Temp/neurogolf_score__hewx83n/task010.onnx,true,3f065a8894aa271eaf4c83431e8eb7933593a175bc744ed18abe31795ba8a1bd,1491,332,670,,1002,18.09024671835519,pass,,2,2,1,1,262,262,,,265,265,pass,,25.0,6.909753281644811,18.09024671835519,,GOLF_20260709_101_prvsiyan_7266_72_repro,unknown,,,unknown,,,,none,unknown,not_obvious,,,true,2026-07-09T13:54:01,2026-07-09T13:54:01,
11,task011,,,C:/Users/zyc/AppData/Local/Temp/neurogolf_score__hewx83n/task011.onnx,true,df7ddffdefd8d1f168424610c67e41dcbc66e7251fc7d35e61f2aa883f311ad9,1525,254,64,,318,19.23794861721982,pass,,4,4,1,1,262,262,,,267,267,pass,,25.0,5.762051382780179,19.23794861721982,,GOLF_20260709_101_prvsiyan_7266_72_repro,unknown,,,unknown,,,,none,unknown,not_obvious,,,true,2026-07-09T13:54:02,2026-07-09T13:54:02,
12,task012,,,C:/Users/zyc/AppData/Local/Temp/neurogolf_score__hewx83n/task012.onnx,true,4696a6d5e8de2cf4cd34839a89ef503275e80ad6ad0c722deaf67971122976c6,2240,188,2063,,2251,17.28087015909327,pass,,2,2,1,1,262,262,,,265,265,pass,,25.0,7.7191298409067315,17.28087015909327,,GOLF_20260709_101_prvsiyan_7266_72_repro,unknown,,,unknown,,,,none,unknown,not_obvious,,,true,2026-07-09T13:54:06,2026-07-09T13:54:06,
13,task013,,,C:/Users/zyc/AppData/Local/Temp/neurogolf_score__hewx83n/task013.onnx,true,b5f1e5c4871cbd88797e8e037f1f73175cfca71bfc303ea21465c9310ab36e9b,2325,63,1361,,1424,17.738774908028077,pass,,4,4,1,1,262,262,,,267,267,pass,,25.0,7.261225091971923,17.738774908028077,,GOLF_20260709_101_prvsiyan_7266_72_repro,unknown,,,unknown,,,,none,unknown,not_obvious,,,true,2026-07-09T13:54:06,2026-07-09T13:54:06,
14,task014,,,C:/Users/zyc/AppData/Local/Temp/neurogolf_score__hewx83n/task014.onnx,true,3dcd7c3fc8002f7975af0d1c496b4f94d8dab96768431cf27f3cd817fcee60a8,2774,82,4016,,4098,16.681745671201156,pass,,3,3,1,1,262,262,,,266,266,pass,,25.0,8.318254328798844,16.681745671201156,,GOLF_20260709_101_prvsiyan_7266_72_repro,unknown,,,unknown,,,,none,unknown,not_obvious,,,true,2026-07-09T13:54:07,2026-07-09T13:54:07,
15,task015,,,C:/Users/zyc/AppData/Local/Temp/neurogolf_score__hewx83n/task015.onnx,true,1ab641692d1424be973ca0ca5d26e88172d7be86363973c99ffda1b0d2dfd046,3774,900,0,,900,18.197605236675688,pass,,3,3,1,1,261,261,,,265,265,pass,,25.0,6.802394763324312,18.197605236675688,,GOLF_20260709_101_prvsiyan_7266_72_repro,unknown,,,unknown,,,,none,unknown,not_obvious,,,true,2026-07-09T13:54:08,2026-07-09T13:54:08,
16,task016,,,C:/Users/zyc/AppData/Local/Temp/neurogolf_score__hewx83n/task016.onnx,true,fb83a8e988f586009bf17279b7aedb194e3492a8e6f357be6d5e9ed903615733,158,10,0,,10,22.697414907005953,pass,,4,4,1,1,262,262,,,267,267,pass,,25.0,2.302585092994047,22.697414907005953,,GOLF_20260709_101_prvsiyan_7266_72_repro,unknown,,,unknown,,,,none,unknown,not_obvious,,,true,2026-07-09T13:54:08,2026-07-09T13:54:08,
17,task017,,,C:/Users/zyc/AppData/Local/Temp/neurogolf_score__hewx83n/task017.onnx,true,611d383bff27797717269b900f3b84ea496ccc1f52e10daeaee74bc890b37d7a,6229,1704,4749,,6453,16.22769958206416,pass,,3,3,1,1,262,262,,,266,266,pass,,25.0,8.772300417935838,16.22769958206416,,GOLF_20260709_101_prvsiyan_7266_72_repro,unknown,,,unknown,,,,none,unknown,not_obvious,,,true,2026-07-09T13:54:08,2026-07-09T13:54:08,
18,task018,,,C:/Users/zyc/AppData/Local/Temp/neurogolf_score__hewx83n/task018.onnx,true,3fea9048baab0c6e5f1c67f00dcc73ed0ec8d89fa503308573157ed89a2726cc,74228,692,23668,,24360,14.899302278176167,pass,,3,3,1,1,262,262,,,266,266,pass,,25.0,10.100697721823833,14.899302278176167,,GOLF_20260709_101_prvsiyan_7266_72_repro,unknown,,,unknown,,,,none,unknown,not_obvious,,,true,2026-07-09T13:54:09,2026-07-09T13:54:09,
19,task019,,,C:/Users/zyc/AppData/Local/Temp/neurogolf_score__hewx83n/task019.onnx,true,08b1945d9ee9171968479c8f21430bade488d64ebe17970eed84adff0888dd1f,1868,82,2421,,2503,17.174754708568226,pass,,4,4,1,1,262,262,,,267,267,pass,,25.0,7.825245291431774,17.174754708568226,,GOLF_20260709_101_prvsiyan_7266_72_repro,unknown,,,unknown,,,,none,unknown,not_obvious,,,true,2026-07-09T13:54:22,2026-07-09T13:54:22,
20,task020,,,C:/Users/zyc/AppData/Local/Temp/neurogolf_score__hewx83n/task020.onnx,true,f7db49fb30f6b2eff78ce6c117efd540906d9d1a5fe12062ca9dcf9bbb6ee009,3335,152,1104,,1256,17.864312652971854,pass,,3,3,1,1,262,262,,,266,266,pass,,25.0,7.135687347028146,17.864312652971854,,GOLF_20260709_101_prvsiyan_7266_72_repro,unknown,,,unknown,,,,none,unknown,not_obvious,,,true,2026-07-09T13:54:23,2026-07-09T13:54:23,
21,task021,,,C:/Users/zyc/AppData/Local/Temp/neurogolf_score__hewx83n/task021.onnx,true,014d964ed0937b3da52fef113d01f3dc5bc74432d55441883773265ce5a0530e,844,60,264,,324,19.21925648420767,pass,,3,3,1,1,73,73,,,77,77,pass,,25.0,5.780743515792331,19.21925648420767,,GOLF_20260709_101_prvsiyan_7266_72_repro,unknown,,,unknown,,,,none,unknown,not_obvious,,,true,2026-07-09T13:54:23,2026-07-09T13:54:23,
22,task022,,,C:/Users/zyc/AppData/Local/Temp/neurogolf_score__hewx83n/task022.onnx,true,e92d07061f1aa758e526cf5ff5ee5d4d285a593cfaf1b88f52dac34e172667b8,3457,738,162,,900,18.197605236675688,pass,,3,3,1,1,262,262,,,266,266,pass,,25.0,6.802394763324312,18.197605236675688,,GOLF_20260709_101_prvsiyan_7266_72_repro,unknown,,,unknown,,,,none,unknown,not_obvious,,,true,2026-07-09T13:54:23,2026-07-09T13:54:23,
23,task023,,,C:/Users/zyc/AppData/Local/Temp/neurogolf_score__hewx83n/task023.onnx,true,8579fe77932cd6fc6d0739d167bd55bfdbe66154d18fe7c73d32736324982b33,17654,139,8083,,8222,15.985431232542176,pass,,3,3,1,1,262,262,,,266,266,pass,,25.0,9.014568767457824,15.985431232542176,,GOLF_20260709_101_prvsiyan_7266_72_repro,unknown,,,unknown,,,,none,unknown,not_obvious,,,true,2026-07-09T13:54:29,2026-07-09T13:54:29,
24,task024,,,C:/Users/zyc/AppData/Local/Temp/neurogolf_score__hewx83n/task024.onnx,true,58e44e897772468fa8bc5e2c135814ce49d0fd98ad30d6639e107bdb16f4a6af,720,110,0,,110,20.299519634207584,pass,,3,3,1,1,262,262,,,266,266,pass,,25.0,4.700480365792416,20.299519634207584,,GOLF_20260709_101_prvsiyan_7266_72_repro,unknown,,,unknown,,,,none,unknown,not_obvious,,,true,2026-07-09T13:54:31,2026-07-09T13:54:31,
25,task025,,,C:/Users/zyc/AppData/Local/Temp/neurogolf_score__hewx83n/task025.onnx,true,e33d292eb19701d703ed0f0c10b8ff18c38f83fac7aa31c157fc756bd17c7970,4697,104,10132,,10236,15.76633380272032,pass,,3,3,1,1,262,262,,,266,266,pass,,25.0,9.23366619727968,15.76633380272032,,GOLF_20260709_101_prvsiyan_7266_72_repro,unknown,,,unknown,,,,none,unknown,not_obvious,,,true,2026-07-09T13:54:31,2026-07-09T13:54:31,
26,task026,,,C:/Users/zyc/AppData/Local/Temp/neurogolf_score__hewx83n/task026.onnx,true,cad3493d1882e587c1667ce1b4797c2692ad843221d4e0f20b935d6cdd8aab2f,1016,200,0,,200,19.701682633451963,pass,,5,5,1,1,262,262,,,268,268,pass,,25.0,5.298317366548037,19.701682633451963,,GOLF_20260709_101_prvsiyan_7266_72_repro,unknown,,,unknown,,,,none,unknown,not_obvious,,,true,2026-07-09T13:54:32,2026-07-09T13:54:32,
27,task027,,,C:/Users/zyc/AppData/Local/Temp/neurogolf_score__hewx83n/task027.onnx,true,30e7fa87454ff24fca70334e11d75c801f4803ddeecd59dde50802169e6b27ff,1971,46,1262,,1308,17.823745467982857,pass,,3,3,1,1,261,261,,,265,265,pass,,25.0,7.176254532017143,17.823745467982857,,GOLF_20260709_101_prvsiyan_7266_72_repro,unknown,,,unknown,,,,none,unknown,not_obvious,,,true,2026-07-09T13:54:32,2026-07-09T13:54:32,
28,task028,,,C:/Users/zyc/AppData/Local/Temp/neurogolf_score__hewx83n/task028.onnx,true,70d055d527158aa58d649de095e8f8c932b6852fae95be66a3dd6f1a1c5baedb,963,168,0,,168,19.876036020596743,pass,,2,2,1,1,262,262,,,265,265,pass,,25.0,5.123963979403257,19.876036020596743,,GOLF_20260709_101_prvsiyan_7266_72_repro,unknown,,,unknown,,,,none,unknown,not_obvious,,,true,2026-07-09T13:54:33,2026-07-09T13:54:33,
29,task029,,,C:/Users/zyc/AppData/Local/Temp/neurogolf_score__hewx83n/task029.onnx,true,afb5f0166ba1ed3bd0bef01baca1605d07943e9a1c3766adc9284ec96d446bd3,2354,76,5212,,5288,16.426804618468477,pass,,3,3,1,1,262,262,,,266,266,pass,,25.0,8.573195381531523,16.426804618468477,,GOLF_20260709_101_prvsiyan_7266_72_repro,unknown,,,unknown,,,,none,unknown,not_obvious,,,true,2026-07-09T13:54:33,2026-07-09T13:54:33,
30,task030,,,C:/Users/zyc/AppData/Local/Temp/neurogolf_score__hewx83n/task030.onnx,true,2cca72f3f7f65f4c2319beeeae8bc2b49d6bb9652e787824f6d3ca722542b1d5,2606,199,1604,,1803,17.50279277679668,pass,,3,3,1,1,262,262,,,266,266,pass,,25.0,7.4972072232033184,17.50279277679668,,GOLF_20260709_101_prvsiyan_7266_72_repro,unknown,,,unknown,,,,none,unknown,not_obvious,,,true,2026-07-09T13:54:34,2026-07-09T13:54:34,
31,task031,,,C:/Users/zyc/AppData/Local/Temp/neurogolf_score__hewx83n/task031.onnx,true,3c4eeba87acebceb14949914ad03cbcebdcc4169920faefb0f380a38e831fa8c,2433,113,524,,637,18.543230344427837,pass,,3,3,1,1,262,262,,,266,266,pass,,25.0,6.456769655572163,18.543230344427837,,GOLF_20260709_101_prvsiyan_7266_72_repro,unknown,,,unknown,,,,none,unknown,not_obvious,,,true,2026-07-09T13:54:34,2026-07-09T13:54:34,
32,task032,,,C:/Users/zyc/AppData/Local/Temp/neurogolf_score__hewx83n/task032.onnx,true,ceb4063280bf7df98b687efafb01b5fdedc714737f65b70a50c4a70a941c330a,3828,910,0,,910,18.186555400489105,pass,,3,3,1,1,262,262,,,266,266,pass,,25.0,6.813444599510895,18.186555400489105,,GOLF_20260709_101_prvsiyan_7266_72_repro,unknown,,,unknown,,,,none,unknown,not_obvious,,,true,2026-07-09T13:54:35,2026-07-09T13:54:35,
33,task033,,,C:/Users/zyc/AppData/Local/Temp/neurogolf_score__hewx83n/task033.onnx,true,aa9357a8f5fca19d81a770db89eccf1e5fbed345d52ef426096832c34f6c15a8,2686,33,1606,,1639,17.59815842125617,pass,,3,3,1,1,261,261,,,265,265,pass,,25.0,7.401841578743831,17.59815842125617,,GOLF_20260709_101_prvsiyan_7266_72_repro,unknown,,,unknown,,,,none,unknown,not_obvious,,,true,2026-07-09T13:54:35,2026-07-09T13:54:35,
34,task034,,,C:/Users/zyc/AppData/Local/Temp/neurogolf_score__hewx83n/task034.onnx,true,2bf0e3e9c15d0149cb996c64142eda65a49ae5daef0f85c948eac10504ba6846,1984,161,2100,,2261,17.27643752772203,pass,,4,4,1,1,262,262,,,267,267,pass,,25.0,7.723562472277969,17.27643752772203,,GOLF_20260709_101_prvsiyan_7266_72_repro,unknown,,,unknown,,,,none,unknown,not_obvious,,,true,2026-07-09T13:54:35,2026-07-09T13:54:35,
35,task035,,,C:/Users/zyc/AppData/Local/Temp/neurogolf_score__hewx83n/task035.onnx,true,75b0369f17a01b14ed58cdf4ac0b9e396ee719a4ce436771de7538d54efbf621,6512,459,1446,,1905,17.4477627124392,pass,,3,3,1,1,262,262,,,266,266,pass,,25.0,7.5522372875608,17.4477627124392,,GOLF_20260709_101_prvsiyan_7266_72_repro,unknown,,,unknown,,,,none,unknown,not_obvious,,,true,2026-07-09T13:54:36,2026-07-09T13:54:36,
36,task036,,,C:/Users/zyc/AppData/Local/Temp/neurogolf_score__hewx83n/task036.onnx,true,408e601d6479f3a1f652112888e52c78699d7731f3412d5488a5909c2ea53ae5,4233,114,1475,,1589,17.629139833463285,pass,,2,2,1,1,262,262,,,265,265,pass,,25.0,7.3708601665367155,17.629139833463285,,GOLF_20260709_101_prvsiyan_7266_72_repro,unknown,,,unknown,,,,none,unknown,not_obvious,,,true,2026-07-09T13:54:37,2026-07-09T13:54:37,
37,task037,,,C:/Users/zyc/AppData/Local/Temp/neurogolf_score__hewx83n/task037.onnx,true,3674a3fc6b29cf8c91e8d50d8a5acf0ae0520053291e7362532f8ab443ec11fa,3481,197,2268,,2465,17.19005291352321,pass,,3,3,1,1,262,262,,,266,266,pass,,25.0,7.8099470864767895,17.19005291352321,,GOLF_20260709_101_prvsiyan_7266_72_repro,unknown,,,unknown,,,,none,unknown,not_obvious,,,true,2026-07-09T13:54:38,2026-07-09T13:54:38,
38,task038,,,C:/Users/zyc/AppData/Local/Temp/neurogolf_score__hewx83n/task038.onnx,true,c4776de59a95731af1b97ef08b61bd62db867c2ddd6b9d2039ce294a0817b7de,892,50,163,,213,19.638707834290575,pass,,3,3,1,1,262,262,,,266,266,pass,,25.0,5.3612921657094255,19.638707834290575,,GOLF_20260709_101_prvsiyan_7266_72_repro,unknown,,,unknown,,,,none,unknown,not_obvious,,,true,2026-07-09T13:54:39,2026-07-09T13:54:39,
39,task039,,,C:/Users/zyc/AppData/Local/Temp/neurogolf_score__hewx83n/task039.onnx,true,2fefd1eb855204420cd892fbac6c861ddee74f26c743988eb4a129c4ae79a885,852,49,404,,453,18.884107874516964,pass,,2,2,1,1,261,261,,,264,264,pass,,25.0,6.115892125483036,18.884107874516964,,GOLF_20260709_101_prvsiyan_7266_72_repro,unknown,,,unknown,,,,none,unknown,not_obvious,,,true,2026-07-09T13:54:39,2026-07-09T13:54:39,
40,task040,,,C:/Users/zyc/AppData/Local/Temp/neurogolf_score__hewx83n/task040.onnx,true,34c4840699dcbf379a0ad49f934c18f96525056b6771c7f3b81347d1becf3f30,1200,190,0,,190,19.752975927839515,pass,,3,3,1,1,262,262,,,266,266,pass,,25.0,5.247024072160485,19.752975927839515,,GOLF_20260709_101_prvsiyan_7266_72_repro,unknown,,,unknown,,,,none,unknown,not_obvious,,,true,2026-07-09T13:54:39,2026-07-09T13:54:39,
41,task041,,,C:/Users/zyc/AppData/Local/Temp/neurogolf_score__hewx83n/task041.onnx,true,9fb1e714e20f32f128f2e0d784592ded91f0fa89645787d11e687c65bff6a0eb,1354,57,1730,,1787,17.511706484840573,pass,,3,3,1,1,262,262,,,266,266,pass,,25.0,7.488293515159427,17.511706484840573,,GOLF_20260709_101_prvsiyan_7266_72_repro,unknown,,,unknown,,,,none,unknown,not_obvious,,,true,2026-07-09T13:54:39,2026-07-09T13:54:39,
42,task042,,,C:/Users/zyc/AppData/Local/Temp/neurogolf_score__hewx83n/task042.onnx,true,750708a9a5332fbd8c065a17348a4b924a31c866117c6b9319e896e0ab2b652c,1830,318,2792,,3110,16.95762199482672,pass,,3,3,1,1,262,262,,,266,266,pass,,25.0,8.04237800517328,16.95762199482672,,GOLF_20260709_101_prvsiyan_7266_72_repro,unknown,,,unknown,,,,none,unknown,not_obvious,,,true,2026-07-09T13:54:40,2026-07-09T13:54:40,
43,task043,,,C:/Users/zyc/AppData/Local/Temp/neurogolf_score__hewx83n/task043.onnx,true,f779cd25faf94b2cb7aba327fd656159c8993ea8751767ae384105af8f1dc153,1786,205,588,,793,18.324176778365153,pass,,3,3,1,1,262,262,,,266,266,pass,,25.0,6.675823221634847,18.324176778365153,,GOLF_20260709_101_prvsiyan_7266_72_repro,unknown,,,unknown,,,,none,unknown,not_obvious,,,true,2026-07-09T13:54:40,2026-07-09T13:54:40,
44,task044,,,C:/Users/zyc/AppData/Local/Temp/neurogolf_score__hewx83n/task044.onnx,true,376a09bb1bcde35b790393a24bbf964ba40658652791337dface0425126fc436,14824,152,3060,,3212,16.925350924933348,pass,,3,3,1,1,262,262,,,266,266,pass,,25.0,8.074649075066652,16.925350924933348,,GOLF_20260709_101_prvsiyan_7266_72_repro,unknown,,,unknown,,,,none,unknown,not_obvious,,,true,2026-07-09T13:54:40,2026-07-09T13:54:40,
45,task045,,,C:/Users/zyc/AppData/Local/Temp/neurogolf_score__hewx83n/task045.onnx,true,705abb769fa43025f5378bca53c2cd10771ac88312406183cbbf4d7c9a840689,2970,623,1050,,1673,17.577626299013176,pass,,3,3,1,1,261,261,,,265,265,pass,,25.0,7.4223737009868245,17.577626299013176,,GOLF_20260709_101_prvsiyan_7266_72_repro,unknown,,,unknown,,,,none,unknown,not_obvious,,,true,2026-07-09T13:54:43,2026-07-09T13:54:43,
46,task046,,,C:/Users/zyc/AppData/Local/Temp/neurogolf_score__hewx83n/task046.onnx,true,43d56a3ea4a90d31da53b7f16f298529903dbc483ba3f06fe2a1b93b8f904f3c,6509,86,1999,,2085,17.3574758657671,pass,,4,4,1,1,262,262,,,267,267,pass,,25.0,7.6425241342329,17.3574758657671,,GOLF_20260709_101_prvsiyan_7266_72_repro,unknown,,,unknown,,,,none,unknown,not_obvious,,,true,2026-07-09T13:54:43,2026-07-09T13:54:43,
47,task047,,,C:/Users/zyc/AppData/Local/Temp/neurogolf_score__hewx83n/task047.onnx,true,7a9b76d46fa67b896ead9c80c3c13e8a408bb0d969aa6c4054fb74c6bb0caf58,2305,36,826,,862,18.240744729336306,pass,,2,2,1,1,262,262,,,265,265,pass,,25.0,6.759255270663694,18.240744729336306,,GOLF_20260709_101_prvsiyan_7266_72_repro,unknown,,,unknown,,,,none,unknown,not_obvious,,,true,2026-07-09T13:54:44,2026-07-09T13:54:44,
48,task048,,,C:/Users/zyc/AppData/Local/Temp/neurogolf_score__hewx83n/task048.onnx,true,8d31c5e65b01f08bf554609eb24094db60ee2ffe180d839a01c5c2aaab56033a,6323,115,688,,803,18.31164528605324,pass,,6,6,2,2,262,262,,,270,270,pass,,25.0,6.688354713946762,18.31164528605324,,GOLF_20260709_101_prvsiyan_7266_72_repro,unknown,,,unknown,,,,none,unknown,not_obvious,,,true,2026-07-09T13:54:44,2026-07-09T13:54:44,
49,task049,,,C:/Users/zyc/AppData/Local/Temp/neurogolf_score__hewx83n/task049.onnx,true,90f67e98b88dc7cf18827011f97c5e3e7ffd2cb811ad3edb0e6b8268a26e011b,1703,103,242,,345,19.15645558296864,pass,,5,5,1,1,262,262,,,268,268,pass,,25.0,5.84354441703136,19.15645558296864,,GOLF_20260709_101_prvsiyan_7266_72_repro,unknown,,,unknown,,,,none,unknown,not_obvious,,,true,2026-07-09T13:54:45,2026-07-09T13:54:45,
50,task050,,,C:/Users/zyc/AppData/Local/Temp/neurogolf_score__hewx83n/task050.onnx,true,1dce119c54e7b1968a46a6d8ef8e6ef0957d7bb1fa78d57c57f9ba5ded39e600,875,24,3825,,3849,16.744431346716254,pass,,8,8,1,1,262,262,,,271,271,pass,,25.0,8.255568653283746,16.744431346716254,,GOLF_20260709_101_prvsiyan_7266_72_repro,unknown,,,unknown,,,,none,unknown,not_obvious,,,true,2026-07-09T13:54:46,2026-07-09T13:54:46,
51,task051,,,C:/Users/zyc/AppData/Local/Temp/neurogolf_score__hewx83n/task051.onnx,true,8578b1dd81b132ec7a6e9a5601457498cc26610c33c3a954bfea8271fbf3ae24,2872,101,1643,,1744,17.536063395531073,pass,,3,3,1,1,261,261,,,265,265,pass,,25.0,7.463936604468927,17.536063395531073,,GOLF_20260709_101_prvsiyan_7266_72_repro,unknown,,,unknown,,,,none,unknown,not_obvious,,,true,2026-07-09T13:54:46,2026-07-09T13:54:46,
52,task052,,,C:/Users/zyc/AppData/Local/Temp/neurogolf_score__hewx83n/task052.onnx,true,73403eca9b7eb65b36de58f28661463a4aa693005b6614a9706299a74877cb58,1018,104,90,,194,19.73214184093667,pass,,4,4,1,1,262,262,,,267,267,pass,,25.0,5.26785815906333,19.73214184093667,,GOLF_20260709_101_prvsiyan_7266_72_repro,unknown,,,unknown,,,,none,unknown,not_obvious,,,true,2026-07-09T13:54:47,2026-07-09T13:54:47,
53,task053,,,C:/Users/zyc/AppData/Local/Temp/neurogolf_score__hewx83n/task053.onnx,true,11d2a84ba10862f37e4dae8a206314fd4226f70b6f751eed23e52ba32ebde353,175,30,0,,30,21.598802618337846,pass,,4,4,2,2,54,54,,,60,60,pass,,25.0,3.401197381662154,21.598802618337846,,GOLF_20260709_101_prvsiyan_7266_72_repro,unknown,,,unknown,,,,none,unknown,not_obvious,,,true,2026-07-09T13:54:47,2026-07-09T13:54:47,
54,task054,,,C:/Users/zyc/AppData/Local/Temp/neurogolf_score__hewx83n/task054.onnx,true,4c32adeb4b99eff1636a64df792d078e679b2bcac084b9d5e9a7f7441aef5b8d,24729,193,25201,,25394,14.857731795370263,pass,,3,3,1,1,262,262,,,266,266,pass,,25.0,10.142268204629737,14.857731795370263,,GOLF_20260709_101_prvsiyan_7266_72_repro,unknown,,,unknown,,,,none,unknown,not_obvious,,,true,2026-07-09T13:54:47,2026-07-09T13:54:47,
55,task055,,,C:/Users/zyc/AppData/Local/Temp/neurogolf_score__hewx83n/task055.onnx,true,c10324dc3827ff7efc3a305ecb421cffaf454e48cbacf77395e3f90cce454584,1243,176,1680,,1856,17.473821086653853,pass,,2,2,1,1,260,260,,,263,263,pass,,25.0,7.526178913346147,17.473821086653853,,GOLF_20260709_101_prvsiyan_7266_72_repro,unknown,,,unknown,,,,none,unknown,not_obvious,,,true,2026-07-09T13:54:52,2026-07-09T13:54:52,
56,task056,,,C:/Users/zyc/AppData/Local/Temp/neurogolf_score__hewx83n/task056.onnx,true,a5d7b219941d1f76d28f1a9315c0e6e964a5b9902a851c8055464c5060a15fc5,859,0,34,,34,21.473639475383838,pass,,7,7,3,3,36,36,,,46,46,pass,,25.0,3.5263605246161625,21.473639475383838,,GOLF_20260709_101_prvsiyan_7266_72_repro,unknown,,,unknown,,,,none,unknown,not_obvious,,,true,2026-07-09T13:54:52,2026-07-09T13:54:52,
57,task057,,,C:/Users/zyc/AppData/Local/Temp/neurogolf_score__hewx83n/task057.onnx,true,cb0320957f8280498ce363280dac5110fa977cd41c94e7e44668d34bb6412224,1367,30,638,,668,18.495711826463356,pass,,3,3,1,1,261,261,,,265,265,pass,,25.0,6.504288173536644,18.495711826463356,,GOLF_20260709_101_prvsiyan_7266_72_repro,unknown,,,unknown,,,,none,unknown,not_obvious,,,true,2026-07-09T13:54:52,2026-07-09T13:54:52,
58,task058,,,C:/Users/zyc/AppData/Local/Temp/neurogolf_score__hewx83n/task058.onnx,true,98fb28e554a23b659107872cd9cc30f259eea1b05e8f8fd438dfae64d27a1fc0,6763,781,252,,1033,18.05977753088036,pass,,5,5,1,1,16,16,,,22,22,pass,,25.0,6.9402224691196395,18.05977753088036,,GOLF_20260709_101_prvsiyan_7266_72_repro,unknown,,,unknown,,,,none,unknown,not_obvious,,,true,2026-07-09T13:54:52,2026-07-09T13:54:52,
59,task059,,,C:/Users/zyc/AppData/Local/Temp/neurogolf_score__hewx83n/task059.onnx,true,b097c826846442cf8e61477d38956c648e8076867df5b5b8ae807c6a2f2f8e66,2021,290,257,,547,18.69555119757802,pass,,3,3,1,1,262,262,,,266,266,pass,,25.0,6.30444880242198,18.69555119757802,,GOLF_20260709_101_prvsiyan_7266_72_repro,unknown,,,unknown,,,,none,unknown,not_obvious,,,true,2026-07-09T13:54:52,2026-07-09T13:54:52,
60,task060,,,C:/Users/zyc/AppData/Local/Temp/neurogolf_score__hewx83n/task060.onnx,true,27e18f887f20e0133d5f239bdc270687b6464349f0fd8dfd9db6cf438f89272f,4221,1010,0,,1010,18.082294390164694,pass,,2,2,1,1,262,262,,,265,265,pass,,25.0,6.917705609835306,18.082294390164694,,GOLF_20260709_101_prvsiyan_7266_72_repro,unknown,,,unknown,,,,none,unknown,not_obvious,,,true,2026-07-09T13:54:53,2026-07-09T13:54:53,
61,task061,,,C:/Users/zyc/AppData/Local/Temp/neurogolf_score__hewx83n/task061.onnx,true,ca895cf016d83d9fdbcadf4e03a66caa491ec02314138a789a56ccd0a62addcd,875,35,1633,,1668,17.58061941708131,pass,,4,4,1,1,262,262,,,267,267,pass,,25.0,7.419380582918691,17.58061941708131,,GOLF_20260709_101_prvsiyan_7266_72_repro,unknown,,,unknown,,,,none,unknown,not_obvious,,,true,2026-07-09T13:54:53,2026-07-09T13:54:53,
62,task062,,,C:/Users/zyc/AppData/Local/Temp/neurogolf_score__hewx83n/task062.onnx,true,84ba2b1baf9ad0620d1c442497239ce770f64ddc1a9a38db66f6b15bfbd308d5,4138,59,2465,,2524,17.166399776338896,pass,,4,4,1,1,262,262,,,267,267,pass,,25.0,7.833600223661104,17.166399776338896,,GOLF_20260709_101_prvsiyan_7266_72_repro,unknown,,,unknown,,,,none,unknown,not_obvious,,,true,2026-07-09T13:54:53,2026-07-09T13:54:53,
63,task063,,,C:/Users/zyc/AppData/Local/Temp/neurogolf_score__hewx83n/task063.onnx,true,953a9e7991337bbc92c449d98e496bab2235e5fa99f46e837045c1f43e75eda1,972,26,1680,,1706,17.558093271948376,pass,,3,3,1,1,262,262,,,266,266,pass,,25.0,7.441906728051624,17.558093271948376,,GOLF_20260709_101_prvsiyan_7266_72_repro,unknown,,,unknown,,,,none,unknown,not_obvious,,,true,2026-07-09T13:54:54,2026-07-09T13:54:54,
64,task064,,,C:/Users/zyc/AppData/Local/Temp/neurogolf_score__hewx83n/task064.onnx,true,681779e26f83496dec73d440c133d4ec6d1d87ec72208d656c0dc08f521fd30d,3347,87,10358,,10445,15.746121326009334,pass,,4,4,1,1,262,262,,,267,267,pass,,25.0,9.253878673990666,15.746121326009334,,GOLF_20260709_101_prvsiyan_7266_72_repro,unknown,,,unknown,,,,none,unknown,not_obvious,,,true,2026-07-09T13:54:54,2026-07-09T13:54:54,
65,task065,,,C:/Users/zyc/AppData/Local/Temp/neurogolf_score__hewx83n/task065.onnx,true,b8b434ac832a270191b343a343693a2fb0e3863c40778cabaf753110e319bb51,2196,56,582,,638,18.54166171665521,pass,,3,3,1,1,262,262,,,266,266,pass,,25.0,6.458338283344791,18.54166171665521,,GOLF_20260709_101_prvsiyan_7266_72_repro,unknown,,,unknown,,,,none,unknown,not_obvious,,,true,2026-07-09T13:54:55,2026-07-09T13:54:55,
66,task066,,,C:/Users/zyc/AppData/Local/Temp/neurogolf_score__hewx83n/task066.onnx,true,69b537650e3460423c2db6d7e60a8e260bda984ca8fa4a2b17b09399ad235f85,14741,193,10450,,10643,15.727342321958956,pass,,3,3,1,1,262,262,,,266,266,pass,,25.0,9.272657678041044,15.727342321958956,,GOLF_20260709_101_prvsiyan_7266_72_repro,unknown,,,unknown,,,,none,unknown,not_obvious,,,true,2026-07-09T13:54:56,2026-07-09T13:54:56,
67,task067,,,C:/Users/zyc/AppData/Local/Temp/neurogolf_score__hewx83n/task067.onnx,true,496966b0f14bde7f7eef61fe958c32834fe2976d911184da7d44b859f2d776e6,145,0,0,,0,25.0,pass,,3,3,1,1,262,262,,,266,266,pass,,25.0,0.0,25.0,,GOLF_20260709_101_prvsiyan_7266_72_repro,unknown,,,unknown,,,,none,unknown,not_obvious,,,true,2026-07-09T13:54:59,2026-07-09T13:54:59,
68,task068,,,C:/Users/zyc/AppData/Local/Temp/neurogolf_score__hewx83n/task068.onnx,true,4dff0626d4da16c33bac4c0edd9a6b73856b403fcb124505fedd4dadbedc15ca,1693,123,500,,623,18.565453481212547,pass,,3,3,1,1,262,262,,,266,266,pass,,25.0,6.434546518787453,18.565453481212547,,GOLF_20260709_101_prvsiyan_7266_72_repro,unknown,,,unknown,,,,none,unknown,not_obvious,,,true,2026-07-09T13:54:59,2026-07-09T13:54:59,
69,task069,,,C:/Users/zyc/AppData/Local/Temp/neurogolf_score__hewx83n/task069.onnx,true,000bcfb2908cf36e489ff6a1c0100e7c928841caf1c88d6a1108c29de4bf8787,2903,85,2864,,2949,17.010778591184724,pass,,2,2,1,1,261,261,,,264,264,pass,,25.0,7.9892214088152755,17.010778591184724,,GOLF_20260709_101_prvsiyan_7266_72_repro,unknown,,,unknown,,,,none,unknown,not_obvious,,,true,2026-07-09T13:54:59,2026-07-09T13:54:59,
70,task070,,,C:/Users/zyc/AppData/Local/Temp/neurogolf_score__hewx83n/task070.onnx,true,8ddfd08c064d265733cd07d03f7033d49b7d4595febf9099d7b5bf5025004422,1863,242,1440,,1682,17.572261159467107,pass,,3,3,1,1,262,262,,,266,266,pass,,25.0,7.427738840532893,17.572261159467107,,GOLF_20260709_101_prvsiyan_7266_72_repro,unknown,,,unknown,,,,none,unknown,not_obvious,,,true,2026-07-09T13:55:00,2026-07-09T13:55:00,
71,task071,,,C:/Users/zyc/AppData/Local/Temp/neurogolf_score__hewx83n/task071.onnx,true,a5ef0bd5a5854af84e4242cdd388aded06011325d742359d26990ca35a5cfeea,3098,56,2607,,2663,17.11279141418607,pass,,2,2,1,1,262,262,,,265,265,pass,,25.0,7.88720858581393,17.11279141418607,,GOLF_20260709_101_prvsiyan_7266_72_repro,unknown,,,unknown,,,,none,unknown,not_obvious,,,true,2026-07-09T13:55:00,2026-07-09T13:55:00,
72,task072,,,C:/Users/zyc/AppData/Local/Temp/neurogolf_score__hewx83n/task072.onnx,true,c4fcd4c3f9fc186b44d4f723ae3d94067131b39cdcd4c25329546a7cee4b0102,446,31,390,,421,18.957367166317617,pass,,4,4,2,2,262,262,,,268,268,pass,,25.0,6.042632833682383,18.957367166317617,,GOLF_20260709_101_prvsiyan_7266_72_repro,unknown,,,unknown,,,,none,unknown,not_obvious,,,true,2026-07-09T13:55:01,2026-07-09T13:55:01,
73,task073,,,C:/Users/zyc/AppData/Local/Temp/neurogolf_score__hewx83n/task073.onnx,true,e4316bf775feba0bc9dc82c0472b0b990aefde5fb40341dc51ca6d6f221e9fac,371,40,0,,40,21.311120545886062,pass,,3,3,1,1,11,11,,,15,15,pass,,25.0,3.6888794541139376,21.311120545886062,,GOLF_20260709_101_prvsiyan_7266_72_repro,unknown,,,unknown,,,,none,unknown,not_obvious,,,true,2026-07-09T13:55:01,2026-07-09T13:55:01,
74,task074,,,C:/Users/zyc/AppData/Local/Temp/neurogolf_score__hewx83n/task074.onnx,true,1da6eb4193b945cd8e974b30162f8ecc40231d1f4ffa8786285179e299df351e,8001,1062,7336,,8398,15.964251138755861,pass,,4,4,1,1,262,262,,,267,267,pass,,25.0,9.035748861244139,15.964251138755861,,GOLF_20260709_101_prvsiyan_7266_72_repro,unknown,,,unknown,,,,none,unknown,not_obvious,,,true,2026-07-09T13:55:01,2026-07-09T13:55:01,
75,task075,,,C:/Users/zyc/AppData/Local/Temp/neurogolf_score__hewx83n/task075.onnx,true,597d643e5bf0921ab6030007e6242e77feb12b000c0e392b7fe40296a9bae887,1697,161,1326,,1487,17.695484053539843,pass,,3,3,1,1,261,261,,,265,265,pass,,25.0,7.304515946460157,17.695484053539843,,GOLF_20260709_101_prvsiyan_7266_72_repro,unknown,,,unknown,,,,none,unknown,not_obvious,,,true,2026-07-09T13:55:01,2026-07-09T13:55:01,
76,task076,,,C:/Users/zyc/AppData/Local/Temp/neurogolf_score__hewx83n/task076.onnx,true,57d84bad3868e2717c65fb4821dfbb588a172c3cc39a7acf529a5b2973da8b49,9771,87,12738,,12825,15.54084832996103,pass,,3,3,1,1,262,262,,,266,266,pass,,25.0,9.45915167003897,15.54084832996103,,GOLF_20260709_101_prvsiyan_7266_72_repro,unknown,,,unknown,,,,none,unknown,not_obvious,,,true,2026-07-09T13:55:01,2026-07-09T13:55:01,
77,task077,,,C:/Users/zyc/AppData/Local/Temp/neurogolf_score__hewx83n/task077.onnx,true,99f5e5425893037413f1bfbece16fb903cb615dc1dc01b0ea30cefa7c6fb5555,979,37,7620,,7657,16.056624458886876,pass,,3,3,1,1,262,262,,,266,266,pass,,25.0,8.943375541113124,16.056624458886876,,GOLF_20260709_101_prvsiyan_7266_72_repro,unknown,,,unknown,,,,none,unknown,not_obvious,,,true,2026-07-09T13:55:03,2026-07-09T13:55:03,
78,task078,,,C:/Users/zyc/AppData/Local/Temp/neurogolf_score__hewx83n/task078.onnx,true,77e11fc3917cd26fbf1afb7e950e01085b8062e512eb928ab602925f9e47e367,1132,33,1260,,1293,17.835279621228143,pass,,3,3,1,1,262,262,,,266,266,pass,,25.0,7.164720378771857,17.835279621228143,,GOLF_20260709_101_prvsiyan_7266_72_repro,unknown,,,unknown,,,,none,unknown,not_obvious,,,true,2026-07-09T13:55:04,2026-07-09T13:55:04,
79,task079,,,C:/Users/zyc/AppData/Local/Temp/neurogolf_score__hewx83n/task079.onnx,true,d6c521fcea56555db14da5d903b3394d7716dcb704b7c0ccec57306ef1cdd1d5,3101,75,3039,,3114,16.956336647606058,pass,,3,3,1,1,262,262,,,266,266,pass,,25.0,8.043663352393942,16.956336647606058,,GOLF_20260709_101_prvsiyan_7266_72_repro,unknown,,,unknown,,,,none,unknown,not_obvious,,,true,2026-07-09T13:55:04,2026-07-09T13:55:04,
80,task080,,,C:/Users/zyc/AppData/Local/Temp/neurogolf_score__hewx83n/task080.onnx,true,9c4dc500d7371923add3c6578aba7b0e201d79d804a97e4932bba5607f834029,6260,433,8829,,9262,15.866324712959303,pass,,3,3,1,1,227,227,,,231,231,pass,,25.0,9.133675287040697,15.866324712959303,,GOLF_20260709_101_prvsiyan_7266_72_repro,unknown,,,unknown,,,,none,unknown,not_obvious,,,true,2026-07-09T13:55:05,2026-07-09T13:55:05,
81,task081,,,C:/Users/zyc/AppData/Local/Temp/neurogolf_score__hewx83n/task081.onnx,true,38ec9f3fe8fb654ba69cc258a2f163709366d5da6aad62a98a3cec6cb57433f1,821,72,392,,464,18.860115447773744,pass,,2,2,1,1,261,261,,,264,264,pass,,25.0,6.139884552226256,18.860115447773744,,GOLF_20260709_101_prvsiyan_7266_72_repro,unknown,,,unknown,,,,none,unknown,not_obvious,,,true,2026-07-09T13:55:06,2026-07-09T13:55:06,
82,task082,,,C:/Users/zyc/AppData/Local/Temp/neurogolf_score__hewx83n/task082.onnx,true,e050837db177e7d6b2e5ad5c4cd76bcf19e85a0aedf3fc265056d75870d80446,989,190,0,,190,19.752975927839515,pass,,2,2,1,1,262,262,,,265,265,pass,,25.0,5.247024072160485,19.752975927839515,,GOLF_20260709_101_prvsiyan_7266_72_repro,unknown,,,unknown,,,,none,unknown,not_obvious,,,true,2026-07-09T13:55:06,2026-07-09T13:55:06,
83,task083,,,C:/Users/zyc/AppData/Local/Temp/neurogolf_score__hewx83n/task083.onnx,true,292a56e292cb99f0b6376e103ef994a21e8aa2940d6f444f56e613b793bc8a24,1027,210,0,,210,19.65289246928253,pass,,3,3,1,1,262,262,,,266,266,pass,,25.0,5.347107530717469,19.65289246928253,,GOLF_20260709_101_prvsiyan_7266_72_repro,unknown,,,unknown,,,,none,unknown,not_obvious,,,true,2026-07-09T13:55:06,2026-07-09T13:55:06,
84,task084,,,C:/Users/zyc/AppData/Local/Temp/neurogolf_score__hewx83n/task084.onnx,true,d7217e0bb5b86f0ff7eadc683a638b071dfccaf37f8099c59053531ef3d91aa0,1679,241,1797,,2038,17.38027578621733,pass,,3,3,1,1,171,171,,,175,175,pass,,25.0,7.619724213782671,17.38027578621733,,GOLF_20260709_101_prvsiyan_7266_72_repro,unknown,,,unknown,,,,none,unknown,not_obvious,,,true,2026-07-09T13:55:06,2026-07-09T13:55:06,
85,task085,,,C:/Users/zyc/AppData/Local/Temp/neurogolf_score__hewx83n/task085.onnx,true,4f4783dd96f863a0649a9a73fe7e8c44bc17f5ec61e49334baf0235de0f4f0e0,2003,123,2752,,2875,17.036192046768548,pass,,2,2,1,1,262,262,,,265,265,pass,,25.0,7.963807953231452,17.036192046768548,,GOLF_20260709_101_prvsiyan_7266_72_repro,unknown,,,unknown,,,,none,unknown,not_obvious,,,true,2026-07-09T13:55:06,2026-07-09T13:55:06,
86,task086,,,C:/Users/zyc/AppData/Local/Temp/neurogolf_score__hewx83n/task086.onnx,true,45318565531a011c9c377d6be1c8c153de04dcaca13542fff186630fd8d3b96b,1330,158,2870,,3028,16.98434238544266,pass,,3,3,1,1,262,262,,,266,266,pass,,25.0,8.015657614557341,16.98434238544266,,GOLF_20260709_101_prvsiyan_7266_72_repro,unknown,,,unknown,,,,none,unknown,not_obvious,,,true,2026-07-09T13:55:07,2026-07-09T13:55:07,
87,task087,,,C:/Users/zyc/AppData/Local/Temp/neurogolf_score__hewx83n/task087.onnx,true,d4830ee432562703ce0e624377faf58bf72b5433e6b4616e8268be0d20a86dc8,382,5,0,,5,23.3905620875659,pass,,4,4,1,1,261,261,,,266,266,pass,,25.0,1.6094379124340996,23.3905620875659,,GOLF_20260709_101_prvsiyan_7266_72_repro,unknown,,,unknown,,,,none,unknown,not_obvious,,,true,2026-07-09T13:55:07,2026-07-09T13:55:07,
88,task088,,,C:/Users/zyc/AppData/Local/Temp/neurogolf_score__hewx83n/task088.onnx,true,4b3fb33cb0edb9f1a94dd71226b12073656e8298f0b43d727cfa8576c0fcad74,3349,81,1791,,1872,17.465237342962464,pass,,4,4,1,1,262,262,,,267,267,pass,,25.0,7.534762657037536,17.465237342962464,,GOLF_20260709_101_prvsiyan_7266_72_repro,unknown,,,unknown,,,,none,unknown,not_obvious,,,true,2026-07-09T13:55:07,2026-07-09T13:55:07,
89,task089,,,C:/Users/zyc/AppData/Local/Temp/neurogolf_score__hewx83n/task089.onnx,true,ad3b8a7ebbebaaaa65548d3e085ebd6936f24e0366447b8628cbb1c3fbd209f3,6635,154,6585,,6739,16.184333175053784,pass,,4,4,1,1,262,262,,,267,267,pass,,25.0,8.815666824946216,16.184333175053784,,GOLF_20260709_101_prvsiyan_7266_72_repro,unknown,,,unknown,,,,none,unknown,not_obvious,,,true,2026-07-09T13:55:08,2026-07-09T13:55:08,
90,task090,,,C:/Users/zyc/AppData/Local/Temp/neurogolf_score__hewx83n/task090.onnx,true,f7055ddd7b14e8e802785825be12f2cbc00b04e10a2ad1bc87b50836b9914bf4,14101,82,2973,,3055,16.975465128394305,pass,,4,4,1,1,262,262,,,267,267,pass,,25.0,8.024534871605695,16.975465128394305,,GOLF_20260709_101_prvsiyan_7266_72_repro,unknown,,,unknown,,,,none,unknown,not_obvious,,,true,2026-07-09T13:55:09,2026-07-09T13:55:09,
91,task091,,,C:/Users/zyc/AppData/Local/Temp/neurogolf_score__hewx83n/task091.onnx,true,99f1ee6645ba95d504fd3bb7b55252f8b536a2b231aa398afc4024020354cb63,2965,51,2713,,2764,17.07556581511244,pass,,3,3,1,1,262,262,,,266,266,pass,,25.0,7.924434184887559,17.07556581511244,,GOLF_20260709_101_prvsiyan_7266_72_repro,unknown,,,unknown,,,,none,unknown,not_obvious,,,true,2026-07-09T13:55:15,2026-07-09T13:55:15,
92,task092,,,C:/Users/zyc/AppData/Local/Temp/neurogolf_score__hewx83n/task092.onnx,true,e1b6b3880e335bfcd33eba5602959a773b3804596aacaf265349791d531e138a,9855,178,6375,,6553,16.212321760960503,pass,,2,2,1,1,262,262,,,265,265,pass,,25.0,8.787678239039497,16.212321760960503,,GOLF_20260709_101_prvsiyan_7266_72_repro,unknown,,,unknown,,,,none,unknown,not_obvious,,,true,2026-07-09T13:55:16,2026-07-09T13:55:16,
93,task093,,,C:/Users/zyc/AppData/Local/Temp/neurogolf_score__hewx83n/task093.onnx,true,00fd749bfb24956d282e71249073fdfddaf6477ee28c11d41074dfe416af46c4,4607,120,3212,,3332,16.888671996713267,pass,,3,3,1,1,261,261,,,265,265,pass,,25.0,8.111328003286733,16.888671996713267,,GOLF_20260709_101_prvsiyan_7266_72_repro,unknown,,,unknown,,,,none,unknown,not_obvious,,,true,2026-07-09T13:55:17,2026-07-09T13:55:17,
94,task094,,,C:/Users/zyc/AppData/Local/Temp/neurogolf_score__hewx83n/task094.onnx,true,70de68ad03e398afd19fae55f3fad436817201e5df612359c9069b0f8281f98a,1825,119,2558,,2677,17.10754795647965,pass,,2,2,1,1,262,262,,,265,265,pass,,25.0,7.8924520435203505,17.10754795647965,,GOLF_20260709_101_prvsiyan_7266_72_repro,unknown,,,unknown,,,,none,unknown,not_obvious,,,true,2026-07-09T13:55:18,2026-07-09T13:55:18,
95,task095,,,C:/Users/zyc/AppData/Local/Temp/neurogolf_score__hewx83n/task095.onnx,true,e3212af213f8b2799ceaa19a24ec62248dfb084bf6216535e58cb6020a2e8f7d,587,100,245,,345,19.15645558296864,pass,,2,2,1,1,262,262,,,265,265,pass,,25.0,5.84354441703136,19.15645558296864,,GOLF_20260709_101_prvsiyan_7266_72_repro,unknown,,,unknown,,,,none,unknown,not_obvious,,,true,2026-07-09T13:55:18,2026-07-09T13:55:18,
96,task096,,,C:/Users/zyc/AppData/Local/Temp/neurogolf_score__hewx83n/task096.onnx,true,bc0cf5e62e5cfc7ba17d18ab38009af5831d08e3a0ff77db8f46abca6106186e,14209,418,7260,,7678,16.053885624439257,pass,,3,3,1,1,262,262,,,266,266,pass,,25.0,8.946114375560743,16.053885624439257,,GOLF_20260709_101_prvsiyan_7266_72_repro,unknown,,,unknown,,,,none,unknown,not_obvious,,,true,2026-07-09T13:55:19,2026-07-09T13:55:19,
97,task097,,,C:/Users/zyc/AppData/Local/Temp/neurogolf_score__hewx83n/task097.onnx,true,e11f658842029acf14bc7f02675371d143c017e0709af40a14889bf685d7340e,3829,910,0,,910,18.186555400489105,pass,,4,4,1,1,262,262,,,267,267,pass,,25.0,6.813444599510895,18.186555400489105,,GOLF_20260709_101_prvsiyan_7266_72_repro,unknown,,,unknown,,,,none,unknown,not_obvious,,,true,2026-07-09T13:55:20,2026-07-09T13:55:20,
98,task098,,,C:/Users/zyc/AppData/Local/Temp/neurogolf_score__hewx83n/task098.onnx,true,5aad8d8ffb260eb0c90abfb93e28e88c772f7afee8bdf4d318e99c3266a1209c,3794,900,0,,900,18.197605236675688,pass,,3,3,1,1,262,262,,,266,266,pass,,25.0,6.802394763324312,18.197605236675688,,GOLF_20260709_101_prvsiyan_7266_72_repro,unknown,,,unknown,,,,none,unknown,not_obvious,,,true,2026-07-09T13:55:20,2026-07-09T13:55:20,
99,task099,,,C:/Users/zyc/AppData/Local/Temp/neurogolf_score__hewx83n/task099.onnx,true,ab94772539ef0dbfdc58037072177708007665f218165e04cac7062f626749df,9183,278,1621,,1899,17.450917289187714,pass,,3,3,1,1,261,261,,,265,265,pass,,25.0,7.549082710812286,17.450917289187714,,GOLF_20260709_101_prvsiyan_7266_72_repro,unknown,,,unknown,,,,none,unknown,not_obvious,,,true,2026-07-09T13:55:21,2026-07-09T13:55:21,
100,task100,,,C:/Users/zyc/AppData/Local/Temp/neurogolf_score__hewx83n/task100.onnx,true,26f2fbaa7a2860a77aa7e50d1d97a87834ea8b788ecbcdb3ce207865dad02ded,873,41,318,,359,19.116677611511722,pass,,3,3,1,1,262,262,,,266,266,pass,,25.0,5.883322388488278,19.116677611511722,,GOLF_20260709_101_prvsiyan_7266_72_repro,unknown,,,unknown,,,,none,unknown,not_obvious,,,true,2026-07-09T13:55:21,2026-07-09T13:55:21,
101,task101,,,C:/Users/zyc/AppData/Local/Temp/neurogolf_score__hewx83n/task101.onnx,true,38915fbb79e94517c87262d5b91b78a8e4db448fdcc09827bce3e11c4956d385,10489,817,12908,,13725,15.473025733622269,pass,,3,3,1,1,262,262,,,266,266,pass,,25.0,9.526974266377731,15.473025733622269,,GOLF_20260709_101_prvsiyan_7266_72_repro,unknown,,,unknown,,,,none,unknown,not_obvious,,,true,2026-07-09T13:55:22,2026-07-09T13:55:22,
102,task102,,,C:/Users/zyc/AppData/Local/Temp/neurogolf_score__hewx83n/task102.onnx,true,22ad045903cba5b5ed2617127a1ed8cf94e637ae0689f7b6253770f78bd8b7b7,1861,113,2414,,2527,17.165211892611808,pass,,4,4,1,1,262,262,,,267,267,pass,,25.0,7.834788107388192,17.165211892611808,,GOLF_20260709_101_prvsiyan_7266_72_repro,unknown,,,unknown,,,,none,unknown,not_obvious,,,true,2026-07-09T13:55:26,2026-07-09T13:55:26,
103,task103,,,C:/Users/zyc/AppData/Local/Temp/neurogolf_score__hewx83n/task103.onnx,true,efcd43b5ad14b6c5b1d8d0763306a9b00ea9032fb168a4813004a36e2c6b99fd,411,24,36,,60,20.9056554377779,pass,,6,6,2,2,215,215,,,223,223,pass,,25.0,4.094344562222101,20.9056554377779,,GOLF_20260709_101_prvsiyan_7266_72_repro,unknown,,,unknown,,,,none,unknown,not_obvious,,,true,2026-07-09T13:55:26,2026-07-09T13:55:26,
104,task104,,,C:/Users/zyc/AppData/Local/Temp/neurogolf_score__hewx83n/task104.onnx,true,595cfba158a07e3ef2ad7265617d3368d61db512ca7b262d4ce3faf39fca50cc,1147,222,16,,238,19.527729326328526,pass,,2,2,1,1,4,4,,,7,7,pass,,25.0,5.472270673671474,19.527729326328526,,GOLF_20260709_101_prvsiyan_7266_72_repro,unknown,,,unknown,,,,none,unknown,not_obvious,,,true,2026-07-09T13:55:26,2026-07-09T13:55:26,
105,task105,,,C:/Users/zyc/AppData/Local/Temp/neurogolf_score__hewx83n/task105.onnx,true,302d69cd545e634d006a78d3959611154b7f0f082ef7b60527e45244cd8e79ed,6507,104,2762,,2866,17.039327391611884,pass,,3,3,1,1,262,262,,,266,266,pass,,25.0,7.960672608388116,17.039327391611884,,GOLF_20260709_101_prvsiyan_7266_72_repro,unknown,,,unknown,,,,none,unknown,not_obvious,,,true,2026-07-09T13:55:26,2026-07-09T13:55:26,
106,task106,,,C:/Users/zyc/AppData/Local/Temp/neurogolf_score__hewx83n/task106.onnx,true,e1830f3821bacd5471705e7a966cdea81ee40634c2132e856403d4a2f2321448,1177,174,452,,626,18.560649628899903,pass,,3,3,1,1,262,262,,,266,266,pass,,25.0,6.4393503711000974,18.560649628899903,,GOLF_20260709_101_prvsiyan_7266_72_repro,unknown,,,unknown,,,,none,unknown,not_obvious,,,true,2026-07-09T13:55:27,2026-07-09T13:55:27,
107,task107,,,C:/Users/zyc/AppData/Local/Temp/neurogolf_score__hewx83n/task107.onnx,true,5852aa6aaa9900a9a59f2fa1cfeabbf18f64c8969c26a4ff4560e0a02dad4177,5666,156,3420,,3576,16.817999863706596,pass,,3,3,1,1,262,262,,,266,266,pass,,25.0,8.182000136293404,16.817999863706596,,GOLF_20260709_101_prvsiyan_7266_72_repro,unknown,,,unknown,,,,none,unknown,not_obvious,,,true,2026-07-09T13:55:28,2026-07-09T13:55:28,
108,task108,,,C:/Users/zyc/AppData/Local/Temp/neurogolf_score__hewx83n/task108.onnx,true,4d857e771a6685c81102d5df031017eb54270e27be36ee3bf5387a6b9f375eb1,1410,300,0,,300,19.2962175253438,pass,,3,3,1,1,262,262,,,266,266,pass,,25.0,5.703782474656201,19.2962175253438,,GOLF_20260709_101_prvsiyan_7266_72_repro,unknown,,,unknown,,,,none,unknown,not_obvious,,,true,2026-07-09T13:55:29,2026-07-09T13:55:29,
109,task109,,,C:/Users/zyc/AppData/Local/Temp/neurogolf_score__hewx83n/task109.onnx,true,29b47cdefb0fb7cb805b2164b9139f9ccb2606f1437c9c1a1040ca9417323a3d,1892,99,1546,,1645,17.594504336800526,pass,,3,3,1,1,262,262,,,266,266,pass,,25.0,7.405495663199474,17.594504336800526,,GOLF_20260709_101_prvsiyan_7266_72_repro,unknown,,,unknown,,,,none,unknown,not_obvious,,,true,2026-07-09T13:55:29,2026-07-09T13:55:29,
110,task110,,,C:/Users/zyc/AppData/Local/Temp/neurogolf_score__hewx83n/task110.onnx,true,9acdfb9bca16c2fef4fc1625b052e27dbacccdf25cc273a25539c34e75816176,4445,223,10104,,10327,15.757482896328597,pass,,3,3,1,1,262,262,,,266,266,pass,,25.0,9.242517103671403,15.757482896328597,,GOLF_20260709_101_prvsiyan_7266_72_repro,unknown,,,unknown,,,,none,unknown,not_obvious,,,true,2026-07-09T13:55:30,2026-07-09T13:55:30,
111,task111,,,C:/Users/zyc/AppData/Local/Temp/neurogolf_score__hewx83n/task111.onnx,true,73def2a41945ee64dc024e226bdacbc7852201ef732d15f75c72a61fd1930e42,1604,86,223,,309,19.266658723102253,pass,,3,3,1,1,261,261,,,265,265,pass,,25.0,5.733341276897747,19.266658723102253,,GOLF_20260709_101_prvsiyan_7266_72_repro,unknown,,,unknown,,,,none,unknown,not_obvious,,,true,2026-07-09T13:55:31,2026-07-09T13:55:31,
112,task112,,,C:/Users/zyc/AppData/Local/Temp/neurogolf_score__hewx83n/task112.onnx,true,7e9cf731688593d892fa3e46deb55296b49b4ca156a49e5a1af41549fcb8f91a,4795,152,1616,,1768,17.52239575680241,pass,,3,3,1,1,262,262,,,266,266,pass,,25.0,7.4776042431975895,17.52239575680241,,GOLF_20260709_101_prvsiyan_7266_72_repro,unknown,,,unknown,,,,none,unknown,not_obvious,,,true,2026-07-09T13:55:31,2026-07-09T13:55:31,
113,task113,,,C:/Users/zyc/AppData/Local/Temp/neurogolf_score__hewx83n/task113.onnx,true,356a5f1e2200cf2560f6c836ce7d21eca6b6cad9e68015c2ae31639613ef9b09,499,30,0,,30,21.598802618337846,pass,,2,2,1,1,262,262,,,265,265,pass,,25.0,3.401197381662154,21.598802618337846,,GOLF_20260709_101_prvsiyan_7266_72_repro,unknown,,,unknown,,,,none,unknown,not_obvious,,,true,2026-07-09T13:55:32,2026-07-09T13:55:32,
114,task114,,,C:/Users/zyc/AppData/Local/Temp/neurogolf_score__hewx83n/task114.onnx,true,73a3da0a6b40bf1ac49e7095185ec632fd838bc9a57322d5876e09d66f28afbd,3835,900,0,,900,18.197605236675688,pass,,3,3,1,1,262,262,,,266,266,pass,,25.0,6.802394763324312,18.197605236675688,,GOLF_20260709_101_prvsiyan_7266_72_repro,unknown,,,unknown,,,,none,unknown,not_obvious,,,true,2026-07-09T13:55:32,2026-07-09T13:55:32,
115,task115,,,C:/Users/zyc/AppData/Local/Temp/neurogolf_score__hewx83n/task115.onnx,true,3d1c4857fc063a6cfadb4333ebf89b1082e9e12613cdfba67f6f741d0a13a34d,3437,70,944,,1014,18.078341815848873,pass,,3,3,1,1,262,262,,,266,266,pass,,25.0,6.921658184151127,18.078341815848873,,GOLF_20260709_101_prvsiyan_7266_72_repro,unknown,,,unknown,,,,none,unknown,not_obvious,,,true,2026-07-09T13:55:32,2026-07-09T13:55:32,
116,task116,,,C:/Users/zyc/AppData/Local/Temp/neurogolf_score__hewx83n/task116.onnx,true,3f87aab73b8c538752ffb070a34dd07ef95ccba2d299bd7526da67fcf956e1e5,479,30,0,,30,21.598802618337846,pass,,4,4,1,1,262,262,,,267,267,pass,,25.0,3.401197381662154,21.598802618337846,,GOLF_20260709_101_prvsiyan_7266_72_repro,unknown,,,unknown,,,,none,unknown,not_obvious,,,true,2026-07-09T13:55:32,2026-07-09T13:55:32,
117,task117,,,C:/Users/zyc/AppData/Local/Temp/neurogolf_score__hewx83n/task117.onnx,true,f346b1d939f3d2b3bcb31036193f72bddc331e247c66216df9e3865c2ac36281,2908,203,3592,,3795,16.758560310170267,pass,,3,3,1,1,261,261,,,265,265,pass,,25.0,8.241439689829733,16.758560310170267,,GOLF_20260709_101_prvsiyan_7266_72_repro,unknown,,,unknown,,,,none,unknown,not_obvious,,,true,2026-07-09T13:55:32,2026-07-09T13:55:32,
118,task118,,,C:/Users/zyc/AppData/Local/Temp/neurogolf_score__hewx83n/task118.onnx,true,853d7e92044414765ace7f061ffca8a59da1e8f4876c0750e7760beeb91584f8,1846,129,12153,,12282,15.584109945110656,pass,,4,4,1,1,262,262,,,267,267,pass,,25.0,9.415890054889344,15.584109945110656,,GOLF_20260709_101_prvsiyan_7266_72_repro,unknown,,,unknown,,,,none,unknown,not_obvious,,,true,2026-07-09T13:55:33,2026-07-09T13:55:33,
119,task119,,,C:/Users/zyc/AppData/Local/Temp/neurogolf_score__hewx83n/task119.onnx,true,488903940d8825d9fa200cf6dce80cd5754aca5b04b4f0e19d65d6c353659a0d,4641,120,1243,,1363,17.782556568303466,pass,,3,3,1,1,262,262,,,266,266,pass,,25.0,7.217443431696534,17.782556568303466,,GOLF_20260709_101_prvsiyan_7266_72_repro,unknown,,,unknown,,,,none,unknown,not_obvious,,,true,2026-07-09T13:55:34,2026-07-09T13:55:34,
120,task120,,,C:/Users/zyc/AppData/Local/Temp/neurogolf_score__hewx83n/task120.onnx,true,eb3ffdb92f73a07885e28c9c854599a7a64da2ae4d978c39abe2506e11201ec2,3840,910,0,,910,18.186555400489105,pass,,3,3,1,1,262,262,,,266,266,pass,,25.0,6.813444599510895,18.186555400489105,,GOLF_20260709_101_prvsiyan_7266_72_repro,unknown,,,unknown,,,,none,unknown,not_obvious,,,true,2026-07-09T13:55:35,2026-07-09T13:55:35,
121,task121,,,C:/Users/zyc/AppData/Local/Temp/neurogolf_score__hewx83n/task121.onnx,true,9c552109e66313e735d5f9f805edbc1016c5a1003c61b6a6bb8490fbbfabcec5,2583,66,260,,326,19.213102618633293,pass,,3,3,1,1,262,262,,,266,266,pass,,25.0,5.786897381366707,19.213102618633293,,GOLF_20260709_101_prvsiyan_7266_72_repro,unknown,,,unknown,,,,none,unknown,not_obvious,,,true,2026-07-09T13:55:35,2026-07-09T13:55:35,
122,task122,,,C:/Users/zyc/AppData/Local/Temp/neurogolf_score__hewx83n/task122.onnx,true,9d256b458e31da4423eee2f1c90ac42204a8e573ea622c1b679c25865828eabf,3470,810,0,,810,18.302965752333517,pass,,3,3,1,1,262,262,,,266,266,pass,,25.0,6.697034247666483,18.302965752333517,,GOLF_20260709_101_prvsiyan_7266_72_repro,unknown,,,unknown,,,,none,unknown,not_obvious,,,true,2026-07-09T13:55:35,2026-07-09T13:55:35,
123,task123,,,C:/Users/zyc/AppData/Local/Temp/neurogolf_score__hewx83n/task123.onnx,true,0430094cf07093b3d9c3ca41a4936bc34b8a2f31584711171a369fb1821a2d49,4922,939,403,,1342,17.798083682468373,pass,,3,3,1,1,261,261,,,265,265,pass,,25.0,7.2019163175316265,17.798083682468373,,GOLF_20260709_101_prvsiyan_7266_72_repro,unknown,,,unknown,,,,none,unknown,not_obvious,,,true,2026-07-09T13:55:35,2026-07-09T13:55:35,
124,task124,,,C:/Users/zyc/AppData/Local/Temp/neurogolf_score__hewx83n/task124.onnx,true,26b8e6ed0bf7af2854fdb0a212b36b36330a4412f71ab683aa5681c557ac0ab7,2689,74,1879,,1953,17.42287806912332,pass,,3,3,2,2,262,262,,,267,267,pass,,25.0,7.577121930876679,17.42287806912332,,GOLF_20260709_101_prvsiyan_7266_72_repro,unknown,,,unknown,,,,none,unknown,not_obvious,,,true,2026-07-09T13:55:35,2026-07-09T13:55:35,
125,task125,,,C:/Users/zyc/AppData/Local/Temp/neurogolf_score__hewx83n/task125.onnx,true,31e9c6926235af578469115777db7fb3aa2812ed0d683f2edc93558bb6d1a52d,1405,29,3434,,3463,16.850109455597575,pass,,2,2,1,1,262,262,,,265,265,pass,,25.0,8.149890544402425,16.850109455597575,,GOLF_20260709_101_prvsiyan_7266_72_repro,unknown,,,unknown,,,,none,unknown,not_obvious,,,true,2026-07-09T13:55:36,2026-07-09T13:55:36,
126,task126,,,C:/Users/zyc/AppData/Local/Temp/neurogolf_score__hewx83n/task126.onnx,true,9237cc39bcc3eebc6e19bed132bb01c0083932c9323f8dd68f8082fe28f2d5d8,1334,15,590,,605,18.59477154196916,pass,,3,3,1,1,262,262,,,266,266,pass,,25.0,6.405228458030841,18.59477154196916,,GOLF_20260709_101_prvsiyan_7266_72_repro,unknown,,,unknown,,,,none,unknown,not_obvious,,,true,2026-07-09T13:55:36,2026-07-09T13:55:36,
127,task127,,,C:/Users/zyc/AppData/Local/Temp/neurogolf_score__hewx83n/task127.onnx,true,2421f9f0f87224c60a248e8d2e6577324615aef1a990193582137234da46f320,1009,192,204,,396,19.01858578874552,pass,,4,4,1,1,262,262,,,267,267,pass,,25.0,5.9814142112544815,19.01858578874552,,GOLF_20260709_101_prvsiyan_7266_72_repro,unknown,,,unknown,,,,none,unknown,not_obvious,,,true,2026-07-09T13:55:37,2026-07-09T13:55:37,
128,task128,,,C:/Users/zyc/AppData/Local/Temp/neurogolf_score__hewx83n/task128.onnx,true,cf78e3413eb95e5f4c2a3afa871de3440ebf210182829190b7e8c5e6e2ef9a56,752,136,0,,136,20.087345114263947,pass,,3,3,1,1,262,262,,,266,266,pass,,25.0,4.912654885736053,20.087345114263947,,GOLF_20260709_101_prvsiyan_7266_72_repro,unknown,,,unknown,,,,none,unknown,not_obvious,,,true,2026-07-09T13:55:37,2026-07-09T13:55:37,
129,task129,,,C:/Users/zyc/AppData/Local/Temp/neurogolf_score__hewx83n/task129.onnx,true,0a5f6e5eabed3dbd3b710c59c3dc4379fb147540f4700b58d5165bc519e4e958,298,0,80,,80,20.61797336532612,pass,,3,3,1,1,261,261,,,265,265,pass,,25.0,4.382026634673881,20.61797336532612,,GOLF_20260709_101_prvsiyan_7266_72_repro,unknown,,,unknown,,,,none,unknown,not_obvious,,,true,2026-07-09T13:55:37,2026-07-09T13:55:37,
130,task130,,,C:/Users/zyc/AppData/Local/Temp/neurogolf_score__hewx83n/task130.onnx,true,aaf291bab4664270ac1030a0f0a0efa703f037c864bb9dea18014975c16b0dc3,382,30,0,,30,21.598802618337846,pass,,2,2,1,1,262,262,,,265,265,pass,,25.0,3.401197381662154,21.598802618337846,,GOLF_20260709_101_prvsiyan_7266_72_repro,unknown,,,unknown,,,,none,unknown,not_obvious,,,true,2026-07-09T13:55:37,2026-07-09T13:55:37,
131,task131,,,C:/Users/zyc/AppData/Local/Temp/neurogolf_score__hewx83n/task131.onnx,true,2e878c60d0df99cebe8887d17d021b497e088a0a7535b7c27775caa902e60081,3804,640,3236,,3876,16.737441026989345,pass,,3,3,1,1,262,262,,,266,266,pass,,25.0,8.262558973010655,16.737441026989345,,GOLF_20260709_101_prvsiyan_7266_72_repro,unknown,,,unknown,,,,none,unknown,not_obvious,,,true,2026-07-09T13:55:37,2026-07-09T13:55:37,
132,task132,,,C:/Users/zyc/AppData/Local/Temp/neurogolf_score__hewx83n/task132.onnx,true,f1f2e5d76b7502d5612c9e8be09c05ef2d279db89390a75c4dba3de10f40ea85,5073,531,3121,,3652,16.79696975828514,pass,,4,4,1,1,262,262,,,267,267,pass,,25.0,8.20303024171486,16.79696975828514,,GOLF_20260709_101_prvsiyan_7266_72_repro,unknown,,,unknown,,,,none,unknown,not_obvious,,,true,2026-07-09T13:55:38,2026-07-09T13:55:38,
133,task133,,,C:/Users/zyc/AppData/Local/Temp/neurogolf_score__hewx83n/task133.onnx,true,387342495b3dee33a80b27ff571cba8babb42398b79b1fb25a4bd83e2b55c536,6941,1016,20258,,21274,15.03475905118839,pass,,4,4,1,1,262,262,,,267,267,pass,,25.0,9.96524094881161,15.03475905118839,,GOLF_20260709_101_prvsiyan_7266_72_repro,unknown,,,unknown,,,,none,unknown,not_obvious,,,true,2026-07-09T13:55:39,2026-07-09T13:55:39,
134,task134,,,C:/Users/zyc/AppData/Local/Temp/neurogolf_score__hewx83n/task134.onnx,true,1664ea3a2506936f9b18acafbff267843ae08bf811a351c683224ccd5eaedd74,3413,102,1427,,1529,17.667630794070938,pass,,3,3,1,1,262,262,,,266,266,pass,,25.0,7.332369205929062,17.667630794070938,,GOLF_20260709_101_prvsiyan_7266_72_repro,unknown,,,unknown,,,,none,unknown,not_obvious,,,true,2026-07-09T13:55:42,2026-07-09T13:55:42,
135,task135,,,C:/Users/zyc/AppData/Local/Temp/neurogolf_score__hewx83n/task135.onnx,true,673896245f774358872d05cd367d1d1eb3d3c1a8ce689ce37b29c8b3bd2555f3,997,200,0,,200,19.701682633451963,pass,,4,4,1,1,261,261,,,266,266,pass,,25.0,5.298317366548037,19.701682633451963,,GOLF_20260709_101_prvsiyan_7266_72_repro,unknown,,,unknown,,,,none,unknown,not_obvious,,,true,2026-07-09T13:55:43,2026-07-09T13:55:43,
136,task136,,,C:/Users/zyc/AppData/Local/Temp/neurogolf_score__hewx83n/task136.onnx,true,4430b1c3c181a69844eedd5545e05d0ce6509471864a0935e98f230f8afec3b5,3167,35,1159,,1194,17.91493570604745,pass,,3,3,1,1,262,262,,,266,266,pass,,25.0,7.0850642939525486,17.91493570604745,,GOLF_20260709_101_prvsiyan_7266_72_repro,unknown,,,unknown,,,,none,unknown,not_obvious,,,true,2026-07-09T13:55:43,2026-07-09T13:55:43,
137,task137,,,C:/Users/zyc/AppData/Local/Temp/neurogolf_score__hewx83n/task137.onnx,true,ca3758bf7f3244d531c543412a3700385691adebbfdc6578ecaea416561f6469,2695,126,3263,,3389,16.871709828392948,pass,,3,3,1,1,262,262,,,266,266,pass,,25.0,8.128290171607052,16.871709828392948,,GOLF_20260709_101_prvsiyan_7266_72_repro,unknown,,,unknown,,,,none,unknown,not_obvious,,,true,2026-07-09T13:55:44,2026-07-09T13:55:44,
138,task138,,,C:/Users/zyc/AppData/Local/Temp/neurogolf_score__hewx83n/task138.onnx,true,e6c13c0273e42873590aee0f24b6922cf53246ad7e16053cd03312997e3509cc,6416,202,11840,,12042,15.603844181975607,pass,,3,3,1,1,262,262,,,266,266,pass,,25.0,9.396155818024393,15.603844181975607,,GOLF_20260709_101_prvsiyan_7266_72_repro,unknown,,,unknown,,,,none,unknown,not_obvious,,,true,2026-07-09T13:55:44,2026-07-09T13:55:44,
139,task139,,,C:/Users/zyc/AppData/Local/Temp/neurogolf_score__hewx83n/task139.onnx,true,b73deb3fe67d3d7c4fea3589637ee4ca48b45493af3aca6e3588d0aee9628899,934,139,765,,904,18.193170639607825,pass,,2,2,1,1,262,262,,,265,265,pass,,25.0,6.806829360392175,18.193170639607825,,GOLF_20260709_101_prvsiyan_7266_72_repro,unknown,,,unknown,,,,none,unknown,not_obvious,,,true,2026-07-09T13:55:45,2026-07-09T13:55:45,
140,task140,,,C:/Users/zyc/AppData/Local/Temp/neurogolf_score__hewx83n/task140.onnx,true,d4830ee432562703ce0e624377faf58bf72b5433e6b4616e8268be0d20a86dc8,382,5,0,,5,23.3905620875659,pass,,2,2,1,1,262,262,,,265,265,pass,,25.0,1.6094379124340996,23.3905620875659,,GOLF_20260709_101_prvsiyan_7266_72_repro,unknown,,,unknown,,,,none,unknown,not_obvious,,,true,2026-07-09T13:55:45,2026-07-09T13:55:45,
141,task141,,,C:/Users/zyc/AppData/Local/Temp/neurogolf_score__hewx83n/task141.onnx,true,78b24d3c4bc848874427e8e31cb50ee4a3c3bc8fbd3ce6b9fe02b3b9999d50b7,1472,102,1281,,1383,17.76798966833524,pass,,3,3,1,1,261,261,,,265,265,pass,,25.0,7.23201033166476,17.76798966833524,,GOLF_20260709_101_prvsiyan_7266_72_repro,unknown,,,unknown,,,,none,unknown,not_obvious,,,true,2026-07-09T13:55:46,2026-07-09T13:55:46,
142,task142,,,C:/Users/zyc/AppData/Local/Temp/neurogolf_score__hewx83n/task142.onnx,true,18b4e10c739b09f16f0c3cdbde7b1be93eb0a143298b870912ae715d435ac750,544,90,0,,90,20.500190329669735,pass,,3,3,1,1,262,262,,,266,266,pass,,25.0,4.499809670330265,20.500190329669735,,GOLF_20260709_101_prvsiyan_7266_72_repro,unknown,,,unknown,,,,none,unknown,not_obvious,,,true,2026-07-09T13:55:46,2026-07-09T13:55:46,
143,task143,,,C:/Users/zyc/AppData/Local/Temp/neurogolf_score__hewx83n/task143.onnx,true,c1d1531b12372e17f7fec8ff19b05b78fcd32061efb7dce318a3cd7fc0d1e221,2694,246,591,,837,18.270175929510525,pass,,3,3,1,1,262,262,,,266,266,pass,,25.0,6.7298240704894745,18.270175929510525,,GOLF_20260709_101_prvsiyan_7266_72_repro,unknown,,,unknown,,,,none,unknown,not_obvious,,,true,2026-07-09T13:55:46,2026-07-09T13:55:46,
144,task144,,,C:/Users/zyc/AppData/Local/Temp/neurogolf_score__hewx83n/task144.onnx,true,24b5c705a650f19dd38c7477a70dc19699523501662ffde1afb3973cb504ff4a,623,104,0,,104,20.35560910085863,pass,,4,4,1,1,262,262,,,267,267,pass,,25.0,4.644390899141371,20.35560910085863,,GOLF_20260709_101_prvsiyan_7266_72_repro,unknown,,,unknown,,,,none,unknown,not_obvious,,,true,2026-07-09T13:55:47,2026-07-09T13:55:47,
145,task145,,,C:/Users/zyc/AppData/Local/Temp/neurogolf_score__hewx83n/task145.onnx,true,2dbfb6f9d5ea294d2e0be0fbfd5fbb2460a1e249de794bd3bb31f95a48b4f883,3877,111,12744,,12855,15.53851188030001,pass,,4,4,1,1,262,262,,,267,267,pass,,25.0,9.46148811969999,15.53851188030001,,GOLF_20260709_101_prvsiyan_7266_72_repro,unknown,,,unknown,,,,none,unknown,not_obvious,,,true,2026-07-09T13:55:47,2026-07-09T13:55:47,
146,task146,,,C:/Users/zyc/AppData/Local/Temp/neurogolf_score__hewx83n/task146.onnx,true,a68ea595bbe7ce94c9a45cf53c0ed92d256eabd3421d0b98ec4035e9e38f63ab,988,100,165,,265,19.42027017401378,pass,,4,4,1,1,262,262,,,267,267,pass,,25.0,5.57972982598622,19.42027017401378,,GOLF_20260709_101_prvsiyan_7266_72_repro,unknown,,,unknown,,,,none,unknown,not_obvious,,,true,2026-07-09T13:55:47,2026-07-09T13:55:47,
147,task147,,,C:/Users/zyc/AppData/Local/Temp/neurogolf_score__hewx83n/task147.onnx,true,f8c50aeec09138e2867f0b468a7f41db144b8a4a6df6a3889a0a8801a6aa4d2b,1309,100,432,,532,18.723356510658355,pass,,4,4,1,1,262,262,,,267,267,pass,,25.0,6.2766434893416445,18.723356510658355,,GOLF_20260709_101_prvsiyan_7266_72_repro,unknown,,,unknown,,,,none,unknown,not_obvious,,,true,2026-07-09T13:55:48,2026-07-09T13:55:48,
148,task148,,,C:/Users/zyc/AppData/Local/Temp/neurogolf_score__hewx83n/task148.onnx,true,7930e3962bbbb169e17d22e30114d35fe6bf44db37814fcdf2a44162c107939e,5216,252,4635,,4887,16.505666102729847,pass,,3,3,1,1,262,262,,,266,266,pass,,25.0,8.494333897270153,16.505666102729847,,GOLF_20260709_101_prvsiyan_7266_72_repro,unknown,,,unknown,,,,none,unknown,not_obvious,,,true,2026-07-09T13:55:48,2026-07-09T13:55:48,
149,task149,,,C:/Users/zyc/AppData/Local/Temp/neurogolf_score__hewx83n/task149.onnx,true,2c644a361c51fcc505e9e3dbd3154fd7f6f8fbc5299aa99be68f2e6a0af7f5cd,776,100,36,,136,20.087345114263947,pass,,4,4,1,1,262,262,,,267,267,pass,,25.0,4.912654885736053,20.087345114263947,,GOLF_20260709_101_prvsiyan_7266_72_repro,unknown,,,unknown,,,,none,unknown,not_obvious,,,true,2026-07-09T13:55:49,2026-07-09T13:55:49,
150,task150,,,C:/Users/zyc/AppData/Local/Temp/neurogolf_score__hewx83n/task150.onnx,true,584636d98ce2bb69838ce0f9596522398858fadc2b264fa267593030aaf74b5f,559,2,136,,138,20.072746314842796,pass,,3,3,1,1,262,262,,,266,266,pass,,25.0,4.927253685157204,20.072746314842796,,GOLF_20260709_101_prvsiyan_7266_72_repro,unknown,,,unknown,,,,none,unknown,not_obvious,,,true,2026-07-09T13:55:49,2026-07-09T13:55:49,
151,task151,,,C:/Users/zyc/AppData/Local/Temp/neurogolf_score__hewx83n/task151.onnx,true,923f0ee2c55298f44b9f8669305997a4277a7143c4a847c20d536b039d0e163f,3790,900,0,,900,18.197605236675688,pass,,3,3,1,1,262,262,,,266,266,pass,,25.0,6.802394763324312,18.197605236675688,,GOLF_20260709_101_prvsiyan_7266_72_repro,unknown,,,unknown,,,,none,unknown,not_obvious,,,true,2026-07-09T13:55:49,2026-07-09T13:55:49,
152,task152,,,C:/Users/zyc/AppData/Local/Temp/neurogolf_score__hewx83n/task152.onnx,true,54bc32a1ef4228ed1c17147afe1ca1a698e8ea140f79fd1373e3ad25e4518858,532,90,0,,90,20.500190329669735,pass,,4,4,1,1,262,262,,,267,267,pass,,25.0,4.499809670330265,20.500190329669735,,GOLF_20260709_101_prvsiyan_7266_72_repro,unknown,,,unknown,,,,none,unknown,not_obvious,,,true,2026-07-09T13:55:49,2026-07-09T13:55:49,
153,task153,,,C:/Users/zyc/AppData/Local/Temp/neurogolf_score__hewx83n/task153.onnx,true,cc41bafe54a98f1d19c700807c9620636cc7f839ac016b8c89ed74de2006562e,5644,52,741,,793,18.324176778365153,pass,,3,3,1,1,261,261,,,265,265,pass,,25.0,6.675823221634847,18.324176778365153,,GOLF_20260709_101_prvsiyan_7266_72_repro,unknown,,,unknown,,,,none,unknown,not_obvious,,,true,2026-07-09T13:55:49,2026-07-09T13:55:49,
154,task154,,,C:/Users/zyc/AppData/Local/Temp/neurogolf_score__hewx83n/task154.onnx,true,7b40abef1673818c738f89fdaea726928d9b1fbafe0f05c5b940b93ba499529a,3733,98,2581,,2679,17.10680113045539,pass,,3,3,1,1,262,262,,,266,266,pass,,25.0,7.893198869544609,17.10680113045539,,GOLF_20260709_101_prvsiyan_7266_72_repro,unknown,,,unknown,,,,none,unknown,not_obvious,,,true,2026-07-09T13:55:50,2026-07-09T13:55:50,
155,task155,,,C:/Users/zyc/AppData/Local/Temp/neurogolf_score__hewx83n/task155.onnx,true,0faf6dbc5525fca74bf5f2e0335d3a0691b1edcd44f0463c4c8148d20e1fd979,593,2,136,,138,20.072746314842796,pass,,3,3,1,1,262,262,,,266,266,pass,,25.0,4.927253685157204,20.072746314842796,,GOLF_20260709_101_prvsiyan_7266_72_repro,unknown,,,unknown,,,,none,unknown,not_obvious,,,true,2026-07-09T13:55:50,2026-07-09T13:55:50,
156,task156,,,C:/Users/zyc/AppData/Local/Temp/neurogolf_score__hewx83n/task156.onnx,true,aea824c5f3b86312b0d017d65b6800acd039722ef41ab46d5668b4df5c7b9932,3078,57,1505,,1562,17.64627766960037,pass,,2,2,1,1,262,262,,,265,265,pass,,25.0,7.353722330399631,17.64627766960037,,GOLF_20260709_101_prvsiyan_7266_72_repro,unknown,,,unknown,,,,none,unknown,not_obvious,,,true,2026-07-09T13:55:50,2026-07-09T13:55:50,
157,task157,,,C:/Users/zyc/AppData/Local/Temp/neurogolf_score__hewx83n/task157.onnx,true,4a6254c1ad16977b28c2f462b8fd9834ff26d30d688ebcb99f4bec4631944ca0,39134,256,6567,,6823,16.171945463184578,pass,,2,2,1,1,262,262,,,265,265,pass,,25.0,8.828054536815422,16.171945463184578,,GOLF_20260709_101_prvsiyan_7266_72_repro,unknown,,,unknown,,,,none,unknown,not_obvious,,,true,2026-07-09T13:55:51,2026-07-09T13:55:51,
158,task158,,,C:/Users/zyc/AppData/Local/Temp/neurogolf_score__hewx83n/task158.onnx,true,b1917c261d3c8867bacc3e6fac4ca6dbba7f2f45b21212d2250033dc915a3daa,14407,2305,26178,,28483,14.742937302942996,pass,,3,3,1,1,262,262,,,266,266,pass,,25.0,10.257062697057004,14.742937302942996,,GOLF_20260709_101_prvsiyan_7266_72_repro,unknown,,,unknown,,,,none,unknown,not_obvious,,,true,2026-07-09T13:55:58,2026-07-09T13:55:58,
159,task159,,,C:/Users/zyc/AppData/Local/Temp/neurogolf_score__hewx83n/task159.onnx,true,9d38af3859f9df7b0fcac238d0bc67c549ea995f3cc6eaea41824310b9f84e70,3358,149,1419,,1568,17.642443799089648,pass,,3,3,1,1,261,261,,,265,265,pass,,25.0,7.357556200910352,17.642443799089648,,GOLF_20260709_101_prvsiyan_7266_72_repro,unknown,,,unknown,,,,none,unknown,not_obvious,,,true,2026-07-09T13:55:59,2026-07-09T13:55:59,
160,task160,,,C:/Users/zyc/AppData/Local/Temp/neurogolf_score__hewx83n/task160.onnx,true,4009d245574a3c5628037d425de0c5e9c4bf45e9d091aff99f67916c50eca6c3,1376,170,1164,,1334,17.804062773524432,pass,,2,2,1,1,262,262,,,265,265,pass,,25.0,7.195937226475568,17.804062773524432,,GOLF_20260709_101_prvsiyan_7266_72_repro,unknown,,,unknown,,,,none,unknown,not_obvious,,,true,2026-07-09T13:56:00,2026-07-09T13:56:00,
161,task161,,,C:/Users/zyc/AppData/Local/Temp/neurogolf_score__hewx83n/task161.onnx,true,a98c84ce6b85582c7ae205095c79ae1cd820f9e88461b962deca79700ae83da5,2614,162,1646,,1808,17.500023459047878,pass,,3,3,1,1,262,262,,,266,266,pass,,25.0,7.499976540952122,17.500023459047878,,GOLF_20260709_101_prvsiyan_7266_72_repro,unknown,,,unknown,,,,none,unknown,not_obvious,,,true,2026-07-09T13:56:00,2026-07-09T13:56:00,
162,task162,,,C:/Users/zyc/AppData/Local/Temp/neurogolf_score__hewx83n/task162.onnx,true,328e3db12365b6afb07dbc7656461ff5fce436d88d6d8be2fe67b4bd54051ea5,1350,180,3320,,3500,16.839481752522495,pass,,3,3,1,1,262,262,,,266,266,pass,,25.0,8.160518247477505,16.839481752522495,,GOLF_20260709_101_prvsiyan_7266_72_repro,unknown,,,unknown,,,,none,unknown,not_obvious,,,true,2026-07-09T13:56:00,2026-07-09T13:56:00,
163,task163,,,C:/Users/zyc/AppData/Local/Temp/neurogolf_score__hewx83n/task163.onnx,true,36f7b8c0881afe20a6b943d24ced674b22752fc428755f6608c012f83a99f10c,2028,136,1655,,1791,17.509470597939288,pass,,4,4,1,1,262,262,,,267,267,pass,,25.0,7.490529402060712,17.509470597939288,,GOLF_20260709_101_prvsiyan_7266_72_repro,unknown,,,unknown,,,,none,unknown,not_obvious,,,true,2026-07-09T13:56:01,2026-07-09T13:56:01,
164,task164,,,C:/Users/zyc/AppData/Local/Temp/neurogolf_score__hewx83n/task164.onnx,true,250771b94d3db4658d4ac04e3bd9a0740f2af0f3aba0bb9b5df4d6181bb470d4,479,30,0,,30,21.598802618337846,pass,,4,4,1,1,262,262,,,267,267,pass,,25.0,3.401197381662154,21.598802618337846,,GOLF_20260709_101_prvsiyan_7266_72_repro,unknown,,,unknown,,,,none,unknown,not_obvious,,,true,2026-07-09T13:56:01,2026-07-09T13:56:01,
165,task165,,,C:/Users/zyc/AppData/Local/Temp/neurogolf_score__hewx83n/task165.onnx,true,dddf56c6944b61e6f1ca615f2dca708c3cf4f19b38d13b826c1d4767261023fc,2323,166,4378,,4544,16.578437039599013,pass,,3,3,1,1,261,261,,,265,265,pass,,25.0,8.421562960400987,16.578437039599013,,GOLF_20260709_101_prvsiyan_7266_72_repro,unknown,,,unknown,,,,none,unknown,not_obvious,,,true,2026-07-09T13:56:01,2026-07-09T13:56:01,
166,task166,,,C:/Users/zyc/AppData/Local/Temp/neurogolf_score__hewx83n/task166.onnx,true,5b27fd62c7975ee02404cfb956fcf535d40fba52b6f0b09987d88c744fe4ede8,352,24,0,,24,21.821946169652055,pass,,3,3,1,1,262,262,,,266,266,pass,,25.0,3.1780538303479453,21.821946169652055,,GOLF_20260709_101_prvsiyan_7266_72_repro,unknown,,,unknown,,,,none,unknown,not_obvious,,,true,2026-07-09T13:56:02,2026-07-09T13:56:02,
167,task167,,,C:/Users/zyc/AppData/Local/Temp/neurogolf_score__hewx83n/task167.onnx,true,e9b26cbc8bf2c2bf3a198186c75383cb3cc1b6aa3710c7c0e91eae7c49784a4d,847,128,18,,146,20.016393378291664,pass,,5,5,1,1,262,262,,,268,268,pass,,25.0,4.983606621708336,20.016393378291664,,GOLF_20260709_101_prvsiyan_7266_72_repro,unknown,,,unknown,,,,none,unknown,not_obvious,,,true,2026-07-09T13:56:03,2026-07-09T13:56:03,
168,task168,,,C:/Users/zyc/AppData/Local/Temp/neurogolf_score__hewx83n/task168.onnx,true,c81135be4a029d0baee760c6f2794dd3d9e2a0066f9f6286b41415dd9e015f46,2908,141,2096,,2237,17.28710903850987,pass,,2,2,1,1,262,262,,,265,265,pass,,25.0,7.712890961490132,17.28710903850987,,GOLF_20260709_101_prvsiyan_7266_72_repro,unknown,,,unknown,,,,none,unknown,not_obvious,,,true,2026-07-09T13:56:04,2026-07-09T13:56:04,
169,task169,,,C:/Users/zyc/AppData/Local/Temp/neurogolf_score__hewx83n/task169.onnx,true,19de1a4e6be8661d13c9f9103e149355023743e77b5e636ebddd4cd40b84f990,1404,170,1500,,1670,17.5794210945892,pass,,3,3,1,1,262,262,,,266,266,pass,,25.0,7.4205789054108,17.5794210945892,,GOLF_20260709_101_prvsiyan_7266_72_repro,unknown,,,unknown,,,,none,unknown,not_obvious,,,true,2026-07-09T13:56:04,2026-07-09T13:56:04,
170,task170,,,C:/Users/zyc/AppData/Local/Temp/neurogolf_score__hewx83n/task170.onnx,true,ecadd6310212004128bcf9a344bc080a077d0228fbab41065c02e72067958cc3,6311,69,2056,,2125,17.338472918641482,pass,,3,3,1,1,262,262,,,266,266,pass,,25.0,7.661527081358518,17.338472918641482,,GOLF_20260709_101_prvsiyan_7266_72_repro,unknown,,,unknown,,,,none,unknown,not_obvious,,,true,2026-07-09T13:56:04,2026-07-09T13:56:04,
171,task171,,,C:/Users/zyc/AppData/Local/Temp/neurogolf_score__hewx83n/task171.onnx,true,bba4826e537b460bc4d0c4eb4354e4dc599d6377a34983c32fd5de4676586f68,820,111,648,,759,18.36799822260437,pass,,4,4,1,1,49,49,,,54,54,pass,,25.0,6.6320017773956295,18.36799822260437,,GOLF_20260709_101_prvsiyan_7266_72_repro,unknown,,,unknown,,,,none,unknown,not_obvious,,,true,2026-07-09T13:56:05,2026-07-09T13:56:05,
172,task172,,,C:/Users/zyc/AppData/Local/Temp/neurogolf_score__hewx83n/task172.onnx,true,aa923630b6479cf1a1f5e7b7bfe2e4947e1c8ba8edba4f31d250b0b2f0c98dde,479,30,0,,30,21.598802618337846,pass,,4,4,1,1,262,262,,,267,267,pass,,25.0,3.401197381662154,21.598802618337846,,GOLF_20260709_101_prvsiyan_7266_72_repro,unknown,,,unknown,,,,none,unknown,not_obvious,,,true,2026-07-09T13:56:05,2026-07-09T13:56:05,
173,task173,,,C:/Users/zyc/AppData/Local/Temp/neurogolf_score__hewx83n/task173.onnx,true,804b575ba69cd27c923f1e2fe031438bd3e3a50ea0725310cea6f4e3584b494e,4073,76,13307,,13383,15.498259476203625,pass,,3,3,1,1,262,262,,,266,266,pass,,25.0,9.501740523796375,15.498259476203625,,GOLF_20260709_101_prvsiyan_7266_72_repro,unknown,,,unknown,,,,none,unknown,not_obvious,,,true,2026-07-09T13:56:05,2026-07-09T13:56:05,
174,task174,,,C:/Users/zyc/AppData/Local/Temp/neurogolf_score__hewx83n/task174.onnx,true,719acea13b22e4b35026efe37ad20ecc1c7f849f7a878dadc10249d147a45b55,3799,222,3805,,4027,16.699223039148546,pass,,3,3,1,1,262,262,,,266,266,pass,,25.0,8.300776960851454,16.699223039148546,,GOLF_20260709_101_prvsiyan_7266_72_repro,unknown,,,unknown,,,,none,unknown,not_obvious,,,true,2026-07-09T13:56:07,2026-07-09T13:56:07,
175,task175,,,C:/Users/zyc/AppData/Local/Temp/neurogolf_score__hewx83n/task175.onnx,true,fe7db63dc72861eccfc34b3ebde598caab2df3f5b6007b03a8b7c8b9b44288df,5013,937,318,,1255,17.865109148434115,pass,,3,3,1,1,262,262,,,266,266,pass,,25.0,7.134890851565885,17.865109148434115,,GOLF_20260709_101_prvsiyan_7266_72_repro,unknown,,,unknown,,,,none,unknown,not_obvious,,,true,2026-07-09T13:56:08,2026-07-09T13:56:08,
176,task176,,,C:/Users/zyc/AppData/Local/Temp/neurogolf_score__hewx83n/task176.onnx,true,90377d7d18ecb829911a960afcc184f1b8c3c7509cf4e6fa56ca8edd1acbd75b,1044,210,0,,210,19.65289246928253,pass,,3,3,1,1,21,21,,,25,25,pass,,25.0,5.347107530717469,19.65289246928253,,GOLF_20260709_101_prvsiyan_7266_72_repro,unknown,,,unknown,,,,none,unknown,not_obvious,,,true,2026-07-09T13:56:08,2026-07-09T13:56:08,
177,task177,,,C:/Users/zyc/AppData/Local/Temp/neurogolf_score__hewx83n/task177.onnx,true,100d536805bbd282ce6556cb89c1e332fc442ff80ad76a9973cd9a9124b698be,1019,49,3200,,3249,16.9138974643309,pass,,3,3,1,1,261,261,,,265,265,pass,,25.0,8.086102535669099,16.9138974643309,,GOLF_20260709_101_prvsiyan_7266_72_repro,unknown,,,unknown,,,,none,unknown,not_obvious,,,true,2026-07-09T13:56:08,2026-07-09T13:56:08,
178,task178,,,C:/Users/zyc/AppData/Local/Temp/neurogolf_score__hewx83n/task178.onnx,true,66e61c74de60b59862917174af88c27556867a02d2fde541244f71c6f2812294,4598,60,702,,762,18.364053444313353,pass,,5,5,1,1,262,262,,,268,268,pass,,25.0,6.6359465556866475,18.364053444313353,,GOLF_20260709_101_prvsiyan_7266_72_repro,unknown,,,unknown,,,,none,unknown,not_obvious,,,true,2026-07-09T13:56:08,2026-07-09T13:56:08,
179,task179,,,C:/Users/zyc/AppData/Local/Temp/neurogolf_score__hewx83n/task179.onnx,true,bde695a21a93b9e2084a9b7e8a8bee5f2cdc694baa71a12d1c34ae921a89cb87,170,0,0,,0,25.0,pass,,4,4,1,1,262,262,,,267,267,pass,,25.0,0.0,25.0,,GOLF_20260709_101_prvsiyan_7266_72_repro,unknown,,,unknown,,,,none,unknown,not_obvious,,,true,2026-07-09T13:56:09,2026-07-09T13:56:09,
180,task180,,,C:/Users/zyc/AppData/Local/Temp/neurogolf_score__hewx83n/task180.onnx,true,40910c472a459cc9c5bb649650df59db214116c5b2f43029040bd721b00c8ac3,1110,210,0,,210,19.65289246928253,pass,,5,5,1,1,262,262,,,268,268,pass,,25.0,5.347107530717469,19.65289246928253,,GOLF_20260709_101_prvsiyan_7266_72_repro,unknown,,,unknown,,,,none,unknown,not_obvious,,,true,2026-07-09T13:56:09,2026-07-09T13:56:09,
181,task181,,,C:/Users/zyc/AppData/Local/Temp/neurogolf_score__hewx83n/task181.onnx,true,eaebe82c3c33be788434a1f3c0fac14f5410d1ca8255ba6e9c33d779e7902f8b,2291,167,201,,368,19.09191706183107,pass,,3,3,1,1,262,262,,,266,266,pass,,25.0,5.908082938168931,19.09191706183107,,GOLF_20260709_101_prvsiyan_7266_72_repro,unknown,,,unknown,,,,none,unknown,not_obvious,,,true,2026-07-09T13:56:09,2026-07-09T13:56:09,
182,task182,,,C:/Users/zyc/AppData/Local/Temp/neurogolf_score__hewx83n/task182.onnx,true,d52fe5f210be17ee30353ed473d10acfc60bcff05936bbb1f6dfc9d3aa604217,2135,71,6024,,6095,16.28477595808463,pass,,4,4,1,1,262,262,,,267,267,pass,,25.0,8.71522404191537,16.28477595808463,,GOLF_20260709_101_prvsiyan_7266_72_repro,unknown,,,unknown,,,,none,unknown,not_obvious,,,true,2026-07-09T13:56:09,2026-07-09T13:56:09,
183,task183,,,C:/Users/zyc/AppData/Local/Temp/neurogolf_score__hewx83n/task183.onnx,true,bb4cfc4ace6bfd71dfecbf1fea89d780d74f15e5759e562d5661352f0701b936,6467,219,805,,1024,18.068528194400546,pass,,3,3,1,1,261,261,,,265,265,pass,,25.0,6.931471805599454,18.068528194400546,,GOLF_20260709_101_prvsiyan_7266_72_repro,unknown,,,unknown,,,,none,unknown,not_obvious,,,true,2026-07-09T13:56:10,2026-07-09T13:56:10,
184,task184,,,C:/Users/zyc/AppData/Local/Temp/neurogolf_score__hewx83n/task184.onnx,true,3360dec3ae934908e4541d9649feaaa26123161342a4243b0942c952199a96ef,1931,119,1920,,2039,17.379785229425543,pass,,3,3,1,1,165,165,,,169,169,pass,,25.0,7.6202147705744565,17.379785229425543,,GOLF_20260709_101_prvsiyan_7266_72_repro,unknown,,,unknown,,,,none,unknown,not_obvious,,,true,2026-07-09T13:56:11,2026-07-09T13:56:11,
185,task185,,,C:/Users/zyc/AppData/Local/Temp/neurogolf_score__hewx83n/task185.onnx,true,cb2e45d47238e214af7d278e0c2bbd7c327446c2ad7c099e294bef0f338419a6,4032,304,1651,,1955,17.421854527580535,pass,,4,4,1,1,262,262,,,267,267,pass,,25.0,7.578145472419465,17.421854527580535,,GOLF_20260709_101_prvsiyan_7266_72_repro,unknown,,,unknown,,,,none,unknown,not_obvious,,,true,2026-07-09T13:56:11,2026-07-09T13:56:11,
186,task186,,,C:/Users/zyc/AppData/Local/Temp/neurogolf_score__hewx83n/task186.onnx,true,3d138ea3d8b3c6443573278009cc3169d10ea4160442e664e3d538ea908cc034,602,23,80,,103,20.365271011770364,pass,,10,10,2,2,255,255,,,267,267,pass,,25.0,4.634728988229636,20.365271011770364,,GOLF_20260709_101_prvsiyan_7266_72_repro,unknown,,,unknown,,,,none,unknown,not_obvious,,,true,2026-07-09T13:56:11,2026-07-09T13:56:11,
187,task187,,,C:/Users/zyc/AppData/Local/Temp/neurogolf_score__hewx83n/task187.onnx,true,71f5e0811c117de003029310efe474b0c5152e1b43a750736c3fe235e224b4a3,12620,505,15285,,15790,15.332867892750313,pass,,3,3,1,1,262,262,,,266,266,pass,,25.0,9.667132107249687,15.332867892750313,,GOLF_20260709_101_prvsiyan_7266_72_repro,unknown,,,unknown,,,,none,unknown,not_obvious,,,true,2026-07-09T13:56:12,2026-07-09T13:56:12,
188,task188,,,C:/Users/zyc/AppData/Local/Temp/neurogolf_score__hewx83n/task188.onnx,true,efce94591d90d91b418f893866e91a4c42e684031389dfd328731d679412cbfe,5434,104,660,,764,18.361432210833478,pass,,3,3,1,1,262,262,,,266,266,pass,,25.0,6.6385677891665225,18.361432210833478,,GOLF_20260709_101_prvsiyan_7266_72_repro,unknown,,,unknown,,,,none,unknown,not_obvious,,,true,2026-07-09T13:56:13,2026-07-09T13:56:13,
189,task189,,,C:/Users/zyc/AppData/Local/Temp/neurogolf_score__hewx83n/task189.onnx,true,5a96d81af1af732af558ede01610b456f11c12b360f9108a95696d2814d15c24,1838,55,837,,892,18.206533867419992,pass,,3,3,1,1,262,262,,,266,266,pass,,25.0,6.793466132580008,18.206533867419992,,GOLF_20260709_101_prvsiyan_7266_72_repro,unknown,,,unknown,,,,none,unknown,not_obvious,,,true,2026-07-09T13:56:14,2026-07-09T13:56:14,
190,task190,,,C:/Users/zyc/AppData/Local/Temp/neurogolf_score__hewx83n/task190.onnx,true,b1f642c504136721a1857699b39ec013ef63556cf91f97f3ac9bdc926b7efc05,2062,247,2180,,2427,17.2055887942734,pass,,3,3,1,1,262,262,,,266,266,pass,,25.0,7.7944112057266,17.2055887942734,,GOLF_20260709_101_prvsiyan_7266_72_repro,unknown,,,unknown,,,,none,unknown,not_obvious,,,true,2026-07-09T13:56:14,2026-07-09T13:56:14,
191,task191,,,C:/Users/zyc/AppData/Local/Temp/neurogolf_score__hewx83n/task191.onnx,true,c288ca90e68559397d455a0afa52210b3b21685ac3d792339dcf85725d823380,6738,73,11009,,11082,15.686922550572705,pass,,4,4,1,1,262,262,,,267,267,pass,,25.0,9.313077449427295,15.686922550572705,,GOLF_20260709_101_prvsiyan_7266_72_repro,unknown,,,unknown,,,,none,unknown,not_obvious,,,true,2026-07-09T13:56:14,2026-07-09T13:56:14,
192,task192,,,C:/Users/zyc/AppData/Local/Temp/neurogolf_score__hewx83n/task192.onnx,true,56a2b1dcab446fd8d3d5e5f41af4c2cba35cc7c6b15b43cccacce334775a922e,1161,74,5272,,5346,16.415896103301137,pass,,2,2,1,1,262,262,,,265,265,pass,,25.0,8.584103896698863,16.415896103301137,,GOLF_20260709_101_prvsiyan_7266_72_repro,unknown,,,unknown,,,,none,unknown,not_obvious,,,true,2026-07-09T13:56:16,2026-07-09T13:56:16,
193,task193,,,C:/Users/zyc/AppData/Local/Temp/neurogolf_score__hewx83n/task193.onnx,true,aa6ac89cbc5b59e6f71dd2f4e7044320f9783b3b6da247d95e9672baf2d19256,3824,910,0,,910,18.186555400489105,pass,,3,3,1,1,262,262,,,266,266,pass,,25.0,6.813444599510895,18.186555400489105,,GOLF_20260709_101_prvsiyan_7266_72_repro,unknown,,,unknown,,,,none,unknown,not_obvious,,,true,2026-07-09T13:56:16,2026-07-09T13:56:16,
194,task194,,,C:/Users/zyc/AppData/Local/Temp/neurogolf_score__hewx83n/task194.onnx,true,a92b0a7856fd6bb7a78a37bae87ca34056df87dc129ed8007a23bd6f7def1829,745,49,900,,949,18.14459120139007,pass,,3,3,1,1,262,262,,,266,266,pass,,25.0,6.855408798609929,18.14459120139007,,GOLF_20260709_101_prvsiyan_7266_72_repro,unknown,,,unknown,,,,none,unknown,not_obvious,,,true,2026-07-09T13:56:16,2026-07-09T13:56:16,
195,task195,,,C:/Users/zyc/AppData/Local/Temp/neurogolf_score__hewx83n/task195.onnx,true,48e90bb143d40d4f9087a6671445bf1ce8b9f746c9f643336c0329c29ea54cf4,1248,39,882,,921,18.174539963744692,pass,,3,3,1,1,261,261,,,265,265,pass,,25.0,6.825460036255308,18.174539963744692,,GOLF_20260709_101_prvsiyan_7266_72_repro,unknown,,,unknown,,,,none,unknown,not_obvious,,,true,2026-07-09T13:56:16,2026-07-09T13:56:16,
196,task196,,,C:/Users/zyc/AppData/Local/Temp/neurogolf_score__hewx83n/task196.onnx,true,b5cbc3bbb1b76f5bde36015b01705b96383632a2abe0b81c3f7b1953b390bc06,1227,36,4500,,4536,16.580199154592414,pass,,3,3,1,1,262,262,,,266,266,pass,,25.0,8.419800845407586,16.580199154592414,,GOLF_20260709_101_prvsiyan_7266_72_repro,unknown,,,unknown,,,,none,unknown,not_obvious,,,true,2026-07-09T13:56:17,2026-07-09T13:56:17,
197,task197,,,C:/Users/zyc/AppData/Local/Temp/neurogolf_score__hewx83n/task197.onnx,true,e94a2c2eca6e44ccd61e711fd1c3f5ca7fe58ee944b306e9e723d8c4143b888c,986,41,1100,,1141,17.960339650137925,pass,,4,4,1,1,262,262,,,267,267,pass,,25.0,7.039660349862075,17.960339650137925,,GOLF_20260709_101_prvsiyan_7266_72_repro,unknown,,,unknown,,,,none,unknown,not_obvious,,,true,2026-07-09T13:56:17,2026-07-09T13:56:17,
198,task198,,,C:/Users/zyc/AppData/Local/Temp/neurogolf_score__hewx83n/task198.onnx,true,e216b70b4262379c312ade1ad325dbc24244c2ad96881238dd70bc0e9db673fe,4082,105,11305,,11410,15.657754557143878,pass,,3,3,1,1,262,262,,,266,266,pass,,25.0,9.342245442856122,15.657754557143878,,GOLF_20260709_101_prvsiyan_7266_72_repro,unknown,,,unknown,,,,none,unknown,not_obvious,,,true,2026-07-09T13:56:17,2026-07-09T13:56:17,
199,task199,,,C:/Users/zyc/AppData/Local/Temp/neurogolf_score__hewx83n/task199.onnx,true,6df60e7c246c41e39aabad1ad0ed6b6094ce0957f2b891c5d5380939922ef99a,2190,88,1735,,1823,17.491761225321337,pass,,3,3,1,1,262,262,,,266,266,pass,,25.0,7.508238774678663,17.491761225321337,,GOLF_20260709_101_prvsiyan_7266_72_repro,unknown,,,unknown,,,,none,unknown,not_obvious,,,true,2026-07-09T13:56:18,2026-07-09T13:56:18,
200,task200,,,C:/Users/zyc/AppData/Local/Temp/neurogolf_score__hewx83n/task200.onnx,true,1e529cfaf059e7c37000455e34dd4715ac501ef5ca1312b6a43ba5a3d3fdc68c,1326,203,420,,623,18.565453481212547,pass,,3,3,1,1,80,80,,,84,84,pass,,25.0,6.434546518787453,18.565453481212547,,GOLF_20260709_101_prvsiyan_7266_72_repro,unknown,,,unknown,,,,none,unknown,not_obvious,,,true,2026-07-09T13:56:19,2026-07-09T13:56:19,
201,task201,,,C:/Users/zyc/AppData/Local/Temp/neurogolf_score__hewx83n/task201.onnx,true,1584a54f95d813b040a8915c77e14f9522eb2e4e0bfa70d2562563fef1198f48,4749,170,2876,,3046,16.978415466544895,pass,,4,4,1,1,261,261,,,266,266,pass,,25.0,8.021584533455105,16.978415466544895,,GOLF_20260709_101_prvsiyan_7266_72_repro,unknown,,,unknown,,,,none,unknown,not_obvious,,,true,2026-07-09T13:56:19,2026-07-09T13:56:19,
202,task202,,,C:/Users/zyc/AppData/Local/Temp/neurogolf_score__hewx83n/task202.onnx,true,433d70ca8bcc6a63b64f886d20b26b8ef44587e2865b2a18ef1858dcaa06c741,2549,76,4405,,4481,16.592398485213856,pass,,4,4,1,1,225,225,,,230,230,pass,,25.0,8.407601514786144,16.592398485213856,,GOLF_20260709_101_prvsiyan_7266_72_repro,unknown,,,unknown,,,,none,unknown,not_obvious,,,true,2026-07-09T13:56:20,2026-07-09T13:56:20,
203,task203,,,C:/Users/zyc/AppData/Local/Temp/neurogolf_score__hewx83n/task203.onnx,true,30fac90ee11cfd61f56c78078cc9ba228dfc6349f833c611e4361662e16884c1,520,3,352,,355,19.127882210524582,pass,,4,4,1,1,262,262,,,267,267,pass,,25.0,5.872117789475418,19.127882210524582,,GOLF_20260709_101_prvsiyan_7266_72_repro,unknown,,,unknown,,,,none,unknown,not_obvious,,,true,2026-07-09T13:56:20,2026-07-09T13:56:20,
204,task204,,,C:/Users/zyc/AppData/Local/Temp/neurogolf_score__hewx83n/task204.onnx,true,3e40e163b7c87aa188dceb4b737315b0dccb6527f0d5a9d910247f3226df8729,3633,452,9780,,10232,15.76672465674132,pass,,5,5,1,1,262,262,,,268,268,pass,,25.0,9.23327534325868,15.76672465674132,,GOLF_20260709_101_prvsiyan_7266_72_repro,unknown,,,unknown,,,,none,unknown,not_obvious,,,true,2026-07-09T13:56:21,2026-07-09T13:56:21,
205,task205,,,C:/Users/zyc/AppData/Local/Temp/neurogolf_score__hewx83n/task205.onnx,true,371593b52e003775fadef27e547b125e9a2ebf9cefa801ffde893e99a977663f,5407,45,4846,,4891,16.504847939460642,pass,,3,3,1,1,262,262,,,266,266,pass,,25.0,8.495152060539358,16.504847939460642,,GOLF_20260709_101_prvsiyan_7266_72_repro,unknown,,,unknown,,,,none,unknown,not_obvious,,,true,2026-07-09T13:56:21,2026-07-09T13:56:21,
206,task206,,,C:/Users/zyc/AppData/Local/Temp/neurogolf_score__hewx83n/task206.onnx,true,a7c394dda9677b3f96368649b1aa9fef61188a297617ad85cd040714f4fadcd0,2498,135,1648,,1783,17.51394738213686,pass,,3,3,1,1,262,262,,,266,266,pass,,25.0,7.486052617863141,17.51394738213686,,GOLF_20260709_101_prvsiyan_7266_72_repro,unknown,,,unknown,,,,none,unknown,not_obvious,,,true,2026-07-09T13:56:22,2026-07-09T13:56:22,
207,task207,,,C:/Users/zyc/AppData/Local/Temp/neurogolf_score__hewx83n/task207.onnx,true,2920def49433195fdd7bb263c4962c07ad72e80ab43303d8c1cb19b6d3b462d3,1400,44,192,,236,19.53616819497439,pass,,3,3,1,1,261,261,,,265,265,pass,,25.0,5.46383180502561,19.53616819497439,,GOLF_20260709_101_prvsiyan_7266_72_repro,unknown,,,unknown,,,,none,unknown,not_obvious,,,true,2026-07-09T13:56:23,2026-07-09T13:56:23,
208,task208,,,C:/Users/zyc/AppData/Local/Temp/neurogolf_score__hewx83n/task208.onnx,true,e7fdc6fb427523656781b7d7343ec03c4ede9b172e6cd704504d39790f7586d8,4104,133,4052,,4185,16.660738017076426,pass,,3,3,1,1,262,262,,,266,266,pass,,25.0,8.339261982923574,16.660738017076426,,GOLF_20260709_101_prvsiyan_7266_72_repro,unknown,,,unknown,,,,none,unknown,not_obvious,,,true,2026-07-09T13:56:23,2026-07-09T13:56:23,
209,task209,,,C:/Users/zyc/AppData/Local/Temp/neurogolf_score__hewx83n/task209.onnx,true,8bc1a4aaa947232cac23526b9371644644e7c20b4c0f81789413e2de64a907db,6722,267,7508,,7775,16.041331262952568,pass,,3,3,1,1,262,262,,,266,266,pass,,25.0,8.958668737047432,16.041331262952568,,GOLF_20260709_101_prvsiyan_7266_72_repro,unknown,,,unknown,,,,none,unknown,not_obvious,,,true,2026-07-09T13:56:25,2026-07-09T13:56:25,
210,task210,,,C:/Users/zyc/AppData/Local/Temp/neurogolf_score__hewx83n/task210.onnx,true,aa923630b6479cf1a1f5e7b7bfe2e4947e1c8ba8edba4f31d250b0b2f0c98dde,479,30,0,,30,21.598802618337846,pass,,3,3,1,1,262,262,,,266,266,pass,,25.0,3.401197381662154,21.598802618337846,,GOLF_20260709_101_prvsiyan_7266_72_repro,unknown,,,unknown,,,,none,unknown,not_obvious,,,true,2026-07-09T13:56:27,2026-07-09T13:56:27,
211,task211,,,C:/Users/zyc/AppData/Local/Temp/neurogolf_score__hewx83n/task211.onnx,true,f8becd26db4c6d2f4068d22a7924733976063adfb56c458cb3189e93ef9a99e2,1289,270,0,,270,19.401578041001624,pass,,3,3,1,1,262,262,,,266,266,pass,,25.0,5.598421958998376,19.401578041001624,,GOLF_20260709_101_prvsiyan_7266_72_repro,unknown,,,unknown,,,,none,unknown,not_obvious,,,true,2026-07-09T13:56:27,2026-07-09T13:56:27,
212,task212,,,C:/Users/zyc/AppData/Local/Temp/neurogolf_score__hewx83n/task212.onnx,true,14a35d55317bd16388d4b9fe5a0cc2f77ce954fa82c0efa1145b5fa4e020657f,1559,181,2068,,2249,17.281759048040684,pass,,2,2,1,1,262,262,,,265,265,pass,,25.0,7.7182409519593165,17.281759048040684,,GOLF_20260709_101_prvsiyan_7266_72_repro,unknown,,,unknown,,,,none,unknown,not_obvious,,,true,2026-07-09T13:56:27,2026-07-09T13:56:27,
213,task213,,,C:/Users/zyc/AppData/Local/Temp/neurogolf_score__hewx83n/task213.onnx,true,405d977bfebe2eafc28fdeff699190d4a3c7f189903239d0ae5f7bbe89ddfabd,5128,48,1802,,1850,17.477059081927628,pass,,3,3,1,1,261,261,,,265,265,pass,,25.0,7.522940918072372,17.477059081927628,,GOLF_20260709_101_prvsiyan_7266_72_repro,unknown,,,unknown,,,,none,unknown,not_obvious,,,true,2026-07-09T13:56:27,2026-07-09T13:56:27,
214,task214,,,C:/Users/zyc/AppData/Local/Temp/neurogolf_score__hewx83n/task214.onnx,true,23ce054bc1ed253b92154433cd52e6d042f0390a09d2b2f8f83beb50d9fa36bb,974,123,402,,525,18.736601737408378,pass,,3,3,1,1,262,262,,,266,266,pass,,25.0,6.263398262591622,18.736601737408378,,GOLF_20260709_101_prvsiyan_7266_72_repro,unknown,,,unknown,,,,none,unknown,not_obvious,,,true,2026-07-09T13:56:28,2026-07-09T13:56:28,
215,task215,,,C:/Users/zyc/AppData/Local/Temp/neurogolf_score__hewx83n/task215.onnx,true,1abb63a372badbe4f360276ed3f3ce347b85a50060d8daafce10b630ab7cf346,1052,98,531,,629,18.55586874329956,pass,,2,2,1,1,262,262,,,265,265,pass,,25.0,6.444131256700441,18.55586874329956,,GOLF_20260709_101_prvsiyan_7266_72_repro,unknown,,,unknown,,,,none,unknown,not_obvious,,,true,2026-07-09T13:56:29,2026-07-09T13:56:29,
216,task216,,,C:/Users/zyc/AppData/Local/Temp/neurogolf_score__hewx83n/task216.onnx,true,dfbfe486bf2f36e90b5cf70db7697a10d4a00d70621d3f65eb568f3801b6d7a4,3863,93,8694,,8787,15.918971364504158,pass,,3,3,1,1,262,262,,,266,266,pass,,25.0,9.081028635495842,15.918971364504158,,GOLF_20260709_101_prvsiyan_7266_72_repro,unknown,,,unknown,,,,none,unknown,not_obvious,,,true,2026-07-09T13:56:29,2026-07-09T13:56:29,
217,task217,,,C:/Users/zyc/AppData/Local/Temp/neurogolf_score__hewx83n/task217.onnx,true,6f702690e2769bff117871d891c2ac5e79d2b017f0cb48ba289a20b3f6c472a7,1049,41,1429,,1470,17.70698232022722,pass,,3,3,1,1,262,262,,,266,266,pass,,25.0,7.293017679772781,17.70698232022722,,GOLF_20260709_101_prvsiyan_7266_72_repro,unknown,,,unknown,,,,none,unknown,not_obvious,,,true,2026-07-09T13:56:30,2026-07-09T13:56:30,
218,task218,,,C:/Users/zyc/AppData/Local/Temp/neurogolf_score__hewx83n/task218.onnx,true,a4cde54ca4e186335a232eabd890b72aa610de03fb04d38671b86178156a401c,3128,97,552,,649,18.52456728329591,pass,,3,3,1,1,262,262,,,266,266,pass,,25.0,6.475432716704091,18.52456728329591,,GOLF_20260709_101_prvsiyan_7266_72_repro,unknown,,,unknown,,,,none,unknown,not_obvious,,,true,2026-07-09T13:56:30,2026-07-09T13:56:30,
219,task219,,,C:/Users/zyc/AppData/Local/Temp/neurogolf_score__hewx83n/task219.onnx,true,b90add754f9a616658023f986e451508b8e06b4b471ac78d9edb79c720f19f71,9609,82,8633,,8715,15.92719904204588,pass,,3,3,1,1,261,261,,,265,265,pass,,25.0,9.07280095795412,15.92719904204588,,GOLF_20260709_101_prvsiyan_7266_72_repro,unknown,,,unknown,,,,none,unknown,not_obvious,,,true,2026-07-09T13:56:31,2026-07-09T13:56:31,
220,task220,,,C:/Users/zyc/AppData/Local/Temp/neurogolf_score__hewx83n/task220.onnx,true,42a3febf8cb74ef85d4ed828ddfea69621184c455d2d38e4b35f818d79cde3fe,3775,900,0,,900,18.197605236675688,pass,,4,4,1,1,262,262,,,267,267,pass,,25.0,6.802394763324312,18.197605236675688,,GOLF_20260709_101_prvsiyan_7266_72_repro,unknown,,,unknown,,,,none,unknown,not_obvious,,,true,2026-07-09T13:56:34,2026-07-09T13:56:34,
221,task221,,,C:/Users/zyc/AppData/Local/Temp/neurogolf_score__hewx83n/task221.onnx,true,527a22df4e93f511f99ed3a1e79693dd41c2de4bab082b6f2b8a40c4c351ac12,3577,354,451,,805,18.309157722581435,pass,,4,4,1,1,262,262,,,267,267,pass,,25.0,6.6908422774185645,18.309157722581435,,GOLF_20260709_101_prvsiyan_7266_72_repro,unknown,,,unknown,,,,none,unknown,not_obvious,,,true,2026-07-09T13:56:34,2026-07-09T13:56:34,
222,task222,,,C:/Users/zyc/AppData/Local/Temp/neurogolf_score__hewx83n/task222.onnx,true,eb02ecc2b49ff92c3b0ce1551cea5ca8c78ee094d34ee6ea4c380038cc278e3d,5499,991,1742,,2733,17.08684481407193,pass,,3,3,1,1,262,262,,,266,266,pass,,25.0,7.913155185928069,17.08684481407193,,GOLF_20260709_101_prvsiyan_7266_72_repro,unknown,,,unknown,,,,none,unknown,not_obvious,,,true,2026-07-09T13:56:35,2026-07-09T13:56:35,
223,task223,,,C:/Users/zyc/AppData/Local/Temp/neurogolf_score__hewx83n/task223.onnx,true,60fda0ff702e8a5c46707c1c7dfe15dc3098bb09bca8b068aaa7975c7571eaa8,214,5,0,,5,23.3905620875659,pass,,2,2,1,1,262,262,,,265,265,pass,,25.0,1.6094379124340996,23.3905620875659,,GOLF_20260709_101_prvsiyan_7266_72_repro,unknown,,,unknown,,,,none,unknown,not_obvious,,,true,2026-07-09T13:57:40,2026-07-09T13:57:40,
224,task224,,,C:/Users/zyc/AppData/Local/Temp/neurogolf_score__hewx83n/task224.onnx,true,3aef9c3e1c23fd8be1e6a1ae3a52b56c523677d33ca69621f2342ece30e78c14,1924,86,1800,,1886,17.457786536806598,pass,,3,3,1,1,262,262,,,266,266,pass,,25.0,7.542213463193402,17.457786536806598,,GOLF_20260709_101_prvsiyan_7266_72_repro,unknown,,,unknown,,,,none,unknown,not_obvious,,,true,2026-07-09T13:57:40,2026-07-09T13:57:40,
225,task225,,,C:/Users/zyc/AppData/Local/Temp/neurogolf_score__hewx83n/task225.onnx,true,3a79af740af49d322484607191c5af888b47836cacfb9b32dc11bb59335b099e,3719,105,926,,1031,18.06171551598304,pass,,3,3,1,1,261,261,,,265,265,pass,,25.0,6.938284484016961,18.06171551598304,,GOLF_20260709_101_prvsiyan_7266_72_repro,unknown,,,unknown,,,,none,unknown,not_obvious,,,true,2026-07-09T13:57:41,2026-07-09T13:57:41,
226,task226,,,C:/Users/zyc/AppData/Local/Temp/neurogolf_score__hewx83n/task226.onnx,true,77e1c631c2b9911bc62588db803675cc349c7714f5e95fa8549b6f75dbd1447a,1979,21,1513,,1534,17.664366018072798,pass,,3,3,1,1,129,129,,,133,133,pass,,25.0,7.335633981927202,17.664366018072798,,GOLF_20260709_101_prvsiyan_7266_72_repro,unknown,,,unknown,,,,none,unknown,not_obvious,,,true,2026-07-09T13:57:41,2026-07-09T13:57:41,
227,task227,,,C:/Users/zyc/AppData/Local/Temp/neurogolf_score__hewx83n/task227.onnx,true,113f4b3691bae39ba3980f33919033cb0e46c4c63a14096fd98923cdf95b49d1,605,100,0,,100,20.394829814011906,pass,,4,4,1,1,262,262,,,267,267,pass,,25.0,4.605170185988094,20.394829814011906,,GOLF_20260709_101_prvsiyan_7266_72_repro,unknown,,,unknown,,,,none,unknown,not_obvious,,,true,2026-07-09T13:57:41,2026-07-09T13:57:41,
228,task228,,,C:/Users/zyc/AppData/Local/Temp/neurogolf_score__hewx83n/task228.onnx,true,67f44b066a41ed23bdcc1731ffa64dfef0f83e7d96d168efa7ff6c885cc1cca4,4005,113,849,,962,18.130985549334294,pass,,3,3,1,1,262,262,,,266,266,pass,,25.0,6.869014450665706,18.130985549334294,,GOLF_20260709_101_prvsiyan_7266_72_repro,unknown,,,unknown,,,,none,unknown,not_obvious,,,true,2026-07-09T13:57:41,2026-07-09T13:57:41,
229,task229,,,C:/Users/zyc/AppData/Local/Temp/neurogolf_score__hewx83n/task229.onnx,true,4e56449b9c745647452dac693c2c5e05ac04a738c3178e6b3f5af0e88001f80c,1011,200,0,,200,19.701682633451963,pass,,4,4,1,1,262,262,,,267,267,pass,,25.0,5.298317366548037,19.701682633451963,,GOLF_20260709_101_prvsiyan_7266_72_repro,unknown,,,unknown,,,,none,unknown,not_obvious,,,true,2026-07-09T13:57:42,2026-07-09T13:57:42,
230,task230,,,C:/Users/zyc/AppData/Local/Temp/neurogolf_score__hewx83n/task230.onnx,true,264f6d16a7028d7a07c0ed29e2018e0786f390f4d6cb69c04aeede59566aed4a,3775,900,0,,900,18.197605236675688,pass,,3,3,1,1,262,262,,,266,266,pass,,25.0,6.802394763324312,18.197605236675688,,GOLF_20260709_101_prvsiyan_7266_72_repro,unknown,,,unknown,,,,none,unknown,not_obvious,,,true,2026-07-09T13:57:42,2026-07-09T13:57:42,
231,task231,,,C:/Users/zyc/AppData/Local/Temp/neurogolf_score__hewx83n/task231.onnx,true,72f3e66fb7aa0f15a80deaae017c5c779feb83462ab94eb1acae20afcfdc1f36,760,39,180,,219,19.6109282701835,pass,,3,3,1,1,262,262,,,266,266,pass,,25.0,5.3890717298165,19.6109282701835,,GOLF_20260709_101_prvsiyan_7266_72_repro,unknown,,,unknown,,,,none,unknown,not_obvious,,,true,2026-07-09T13:57:43,2026-07-09T13:57:43,
232,task232,,,C:/Users/zyc/AppData/Local/Temp/neurogolf_score__hewx83n/task232.onnx,true,c9080306bbd1480dd44632366298265f141732323a7ec95175626cd70d7baa74,5840,1410,0,,1410,17.748655016627787,pass,,3,3,1,1,262,262,,,266,266,pass,,25.0,7.2513449833722134,17.748655016627787,,GOLF_20260709_101_prvsiyan_7266_72_repro,unknown,,,unknown,,,,none,unknown,not_obvious,,,true,2026-07-09T13:57:43,2026-07-09T13:57:43,
233,task233,,,C:/Users/zyc/AppData/Local/Temp/neurogolf_score__hewx83n/task233.onnx,true,c2129e85f2bb891b200421f885133416bd455b2857b7f3810bac8d675e860d56,20139,739,31272,,32011,14.626165127286631,pass,,3,3,1,1,262,262,,,266,266,pass,,25.0,10.373834872713369,14.626165127286631,,GOLF_20260709_101_prvsiyan_7266_72_repro,unknown,,,unknown,,,,none,unknown,not_obvious,,,true,2026-07-09T13:57:43,2026-07-09T13:57:43,
234,task234,,,C:/Users/zyc/AppData/Local/Temp/neurogolf_score__hewx83n/task234.onnx,true,98437b7dfc1e448b52e5eddef093f7842db14cc5651d6426df5fd6c316ba3f43,4458,55,3443,,3498,16.840053344421452,pass,,3,3,1,1,262,262,,,266,266,pass,,25.0,8.159946655578548,16.840053344421452,,GOLF_20260709_101_prvsiyan_7266_72_repro,unknown,,,unknown,,,,none,unknown,not_obvious,,,true,2026-07-09T13:57:46,2026-07-09T13:57:46,
235,task235,,,C:/Users/zyc/AppData/Local/Temp/neurogolf_score__hewx83n/task235.onnx,true,998646f17484c50b2d2fac559a4d31c478b855ce7799659b92c8f53e04757208,922,81,48,,129,20.140187595638327,pass,,4,4,1,1,64,64,,,69,69,pass,,25.0,4.859812404361673,20.140187595638327,,GOLF_20260709_101_prvsiyan_7266_72_repro,unknown,,,unknown,,,,none,unknown,not_obvious,,,true,2026-07-09T13:57:48,2026-07-09T13:57:48,
236,task236,,,C:/Users/zyc/AppData/Local/Temp/neurogolf_score__hewx83n/task236.onnx,true,b422d6b5c34a300040bd2268aef0d31544cd33ec7c4a233438e9c0f6b598d9d1,587,30,96,,126,20.163718093048523,pass,,4,4,1,1,262,262,,,267,267,pass,,25.0,4.836281906951477,20.163718093048523,,GOLF_20260709_101_prvsiyan_7266_72_repro,unknown,,,unknown,,,,none,unknown,not_obvious,,,true,2026-07-09T13:57:48,2026-07-09T13:57:48,
237,task237,,,C:/Users/zyc/AppData/Local/Temp/neurogolf_score__hewx83n/task237.onnx,true,81836fa92e05e9e0353de5e4d5964e41c736761f31c3d892ca252fe44b886852,4913,136,1700,,1836,17.484655428819565,pass,,4,4,1,1,261,261,,,266,266,pass,,25.0,7.515344571180435,17.484655428819565,,GOLF_20260709_101_prvsiyan_7266_72_repro,unknown,,,unknown,,,,none,unknown,not_obvious,,,true,2026-07-09T13:57:48,2026-07-09T13:57:48,
238,task238,,,C:/Users/zyc/AppData/Local/Temp/neurogolf_score__hewx83n/task238.onnx,true,23f1fda8668057f315f3047ee6373566dd982918084b3ac6020d68f005966cd3,5055,315,1620,,1935,17.432137394536117,pass,,3,3,1,1,262,262,,,266,266,pass,,25.0,7.567862605463883,17.432137394536117,,GOLF_20260709_101_prvsiyan_7266_72_repro,unknown,,,unknown,,,,none,unknown,not_obvious,,,true,2026-07-09T13:57:48,2026-07-09T13:57:48,
239,task239,,,C:/Users/zyc/AppData/Local/Temp/neurogolf_score__hewx83n/task239.onnx,true,5aef7de15bffce5dcaab902e6e3673ad0e189c4aaed1884a82d715c311d144d8,1462,50,897,,947,18.146700906813923,pass,,4,4,1,1,262,262,,,267,267,pass,,25.0,6.853299093186077,18.146700906813923,,GOLF_20260709_101_prvsiyan_7266_72_repro,unknown,,,unknown,,,,none,unknown,not_obvious,,,true,2026-07-09T13:57:49,2026-07-09T13:57:49,
240,task240,,,C:/Users/zyc/AppData/Local/Temp/neurogolf_score__hewx83n/task240.onnx,true,ef8e73d03716eac1127ec07edb6bf61dbbb767ad18627219580e6a8bb5e44ad7,4617,82,1393,,1475,17.703586731226082,pass,,3,3,1,1,262,262,,,266,266,pass,,25.0,7.296413268773918,17.703586731226082,,GOLF_20260709_101_prvsiyan_7266_72_repro,unknown,,,unknown,,,,none,unknown,not_obvious,,,true,2026-07-09T13:57:50,2026-07-09T13:57:50,
241,task241,,,C:/Users/zyc/AppData/Local/Temp/neurogolf_score__hewx83n/task241.onnx,true,bde695a21a93b9e2084a9b7e8a8bee5f2cdc694baa71a12d1c34ae921a89cb87,170,0,0,,0,25.0,pass,,3,3,1,1,262,262,,,266,266,pass,,25.0,0.0,25.0,,GOLF_20260709_101_prvsiyan_7266_72_repro,unknown,,,unknown,,,,none,unknown,not_obvious,,,true,2026-07-09T13:57:50,2026-07-09T13:57:50,
242,task242,,,C:/Users/zyc/AppData/Local/Temp/neurogolf_score__hewx83n/task242.onnx,true,448bf02185eea15fbfb56c072b53f73900df8dd52d35e8c8261be4793653e368,1055,59,372,,431,18.933891909896253,pass,,3,3,1,1,262,262,,,266,266,pass,,25.0,6.0661080901037465,18.933891909896253,,GOLF_20260709_101_prvsiyan_7266_72_repro,unknown,,,unknown,,,,none,unknown,not_obvious,,,true,2026-07-09T13:57:50,2026-07-09T13:57:50,
243,task243,,,C:/Users/zyc/AppData/Local/Temp/neurogolf_score__hewx83n/task243.onnx,true,bad5aefd81990fbf76ab66bfd8342fac9f4b0d83bee298f5fa6f2cfbf2beaceb,161283,412,12986,,13398,15.497139278931787,pass,,3,3,1,1,261,261,,,265,265,pass,,25.0,9.502860721068213,15.497139278931787,,GOLF_20260709_101_prvsiyan_7266_72_repro,unknown,,,unknown,,,,none,unknown,not_obvious,,,true,2026-07-09T13:57:50,2026-07-09T13:57:50,
244,task244,,,C:/Users/zyc/AppData/Local/Temp/neurogolf_score__hewx83n/task244.onnx,true,ca15d4783ce69a2bac0c5457bba5638f16162968b91b387f218e7d0a565d4566,3861,103,1076,,1179,17.92757809946263,pass,,3,3,1,1,262,262,,,266,266,pass,,25.0,7.072421900537371,17.92757809946263,,GOLF_20260709_101_prvsiyan_7266_72_repro,unknown,,,unknown,,,,none,unknown,not_obvious,,,true,2026-07-09T13:58:50,2026-07-09T13:58:50,
245,task245,,,C:/Users/zyc/AppData/Local/Temp/neurogolf_score__hewx83n/task245.onnx,true,b425df258a5b67b86879105c7cc547b5adb22b4fc1dc9f050a2ee981af341306,1848,141,2484,,2625,17.127163824974275,pass,,4,4,1,1,262,262,,,267,267,pass,,25.0,7.872836175025725,17.127163824974275,,GOLF_20260709_101_prvsiyan_7266_72_repro,unknown,,,unknown,,,,none,unknown,not_obvious,,,true,2026-07-09T13:58:51,2026-07-09T13:58:51,
246,task246,,,C:/Users/zyc/AppData/Local/Temp/neurogolf_score__hewx83n/task246.onnx,true,5de5dc2a8657ca6128f85b2bd7b8194bb9c9188604f11928cedfe208aa68180d,2624,115,1952,,2067,17.366146440318232,pass,,3,3,1,1,262,262,,,266,266,pass,,25.0,7.633853559681768,17.366146440318232,,GOLF_20260709_101_prvsiyan_7266_72_repro,unknown,,,unknown,,,,none,unknown,not_obvious,,,true,2026-07-09T13:58:51,2026-07-09T13:58:51,
247,task247,,,C:/Users/zyc/AppData/Local/Temp/neurogolf_score__hewx83n/task247.onnx,true,99c26a7cc34edb68d705cadad9778a4ede291a63ce16b2bf82cfcf0a054d033e,1644,61,400,,461,18.86660195700335,pass,,6,6,1,1,262,262,,,269,269,pass,,25.0,6.1333980429966495,18.86660195700335,,GOLF_20260709_101_prvsiyan_7266_72_repro,unknown,,,unknown,,,,none,unknown,not_obvious,,,true,2026-07-09T13:58:52,2026-07-09T13:58:52,
248,task248,,,C:/Users/zyc/AppData/Local/Temp/neurogolf_score__hewx83n/task248.onnx,true,6a001ce01217f4e505777fb369eb36ec242ffdc413030285fdb28dc76479d892,723,29,122,,151,19.982720163185075,pass,,3,3,1,1,9,9,,,13,13,pass,,25.0,5.017279836814925,19.982720163185075,,GOLF_20260709_101_prvsiyan_7266_72_repro,unknown,,,unknown,,,,none,unknown,not_obvious,,,true,2026-07-09T13:58:52,2026-07-09T13:58:52,
249,task249,,,C:/Users/zyc/AppData/Local/Temp/neurogolf_score__hewx83n/task249.onnx,true,402c1c8b60d27dcad03bb2270b92fc42f4f8677588bd32ef179c9306aa5ef0f6,702,93,168,,261,19.435479592677307,pass,,3,3,1,1,261,261,,,265,265,pass,,25.0,5.564520407322693,19.435479592677307,,GOLF_20260709_101_prvsiyan_7266_72_repro,unknown,,,unknown,,,,none,unknown,not_obvious,,,true,2026-07-09T13:58:52,2026-07-09T13:58:52,
250,task250,,,C:/Users/zyc/AppData/Local/Temp/neurogolf_score__hewx83n/task250.onnx,true,63f772b3c9d75f8b353fb7d2cfc6cb7ed8cc5642e7f1e8b78ee3598b1dca26c8,3145,71,2052,,2123,17.339414538296744,pass,,2,2,1,1,262,262,,,265,265,pass,,25.0,7.660585461703256,17.339414538296744,,GOLF_20260709_101_prvsiyan_7266_72_repro,unknown,,,unknown,,,,none,unknown,not_obvious,,,true,2026-07-09T13:58:52,2026-07-09T13:58:52,
251,task251,,,C:/Users/zyc/AppData/Local/Temp/neurogolf_score__hewx83n/task251.onnx,true,4e7cddf42dec66cc9781000d227935970eba8e510ce30ca8dca312f7175c8504,1848,196,4320,,4516,16.584618074730447,pass,,3,3,1,1,262,262,,,266,266,pass,,25.0,8.415381925269553,16.584618074730447,,GOLF_20260709_101_prvsiyan_7266_72_repro,unknown,,,unknown,,,,none,unknown,not_obvious,,,true,2026-07-09T13:58:53,2026-07-09T13:58:53,
252,task252,,,C:/Users/zyc/AppData/Local/Temp/neurogolf_score__hewx83n/task252.onnx,true,62fd80cbff2e6fc88c76d8b647e96f0bd350ca79c5a5ca4c4f89277638fa3fca,918,180,0,,180,19.807043149109788,pass,,3,3,1,1,262,262,,,266,266,pass,,25.0,5.192956850890212,19.807043149109788,,GOLF_20260709_101_prvsiyan_7266_72_repro,unknown,,,unknown,,,,none,unknown,not_obvious,,,true,2026-07-09T13:58:53,2026-07-09T13:58:53,
253,task253,,,C:/Users/zyc/AppData/Local/Temp/neurogolf_score__hewx83n/task253.onnx,true,0491f16c4a6eb11d4f0ceb4d71ba78eef6fb2981a3c7b1b7cc2a2d748205ae74,1316,180,320,,500,18.78539190157781,pass,,2,2,1,1,262,262,,,265,265,pass,,25.0,6.21460809842219,18.78539190157781,,GOLF_20260709_101_prvsiyan_7266_72_repro,unknown,,,unknown,,,,none,unknown,not_obvious,,,true,2026-07-09T13:58:53,2026-07-09T13:58:53,
254,task254,,,C:/Users/zyc/AppData/Local/Temp/neurogolf_score__hewx83n/task254.onnx,true,f0c7e763ebbfa6bd3f8d24eb82843fd6d6d6a907cf3874e8c0c60a42b7acfa62,989,37,650,,687,18.467665707777652,pass,,2,2,1,1,262,262,,,265,265,pass,,25.0,6.532334292222348,18.467665707777652,,GOLF_20260709_101_prvsiyan_7266_72_repro,unknown,,,unknown,,,,none,unknown,not_obvious,,,true,2026-07-09T13:58:54,2026-07-09T13:58:54,
255,task255,,,C:/Users/zyc/AppData/Local/Temp/neurogolf_score__hewx83n/task255.onnx,true,a45397cba43a93f3c00fe24cf03bf22c775b49667e6babb40ead63c288878269,11372,346,8565,,8911,15.90495825238728,pass,,3,3,1,1,261,261,,,265,265,pass,,25.0,9.09504174761272,15.90495825238728,,GOLF_20260709_101_prvsiyan_7266_72_repro,unknown,,,unknown,,,,none,unknown,not_obvious,,,true,2026-07-09T13:58:54,2026-07-09T13:58:54,
256,task256,,,C:/Users/zyc/AppData/Local/Temp/neurogolf_score__hewx83n/task256.onnx,true,3347efdee8da5dc83cb7da5c8e643fb3640a3bc4489655d198d0db4d0b2e7efb,1527,59,2055,,2114,17.343662833569816,pass,,3,3,1,1,262,262,,,266,266,pass,,25.0,7.656337166430184,17.343662833569816,,GOLF_20260709_101_prvsiyan_7266_72_repro,unknown,,,unknown,,,,none,unknown,not_obvious,,,true,2026-07-09T13:58:56,2026-07-09T13:58:56,
257,task257,,,C:/Users/zyc/AppData/Local/Temp/neurogolf_score__hewx83n/task257.onnx,true,e3d95820cb38f2cd7698dae782c40fa4baebd21a2a830e141eec99aebf177566,1777,400,0,,400,19.00853545289202,pass,,6,6,1,1,262,262,,,269,269,pass,,25.0,5.991464547107981,19.00853545289202,,GOLF_20260709_101_prvsiyan_7266_72_repro,unknown,,,unknown,,,,none,unknown,not_obvious,,,true,2026-07-09T13:58:57,2026-07-09T13:58:57,
258,task258,,,C:/Users/zyc/AppData/Local/Temp/neurogolf_score__hewx83n/task258.onnx,true,99b599c06b5383b6a3980625451879d190052ada9c03c5bcff44f91446a2e420,841,160,0,,160,19.924826184766175,pass,,3,3,1,1,262,262,,,266,266,pass,,25.0,5.075173815233825,19.924826184766175,,GOLF_20260709_101_prvsiyan_7266_72_repro,unknown,,,unknown,,,,none,unknown,not_obvious,,,true,2026-07-09T13:58:57,2026-07-09T13:58:57,
259,task259,,,C:/Users/zyc/AppData/Local/Temp/neurogolf_score__hewx83n/task259.onnx,true,ead29447a4fa3c5e1bf6a699475bc34622d4f75b9823a496f049a2b05b75b532,3731,48,844,,892,18.206533867419992,pass,,3,3,1,1,262,262,,,266,266,pass,,25.0,6.793466132580008,18.206533867419992,,GOLF_20260709_101_prvsiyan_7266_72_repro,unknown,,,unknown,,,,none,unknown,not_obvious,,,true,2026-07-09T13:58:57,2026-07-09T13:58:57,
260,task260,,,C:/Users/zyc/AppData/Local/Temp/neurogolf_score__hewx83n/task260.onnx,true,6a1623fc04750b06b813e5202c139f86d0f30f9a907dec271ea700808b8b3aeb,4572,284,1289,,1573,17.639260096941722,pass,,3,3,1,1,262,262,,,266,266,pass,,25.0,7.360739903058278,17.639260096941722,,GOLF_20260709_101_prvsiyan_7266_72_repro,unknown,,,unknown,,,,none,unknown,not_obvious,,,true,2026-07-09T13:58:57,2026-07-09T13:58:57,
261,task261,,,C:/Users/zyc/AppData/Local/Temp/neurogolf_score__hewx83n/task261.onnx,true,74bd37366fbe6aad7394a8e6bc56db34b57c5acf8855a6563520b6c6ac7bf8a6,972,200,0,,200,19.701682633451963,pass,,3,3,1,1,261,261,,,265,265,pass,,25.0,5.298317366548037,19.701682633451963,,GOLF_20260709_101_prvsiyan_7266_72_repro,unknown,,,unknown,,,,none,unknown,not_obvious,,,true,2026-07-09T13:58:58,2026-07-09T13:58:58,
262,task262,,,C:/Users/zyc/AppData/Local/Temp/neurogolf_score__hewx83n/task262.onnx,true,ecd97595634bd47fa23b516f430a9effce39d3ff850f3602b160d77f7ed37ee0,596,16,90,,106,20.336560905887932,pass,,4,4,1,1,6,6,,,11,11,pass,,25.0,4.663439094112068,20.336560905887932,,GOLF_20260709_101_prvsiyan_7266_72_repro,unknown,,,unknown,,,,none,unknown,not_obvious,,,true,2026-07-09T13:58:58,2026-07-09T13:58:58,
263,task263,,,C:/Users/zyc/AppData/Local/Temp/neurogolf_score__hewx83n/task263.onnx,true,d6ab17ba68580d5d6013ace673e487b630880281ff5fd0fe0117150763c5e0ac,4176,116,554,,670,18.49272228761499,pass,,4,4,1,1,262,262,,,267,267,pass,,25.0,6.507277712385012,18.49272228761499,,GOLF_20260709_101_prvsiyan_7266_72_repro,unknown,,,unknown,,,,none,unknown,not_obvious,,,true,2026-07-09T13:58:58,2026-07-09T13:58:58,
264,task264,,,C:/Users/zyc/AppData/Local/Temp/neurogolf_score__hewx83n/task264.onnx,true,18f2b72ad00aadc4f909aaf0bfe9e5b9fcf568b8bd295f8c36e529b5b2f4a237,8422,1389,940,,2329,17.24680573011566,pass,,2,2,1,1,262,262,,,265,265,pass,,25.0,7.7531942698843395,17.24680573011566,,GOLF_20260709_101_prvsiyan_7266_72_repro,unknown,,,unknown,,,,none,unknown,not_obvious,,,true,2026-07-09T13:58:59,2026-07-09T13:58:59,
265,task265,,,C:/Users/zyc/AppData/Local/Temp/neurogolf_score__hewx83n/task265.onnx,true,179c49a9c822e096f82734c60369b9d8143b5b0e095f977263f65abf77d79aa6,1246,32,4325,,4357,16.620460973882558,pass,,3,3,1,1,262,262,,,266,266,pass,,25.0,8.379539026117442,16.620460973882558,,GOLF_20260709_101_prvsiyan_7266_72_repro,unknown,,,unknown,,,,none,unknown,not_obvious,,,true,2026-07-09T13:59:27,2026-07-09T13:59:27,
266,task266,,,C:/Users/zyc/AppData/Local/Temp/neurogolf_score__hewx83n/task266.onnx,true,ccf8d8d5a847456696fda2699cab5171356fee1256c98ecf973ca3e1bb60bc9d,1142,191,120,,311,19.260207087820767,pass,,4,4,1,1,15,15,,,20,20,pass,,25.0,5.739792912179233,19.260207087820767,,GOLF_20260709_101_prvsiyan_7266_72_repro,unknown,,,unknown,,,,none,unknown,not_obvious,,,true,2026-07-09T13:59:27,2026-07-09T13:59:27,
267,task267,,,C:/Users/zyc/AppData/Local/Temp/neurogolf_score__hewx83n/task267.onnx,true,468c597a53bcce31d1460f96e1c03e6f66589982c93e5024c036bd190d2f2478,841,34,724,,758,18.36931661435763,pass,,2,2,1,1,261,261,,,264,264,pass,,25.0,6.630683385642371,18.36931661435763,,GOLF_20260709_101_prvsiyan_7266_72_repro,unknown,,,unknown,,,,none,unknown,not_obvious,,,true,2026-07-09T13:59:27,2026-07-09T13:59:27,
268,task268,,,C:/Users/zyc/AppData/Local/Temp/neurogolf_score__hewx83n/task268.onnx,true,badf6d0c30a4eb0ff41144b9c46b30186cbea1c005b4ec1afff5741f0cf8d326,5285,53,2940,,2993,16.9959684921473,pass,,3,3,1,1,262,262,,,266,266,pass,,25.0,8.004031507852702,16.9959684921473,,GOLF_20260709_101_prvsiyan_7266_72_repro,unknown,,,unknown,,,,none,unknown,not_obvious,,,true,2026-07-09T13:59:27,2026-07-09T13:59:27,
269,task269,,,C:/Users/zyc/AppData/Local/Temp/neurogolf_score__hewx83n/task269.onnx,true,83610e0c56cb310b92749d325a20686510a86801edc2945be91895f47452b2fd,1619,24,685,,709,18.436144473467873,pass,,3,3,1,1,262,262,,,266,266,pass,,25.0,6.563855526532127,18.436144473467873,,GOLF_20260709_101_prvsiyan_7266_72_repro,unknown,,,unknown,,,,none,unknown,not_obvious,,,true,2026-07-09T13:59:29,2026-07-09T13:59:29,
270,task270,,,C:/Users/zyc/AppData/Local/Temp/neurogolf_score__hewx83n/task270.onnx,true,3f11dfbd0c055943f860c2010ebf0bed3622553a5e20d19d153256bc772be274,3931,1032,1826,,2858,17.042122641510186,pass,,3,3,1,1,262,262,,,266,266,pass,,25.0,7.957877358489814,17.042122641510186,,GOLF_20260709_101_prvsiyan_7266_72_repro,unknown,,,unknown,,,,none,unknown,not_obvious,,,true,2026-07-09T13:59:30,2026-07-09T13:59:30,
271,task271,,,C:/Users/zyc/AppData/Local/Temp/neurogolf_score__hewx83n/task271.onnx,true,7421c21c0b38642b544ee56b1583efe0920c27d9393a54e6855d4e5cbf5a1979,1623,46,1141,,1187,17.92081560539033,pass,,4,4,1,1,262,262,,,267,267,pass,,25.0,7.079184394609669,17.92081560539033,,GOLF_20260709_101_prvsiyan_7266_72_repro,unknown,,,unknown,,,,none,unknown,not_obvious,,,true,2026-07-09T13:59:31,2026-07-09T13:59:31,
272,task272,,,C:/Users/zyc/AppData/Local/Temp/neurogolf_score__hewx83n/task272.onnx,true,7522945b9d6b38bea0a5d0b3d2be2ead79cbf22c957a4fd45197cabc887e2678,1173,202,200,,402,19.003547911380977,pass,,4,4,1,1,262,262,,,267,267,pass,,25.0,5.996452088619023,19.003547911380977,,GOLF_20260709_101_prvsiyan_7266_72_repro,unknown,,,unknown,,,,none,unknown,not_obvious,,,true,2026-07-09T13:59:31,2026-07-09T13:59:31,
273,task273,,,C:/Users/zyc/AppData/Local/Temp/neurogolf_score__hewx83n/task273.onnx,true,b36725153b612108e03a4b91cba857d65236e8c2105e43a11d120d90f0b61a41,1577,227,1800,,2027,17.385687853548,pass,,3,3,1,1,262,262,,,266,266,pass,,25.0,7.614312146452001,17.385687853548,,GOLF_20260709_101_prvsiyan_7266_72_repro,unknown,,,unknown,,,,none,unknown,not_obvious,,,true,2026-07-09T13:59:31,2026-07-09T13:59:31,
274,task274,,,C:/Users/zyc/AppData/Local/Temp/neurogolf_score__hewx83n/task274.onnx,true,46766215d780f29693964204ee3c59ca1dccb727b195afc1186a5621513ff43d,1183,37,138,,175,19.835214026076486,pass,,6,6,1,1,262,262,,,269,269,pass,,25.0,5.1647859739235145,19.835214026076486,,GOLF_20260709_101_prvsiyan_7266_72_repro,unknown,,,unknown,,,,none,unknown,not_obvious,,,true,2026-07-09T13:59:31,2026-07-09T13:59:31,
275,task275,,,C:/Users/zyc/AppData/Local/Temp/neurogolf_score__hewx83n/task275.onnx,true,085256d2a74cfdb63c3f4243e8394ce59ee73aa5d57dbe381c2319e037a270f7,3279,863,493,,1356,17.78770553149966,pass,,3,3,1,1,262,262,,,266,266,pass,,25.0,7.212294468500339,17.78770553149966,,GOLF_20260709_101_prvsiyan_7266_72_repro,unknown,,,unknown,,,,none,unknown,not_obvious,,,true,2026-07-09T13:59:32,2026-07-09T13:59:32,
276,task276,,,C:/Users/zyc/AppData/Local/Temp/neurogolf_score__hewx83n/task276.onnx,true,2a3e881ae92099c36f1955bdf96ca1e9f77a4ef3d1d3eb58c63eccc80a655c7e,217,10,0,,10,22.697414907005953,pass,,3,3,1,1,262,262,,,266,266,pass,,25.0,2.302585092994047,22.697414907005953,,GOLF_20260709_101_prvsiyan_7266_72_repro,unknown,,,unknown,,,,none,unknown,not_obvious,,,true,2026-07-09T13:59:32,2026-07-09T13:59:32,
277,task277,,,C:/Users/zyc/AppData/Local/Temp/neurogolf_score__hewx83n/task277.onnx,true,fbfca4d3aa2fd587f98dd5c1c0251d7c41d84af1335ab6955424d6c25e05c383,1721,39,3501,,3540,16.82811799387218,pass,,3,3,1,1,262,262,,,266,266,pass,,25.0,8.17188200612782,16.82811799387218,,GOLF_20260709_101_prvsiyan_7266_72_repro,unknown,,,unknown,,,,none,unknown,not_obvious,,,true,2026-07-09T13:59:32,2026-07-09T13:59:32,
278,task278,,,C:/Users/zyc/AppData/Local/Temp/neurogolf_score__hewx83n/task278.onnx,true,e009c00b12c7c4f3431b2067475df591f676847aecfb66291c10687e69500399,751,41,4464,,4505,16.58705682995756,pass,,2,2,1,1,262,262,,,265,265,pass,,25.0,8.412943170042439,16.58705682995756,,GOLF_20260709_101_prvsiyan_7266_72_repro,unknown,,,unknown,,,,none,unknown,not_obvious,,,true,2026-07-09T13:59:33,2026-07-09T13:59:33,
279,task279,,,C:/Users/zyc/AppData/Local/Temp/neurogolf_score__hewx83n/task279.onnx,true,76714fa86563f1416f780f38804d26f1cc2485a23b266dbc1e10af57c360e22c,2111,38,5508,,5546,16.37916777382428,pass,,4,4,1,1,261,261,,,266,266,pass,,25.0,8.620832226175722,16.37916777382428,,GOLF_20260709_101_prvsiyan_7266_72_repro,unknown,,,unknown,,,,none,unknown,not_obvious,,,true,2026-07-09T13:59:33,2026-07-09T13:59:33,
280,task280,,,C:/Users/zyc/AppData/Local/Temp/neurogolf_score__hewx83n/task280.onnx,true,bacce9aa0e87ec7805f09e6066c5cf9898da6b503bcf8264f9589c187f235359,13466,795,3906,,4701,16.54446946897587,pass,,4,4,1,1,262,262,,,267,267,pass,,25.0,8.45553053102413,16.54446946897587,,GOLF_20260709_101_prvsiyan_7266_72_repro,unknown,,,unknown,,,,none,unknown,not_obvious,,,true,2026-07-09T13:59:34,2026-07-09T13:59:34,
281,task281,,,C:/Users/zyc/AppData/Local/Temp/neurogolf_score__hewx83n/task281.onnx,true,9cf1318d269365dde5db64c3d4697154d1529df9f2f84913792d0bd084cec71f,3224,141,1188,,1329,17.807817941286753,pass,,3,3,1,1,262,262,,,266,266,pass,,25.0,7.192182058713247,17.807817941286753,,GOLF_20260709_101_prvsiyan_7266_72_repro,unknown,,,unknown,,,,none,unknown,not_obvious,,,true,2026-07-09T13:59:36,2026-07-09T13:59:36,
282,task282,,,C:/Users/zyc/AppData/Local/Temp/neurogolf_score__hewx83n/task282.onnx,true,71f0dde46f0325c9b51eb1e9f10077f0a9f6ea3bc91e18f4c02fe74ffbfb7942,698,39,407,,446,18.899681047979936,pass,,2,2,1,1,262,262,,,265,265,pass,,25.0,6.100318952020064,18.899681047979936,,GOLF_20260709_101_prvsiyan_7266_72_repro,unknown,,,unknown,,,,none,unknown,not_obvious,,,true,2026-07-09T13:59:37,2026-07-09T13:59:37,
283,task283,,,C:/Users/zyc/AppData/Local/Temp/neurogolf_score__hewx83n/task283.onnx,true,363c5fe0400628c3bebe342041d5eabef04da2d5d6db9082a9341650f99c483d,856,142,500,,642,18.53541169631004,pass,,2,2,1,1,262,262,,,265,265,pass,,25.0,6.464588303689961,18.53541169631004,,GOLF_20260709_101_prvsiyan_7266_72_repro,unknown,,,unknown,,,,none,unknown,not_obvious,,,true,2026-07-09T13:59:37,2026-07-09T13:59:37,
284,task284,,,C:/Users/zyc/AppData/Local/Temp/neurogolf_score__hewx83n/task284.onnx,true,ea3df25a706b8a67c43b8c42388dd3d6a19fc331b774e2bfa6c2fe3d96543a7e,3834,177,2912,,3089,16.96439730708142,pass,,3,3,1,1,262,262,,,266,266,pass,,25.0,8.03560269291858,16.96439730708142,,GOLF_20260709_101_prvsiyan_7266_72_repro,unknown,,,unknown,,,,none,unknown,not_obvious,,,true,2026-07-09T13:59:37,2026-07-09T13:59:37,
285,task285,,,C:/Users/zyc/AppData/Local/Temp/neurogolf_score__hewx83n/task285.onnx,true,e81f1cc00cc4c733c6f2dfadb222a10203f797156b92c000401a34cbd10f00da,5161,420,19280,,19700,15.11162608527392,pass,,3,3,1,1,261,261,,,265,265,pass,,25.0,9.88837391472608,15.11162608527392,,GOLF_20260709_101_prvsiyan_7266_72_repro,unknown,,,unknown,,,,none,unknown,not_obvious,,,true,2026-07-09T13:59:39,2026-07-09T13:59:39,
286,task286,,,C:/Users/zyc/AppData/Local/Temp/neurogolf_score__hewx83n/task286.onnx,true,ceafce58bfa44bf34800a994ae174a2364ea977310fb967ad145ed534489475a,111759,845,26064,,26909,14.799783917876258,pass,,2,2,1,1,262,262,,,265,265,pass,,25.0,10.200216082123742,14.799783917876258,,GOLF_20260709_101_prvsiyan_7266_72_repro,unknown,,,unknown,,,,none,unknown,not_obvious,,,true,2026-07-09T13:59:40,2026-07-09T13:59:40,
287,task287,,,C:/Users/zyc/AppData/Local/Temp/neurogolf_score__hewx83n/task287.onnx,true,0d4f96eb80efe39c46a91934171d89f353faeabefcc1942c6e767fb2d2079b0b,3827,910,0,,910,18.186555400489105,pass,,4,4,1,1,262,262,,,267,267,pass,,25.0,6.813444599510895,18.186555400489105,,GOLF_20260709_101_prvsiyan_7266_72_repro,unknown,,,unknown,,,,none,unknown,not_obvious,,,true,2026-07-09T14:00:30,2026-07-09T14:00:30,
288,task288,,,C:/Users/zyc/AppData/Local/Temp/neurogolf_score__hewx83n/task288.onnx,true,8c39d5354d91425c4782f4db731a400e8694155933d87be5e678caf0b93d7cfd,2804,189,769,,958,18.13515222202914,pass,,4,4,1,1,262,262,,,267,267,pass,,25.0,6.8648477779708585,18.13515222202914,,GOLF_20260709_101_prvsiyan_7266_72_repro,unknown,,,unknown,,,,none,unknown,not_obvious,,,true,2026-07-09T14:00:31,2026-07-09T14:00:31,
289,task289,,,C:/Users/zyc/AppData/Local/Temp/neurogolf_score__hewx83n/task289.onnx,true,051f671b58ac19149c4c5c43f6e710517f2530e09aeadea7ab3b33d7dbb5d41a,1238,124,618,,742,18.39065075683262,pass,,5,5,1,1,262,262,,,268,268,pass,,25.0,6.6093492431673795,18.39065075683262,,GOLF_20260709_101_prvsiyan_7266_72_repro,unknown,,,unknown,,,,none,unknown,not_obvious,,,true,2026-07-09T14:00:31,2026-07-09T14:00:31,
290,task290,,,C:/Users/zyc/AppData/Local/Temp/neurogolf_score__hewx83n/task290.onnx,true,98d9f06dbc0479a94be0df405fc4356259097ea03def8320be95dc795cb2caee,1427,63,292,,355,19.127882210524582,pass,,3,3,1,1,262,262,,,266,266,pass,,25.0,5.872117789475418,19.127882210524582,,GOLF_20260709_101_prvsiyan_7266_72_repro,unknown,,,unknown,,,,none,unknown,not_obvious,,,true,2026-07-09T14:00:31,2026-07-09T14:00:31,
291,task291,,,C:/Users/zyc/AppData/Local/Temp/neurogolf_score__hewx83n/task291.onnx,true,68d63dc94d5e21076170e7e1196de034b8734bf11c122e26ec4636b79427b78f,495,26,40,,66,20.810345257973573,pass,,3,3,1,1,261,261,,,265,265,pass,,25.0,4.189654742026427,20.810345257973573,,GOLF_20260709_101_prvsiyan_7266_72_repro,unknown,,,unknown,,,,none,unknown,not_obvious,,,true,2026-07-09T14:00:31,2026-07-09T14:00:31,
292,task292,,,C:/Users/zyc/AppData/Local/Temp/neurogolf_score__hewx83n/task292.onnx,true,f5dbb65451bb16d37f5e44041120e559dd95ac030ffb9d13dc5ac7c8850119d5,499,80,0,,80,20.61797336532612,pass,,5,5,1,1,22,22,,,28,28,pass,,25.0,4.382026634673881,20.61797336532612,,GOLF_20260709_101_prvsiyan_7266_72_repro,unknown,,,unknown,,,,none,unknown,not_obvious,,,true,2026-07-09T14:00:31,2026-07-09T14:00:31,
293,task293,,,C:/Users/zyc/AppData/Local/Temp/neurogolf_score__hewx83n/task293.onnx,true,3ab5be83f681ac4b155d3a450f2c45a17bb2c2f252e944a47888c5dc53c3caff,2641,49,994,,1043,18.050143544999226,pass,,4,4,1,1,262,262,,,267,267,pass,,25.0,6.9498564550007735,18.050143544999226,,GOLF_20260709_101_prvsiyan_7266_72_repro,unknown,,,unknown,,,,none,unknown,not_obvious,,,true,2026-07-09T14:00:31,2026-07-09T14:00:31,
294,task294,,,C:/Users/zyc/AppData/Local/Temp/neurogolf_score__hewx83n/task294.onnx,true,2fe8dc13cad1deb1a8c198888aee42d5815814b2a2df5a1ced53452f033b7add,3853,910,0,,910,18.186555400489105,pass,,2,2,1,1,262,262,,,265,265,pass,,25.0,6.813444599510895,18.186555400489105,,GOLF_20260709_101_prvsiyan_7266_72_repro,unknown,,,unknown,,,,none,unknown,not_obvious,,,true,2026-07-09T14:00:32,2026-07-09T14:00:32,
295,task295,,,C:/Users/zyc/AppData/Local/Temp/neurogolf_score__hewx83n/task295.onnx,true,72e9f5dee7a057e245199bb5f3aec7ef1f30ace1130fc3602745ba317068ba5b,1371,47,1557,,1604,17.61974421157354,pass,,5,5,1,1,262,262,,,268,268,pass,,25.0,7.38025578842646,17.61974421157354,,GOLF_20260709_101_prvsiyan_7266_72_repro,unknown,,,unknown,,,,none,unknown,not_obvious,,,true,2026-07-09T14:00:32,2026-07-09T14:00:32,
296,task296,,,C:/Users/zyc/AppData/Local/Temp/neurogolf_score__hewx83n/task296.onnx,true,5d67759a3a2da2950e431668a7a26c781b5b966139422e64672db145b6405158,3893,65,249,,314,19.25060701409175,pass,,5,5,1,1,262,262,,,268,268,pass,,25.0,5.749392985908251,19.25060701409175,,GOLF_20260709_101_prvsiyan_7266_72_repro,unknown,,,unknown,,,,none,unknown,not_obvious,,,true,2026-07-09T14:00:33,2026-07-09T14:00:33,
297,task297,,,C:/Users/zyc/AppData/Local/Temp/neurogolf_score__hewx83n/task297.onnx,true,b8b0f29df0055e36fd76a4ec5b66ab511297a84fa86c42db555676ebe312e04a,2424,39,1350,,1389,17.763660657245655,pass,,3,3,1,1,261,261,,,265,265,pass,,25.0,7.236339342754345,17.763660657245655,,GOLF_20260709_101_prvsiyan_7266_72_repro,unknown,,,unknown,,,,none,unknown,not_obvious,,,true,2026-07-09T14:00:33,2026-07-09T14:00:33,
298,task298,,,C:/Users/zyc/AppData/Local/Temp/neurogolf_score__hewx83n/task298.onnx,true,cb1fe3c729a0c45639b73d21310c33c9f8bb7ed6beebd48151601acf11ee1d65,396,15,120,,135,20.09472522156157,pass,,3,3,2,2,262,262,,,267,267,pass,,25.0,4.905274778438429,20.09472522156157,,GOLF_20260709_101_prvsiyan_7266_72_repro,unknown,,,unknown,,,,none,unknown,not_obvious,,,true,2026-07-09T14:00:34,2026-07-09T14:00:34,
299,task299,,,C:/Users/zyc/AppData/Local/Temp/neurogolf_score__hewx83n/task299.onnx,true,63937e8cccb8a0981bf1e4606b6807083bfab548f949e29a4243abf836467c24,473,50,0,,50,21.087976994571854,pass,,2,2,1,1,18,18,,,21,21,pass,,25.0,3.9120230054281464,21.087976994571854,,GOLF_20260709_101_prvsiyan_7266_72_repro,unknown,,,unknown,,,,none,unknown,not_obvious,,,true,2026-07-09T14:00:34,2026-07-09T14:00:34,
300,task300,,,C:/Users/zyc/AppData/Local/Temp/neurogolf_score__hewx83n/task300.onnx,true,6bc4c53ed08e141552318c1db65f27043010b16704e665b1b1848be81a8a6a94,3217,59,467,,526,18.73469878726229,pass,,4,4,1,1,262,262,,,267,267,pass,,25.0,6.265301212737711,18.73469878726229,,GOLF_20260709_101_prvsiyan_7266_72_repro,unknown,,,unknown,,,,none,unknown,not_obvious,,,true,2026-07-09T14:00:34,2026-07-09T14:00:34,
301,task301,,,C:/Users/zyc/AppData/Local/Temp/neurogolf_score__hewx83n/task301.onnx,true,5cbf98f6d33c2a080e6c00f6ff806e2907757abfe5282aa106ad0d34e95bff18,2061,64,1077,,1141,17.960339650137925,pass,,3,3,1,1,262,262,,,266,266,pass,,25.0,7.039660349862075,17.960339650137925,,GOLF_20260709_101_prvsiyan_7266_72_repro,unknown,,,unknown,,,,none,unknown,not_obvious,,,true,2026-07-09T14:00:34,2026-07-09T14:00:34,
302,task302,,,C:/Users/zyc/AppData/Local/Temp/neurogolf_score__hewx83n/task302.onnx,true,658ece7fa00a67d9339dc9fec84b7a9fb9152c41100f810d0c85e2fd84e9d3cd,1530,558,1216,,1774,17.519007837130474,pass,,3,3,1,1,262,262,,,266,266,pass,,25.0,7.480992162869526,17.519007837130474,,GOLF_20260709_101_prvsiyan_7266_72_repro,unknown,,,unknown,,,,none,unknown,not_obvious,,,true,2026-07-09T14:00:35,2026-07-09T14:00:35,
303,task303,,,C:/Users/zyc/AppData/Local/Temp/neurogolf_score__hewx83n/task303.onnx,true,b555c306a0b4feafda9d1e371fb39c7940546555153c4973f416b6a42541a3a9,823,22,1428,,1450,17.72068116458538,pass,,3,3,1,1,261,261,,,265,265,pass,,25.0,7.279318835414621,17.72068116458538,,GOLF_20260709_101_prvsiyan_7266_72_repro,unknown,,,unknown,,,,none,unknown,not_obvious,,,true,2026-07-09T14:00:35,2026-07-09T14:00:35,
304,task304,,,C:/Users/zyc/AppData/Local/Temp/neurogolf_score__hewx83n/task304.onnx,true,72d162fc932fd212b6cb6758f55818e5e69cb93a74bae46049c9157c907bf137,1954,240,1080,,1320,17.814612984419583,pass,,3,3,1,1,262,262,,,266,266,pass,,25.0,7.185387015580417,17.814612984419583,,GOLF_20260709_101_prvsiyan_7266_72_repro,unknown,,,unknown,,,,none,unknown,not_obvious,,,true,2026-07-09T14:00:35,2026-07-09T14:00:35,
305,task305,,,C:/Users/zyc/AppData/Local/Temp/neurogolf_score__hewx83n/task305.onnx,true,52407df10596663f64b88d9a4a4aea2a4bfbf0078de38816663ed344165e3bbf,3251,340,296,,636,18.544801436659878,pass,,3,3,1,1,262,262,,,266,266,pass,,25.0,6.455198563340122,18.544801436659878,,GOLF_20260709_101_prvsiyan_7266_72_repro,unknown,,,unknown,,,,none,unknown,not_obvious,,,true,2026-07-09T14:00:36,2026-07-09T14:00:36,
306,task306,,,C:/Users/zyc/AppData/Local/Temp/neurogolf_score__hewx83n/task306.onnx,true,874cc107c1dd7d3ac12c2007c036a6138427308708a87ba639a8697740e8ef8b,1498,300,0,,300,19.2962175253438,pass,,2,2,1,1,262,262,,,265,265,pass,,25.0,5.703782474656201,19.2962175253438,,GOLF_20260709_101_prvsiyan_7266_72_repro,unknown,,,unknown,,,,none,unknown,not_obvious,,,true,2026-07-09T14:00:36,2026-07-09T14:00:36,
307,task307,,,C:/Users/zyc/AppData/Local/Temp/neurogolf_score__hewx83n/task307.onnx,true,56955386dbd6988f9e27af533d96825185683e229ceaf0280793dea8c5d5b155,206,5,0,,5,23.3905620875659,pass,,3,3,1,1,262,262,,,266,266,pass,,25.0,1.6094379124340996,23.3905620875659,,GOLF_20260709_101_prvsiyan_7266_72_repro,unknown,,,unknown,,,,none,unknown,not_obvious,,,true,2026-07-09T14:00:37,2026-07-09T14:00:37,
308,task308,,,C:/Users/zyc/AppData/Local/Temp/neurogolf_score__hewx83n/task308.onnx,true,c14616b94480b76ef56878728f581798e416e1f980a206d3cdcc0cebb17eefdd,4906,103,1365,,1468,17.708343790825538,pass,,3,3,1,1,262,262,,,266,266,pass,,25.0,7.291656209174462,17.708343790825538,,GOLF_20260709_101_prvsiyan_7266_72_repro,unknown,,,unknown,,,,none,unknown,not_obvious,,,true,2026-07-09T14:00:37,2026-07-09T14:00:37,
309,task309,,,C:/Users/zyc/AppData/Local/Temp/neurogolf_score__hewx83n/task309.onnx,true,c47b834e65872a11ec0cda3c8246948b8365f81f916610b49ed07267815733d9,217,10,0,,10,22.697414907005953,pass,,3,3,1,1,261,261,,,265,265,pass,,25.0,2.302585092994047,22.697414907005953,,GOLF_20260709_101_prvsiyan_7266_72_repro,unknown,,,unknown,,,,none,unknown,not_obvious,,,true,2026-07-09T14:00:38,2026-07-09T14:00:38,
310,task310,,,C:/Users/zyc/AppData/Local/Temp/neurogolf_score__hewx83n/task310.onnx,true,e8f6c2df5abd02691df06c120b9dd2e767e4152e3d955f953e4fdba6ecf8f96b,3738,76,3108,,3184,16.934106453035724,pass,,3,3,1,1,262,262,,,266,266,pass,,25.0,8.065893546964276,16.934106453035724,,GOLF_20260709_101_prvsiyan_7266_72_repro,unknown,,,unknown,,,,none,unknown,not_obvious,,,true,2026-07-09T14:00:38,2026-07-09T14:00:38,
311,task311,,,C:/Users/zyc/AppData/Local/Temp/neurogolf_score__hewx83n/task311.onnx,true,250771b94d3db4658d4ac04e3bd9a0740f2af0f3aba0bb9b5df4d6181bb470d4,479,30,0,,30,21.598802618337846,pass,,3,3,1,1,262,262,,,266,266,pass,,25.0,3.401197381662154,21.598802618337846,,GOLF_20260709_101_prvsiyan_7266_72_repro,unknown,,,unknown,,,,none,unknown,not_obvious,,,true,2026-07-09T14:00:39,2026-07-09T14:00:39,
312,task312,,,C:/Users/zyc/AppData/Local/Temp/neurogolf_score__hewx83n/task312.onnx,true,e34e78a1f9514b4d1cbcbc936a665ca33aa4d02902b47fb0208e24a9f9d4d035,271,20,0,,20,22.00426772644601,pass,,2,2,1,1,262,262,,,265,265,pass,,25.0,2.9957322735539904,22.00426772644601,,GOLF_20260709_101_prvsiyan_7266_72_repro,unknown,,,unknown,,,,none,unknown,not_obvious,,,true,2026-07-09T14:00:39,2026-07-09T14:00:39,
313,task313,,,C:/Users/zyc/AppData/Local/Temp/neurogolf_score__hewx83n/task313.onnx,true,f98be2a31581fdf5ff564bc37132a61f16743be0decdd7363906f42904d1e16e,1101,188,0,,188,19.76355803717005,pass,,3,3,1,1,262,262,,,266,266,pass,,25.0,5.23644196282995,19.76355803717005,,GOLF_20260709_101_prvsiyan_7266_72_repro,unknown,,,unknown,,,,none,unknown,not_obvious,,,true,2026-07-09T14:00:39,2026-07-09T14:00:39,
314,task314,,,C:/Users/zyc/AppData/Local/Temp/neurogolf_score__hewx83n/task314.onnx,true,91294db3a76db1cf55efd0eeb6e6c475503684a7d282ec1b5611be5a48729242,625,100,0,,100,20.394829814011906,pass,,3,3,1,1,262,262,,,266,266,pass,,25.0,4.605170185988094,20.394829814011906,,GOLF_20260709_101_prvsiyan_7266_72_repro,unknown,,,unknown,,,,none,unknown,not_obvious,,,true,2026-07-09T14:00:45,2026-07-09T14:00:45,
315,task315,,,C:/Users/zyc/AppData/Local/Temp/neurogolf_score__hewx83n/task315.onnx,true,c949139725d6492da4802002e4608ce88f9bf8290d32c211dbf8e024a911102e,1293,230,0,,230,19.561920691076804,pass,,3,3,1,1,262,262,,,266,266,pass,,25.0,5.4380793089231965,19.561920691076804,,GOLF_20260709_101_prvsiyan_7266_72_repro,unknown,,,unknown,,,,none,unknown,not_obvious,,,true,2026-07-09T14:00:45,2026-07-09T14:00:45,
316,task316,,,C:/Users/zyc/AppData/Local/Temp/neurogolf_score__hewx83n/task316.onnx,true,87169a9c1976a26df16f68a281f53df41e14cbd27a145dd57b94f56f84aba43c,1160,38,388,,426,18.94556065373063,pass,,3,3,1,1,262,262,,,266,266,pass,,25.0,6.054439346269369,18.94556065373063,,GOLF_20260709_101_prvsiyan_7266_72_repro,unknown,,,unknown,,,,none,unknown,not_obvious,,,true,2026-07-09T14:00:45,2026-07-09T14:00:45,
317,task317,,,C:/Users/zyc/AppData/Local/Temp/neurogolf_score__hewx83n/task317.onnx,true,6991c5597b423cf499a1146d43afa75e88d396b2c8d1d6efd3539e81e149235b,697,18,128,,146,20.016393378291664,pass,,2,2,1,1,262,262,,,265,265,pass,,25.0,4.983606621708336,20.016393378291664,,GOLF_20260709_101_prvsiyan_7266_72_repro,unknown,,,unknown,,,,none,unknown,not_obvious,,,true,2026-07-09T14:00:45,2026-07-09T14:00:45,
318,task318,,,C:/Users/zyc/AppData/Local/Temp/neurogolf_score__hewx83n/task318.onnx,true,0bfa37796a89ad38a7655d8e98dbb256aba81674632133fbae9b8b9a137c49fe,605,100,0,,100,20.394829814011906,pass,,4,4,1,1,262,262,,,267,267,pass,,25.0,4.605170185988094,20.394829814011906,,GOLF_20260709_101_prvsiyan_7266_72_repro,unknown,,,unknown,,,,none,unknown,not_obvious,,,true,2026-07-09T14:00:45,2026-07-09T14:00:45,
319,task319,,,C:/Users/zyc/AppData/Local/Temp/neurogolf_score__hewx83n/task319.onnx,true,5df0de2e9e52ba143be115613efaa645621ffc6664611985e40f136c0a5fba41,10464,159,5674,,5833,16.328713273246365,pass,,4,4,1,1,262,262,,,267,267,pass,,25.0,8.671286726753635,16.328713273246365,,GOLF_20260709_101_prvsiyan_7266_72_repro,unknown,,,unknown,,,,none,unknown,not_obvious,,,true,2026-07-09T14:00:46,2026-07-09T14:00:46,
320,task320,,,C:/Users/zyc/AppData/Local/Temp/neurogolf_score__hewx83n/task320.onnx,true,793240b0b28b488a072581924ed92941f63c177edf092ed931a5f525b0eb0a74,2977,322,448,,770,18.35360948515227,pass,,3,3,1,1,262,262,,,266,266,pass,,25.0,6.646390514847731,18.35360948515227,,GOLF_20260709_101_prvsiyan_7266_72_repro,unknown,,,unknown,,,,none,unknown,not_obvious,,,true,2026-07-09T14:00:47,2026-07-09T14:00:47,
321,task321,,,C:/Users/zyc/AppData/Local/Temp/neurogolf_score__hewx83n/task321.onnx,true,1ec138f2d3eb7c3bff39f95ed07c6c92c2c570be38055787e8feacfe2febf703,1418,300,0,,300,19.2962175253438,pass,,5,5,1,1,261,261,,,267,267,pass,,25.0,5.703782474656201,19.2962175253438,,GOLF_20260709_101_prvsiyan_7266_72_repro,unknown,,,unknown,,,,none,unknown,not_obvious,,,true,2026-07-09T14:00:47,2026-07-09T14:00:47,
322,task322,,,C:/Users/zyc/AppData/Local/Temp/neurogolf_score__hewx83n/task322.onnx,true,f9625be22bba6717281a52ec13ef7747cbe8064618690490d8259159db56760e,920,56,144,,200,19.701682633451963,pass,,3,3,1,1,262,262,,,266,266,pass,,25.0,5.298317366548037,19.701682633451963,,GOLF_20260709_101_prvsiyan_7266_72_repro,unknown,,,unknown,,,,none,unknown,not_obvious,,,true,2026-07-09T14:00:47,2026-07-09T14:00:47,
323,task323,,,C:/Users/zyc/AppData/Local/Temp/neurogolf_score__hewx83n/task323.onnx,true,d17729d2f2ac1c032e9b94cdd875843efe5f5bf8ab90edefd77387210a5cb14d,1813,717,913,,1630,17.60366470619919,pass,,2,2,1,1,169,169,,,172,172,pass,,25.0,7.39633529380081,17.60366470619919,,GOLF_20260709_101_prvsiyan_7266_72_repro,unknown,,,unknown,,,,none,unknown,not_obvious,,,true,2026-07-09T14:00:48,2026-07-09T14:00:48,
324,task324,,,C:/Users/zyc/AppData/Local/Temp/neurogolf_score__hewx83n/task324.onnx,true,dc14391eb54f5b50a215651de3093aab9ac08a316d96b118e782c9f46ded93cf,4395,1590,7049,,8639,15.935957885641116,pass,,3,3,1,1,262,262,,,266,266,pass,,25.0,9.064042114358884,15.935957885641116,,GOLF_20260709_101_prvsiyan_7266_72_repro,unknown,,,unknown,,,,none,unknown,not_obvious,,,true,2026-07-09T14:00:48,2026-07-09T14:00:48,
325,task325,,,C:/Users/zyc/AppData/Local/Temp/neurogolf_score__hewx83n/task325.onnx,true,29ed2ee7660cc14f9dff2f4271c852a87091e6b7fb18e706aba4ce5206d8fec3,5208,966,517,,1483,17.698177657862068,pass,,3,3,1,1,262,262,,,266,266,pass,,25.0,7.301822342137932,17.698177657862068,,GOLF_20260709_101_prvsiyan_7266_72_repro,unknown,,,unknown,,,,none,unknown,not_obvious,,,true,2026-07-09T14:00:49,2026-07-09T14:00:49,
326,task326,,,C:/Users/zyc/AppData/Local/Temp/neurogolf_score__hewx83n/task326.onnx,true,5e386d31e01e3f7cbf3fd025115ebf3d82c20522e73941921053e5cb8bb1778c,314,30,0,,30,21.598802618337846,pass,,3,3,1,1,262,262,,,266,266,pass,,25.0,3.401197381662154,21.598802618337846,,GOLF_20260709_101_prvsiyan_7266_72_repro,unknown,,,unknown,,,,none,unknown,not_obvious,,,true,2026-07-09T14:01:14,2026-07-09T14:01:14,
327,task327,,,C:/Users/zyc/AppData/Local/Temp/neurogolf_score__hewx83n/task327.onnx,true,38efd2d259b718d9bdeca181040253c523f7f5fb2d6acf4ddd8ad2e185c2b68e,1002,152,486,,638,18.54166171665521,pass,,3,3,1,1,261,261,,,265,265,pass,,25.0,6.458338283344791,18.54166171665521,,GOLF_20260709_101_prvsiyan_7266_72_repro,unknown,,,unknown,,,,none,unknown,not_obvious,,,true,2026-07-09T14:01:14,2026-07-09T14:01:14,
328,task328,,,C:/Users/zyc/AppData/Local/Temp/neurogolf_score__hewx83n/task328.onnx,true,282e6d5a0ae937f75a2860196373ffdd996a77c18e1f59ade751f466de4b1fdf,3035,123,6181,,6304,16.251060368462284,pass,,4,4,1,1,262,262,,,267,267,pass,,25.0,8.748939631537716,16.251060368462284,,GOLF_20260709_101_prvsiyan_7266_72_repro,unknown,,,unknown,,,,none,unknown,not_obvious,,,true,2026-07-09T14:01:14,2026-07-09T14:01:14,
329,task329,,,C:/Users/zyc/AppData/Local/Temp/neurogolf_score__hewx83n/task329.onnx,true,02dd5cdee77f7ecc1b20a46e6dec17a2e8404b6dc7b8fd59d7c8c8f69d2e7b78,1068,29,1021,,1050,18.04345455684843,pass,,3,3,1,1,262,262,,,266,266,pass,,25.0,6.956545443151569,18.04345455684843,,GOLF_20260709_101_prvsiyan_7266_72_repro,unknown,,,unknown,,,,none,unknown,not_obvious,,,true,2026-07-09T14:01:15,2026-07-09T14:01:15,
330,task330,,,C:/Users/zyc/AppData/Local/Temp/neurogolf_score__hewx83n/task330.onnx,true,52b1dbfed9812c7d61802191ad36e5134ccdd4b0f5294056bbedc1d90e1fe677,1556,225,2600,,2825,17.05373635641946,pass,,3,3,1,1,262,262,,,266,266,pass,,25.0,7.94626364358054,17.05373635641946,,GOLF_20260709_101_prvsiyan_7266_72_repro,unknown,,,unknown,,,,none,unknown,not_obvious,,,true,2026-07-09T14:01:15,2026-07-09T14:01:15,
331,task331,,,C:/Users/zyc/AppData/Local/Temp/neurogolf_score__hewx83n/task331.onnx,true,159b7db4377d2a7d75a15aa8f84344e6d919741566944220da8f361aa1da572a,3836,910,0,,910,18.186555400489105,pass,,2,2,1,1,262,262,,,265,265,pass,,25.0,6.813444599510895,18.186555400489105,,GOLF_20260709_101_prvsiyan_7266_72_repro,unknown,,,unknown,,,,none,unknown,not_obvious,,,true,2026-07-09T14:01:16,2026-07-09T14:01:16,
332,task332,,,C:/Users/zyc/AppData/Local/Temp/neurogolf_score__hewx83n/task332.onnx,true,a606cb8a41ec54844c2679e02af93498672686c44bf87f181f5a36330de169d5,1752,172,389,,561,18.670279094477305,pass,,4,4,1,1,262,262,,,267,267,pass,,25.0,6.329720905522695,18.670279094477305,,GOLF_20260709_101_prvsiyan_7266_72_repro,unknown,,,unknown,,,,none,unknown,not_obvious,,,true,2026-07-09T14:01:16,2026-07-09T14:01:16,
333,task333,,,C:/Users/zyc/AppData/Local/Temp/neurogolf_score__hewx83n/task333.onnx,true,82f44847be0cc7a25b720d83a0b860272aa4c99a2a2632f01002843fb47b2e16,1682,61,2340,,2401,17.216359403778746,pass,,3,3,1,1,261,261,,,265,265,pass,,25.0,7.783640596221254,17.216359403778746,,GOLF_20260709_101_prvsiyan_7266_72_repro,unknown,,,unknown,,,,none,unknown,not_obvious,,,true,2026-07-09T14:01:16,2026-07-09T14:01:16,
334,task334,,,C:/Users/zyc/AppData/Local/Temp/neurogolf_score__hewx83n/task334.onnx,true,3aed754b3b13af23e3649151957654ce3394467526edec8540c2299563d18d8f,1921,11,183,,194,19.73214184093667,pass,,7,7,2,2,262,262,,,271,271,pass,,25.0,5.26785815906333,19.73214184093667,,GOLF_20260709_101_prvsiyan_7266_72_repro,unknown,,,unknown,,,,none,unknown,not_obvious,,,true,2026-07-09T14:01:16,2026-07-09T14:01:16,
335,task335,,,C:/Users/zyc/AppData/Local/Temp/neurogolf_score__hewx83n/task335.onnx,true,2b5f2b72577f6f760623197bfb2ab9bc4762afae945564d0bfe7ebc01cfdcc56,1714,210,1170,,1380,17.77016122184875,pass,,3,3,1,1,262,262,,,266,266,pass,,25.0,7.229838778151251,17.77016122184875,,GOLF_20260709_101_prvsiyan_7266_72_repro,unknown,,,unknown,,,,none,unknown,not_obvious,,,true,2026-07-09T14:01:17,2026-07-09T14:01:17,
336,task336,,,C:/Users/zyc/AppData/Local/Temp/neurogolf_score__hewx83n/task336.onnx,true,8cffed4ad33ff1d68d4750b91ab147cbbf6d0ed96755ffa405c9c255ef1372c9,5565,1056,764,,1820,17.493408219929158,pass,,2,2,1,1,28,28,,,31,31,pass,,25.0,7.506591780070842,17.493408219929158,,GOLF_20260709_101_prvsiyan_7266_72_repro,unknown,,,unknown,,,,none,unknown,not_obvious,,,true,2026-07-09T14:01:17,2026-07-09T14:01:17,
337,task337,,,C:/Users/zyc/AppData/Local/Temp/neurogolf_score__hewx83n/task337.onnx,true,c276f5799bf0f2f77bbc0c31f5ed97472afbff9a946326286e229929029e2484,159,10,0,,10,22.697414907005953,pass,,3,3,1,1,262,262,,,266,266,pass,,25.0,2.302585092994047,22.697414907005953,,GOLF_20260709_101_prvsiyan_7266_72_repro,unknown,,,unknown,,,,none,unknown,not_obvious,,,true,2026-07-09T14:01:17,2026-07-09T14:01:17,
338,task338,,,C:/Users/zyc/AppData/Local/Temp/neurogolf_score__hewx83n/task338.onnx,true,857ebd11081aa0a0e59e42e10e11adb33cf86a537147ef2db9a9e57a86b02278,2529,267,8581,,8848,15.912053276237884,pass,,3,3,2,2,262,262,,,267,267,pass,,25.0,9.087946723762116,15.912053276237884,,GOLF_20260709_101_prvsiyan_7266_72_repro,unknown,,,unknown,,,,none,unknown,not_obvious,,,true,2026-07-09T14:01:17,2026-07-09T14:01:17,
339,task339,,,C:/Users/zyc/AppData/Local/Temp/neurogolf_score__hewx83n/task339.onnx,true,829550bb68159f8fe1ce13645b1bdd74c87d8d8f54fd3b3b9755ba1f7bf7ae92,699,100,40,,140,20.058357577390694,pass,,4,4,1,1,261,261,,,266,266,pass,,25.0,4.941642422609306,20.058357577390694,,GOLF_20260709_101_prvsiyan_7266_72_repro,unknown,,,unknown,,,,none,unknown,not_obvious,,,true,2026-07-09T14:01:18,2026-07-09T14:01:18,
340,task340,,,C:/Users/zyc/AppData/Local/Temp/neurogolf_score__hewx83n/task340.onnx,true,231f9a7cb736280f93cdf44a81ae56a80a56cf8329df32fa00b403f26522e4e4,3524,120,3284,,3404,16.867293510306737,pass,,3,3,1,1,262,262,,,266,266,pass,,25.0,8.132706489693263,16.867293510306737,,GOLF_20260709_101_prvsiyan_7266_72_repro,unknown,,,unknown,,,,none,unknown,not_obvious,,,true,2026-07-09T14:01:18,2026-07-09T14:01:18,
341,task341,,,C:/Users/zyc/AppData/Local/Temp/neurogolf_score__hewx83n/task341.onnx,true,f831542d7c6e6abdf452ed4b69e4daa240484dc92a75c6a96d153a1e006a370b,3522,33,1394,,1427,17.736670382523165,pass,,3,3,1,1,262,262,,,266,266,pass,,25.0,7.263329617476835,17.736670382523165,,GOLF_20260709_101_prvsiyan_7266_72_repro,unknown,,,unknown,,,,none,unknown,not_obvious,,,true,2026-07-09T14:01:19,2026-07-09T14:01:19,
342,task342,,,C:/Users/zyc/AppData/Local/Temp/neurogolf_score__hewx83n/task342.onnx,true,29162826fc46cd0fb54bdd0ac5339dce3489ffb44b35a38d4fba33e005f5523a,4846,74,998,,1072,18.022718658369254,pass,,3,3,1,1,262,262,,,266,266,pass,,25.0,6.977281341630746,18.022718658369254,,GOLF_20260709_101_prvsiyan_7266_72_repro,unknown,,,unknown,,,,none,unknown,not_obvious,,,true,2026-07-09T14:01:20,2026-07-09T14:01:20,
343,task343,,,C:/Users/zyc/AppData/Local/Temp/neurogolf_score__hewx83n/task343.onnx,true,2910f35126f46caf36c68c4e769c16d7bfc0155c8624786d2957e57804744f70,5126,368,1171,,1539,17.66111186616112,pass,,3,3,1,1,262,262,,,266,266,pass,,25.0,7.3388881338388785,17.66111186616112,,GOLF_20260709_101_prvsiyan_7266_72_repro,unknown,,,unknown,,,,none,unknown,not_obvious,,,true,2026-07-09T14:01:21,2026-07-09T14:01:21,
344,task344,,,C:/Users/zyc/AppData/Local/Temp/neurogolf_score__hewx83n/task344.onnx,true,60b721e8d62197c58d9fd25424832cde07e54d789c0e3f10b093f677c7961847,3834,910,0,,910,18.186555400489105,pass,,3,3,1,1,262,262,,,266,266,pass,,25.0,6.813444599510895,18.186555400489105,,GOLF_20260709_101_prvsiyan_7266_72_repro,unknown,,,unknown,,,,none,unknown,not_obvious,,,true,2026-07-09T14:01:21,2026-07-09T14:01:21,
345,task345,,,C:/Users/zyc/AppData/Local/Temp/neurogolf_score__hewx83n/task345.onnx,true,e890ad707fae08730ed1411af9e3da53e716328922ce416631d253632731dd96,2472,64,1431,,1495,17.690118514175214,pass,,2,2,1,1,261,261,,,264,264,pass,,25.0,7.309881485824786,17.690118514175214,,GOLF_20260709_101_prvsiyan_7266_72_repro,unknown,,,unknown,,,,none,unknown,not_obvious,,,true,2026-07-09T14:01:21,2026-07-09T14:01:21,
346,task346,,,C:/Users/zyc/AppData/Local/Temp/neurogolf_score__hewx83n/task346.onnx,true,2ebe6886be6c07f72bea7a3b614b2b979768cbbd99edef242d71c86d88af478a,2850,30,1224,,1254,17.865906278807135,pass,,4,4,1,1,262,262,,,267,267,pass,,25.0,7.1340937211928654,17.865906278807135,,GOLF_20260709_101_prvsiyan_7266_72_repro,unknown,,,unknown,,,,none,unknown,not_obvious,,,true,2026-07-09T14:01:22,2026-07-09T14:01:22,
347,task347,,,C:/Users/zyc/AppData/Local/Temp/neurogolf_score__hewx83n/task347.onnx,true,12d173701db38bc50e1a06fcbc76648c0009ea658f756c3fbba8fd1003a992c7,792,26,117,,143,20.03715536974009,pass,,5,5,2,2,262,262,,,269,269,pass,,25.0,4.962844630259909,20.03715536974009,,GOLF_20260709_101_prvsiyan_7266_72_repro,unknown,,,unknown,,,,none,unknown,not_obvious,,,true,2026-07-09T14:01:22,2026-07-09T14:01:22,
348,task348,,,C:/Users/zyc/AppData/Local/Temp/neurogolf_score__hewx83n/task348.onnx,true,fbdd21c8f1814fa93dfdfe0200922fd3becfc357db16347ed3dc4a2a6c8f3c7a,2025,94,1612,,1706,17.558093271948376,pass,,2,2,1,1,262,262,,,265,265,pass,,25.0,7.441906728051624,17.558093271948376,,GOLF_20260709_101_prvsiyan_7266_72_repro,unknown,,,unknown,,,,none,unknown,not_obvious,,,true,2026-07-09T14:01:23,2026-07-09T14:01:23,
349,task349,,,C:/Users/zyc/AppData/Local/Temp/neurogolf_score__hewx83n/task349.onnx,true,f7ad5e72db458e26eadd854f4a334b40a15c5374cabd9a0b8b8254bceab71999,2664,1182,13710,,14892,15.391420565007392,pass,,4,4,1,1,262,262,,,267,267,pass,,25.0,9.608579434992608,15.391420565007392,,GOLF_20260709_101_prvsiyan_7266_72_repro,unknown,,,unknown,,,,none,unknown,not_obvious,,,true,2026-07-09T14:01:23,2026-07-09T14:01:23,
350,task350,,,C:/Users/zyc/AppData/Local/Temp/neurogolf_score__hewx83n/task350.onnx,true,4fc1f47414a1dbf9bd9b89c6becc37189e1913658e09133b2f485d6dcf2ab2b9,696,24,9012,,9036,15.891028122412106,pass,,4,4,1,1,262,262,,,267,267,pass,,25.0,9.108971877587894,15.891028122412106,,GOLF_20260709_101_prvsiyan_7266_72_repro,unknown,,,unknown,,,,none,unknown,not_obvious,,,true,2026-07-09T14:01:23,2026-07-09T14:01:23,
351,task351,,,C:/Users/zyc/AppData/Local/Temp/neurogolf_score__hewx83n/task351.onnx,true,91d5bee2ae4736b4512997b694aeea1262276bea276f76c91e520ed4e9a31cf8,990,29,1200,,1229,17.886043890433967,pass,,3,3,1,1,261,261,,,265,265,pass,,25.0,7.113956109566033,17.886043890433967,,GOLF_20260709_101_prvsiyan_7266_72_repro,unknown,,,unknown,,,,none,unknown,not_obvious,,,true,2026-07-09T14:01:24,2026-07-09T14:01:24,
352,task352,,,C:/Users/zyc/AppData/Local/Temp/neurogolf_score__hewx83n/task352.onnx,true,7e1e11e49412d1b5c391f3bb4df9c5a93f1e826c787aac857f91ceac745a4d17,2092,460,0,,460,18.86877351051686,pass,,3,3,1,1,262,262,,,266,266,pass,,25.0,6.13122648948314,18.86877351051686,,GOLF_20260709_101_prvsiyan_7266_72_repro,unknown,,,unknown,,,,none,unknown,not_obvious,,,true,2026-07-09T14:01:24,2026-07-09T14:01:24,
353,task353,,,C:/Users/zyc/AppData/Local/Temp/neurogolf_score__hewx83n/task353.onnx,true,aca31888d6a834f7b63c41dc1e48addce3f44ca64537d5351f9ba073bc41b18b,1438,62,182,,244,19.5028317747068,pass,,7,7,2,2,262,262,,,271,271,pass,,25.0,5.497168225293201,19.5028317747068,,GOLF_20260709_101_prvsiyan_7266_72_repro,unknown,,,unknown,,,,none,unknown,not_obvious,,,true,2026-07-09T14:01:24,2026-07-09T14:01:24,
354,task354,,,C:/Users/zyc/AppData/Local/Temp/neurogolf_score__hewx83n/task354.onnx,true,8a6e96a689942265d4274b33622b292fc5f56d3e36e8a525dc2fad9c803cc154,1174,48,2170,,2218,17.295638832089686,pass,,3,3,1,1,262,262,,,266,266,pass,,25.0,7.704361167910314,17.295638832089686,,GOLF_20260709_101_prvsiyan_7266_72_repro,unknown,,,unknown,,,,none,unknown,not_obvious,,,true,2026-07-09T14:01:24,2026-07-09T14:01:24,
355,task355,,,C:/Users/zyc/AppData/Local/Temp/neurogolf_score__hewx83n/task355.onnx,true,6cbc2c90bcc24462c17e76c9a6107f88f56de8134663cfeed882bcc6582f05fa,1436,43,496,,539,18.710284429091004,pass,,4,4,1,1,262,262,,,267,267,pass,,25.0,6.289715570908996,18.710284429091004,,GOLF_20260709_101_prvsiyan_7266_72_repro,unknown,,,unknown,,,,none,unknown,not_obvious,,,true,2026-07-09T14:01:25,2026-07-09T14:01:25,
356,task356,,,C:/Users/zyc/AppData/Local/Temp/neurogolf_score__hewx83n/task356.onnx,true,24e9acdd6b1002612e9f26807572e0509780a13c22a7502c9e67d7a87d69306c,1178,19,1300,,1319,17.815370847282686,pass,,3,3,1,1,262,262,,,266,266,pass,,25.0,7.184629152717314,17.815370847282686,,GOLF_20260709_101_prvsiyan_7266_72_repro,unknown,,,unknown,,,,none,unknown,not_obvious,,,true,2026-07-09T14:01:25,2026-07-09T14:01:25,
357,task357,,,C:/Users/zyc/AppData/Local/Temp/neurogolf_score__hewx83n/task357.onnx,true,aa2e6a783ee448c5920f430044b4d60e7f1b24865562c676d93c8c3237168058,926,33,258,,291,19.326676732828506,pass,,3,3,1,1,9,9,,,13,13,pass,,25.0,5.673323267171494,19.326676732828506,,GOLF_20260709_101_prvsiyan_7266_72_repro,unknown,,,unknown,,,,none,unknown,not_obvious,,,true,2026-07-09T14:01:25,2026-07-09T14:01:25,
358,task358,,,C:/Users/zyc/AppData/Local/Temp/neurogolf_score__hewx83n/task358.onnx,true,f5fd5ba0f5d9b4520f86ea93fc857886a3d3b9dd621e6e1761a8a5d1e29e57c8,2819,157,3641,,3798,16.757770108627767,pass,,2,2,1,1,262,262,,,265,265,pass,,25.0,8.242229891372233,16.757770108627767,,GOLF_20260709_101_prvsiyan_7266_72_repro,unknown,,,unknown,,,,none,unknown,not_obvious,,,true,2026-07-09T14:01:25,2026-07-09T14:01:25,
359,task359,,,C:/Users/zyc/AppData/Local/Temp/neurogolf_score__hewx83n/task359.onnx,true,90845abfbbfb565e107a13896f223d53a39a45e948b5596ace983b8cc7033c5c,1617,15,4269,,4284,16.63735756843236,pass,,3,3,1,1,262,262,,,266,266,pass,,25.0,8.36264243156764,16.63735756843236,,GOLF_20260709_101_prvsiyan_7266_72_repro,unknown,,,unknown,,,,none,unknown,not_obvious,,,true,2026-07-09T14:01:26,2026-07-09T14:01:26,
360,task360,,,C:/Users/zyc/AppData/Local/Temp/neurogolf_score__hewx83n/task360.onnx,true,8ef438c032e15f0701ca184a2995915bbd4d03bad58d1568bc136043ee4dd6e8,1634,340,0,,340,19.17105438238979,pass,,3,3,1,1,262,262,,,266,266,pass,,25.0,5.828945617610209,19.17105438238979,,GOLF_20260709_101_prvsiyan_7266_72_repro,unknown,,,unknown,,,,none,unknown,not_obvious,,,true,2026-07-09T14:01:27,2026-07-09T14:01:27,
361,task361,,,C:/Users/zyc/AppData/Local/Temp/neurogolf_score__hewx83n/task361.onnx,true,66c324166982890165c500b1e7c4681a0d2c4f0d009903c75ddad62665c73b41,3416,362,4244,,4606,16.56488491961937,pass,,3,3,1,1,262,262,,,266,266,pass,,25.0,8.43511508038063,16.56488491961937,,GOLF_20260709_101_prvsiyan_7266_72_repro,unknown,,,unknown,,,,none,unknown,not_obvious,,,true,2026-07-09T14:01:27,2026-07-09T14:01:27,
362,task362,,,C:/Users/zyc/AppData/Local/Temp/neurogolf_score__hewx83n/task362.onnx,true,b8dee60f7de2d1db2e86ca11973e26c3d298c74384cc798cba5bff359d29c3a8,1825,113,408,,521,18.744249958246634,pass,,4,4,1,1,262,262,,,267,267,pass,,25.0,6.255750041753366,18.744249958246634,,GOLF_20260709_101_prvsiyan_7266_72_repro,unknown,,,unknown,,,,none,unknown,not_obvious,,,true,2026-07-09T14:01:28,2026-07-09T14:01:28,
363,task363,,,C:/Users/zyc/AppData/Local/Temp/neurogolf_score__hewx83n/task363.onnx,true,993ed2e49657ad0d213afff704284101d86a3c3a79f539607b91ac88ee5ee0a0,3130,283,4001,,4284,16.63735756843236,pass,,3,3,1,1,261,261,,,265,265,pass,,25.0,8.36264243156764,16.63735756843236,,GOLF_20260709_101_prvsiyan_7266_72_repro,unknown,,,unknown,,,,none,unknown,not_obvious,,,true,2026-07-09T14:01:28,2026-07-09T14:01:28,
364,task364,,,C:/Users/zyc/AppData/Local/Temp/neurogolf_score__hewx83n/task364.onnx,true,f19018a3101987f4fabfdbdb561c99040bced6864f2b2371c29618faca94c660,2168,102,14540,,14642,15.408350609793413,pass,,3,3,1,1,262,262,,,266,266,pass,,25.0,9.591649390206587,15.408350609793413,,GOLF_20260709_101_prvsiyan_7266_72_repro,unknown,,,unknown,,,,none,unknown,not_obvious,,,true,2026-07-09T14:01:29,2026-07-09T14:01:29,
365,task365,,,C:/Users/zyc/AppData/Local/Temp/neurogolf_score__hewx83n/task365.onnx,true,2ddf9d9244acaf7272c9142d7bfb91b1a7deb90e1e188d0347c164a8cee818b9,3852,116,3006,,3122,16.953770898924624,pass,,3,3,1,1,262,262,,,266,266,pass,,25.0,8.046229101075376,16.953770898924624,,GOLF_20260709_101_prvsiyan_7266_72_repro,unknown,,,unknown,,,,none,unknown,not_obvious,,,true,2026-07-09T14:01:30,2026-07-09T14:01:30,
366,task366,,,C:/Users/zyc/AppData/Local/Temp/neurogolf_score__hewx83n/task366.onnx,true,f4110b52eb216d8105ba5e63025f96f425c4f4b8e5814403d6ab7f3574fcedaf,29365,203,29956,,30159,14.68576133492647,pass,,3,3,1,1,251,251,,,255,255,pass,,25.0,10.31423866507353,14.68576133492647,,GOLF_20260709_101_prvsiyan_7266_72_repro,unknown,,,unknown,,,,none,unknown,not_obvious,,,true,2026-07-09T14:01:31,2026-07-09T14:01:31,
367,task367,,,C:/Users/zyc/AppData/Local/Temp/neurogolf_score__hewx83n/task367.onnx,true,3a05b7f0b2c5fbcbfea67be788259810c8178e5f19f7ea859d059c9cc10ec0f6,3157,587,16100,,16687,15.277614747853097,pass,,3,3,1,1,262,262,,,266,266,pass,,25.0,9.722385252146903,15.277614747853097,,GOLF_20260709_101_prvsiyan_7266_72_repro,unknown,,,unknown,,,,none,unknown,not_obvious,,,true,2026-07-09T14:01:37,2026-07-09T14:01:37,
368,task368,,,C:/Users/zyc/AppData/Local/Temp/neurogolf_score__hewx83n/task368.onnx,true,d154500b74011ac122e42073c203632c1ef379d967b855f0cca47ad4a641056c,2116,106,3493,,3599,16.811588691920967,pass,,2,2,1,1,262,262,,,265,265,pass,,25.0,8.188411308079033,16.811588691920967,,GOLF_20260709_101_prvsiyan_7266_72_repro,unknown,,,unknown,,,,none,unknown,not_obvious,,,true,2026-07-09T14:01:37,2026-07-09T14:01:37,
369,task369,,,C:/Users/zyc/AppData/Local/Temp/neurogolf_score__hewx83n/task369.onnx,true,15d15fcf6d0a2f8ea9c864a618fa2f79d2f343c39ba89c051a6c39429ddd0b7c,783,193,1200,,1393,17.760785026220194,pass,,3,3,1,1,261,261,,,265,265,pass,,25.0,7.239214973779806,17.760785026220194,,GOLF_20260709_101_prvsiyan_7266_72_repro,unknown,,,unknown,,,,none,unknown,not_obvious,,,true,2026-07-09T14:01:38,2026-07-09T14:01:38,
370,task370,,,C:/Users/zyc/AppData/Local/Temp/neurogolf_score__hewx83n/task370.onnx,true,b4dbd494c29ebb047e7f3247dc904f772eda5aa3531054fbd0f21d05e4ef4c0e,6691,555,6043,,6598,16.205478148211473,pass,,3,3,1,1,262,262,,,266,266,pass,,25.0,8.794521851788527,16.205478148211473,,GOLF_20260709_101_prvsiyan_7266_72_repro,unknown,,,unknown,,,,none,unknown,not_obvious,,,true,2026-07-09T14:01:38,2026-07-09T14:01:38,
371,task371,,,C:/Users/zyc/AppData/Local/Temp/neurogolf_score__hewx83n/task371.onnx,true,62e99f09826f2b72f91711dcce6d933dd39081ce76ecee738a6ddb61758b71b0,1395,91,376,,467,18.853670742331104,pass,,2,2,2,2,262,262,,,266,266,pass,,25.0,6.146329257668896,18.853670742331104,,GOLF_20260709_101_prvsiyan_7266_72_repro,unknown,,,unknown,,,,none,unknown,not_obvious,,,true,2026-07-09T14:01:39,2026-07-09T14:01:39,
372,task372,,,C:/Users/zyc/AppData/Local/Temp/neurogolf_score__hewx83n/task372.onnx,true,e80771f0f7b8440f457c8ac7423250344ab4f757b18ce148c1bd5644377fc21a,3057,710,0,,710,18.43473502996464,pass,,3,3,1,1,262,262,,,266,266,pass,,25.0,6.565264970035361,18.43473502996464,,GOLF_20260709_101_prvsiyan_7266_72_repro,unknown,,,unknown,,,,none,unknown,not_obvious,,,true,2026-07-09T14:01:39,2026-07-09T14:01:39,
373,task373,,,C:/Users/zyc/AppData/Local/Temp/neurogolf_score__hewx83n/task373.onnx,true,8edd396f7ebbf71a21da16f7b09e414f2a8b583c9966d48216d566c4ed9c7c76,453,60,0,,60,20.9056554377779,pass,,2,2,1,1,72,72,,,75,75,pass,,25.0,4.094344562222101,20.9056554377779,,GOLF_20260709_101_prvsiyan_7266_72_repro,unknown,,,unknown,,,,none,unknown,not_obvious,,,true,2026-07-09T14:01:40,2026-07-09T14:01:40,
374,task374,,,C:/Users/zyc/AppData/Local/Temp/neurogolf_score__hewx83n/task374.onnx,true,24f9c01c8a7659febb273617c56ec6ec8fdc75301e530e9abc0d5a4b3cd18a17,2007,53,2164,,2217,17.29608979038369,pass,,4,4,1,1,262,262,,,267,267,pass,,25.0,7.703910209616311,17.29608979038369,,GOLF_20260709_101_prvsiyan_7266_72_repro,unknown,,,unknown,,,,none,unknown,not_obvious,,,true,2026-07-09T14:01:40,2026-07-09T14:01:40,
375,task375,,,C:/Users/zyc/AppData/Local/Temp/neurogolf_score__hewx83n/task375.onnx,true,1b34802c6ab4d672b625bc4774b1fb890f7567237ce6d55ac990e6ee8a597cfb,1256,208,119,,327,19.210039829102747,pass,,3,3,1,1,54,54,,,58,58,pass,,25.0,5.789960170897253,19.210039829102747,,GOLF_20260709_101_prvsiyan_7266_72_repro,unknown,,,unknown,,,,none,unknown,not_obvious,,,true,2026-07-09T14:01:40,2026-07-09T14:01:40,
376,task376,,,C:/Users/zyc/AppData/Local/Temp/neurogolf_score__hewx83n/task376.onnx,true,14506879a045351038068a19c160ca2ebfc57213fa8ad2412935be9b47244eca,777,42,144,,186,19.774253326286797,pass,,2,2,1,1,36,36,,,39,39,pass,,25.0,5.2257466737132034,19.774253326286797,,GOLF_20260709_101_prvsiyan_7266_72_repro,unknown,,,unknown,,,,none,unknown,not_obvious,,,true,2026-07-09T14:01:40,2026-07-09T14:01:40,
377,task377,,,C:/Users/zyc/AppData/Local/Temp/neurogolf_score__hewx83n/task377.onnx,true,506bb3ecaa35a3f5b0254b27bc4e7168e71f2466630178a85df25cba56dbfb67,5496,1015,3552,,4567,16.573388186815002,pass,,3,3,1,1,262,262,,,266,266,pass,,25.0,8.426611813184998,16.573388186815002,,GOLF_20260709_101_prvsiyan_7266_72_repro,unknown,,,unknown,,,,none,unknown,not_obvious,,,true,2026-07-09T14:01:40,2026-07-09T14:01:40,
378,task378,,,C:/Users/zyc/AppData/Local/Temp/neurogolf_score__hewx83n/task378.onnx,true,8d53220134f66c4d6ea7b2cbe16aec67aef316feb7c4ea4a043ef988595f91e0,5072,117,2974,,3091,16.963750057867884,pass,,4,4,1,1,262,262,,,267,267,pass,,25.0,8.036249942132116,16.963750057867884,,GOLF_20260709_101_prvsiyan_7266_72_repro,unknown,,,unknown,,,,none,unknown,not_obvious,,,true,2026-07-09T14:01:41,2026-07-09T14:01:41,
379,task379,,,C:/Users/zyc/AppData/Local/Temp/neurogolf_score__hewx83n/task379.onnx,true,6db4569721c768a02fc67179d2797d092d4abd18abc235965403f4cb045d3ceb,4215,153,7580,,7733,16.046747835390967,pass,,3,3,1,1,262,262,,,266,266,pass,,25.0,8.953252164609033,16.046747835390967,,GOLF_20260709_101_prvsiyan_7266_72_repro,unknown,,,unknown,,,,none,unknown,not_obvious,,,true,2026-07-09T14:01:42,2026-07-09T14:01:42,
380,task380,,,C:/Users/zyc/AppData/Local/Temp/neurogolf_score__hewx83n/task380.onnx,true,d7e7210306b713a5974c74d3f8ab4da6d918fb601bf1314d3d8847f23aa6b364,616,99,0,,99,20.40488014986541,pass,,4,4,1,1,262,262,,,267,267,pass,,25.0,4.595119850134591,20.40488014986541,,GOLF_20260709_101_prvsiyan_7266_72_repro,unknown,,,unknown,,,,none,unknown,not_obvious,,,true,2026-07-09T14:01:44,2026-07-09T14:01:44,
381,task381,,,C:/Users/zyc/AppData/Local/Temp/neurogolf_score__hewx83n/task381.onnx,true,f869ed167b89a063fcd8e4c304ac7893944afec9009f6af7d5725a41cf080d8d,1360,69,1684,,1753,17.530916115078767,pass,,3,3,1,1,261,261,,,265,265,pass,,25.0,7.469083884921233,17.530916115078767,,GOLF_20260709_101_prvsiyan_7266_72_repro,unknown,,,unknown,,,,none,unknown,not_obvious,,,true,2026-07-09T14:01:44,2026-07-09T14:01:44,
382,task382,,,C:/Users/zyc/AppData/Local/Temp/neurogolf_score__hewx83n/task382.onnx,true,ec62415cb08530ff70e410cfd34a811953bb10617017cd31c0648cd493fe02aa,6737,127,5568,,5695,16.352656124118717,pass,,3,3,1,1,262,262,,,266,266,pass,,25.0,8.647343875881283,16.352656124118717,,GOLF_20260709_101_prvsiyan_7266_72_repro,unknown,,,unknown,,,,none,unknown,not_obvious,,,true,2026-07-09T14:01:44,2026-07-09T14:01:44,
383,task383,,,C:/Users/zyc/AppData/Local/Temp/neurogolf_score__hewx83n/task383.onnx,true,10a96442c69cfb062b303048470de1fddd78375deedd90475160b87fc14050cc,4120,96,5734,,5830,16.32922772065546,pass,,3,3,1,1,262,262,,,266,266,pass,,25.0,8.67077227934454,16.32922772065546,,GOLF_20260709_101_prvsiyan_7266_72_repro,unknown,,,unknown,,,,none,unknown,not_obvious,,,true,2026-07-09T14:01:46,2026-07-09T14:01:46,
384,task384,,,C:/Users/zyc/AppData/Local/Temp/neurogolf_score__hewx83n/task384.onnx,true,75dc68ca140213f2a46eddf470420acc22a6e20067776370bb8b6b6eabc94834,1731,53,428,,481,18.824132729894238,pass,,3,3,1,1,262,262,,,266,266,pass,,25.0,6.175867270105762,18.824132729894238,,GOLF_20260709_101_prvsiyan_7266_72_repro,unknown,,,unknown,,,,none,unknown,not_obvious,,,true,2026-07-09T14:01:47,2026-07-09T14:01:47,
385,task385,,,C:/Users/zyc/AppData/Local/Temp/neurogolf_score__hewx83n/task385.onnx,true,629a5673b6a8e745a4c5b1b5afcf3c5e7214f2fd7c54d7f5da27eb3e788ea5d1,175,30,0,,30,21.598802618337846,pass,,2,2,1,1,262,262,,,265,265,pass,,25.0,3.401197381662154,21.598802618337846,,GOLF_20260709_101_prvsiyan_7266_72_repro,unknown,,,unknown,,,,none,unknown,not_obvious,,,true,2026-07-09T14:01:47,2026-07-09T14:01:47,
386,task386,,,C:/Users/zyc/AppData/Local/Temp/neurogolf_score__hewx83n/task386.onnx,true,454df939c0621578a2dcd658c41a6909950c13edd425233bc68711b54b1d7422,814,31,180,,211,19.648141866523932,pass,,5,5,1,1,262,262,,,268,268,pass,,25.0,5.3518581334760675,19.648141866523932,,GOLF_20260709_101_prvsiyan_7266_72_repro,unknown,,,unknown,,,,none,unknown,not_obvious,,,true,2026-07-09T14:01:47,2026-07-09T14:01:47,
387,task387,,,C:/Users/zyc/AppData/Local/Temp/neurogolf_score__hewx83n/task387.onnx,true,54bc07edc11fcfd060c667a3e6b3b20c6d12fb24d2aa17d25ab99662637d54d4,3876,117,4228,,4345,16.623218962300506,pass,,4,4,1,1,261,261,,,266,266,pass,,25.0,8.376781037699494,16.623218962300506,,GOLF_20260709_101_prvsiyan_7266_72_repro,unknown,,,unknown,,,,none,unknown,not_obvious,,,true,2026-07-09T14:01:47,2026-07-09T14:01:47,
388,task388,,,C:/Users/zyc/AppData/Local/Temp/neurogolf_score__hewx83n/task388.onnx,true,264886aa4d1050c4a2810dbe074abd7dd7882a56b49681ec63a3a0276a18ab61,2225,63,1766,,1829,17.488475351609132,pass,,3,3,1,1,262,262,,,266,266,pass,,25.0,7.511524648390868,17.488475351609132,,GOLF_20260709_101_prvsiyan_7266_72_repro,unknown,,,unknown,,,,none,unknown,not_obvious,,,true,2026-07-09T14:01:48,2026-07-09T14:01:48,
389,task389,,,C:/Users/zyc/AppData/Local/Temp/neurogolf_score__hewx83n/task389.onnx,true,0681ea20328fc88312ade626895809eb611fcc858e7114f824a58dc9254dc16a,702,22,108,,130,20.132465549544417,pass,,3,3,1,1,262,262,,,266,266,pass,,25.0,4.867534450455583,20.132465549544417,,GOLF_20260709_101_prvsiyan_7266_72_repro,unknown,,,unknown,,,,none,unknown,not_obvious,,,true,2026-07-09T14:01:49,2026-07-09T14:01:49,
390,task390,,,C:/Users/zyc/AppData/Local/Temp/neurogolf_score__hewx83n/task390.onnx,true,4ab87ac79ff3cd60d0ee922389eb5934d9be7ddbc0c7223368585ee08d59005d,8616,104,2595,,2699,17.099363386981995,pass,,3,3,1,1,262,262,,,266,266,pass,,25.0,7.900636613018005,17.099363386981995,,GOLF_20260709_101_prvsiyan_7266_72_repro,unknown,,,unknown,,,,none,unknown,not_obvious,,,true,2026-07-09T14:01:49,2026-07-09T14:01:49,
391,task391,,,C:/Users/zyc/AppData/Local/Temp/neurogolf_score__hewx83n/task391.onnx,true,144417a5fb4f406933f3a8329f67d13d468a16fa63f2f11a12a6d8ce702ff418,679,24,135,,159,19.93109579777977,pass,,4,4,1,1,262,262,,,267,267,pass,,25.0,5.0689042022202315,19.93109579777977,,GOLF_20260709_101_prvsiyan_7266_72_repro,unknown,,,unknown,,,,none,unknown,not_obvious,,,true,2026-07-09T14:01:50,2026-07-09T14:01:50,
392,task392,,,C:/Users/zyc/AppData/Local/Temp/neurogolf_score__hewx83n/task392.onnx,true,bb463823cbf811270750c2926320bd908e78fa1b6bfbdb8f6c13d4a9a544162d,4913,349,1592,,1941,17.42904141683099,pass,,3,3,1,1,262,262,,,266,266,pass,,25.0,7.570958583169009,17.42904141683099,,GOLF_20260709_101_prvsiyan_7266_72_repro,unknown,,,unknown,,,,none,unknown,not_obvious,,,true,2026-07-09T14:01:50,2026-07-09T14:01:50,
393,task393,,,C:/Users/zyc/AppData/Local/Temp/neurogolf_score__hewx83n/task393.onnx,true,0d7cf65ca49df24ae80432bfa604bea6eb1b6153d6bb8452fc12636c486c4bf6,494,19,125,,144,20.030186700424,pass,,3,3,1,1,261,261,,,265,265,pass,,25.0,4.969813299576,20.030186700424,,GOLF_20260709_101_prvsiyan_7266_72_repro,unknown,,,unknown,,,,none,unknown,not_obvious,,,true,2026-07-09T14:01:51,2026-07-09T14:01:51,
394,task394,,,C:/Users/zyc/AppData/Local/Temp/neurogolf_score__hewx83n/task394.onnx,true,e740504fef18b6ca71dccaa3da65c520751bf5ce0779606afe70ac926da15c40,2692,321,355,,676,18.483806923957037,pass,,3,3,1,1,262,262,,,266,266,pass,,25.0,6.516193076042963,18.483806923957037,,GOLF_20260709_101_prvsiyan_7266_72_repro,unknown,,,unknown,,,,none,unknown,not_obvious,,,true,2026-07-09T14:01:51,2026-07-09T14:01:51,
395,task395,,,C:/Users/zyc/AppData/Local/Temp/neurogolf_score__hewx83n/task395.onnx,true,591fe66edc5027b4b5451d5af6d72e82fbd3ac2b9fc3a9143f04b2d9cea38b88,819,21,144,,165,19.89405452609942,pass,,5,5,1,1,262,262,,,268,268,pass,,25.0,5.105945473900579,19.89405452609942,,GOLF_20260709_101_prvsiyan_7266_72_repro,unknown,,,unknown,,,,none,unknown,not_obvious,,,true,2026-07-09T14:01:51,2026-07-09T14:01:51,
396,task396,,,C:/Users/zyc/AppData/Local/Temp/neurogolf_score__hewx83n/task396.onnx,true,ea8e0f81b11963aa5331a03d33cb99fcf4eba337a78c0ff0d97acc33eef79955,3595,84,3482,,3566,16.820800201576915,pass,,3,3,1,1,262,262,,,266,266,pass,,25.0,8.179199798423085,16.820800201576915,,GOLF_20260709_101_prvsiyan_7266_72_repro,unknown,,,unknown,,,,none,unknown,not_obvious,,,true,2026-07-09T14:01:52,2026-07-09T14:01:52,
397,task397,,,C:/Users/zyc/AppData/Local/Temp/neurogolf_score__hewx83n/task397.onnx,true,e088bd74c4f0d012db17aff1d9ba4d3c6db3fdcd62cff28c588f82da80e8d72d,4654,190,2562,,2752,17.079916800946766,pass,,3,3,1,1,262,262,,,266,266,pass,,25.0,7.920083199053234,17.079916800946766,,GOLF_20260709_101_prvsiyan_7266_72_repro,unknown,,,unknown,,,,none,unknown,not_obvious,,,true,2026-07-09T14:01:52,2026-07-09T14:01:52,
398,task398,,,C:/Users/zyc/AppData/Local/Temp/neurogolf_score__hewx83n/task398.onnx,true,ffa296fe2d6b18d1f6dc04c1ca53f8435d61ed0aee61dfa92749f9d626b7f462,5498,1191,1006,,2197,17.30515192761539,pass,,5,5,1,1,262,262,,,268,268,pass,,25.0,7.694848072384609,17.30515192761539,,GOLF_20260709_101_prvsiyan_7266_72_repro,unknown,,,unknown,,,,none,unknown,not_obvious,,,true,2026-07-09T14:01:53,2026-07-09T14:01:53,
399,task399,,,C:/Users/zyc/AppData/Local/Temp/neurogolf_score__hewx83n/task399.onnx,true,45353156c29ca2d704a43a8943687d3a6328af035d902edb07680f3bbce93684,534,29,31,,60,20.9056554377779,pass,,8,8,3,3,262,262,,,273,273,pass,,25.0,4.094344562222101,20.9056554377779,,GOLF_20260709_101_prvsiyan_7266_72_repro,unknown,,,unknown,,,,none,unknown,not_obvious,,,true,2026-07-09T14:01:54,2026-07-09T14:01:54,
400,task400,,,C:/Users/zyc/AppData/Local/Temp/neurogolf_score__hewx83n/task400.onnx,true,74bb526e867fa4243fab3aed44e15c060cbf5455badadcadcc6cf79f98a5e195,735,9,1172,,1181,17.92588318380264,pass,,3,3,1,1,262,262,,,266,266,pass,,25.0,7.07411681619736,17.92588318380264,,GOLF_20260709_101_prvsiyan_7266_72_repro,unknown,,,unknown,,,,none,unknown,not_obvious,,,true,2026-07-09T14:01:54,2026-07-09T14:01:54,
