task_num,task_id,arc_task_id,task_name,current_onnx_path,onnx_exists,onnx_sha256,onnx_file_size_bytes,params,memory_bytes,macs,total_cost,current_score,correctness,verify_error,train_pass,train_total,test_pass,test_total,arcgen_pass,arcgen_total,python_solver_pass,python_solver_total,onnx_pass,onnx_total,official_verify_status,public_score,target_score,gap_to_target,best_known_score,best_known_source,candidate_id,source_type,solver_source_path,compiler_source_path,rule_status,rule_summary,first_fail_case,fail_reason,failure_type,recoverability,onnx_template_candidate,estimated_gain,priority,safe_to_submit,last_scored_at,last_updated_at,notes
1,task001,,,submissions/candidates/GOLF_20260609_061_arc_dsl_task325_component_count_diagonal/onnx/task001.onnx,true,80f114c73f22f7ad157c399acec303cc928f614e6e5dfb9967b3a921c1f641e2,1082,24,2819,,2843,17.047384888349,pass,,5,5,1,1,262,262,,,268,268,pass,,25.0,7.952615111650999,17.047384888349,,current,unknown,,,unknown,,,,none,unknown,not_obvious,,,true,2026-06-09T18:51:17,2026-06-09T18:51:17,
2,task002,,,submissions/candidates/GOLF_20260609_061_arc_dsl_task325_component_count_diagonal/onnx/task002.onnx,true,061d2e2653a43e3b6ab1a7b4546a48b6ffa65b23790106ab1742676020c96040,14560,93,97200,,97293,13.514517676859928,pass,,5,5,1,1,262,262,,,268,268,pass,,25.0,11.485482323140072,13.514517676859928,,current,unknown,,,unknown,,,,none,unknown,not_obvious,,,true,2026-06-09T18:51:17,2026-06-09T18:51:17,
3,task003,,,submissions/candidates/GOLF_20260609_061_arc_dsl_task325_component_count_diagonal/onnx/task003.onnx,true,a41ad7e3efe23c97497862dd91ea554f505de1047f4dd0eda52d917136dde6c3,5000,18,1172,,1190,17.918291413894426,pass,,3,3,1,1,261,261,,,265,265,pass,,25.0,7.081708586105574,17.918291413894426,,current,unknown,,,unknown,,,,none,unknown,not_obvious,,,true,2026-06-09T18:51:19,2026-06-09T18:51:19,
4,task004,,,submissions/candidates/GOLF_20260609_061_arc_dsl_task325_component_count_diagonal/onnx/task004.onnx,true,fc9ef5d39847fe678249f3dd2ef4701d2d49b2afb4c27c424b79b6f9967ca118,2522,1020,54000,,55020,14.084547965521434,pass,,2,2,1,1,262,262,,,265,265,pass,,25.0,10.915452034478566,14.084547965521434,,current,unknown,,,unknown,,,,none,unknown,not_obvious,,,true,2026-06-09T18:51:20,2026-06-09T18:51:20,
5,task005,,,submissions/candidates/GOLF_20260609_061_arc_dsl_task325_component_count_diagonal/onnx/task005.onnx,true,c989d743986f147d63585c2e22e752e367106ddc6985982b435a33567b89a2b6,10910,336,116889,,117225,13.328149556042213,pass,,3,3,1,1,262,262,,,266,266,pass,,25.0,11.671850443957787,13.328149556042213,,current,unknown,,,unknown,,,,none,unknown,not_obvious,,,true,2026-06-09T18:51:20,2026-06-09T18:51:20,
6,task006,,,submissions/candidates/GOLF_20260609_061_arc_dsl_task325_component_count_diagonal/onnx/task006.onnx,true,17e048671c7f056a80feba6875cdbb34da1521c36887cfdb399f371d8d5e163c,1124,47,1584,,1631,17.603051397378987,pass,,3,3,1,1,262,262,,,266,266,pass,,25.0,7.396948602621013,17.603051397378987,,current,unknown,,,unknown,,,,none,unknown,not_obvious,,,true,2026-06-09T18:51:23,2026-06-09T18:51:23,
7,task007,,,submissions/candidates/GOLF_20260609_061_arc_dsl_task325_component_count_diagonal/onnx/task007.onnx,true,6df9108f0aec1564c4fd08e1e738288d4247e6be0f49919ed6a106278d0c3981,1258,31,7240,,7271,16.108350887349943,pass,,3,3,1,1,262,262,,,266,266,pass,,25.0,8.891649112650057,16.108350887349943,,current,unknown,,,unknown,,,,none,unknown,not_obvious,,,true,2026-06-09T18:51:24,2026-06-09T18:51:24,
8,task008,,,submissions/candidates/GOLF_20260609_061_arc_dsl_task325_component_count_diagonal/onnx/task008.onnx,true,3c6eac13ad355d3b5eef5aeafb8684986bd72b09d2d4270a9db362d33aedc6f9,7647,60,23228,,23288,14.94430651457454,pass,,3,3,1,1,262,262,,,266,266,pass,,25.0,10.05569348542546,14.94430651457454,,current,unknown,,,unknown,,,,none,unknown,not_obvious,,,true,2026-06-09T18:51:24,2026-06-09T18:51:24,
9,task009,,,submissions/candidates/GOLF_20260609_061_arc_dsl_task325_component_count_diagonal/onnx/task009.onnx,true,2043f559e1ee947e2533c1ca00c25a699daed5b516d1bb4bf3515822ea52518d,30956,3841,77400,,81241,13.69482467517415,pass,,3,3,1,1,261,261,,,265,265,pass,,25.0,11.30517532482585,13.69482467517415,,current,unknown,,,unknown,,,,none,unknown,not_obvious,,,true,2026-06-09T18:51:26,2026-06-09T18:51:26,
10,task010,,,submissions/candidates/GOLF_20260609_061_arc_dsl_task325_component_count_diagonal/onnx/task010.onnx,true,31e8b795ba465955855e8265a882e7fb47a3eeb2b779fa316c16c2bd0905d4cd,6176,76,4939,,5015,16.479811299603966,pass,,2,2,1,1,262,262,,,265,265,pass,,25.0,8.520188700396034,16.479811299603966,,current,unknown,,,unknown,,,,none,unknown,not_obvious,,,true,2026-06-09T18:51:26,2026-06-09T18:51:26,
11,task011,,,submissions/candidates/GOLF_20260609_061_arc_dsl_task325_component_count_diagonal/onnx/task011.onnx,true,3f64ad20a9feacc16ad2ce2296652dbc2fb5438e444a47af1f885a374cd43046,10170,2331,63916,,66247,13.898854540195707,pass,,4,4,1,1,262,262,,,267,267,pass,,25.0,11.101145459804293,13.898854540195707,,current,unknown,,,unknown,,,,none,unknown,not_obvious,,,true,2026-06-09T18:51:28,2026-06-09T18:51:28,
12,task012,,,submissions/candidates/GOLF_20260609_061_arc_dsl_task325_component_count_diagonal/onnx/task012.onnx,true,6565dbdc01b75cf0fd11dff727c2312655bcb5fb9e59a8020020ef04a7b5a80c,1951,103,12536,,12639,15.555457449352874,pass,,2,2,1,1,262,262,,,265,265,pass,,25.0,9.444542550647126,15.555457449352874,,current,unknown,,,unknown,,,,none,unknown,not_obvious,,,true,2026-06-09T18:51:30,2026-06-09T18:51:30,
13,task013,,,submissions/candidates/GOLF_20260609_061_arc_dsl_task325_component_count_diagonal/onnx/task013.onnx,true,98f0942c7dbfaf541df9396cfbf3af4d1699a7f8bae9f96b9c4541f220eea98f,18384,2257,114625,,116882,13.3310798421544,pass,,4,4,1,1,262,262,,,267,267,pass,,25.0,11.6689201578456,13.3310798421544,,current,unknown,,,unknown,,,,none,unknown,not_obvious,,,true,2026-06-09T18:51:30,2026-06-09T18:51:30,
14,task014,,,submissions/candidates/GOLF_20260609_061_arc_dsl_task325_component_count_diagonal/onnx/task014.onnx,true,33aac8a1b4845a677ce6e8d07d81f5483ca78d158e8f09368fccba9384f7b28f,5317,650,38399,,39049,14.427427453254685,pass,,3,3,1,1,262,262,,,266,266,pass,,25.0,10.572572546745315,14.427427453254685,,current,unknown,,,unknown,,,,none,unknown,not_obvious,,,true,2026-06-09T18:51:32,2026-06-09T18:51:32,
15,task015,,,submissions/candidates/GOLF_20260609_061_arc_dsl_task325_component_count_diagonal/onnx/task015.onnx,true,1ab641692d1424be973ca0ca5d26e88172d7be86363973c99ffda1b0d2dfd046,3774,900,0,,900,18.197605236675688,pass,,3,3,1,1,261,261,,,265,265,pass,,25.0,6.802394763324312,18.197605236675688,,current,unknown,,,unknown,,,,none,unknown,not_obvious,,,true,2026-06-09T18:51:33,2026-06-09T18:51:33,
16,task016,,,submissions/candidates/GOLF_20260609_061_arc_dsl_task325_component_count_diagonal/onnx/task016.onnx,true,fb83a8e988f586009bf17279b7aedb194e3492a8e6f357be6d5e9ed903615733,158,10,0,,10,22.697414907005953,pass,,4,4,1,1,262,262,,,267,267,pass,,25.0,2.302585092994047,22.697414907005953,,current,unknown,,,unknown,,,,none,unknown,not_obvious,,,true,2026-06-09T18:51:33,2026-06-09T18:51:33,
17,task017,,,submissions/candidates/GOLF_20260609_061_arc_dsl_task325_component_count_diagonal/onnx/task017.onnx,true,14b6008bee3ad110fe13acf46807befa36512e9975c600252db01f64e0f98a74,8017,186,33657,,33843,14.57051253772697,pass,,3,3,1,1,262,262,,,266,266,pass,,25.0,10.42948746227303,14.57051253772697,,current,unknown,,,unknown,,,,none,unknown,not_obvious,,,true,2026-06-09T18:51:33,2026-06-09T18:51:33,
18,task018,,,submissions/candidates/GOLF_20260609_061_arc_dsl_task325_component_count_diagonal/onnx/task018.onnx,true,a8cfdf61717353b6ea8153f9b8fbd4ecbcef2051a29036dd960d4ecedd07e210,29205,994,475190,,476184,11.926440386857584,pass,,3,3,1,1,262,262,,,266,266,pass,,25.0,13.073559613142416,11.926440386857584,,current,unknown,,,unknown,,,,none,unknown,not_obvious,,,true,2026-06-09T18:51:35,2026-06-09T18:51:35,
19,task019,,,submissions/candidates/GOLF_20260609_061_arc_dsl_task325_component_count_diagonal/onnx/task019.onnx,true,b9e7bc0ecebe4cce72ea9df2a550b91561dfd30ed40820c398a63d11402f785a,2566,70,81276,,81346,13.69353305881371,pass,,4,4,1,1,262,262,,,267,267,pass,,25.0,11.30646694118629,13.69353305881371,,current,unknown,,,unknown,,,,none,unknown,not_obvious,,,true,2026-06-09T18:51:40,2026-06-09T18:51:40,
20,task020,,,submissions/candidates/GOLF_20260609_061_arc_dsl_task325_component_count_diagonal/onnx/task020.onnx,true,84c9d79ab6dc97852decf7e235909551d572657440976dd2fb72be18997c8d85,2552,55,7564,,7619,16.061599593526992,pass,,3,3,1,1,262,262,,,266,266,pass,,25.0,8.938400406473008,16.061599593526992,,current,unknown,,,unknown,,,,none,unknown,not_obvious,,,true,2026-06-09T18:51:41,2026-06-09T18:51:41,
21,task021,,,submissions/candidates/GOLF_20260609_061_arc_dsl_task325_component_count_diagonal/onnx/task021.onnx,true,334b1a23352e02c2ecd25acbcdf05ebb267e56bd92a775c4a47191882da99ecc,38267,1861,49362,,51223,14.156056071090937,pass,,3,3,1,1,73,73,,,77,77,pass,,25.0,10.843943928909063,14.156056071090937,,current,unknown,,,unknown,,,,none,unknown,not_obvious,,,true,2026-06-09T18:51:42,2026-06-09T18:51:42,
22,task022,,,submissions/candidates/GOLF_20260609_061_arc_dsl_task325_component_count_diagonal/onnx/task022.onnx,true,c97568f12ccd4cd1ba279f87d1c748542785951464273c2ab4a544bd8be6a451,5021,193,34628,,34821,14.542024067963268,pass,,3,3,1,1,262,262,,,266,266,pass,,25.0,10.457975932036732,14.542024067963268,,current,unknown,,,unknown,,,,none,unknown,not_obvious,,,true,2026-06-09T18:51:43,2026-06-09T18:51:43,
23,task023,,,submissions/candidates/GOLF_20260609_061_arc_dsl_task325_component_count_diagonal/onnx/task023.onnx,true,843b68b1f9dc9c49ab6499eb2b27cb79377266544fbb515d2c700ce581b695ed,33105,45,68607,,68652,13.863194455943471,pass,,3,3,1,1,262,262,,,266,266,pass,,25.0,11.136805544056529,13.863194455943471,,current,unknown,,,unknown,,,,none,unknown,not_obvious,,,true,2026-06-09T18:51:45,2026-06-09T18:51:45,
24,task024,,,submissions/candidates/GOLF_20260609_061_arc_dsl_task325_component_count_diagonal/onnx/task024.onnx,true,f8a1d671c3118abe56700d79b82cd03b36acad2b03a5453a7790ca311b792d5d,3233,260,8820,,9080,15.88617052840466,pass,,3,3,1,1,262,262,,,266,266,pass,,25.0,9.11382947159534,15.88617052840466,,current,unknown,,,unknown,,,,none,unknown,not_obvious,,,true,2026-06-09T18:51:52,2026-06-09T18:51:52,
25,task025,,,submissions/candidates/GOLF_20260609_061_arc_dsl_task325_component_count_diagonal/onnx/task025.onnx,true,8af5c50b49f5d98f1afc1df69981e7ab0394291ee5227dd01d45f4380208bd61,13460,65,140028,,140093,13.149938233234366,pass,,3,3,1,1,262,262,,,266,266,pass,,25.0,11.850061766765634,13.149938233234366,,current,unknown,,,unknown,,,,none,unknown,not_obvious,,,true,2026-06-09T18:51:52,2026-06-09T18:51:52,
26,task026,,,submissions/candidates/GOLF_20260609_061_arc_dsl_task325_component_count_diagonal/onnx/task026.onnx,true,6f2ec0df41142b092b3969907e8727615212d3cd6b747e648faaef295b4b0a1a,1309,34,690,,724,18.415208607614282,pass,,5,5,1,1,262,262,,,268,268,pass,,25.0,6.584791392385718,18.415208607614282,,current,unknown,,,unknown,,,,none,unknown,not_obvious,,,true,2026-06-09T18:51:55,2026-06-09T18:51:55,
27,task027,,,submissions/candidates/GOLF_20260609_061_arc_dsl_task325_component_count_diagonal/onnx/task027.onnx,true,363f142181b94485a3cc849cd11a06ce885c6f53763aefc9f8729f5fa5b408e0,2073,37,5777,,5814,16.331975918881177,pass,,3,3,1,1,261,261,,,265,265,pass,,25.0,8.668024081118823,16.331975918881177,,current,unknown,,,unknown,,,,none,unknown,not_obvious,,,true,2026-06-09T18:51:55,2026-06-09T18:51:55,
28,task028,,,submissions/candidates/GOLF_20260609_061_arc_dsl_task325_component_count_diagonal/onnx/task028.onnx,true,3656aaec46a53a89d6837b351c3acb2fb0601b5492ecb0a9500654e58d536673,2079,329,4510,,4839,16.51553663320668,pass,,2,2,1,1,262,262,,,265,265,pass,,25.0,8.484463366793321,16.51553663320668,,current,unknown,,,unknown,,,,none,unknown,not_obvious,,,true,2026-06-09T18:51:56,2026-06-09T18:51:56,
29,task029,,,submissions/candidates/GOLF_20260609_061_arc_dsl_task325_component_count_diagonal/onnx/task029.onnx,true,67b2f5bba2a2aea6aec1a4bebfab5e828d34965219f8f312739337d2e77a59ce,13589,170,96947,,97117,13.516328283804857,pass,,3,3,1,1,262,262,,,266,266,pass,,25.0,11.483671716195143,13.516328283804857,,current,unknown,,,unknown,,,,none,unknown,not_obvious,,,true,2026-06-09T18:51:56,2026-06-09T18:51:56,
30,task030,,,submissions/candidates/GOLF_20260609_061_arc_dsl_task325_component_count_diagonal/onnx/task030.onnx,true,43fd7e732de5f101746ecfc019fbfe0b26d905fa86bda27e5d84faafcc773733,7164,170,10828,,10998,15.69453128293224,pass,,3,3,1,1,262,262,,,266,266,pass,,25.0,9.30546871706776,15.69453128293224,,current,unknown,,,unknown,,,,none,unknown,not_obvious,,,true,2026-06-09T18:51:58,2026-06-09T18:51:58,
31,task031,,,submissions/candidates/GOLF_20260609_061_arc_dsl_task325_component_count_diagonal/onnx/task031.onnx,true,827e7229dd650485407f1ae7c8a511d8abc13716486a76f29cabbe46f1b02945,3417,58,18558,,18616,15.168223295017873,pass,,3,3,1,1,262,262,,,266,266,pass,,25.0,9.831776704982127,15.168223295017873,,current,unknown,,,unknown,,,,none,unknown,not_obvious,,,true,2026-06-09T18:51:59,2026-06-09T18:51:59,
32,task032,,,submissions/candidates/GOLF_20260609_061_arc_dsl_task325_component_count_diagonal/onnx/task032.onnx,true,64d66eeaba95588367af53102ecf4fb2ceb4c93327b677f80f1a9591b342f6a5,2347,69,3336,,3405,16.86699978141639,pass,,3,3,1,1,262,262,,,266,266,pass,,25.0,8.13300021858361,16.86699978141639,,current,unknown,,,unknown,,,,none,unknown,not_obvious,,,true,2026-06-09T18:51:59,2026-06-09T18:51:59,
33,task033,,,submissions/candidates/GOLF_20260609_061_arc_dsl_task325_component_count_diagonal/onnx/task033.onnx,true,60ab4cceeab38a8952d0157e862ec2f374a51c7d70c00bdecdf9833a703455b5,1510,49,55112,,55161,14.081988539178049,pass,,3,3,1,1,261,261,,,265,265,pass,,25.0,10.918011460821951,14.081988539178049,,current,unknown,,,unknown,,,,none,unknown,not_obvious,,,true,2026-06-09T18:52:00,2026-06-09T18:52:00,
34,task034,,,submissions/candidates/GOLF_20260609_061_arc_dsl_task325_component_count_diagonal/onnx/task034.onnx,true,40e15c163ffd24e22a1ff78e4e3cda24a02c486f385e9e6f18214290493f4ce1,8450,2847,103469,,106316,13.425828929592994,pass,,4,4,1,1,262,262,,,267,267,pass,,25.0,11.574171070407006,13.425828929592994,,current,unknown,,,unknown,,,,none,unknown,not_obvious,,,true,2026-06-09T18:52:00,2026-06-09T18:52:00,
35,task035,,,submissions/candidates/GOLF_20260609_061_arc_dsl_task325_component_count_diagonal/onnx/task035.onnx,true,15a9c474e70c83253daaa3ff80387d3b29feadebd4ec8018b87fc277cf69f62a,3707,51,15312,,15363,15.36028269986934,pass,,3,3,1,1,262,262,,,266,266,pass,,25.0,9.63971730013066,15.36028269986934,,current,unknown,,,unknown,,,,none,unknown,not_obvious,,,true,2026-06-09T18:52:02,2026-06-09T18:52:02,
36,task036,,,submissions/candidates/GOLF_20260609_061_arc_dsl_task325_component_count_diagonal/onnx/task036.onnx,true,d7094831039c82b0ccba7ebaa49bf55b3bcdb390b5a794a0b83217daef0c9231,5484,112,79832,,79944,13.710918331458375,pass,,2,2,1,1,262,262,,,265,265,pass,,25.0,11.289081668541625,13.710918331458375,,current,unknown,,,unknown,,,,none,unknown,not_obvious,,,true,2026-06-09T18:52:03,2026-06-09T18:52:03,
37,task037,,,submissions/candidates/GOLF_20260609_061_arc_dsl_task325_component_count_diagonal/onnx/task037.onnx,true,e19669c0dec2c6b73986d1bd07ec5c19bb0bc452edb6cf3d006f85657ae46d12,20424,8326,55400,,63726,13.937652078450405,pass,,3,3,1,1,262,262,,,266,266,pass,,25.0,11.062347921549595,13.937652078450405,,current,unknown,,,unknown,,,,none,unknown,not_obvious,,,true,2026-06-09T18:52:05,2026-06-09T18:52:05,
38,task038,,,submissions/candidates/GOLF_20260609_061_arc_dsl_task325_component_count_diagonal/onnx/task038.onnx,true,0ce0021c1d1f0b43b786a25f2a82f6f95d54ae57c5cbe3c86e09a0db0e960be0,2559,38,2136,,2174,17.315675932318847,pass,,3,3,1,1,262,262,,,266,266,pass,,25.0,7.684324067681153,17.315675932318847,,current,unknown,,,unknown,,,,none,unknown,not_obvious,,,true,2026-06-09T18:52:06,2026-06-09T18:52:06,
39,task039,,,submissions/candidates/GOLF_20260609_061_arc_dsl_task325_component_count_diagonal/onnx/task039.onnx,true,4e9c2db4798edb627e65601fb59b0b194a91b536746f1a97fab3a7317054d3be,1913,28,7744,,7772,16.04171718950267,pass,,2,2,1,1,261,261,,,264,264,pass,,25.0,8.95828281049733,16.04171718950267,,current,unknown,,,unknown,,,,none,unknown,not_obvious,,,true,2026-06-09T18:52:06,2026-06-09T18:52:06,
40,task040,,,submissions/candidates/GOLF_20260609_061_arc_dsl_task325_component_count_diagonal/onnx/task040.onnx,true,f75c35724647ee41a691e8449bf8b38434ce9912519b1b33845a1eeb08cebff5,4167,62,7806,,7868,16.02944082049105,pass,,3,3,1,1,262,262,,,266,266,pass,,25.0,8.97055917950895,16.02944082049105,,current,unknown,,,unknown,,,,none,unknown,not_obvious,,,true,2026-06-09T18:52:06,2026-06-09T18:52:06,
41,task041,,,submissions/candidates/GOLF_20260609_061_arc_dsl_task325_component_count_diagonal/onnx/task041.onnx,true,2ae5ccde56d9118ad549ef2a4383dfc5a74e4b8fcbbd3b3dc4d09c92209444a6,2110,29,11740,,11769,15.626775765122337,pass,,3,3,1,1,262,262,,,266,266,pass,,25.0,9.373224234877663,15.626775765122337,,current,unknown,,,unknown,,,,none,unknown,not_obvious,,,true,2026-06-09T18:52:07,2026-06-09T18:52:07,
42,task042,,,submissions/candidates/GOLF_20260609_061_arc_dsl_task325_component_count_diagonal/onnx/task042.onnx,true,d87292931a88be1df7b34e6b3c31d2d53813cd397f2211022a425f3fe5c0d61d,8525,727,7790,,8517,15.95018055485892,pass,,3,3,1,1,262,262,,,266,266,pass,,25.0,9.04981944514108,15.95018055485892,,current,unknown,,,unknown,,,,none,unknown,not_obvious,,,true,2026-06-09T18:52:08,2026-06-09T18:52:08,
43,task043,,,submissions/candidates/GOLF_20260609_061_arc_dsl_task325_component_count_diagonal/onnx/task043.onnx,true,c52d62c656db03c5ca16dc64271fb472944454fd776904d3b0b7fceaba438f04,1944,138,6980,,7118,16.129617933929865,pass,,3,3,1,1,262,262,,,266,266,pass,,25.0,8.870382066070135,16.129617933929865,,current,unknown,,,unknown,,,,none,unknown,not_obvious,,,true,2026-06-09T18:52:09,2026-06-09T18:52:09,
44,task044,,,submissions/candidates/GOLF_20260609_061_arc_dsl_task325_component_count_diagonal/onnx/task044.onnx,true,ad6277aa35d9fa6a6e5f59cafeaf36c57098e16ab9758d44cd68bc1944b956b2,40820,206,41796,,42002,14.354527484820627,pass,,3,3,1,1,262,262,,,266,266,pass,,25.0,10.645472515179373,14.354527484820627,,current,unknown,,,unknown,,,,none,unknown,not_obvious,,,true,2026-06-09T18:52:09,2026-06-09T18:52:09,
45,task045,,,submissions/candidates/GOLF_20260609_061_arc_dsl_task325_component_count_diagonal/onnx/task045.onnx,true,1bc115030895e108ad6f7fcf6cc83abbd1ea8a65cf64d8bce537b6021c3ce6d2,1425,25,7400,,7425,16.0873920363291,pass,,3,3,1,1,261,261,,,265,265,pass,,25.0,8.9126079636709,16.0873920363291,,current,unknown,,,unknown,,,,none,unknown,not_obvious,,,true,2026-06-09T18:52:18,2026-06-09T18:52:18,
46,task046,,,submissions/candidates/GOLF_20260609_061_arc_dsl_task325_component_count_diagonal/onnx/task046.onnx,true,776e40c71ae05f511e59e234f5f52931c7f966c95b139fed312451a249a5f138,5299,866,32560,,33426,14.58291068075113,pass,,4,4,1,1,262,262,,,267,267,pass,,25.0,10.41708931924887,14.58291068075113,,current,unknown,,,unknown,,,,none,unknown,not_obvious,,,true,2026-06-09T18:52:19,2026-06-09T18:52:19,
47,task047,,,submissions/candidates/GOLF_20260609_061_arc_dsl_task325_component_count_diagonal/onnx/task047.onnx,true,51caa99fe3ce9cb3e122d3a78119ede0e5beb0d8940d7959bece25bbe098d26a,3091,36,2988,,3024,16.985664262700574,pass,,2,2,1,1,262,262,,,265,265,pass,,25.0,8.014335737299426,16.985664262700574,,current,unknown,,,unknown,,,,none,unknown,not_obvious,,,true,2026-06-09T18:52:20,2026-06-09T18:52:20,
48,task048,,,submissions/candidates/GOLF_20260609_061_arc_dsl_task325_component_count_diagonal/onnx/task048.onnx,true,9423c02033058a1188fae998353c04f6fbf4e48361dbee5461896ddd5d49ac28,4058,66,5543,,5609,16.367872270491663,pass,,6,6,2,2,262,262,,,270,270,pass,,25.0,8.632127729508337,16.367872270491663,,current,unknown,,,unknown,,,,none,unknown,not_obvious,,,true,2026-06-09T18:52:21,2026-06-09T18:52:21,
49,task049,,,submissions/candidates/GOLF_20260609_061_arc_dsl_task325_component_count_diagonal/onnx/task049.onnx,true,d742f5db9437894536afe2db2b87d8b3899117c92daf69927ab3854301d03698,3516,150,30339,,30489,14.674878758194124,pass,,5,5,1,1,262,262,,,268,268,pass,,25.0,10.325121241805876,14.674878758194124,,current,unknown,,,unknown,,,,none,unknown,not_obvious,,,true,2026-06-09T18:52:22,2026-06-09T18:52:22,
50,task050,,,submissions/candidates/GOLF_20260609_061_arc_dsl_task325_component_count_diagonal/onnx/task050.onnx,true,a43a64896f788cffb0e83ee188a7680ae80f27578b1bb607a36e32c9a39258ab,2006,250,9225,,9475,15.843587970049374,pass,,8,8,1,1,262,262,,,271,271,pass,,25.0,9.156412029950626,15.843587970049374,,current,unknown,,,unknown,,,,none,unknown,not_obvious,,,true,2026-06-09T18:52:23,2026-06-09T18:52:23,
51,task051,,,submissions/candidates/GOLF_20260609_061_arc_dsl_task325_component_count_diagonal/onnx/task051.onnx,true,b4e5ecaa156709adf438d5b25e6b077b7392df042f42a51ba7afbccc484d665b,3352,70,68359,,68429,13.866448009633856,pass,,3,3,1,1,261,261,,,265,265,pass,,25.0,11.133551990366144,13.866448009633856,,current,unknown,,,unknown,,,,none,unknown,not_obvious,,,true,2026-06-09T18:52:23,2026-06-09T18:52:23,
52,task052,,,submissions/candidates/GOLF_20260609_061_arc_dsl_task325_component_count_diagonal/onnx/task052.onnx,true,195c01dfdaae84b9a7a585295b8d44c1c3741ab522a7e9d472753ad121d8014d,986,43,1185,,1228,17.886857891292912,pass,,4,4,1,1,262,262,,,267,267,pass,,25.0,7.113142108707088,17.886857891292912,,current,unknown,,,unknown,,,,none,unknown,not_obvious,,,true,2026-06-09T18:52:25,2026-06-09T18:52:25,
53,task053,,,submissions/candidates/GOLF_20260609_061_arc_dsl_task325_component_count_diagonal/onnx/task053.onnx,true,11d2a84ba10862f37e4dae8a206314fd4226f70b6f751eed23e52ba32ebde353,175,30,0,,30,21.598802618337846,pass,,4,4,2,2,54,54,,,60,60,pass,,25.0,3.401197381662154,21.598802618337846,,current,unknown,,,unknown,,,,none,unknown,not_obvious,,,true,2026-06-09T18:52:25,2026-06-09T18:52:25,
54,task054,,,submissions/candidates/GOLF_20260609_061_arc_dsl_task325_component_count_diagonal/onnx/task054.onnx,true,da0ea9c4a4e7de7d20e8867f669de546f57874c7e6fa83c850aad07683855ecc,5551,161,150387,,150548,13.07796275080141,pass,,3,3,1,1,262,262,,,266,266,pass,,25.0,11.92203724919859,13.07796275080141,,current,unknown,,,unknown,,,,none,unknown,not_obvious,,,true,2026-06-09T18:52:25,2026-06-09T18:52:25,
55,task055,,,submissions/candidates/GOLF_20260609_061_arc_dsl_task325_component_count_diagonal/onnx/task055.onnx,true,af92ce2ca4857d58e51cfa086182fd59313bd341f4f07fa157fa0f684d675f92,13886,994,25376,,26370,14.820017720652668,pass,,2,2,1,1,260,260,,,263,263,pass,,25.0,10.179982279347332,14.820017720652668,,current,unknown,,,unknown,,,,none,unknown,not_obvious,,,true,2026-06-09T18:52:28,2026-06-09T18:52:28,
56,task056,,,submissions/candidates/GOLF_20260609_061_arc_dsl_task325_component_count_diagonal/onnx/task056.onnx,true,9d687659145a785dd2d111cccd06fc2b802bcaaae0c2926b7d39a51406e1254b,815,77,136,,213,19.638707834290575,pass,,7,7,3,3,36,36,,,46,46,pass,,25.0,5.3612921657094255,19.638707834290575,,current,unknown,,,unknown,,,,none,unknown,not_obvious,,,true,2026-06-09T18:52:32,2026-06-09T18:52:32,
57,task057,,,submissions/candidates/GOLF_20260609_061_arc_dsl_task325_component_count_diagonal/onnx/task057.onnx,true,fe350be5b821254295623105c6ae0393b08347b6a27aa04acf209d62e0b39cbd,1040,10,15448,,15458,15.354118052333183,pass,,3,3,1,1,261,261,,,265,265,pass,,25.0,9.645881947666817,15.354118052333183,,current,unknown,,,unknown,,,,none,unknown,not_obvious,,,true,2026-06-09T18:52:32,2026-06-09T18:52:32,
58,task058,,,submissions/candidates/GOLF_20260609_061_arc_dsl_task325_component_count_diagonal/onnx/task058.onnx,true,71e240c72fa17283e6d2dc3cae811ceadda7ba3053e33951bd50565b4eaf652a,14194,6426,9660,,16086,15.314295392535985,pass,,5,5,1,1,16,16,,,22,22,pass,,25.0,9.685704607464015,15.314295392535985,,current,unknown,,,unknown,,,,none,unknown,not_obvious,,,true,2026-06-09T18:52:32,2026-06-09T18:52:32,
59,task059,,,submissions/candidates/GOLF_20260609_061_arc_dsl_task325_component_count_diagonal/onnx/task059.onnx,true,6f93fccf92e34dbb6b51e75c53fd4882a6ba090c755d7c47d23c132b936f7520,6897,2547,17840,,20387,15.077347278202861,pass,,3,3,1,1,262,262,,,266,266,pass,,25.0,9.922652721797139,15.077347278202861,,current,unknown,,,unknown,,,,none,unknown,not_obvious,,,true,2026-06-09T18:52:32,2026-06-09T18:52:32,
60,task060,,,submissions/candidates/GOLF_20260609_061_arc_dsl_task325_component_count_diagonal/onnx/task060.onnx,true,03687375b7e8938e4f841fe856da30c83884468ff07c648d7021c6b6748784bd,2458,181,5400,,5581,16.372876749211567,pass,,2,2,1,1,262,262,,,265,265,pass,,25.0,8.627123250788433,16.372876749211567,,current,unknown,,,unknown,,,,none,unknown,not_obvious,,,true,2026-06-09T18:52:33,2026-06-09T18:52:33,
61,task061,,,submissions/candidates/GOLF_20260609_061_arc_dsl_task325_component_count_diagonal/onnx/task061.onnx,true,27289ea0d11a669fe413e1b05826321af3d079ce8a5555fa2610a93704612c2e,17030,1972,16942,,18914,15.152342332424542,pass,,4,4,1,1,262,262,,,267,267,pass,,25.0,9.847657667575458,15.152342332424542,,current,unknown,,,unknown,,,,none,unknown,not_obvious,,,true,2026-06-09T18:52:33,2026-06-09T18:52:33,
62,task062,,,submissions/candidates/GOLF_20260609_061_arc_dsl_task325_component_count_diagonal/onnx/task062.onnx,true,1c577ea94e1bc298dfc111e87fedc94e09375ee2dfa75f9f79532ac2214393bf,23218,934,25680,,26614,14.810807327896311,pass,,4,4,1,1,262,262,,,267,267,pass,,25.0,10.189192672103689,14.810807327896311,,current,unknown,,,unknown,,,,none,unknown,not_obvious,,,true,2026-06-09T18:52:34,2026-06-09T18:52:34,
63,task063,,,submissions/candidates/GOLF_20260609_061_arc_dsl_task325_component_count_diagonal/onnx/task063.onnx,true,5c8811b2da8473750953376c6dbdd913b50bc29b96f9a16a09cf201df9a483ce,3709,32,30700,,30732,14.666940264012474,pass,,3,3,1,1,262,262,,,266,266,pass,,25.0,10.333059735987526,14.666940264012474,,current,unknown,,,unknown,,,,none,unknown,not_obvious,,,true,2026-06-09T18:52:38,2026-06-09T18:52:38,
64,task064,,,submissions/candidates/GOLF_20260609_061_arc_dsl_task325_component_count_diagonal/onnx/task064.onnx,true,e218f014e0f41fbf58f0a21d6c18ab365d24b6b93f7c8bb533378039b355a02c,7151,92,114061,,114153,13.354705067178468,pass,,4,4,1,1,262,262,,,267,267,pass,,25.0,11.645294932821532,13.354705067178468,,current,unknown,,,unknown,,,,none,unknown,not_obvious,,,true,2026-06-09T18:52:39,2026-06-09T18:52:39,
65,task065,,,submissions/candidates/GOLF_20260609_061_arc_dsl_task325_component_count_diagonal/onnx/task065.onnx,true,92cb5dba08fb950f061cb485387a7c9e6a77adc90a2d35dcde1edca6405889d3,1853,63,35032,,35095,14.534186050835478,pass,,3,3,1,1,262,262,,,266,266,pass,,25.0,10.465813949164522,14.534186050835478,,current,unknown,,,unknown,,,,none,unknown,not_obvious,,,true,2026-06-09T18:52:40,2026-06-09T18:52:40,
66,task066,,,submissions/candidates/GOLF_20260609_061_arc_dsl_task325_component_count_diagonal/onnx/task066.onnx,true,bc6e251ce56e4e6a4dd7124d8e0b314653c4ac22f28890a06480dd3a82f58c9f,27538,138,103082,,103220,13.455382088297283,pass,,3,3,1,1,262,262,,,266,266,pass,,25.0,11.544617911702717,13.455382088297283,,current,unknown,,,unknown,,,,none,unknown,not_obvious,,,true,2026-06-09T18:52:41,2026-06-09T18:52:41,
67,task067,,,submissions/candidates/GOLF_20260609_061_arc_dsl_task325_component_count_diagonal/onnx/task067.onnx,true,e823d84640b258f8322dde914f6bd992553a53aadd84d4685cd18da5f1be35e9,892,33,282,,315,19.247427361174367,pass,,3,3,1,1,262,262,,,266,266,pass,,25.0,5.752572638825633,19.247427361174367,,current,unknown,,,unknown,,,,none,unknown,not_obvious,,,true,2026-06-09T18:52:47,2026-06-09T18:52:47,
68,task068,,,submissions/candidates/GOLF_20260609_061_arc_dsl_task325_component_count_diagonal/onnx/task068.onnx,true,e490818d91a162474f9a9ed4c4d7a03517788fb18760e2fe6ca209f592660a82,1602,27,12562,,12589,15.55942130423374,pass,,3,3,1,1,262,262,,,266,266,pass,,25.0,9.44057869576626,15.55942130423374,,current,unknown,,,unknown,,,,none,unknown,not_obvious,,,true,2026-06-09T18:52:47,2026-06-09T18:52:47,
69,task069,,,submissions/candidates/GOLF_20260609_061_arc_dsl_task325_component_count_diagonal/onnx/task069.onnx,true,bfa11e10a1b7754b93ff268324f4bdacfe5ca600d6eaecd3d7ecc21b94d2e194,30432,1392,82858,,84250,13.658456151785392,pass,,2,2,1,1,261,261,,,264,264,pass,,25.0,11.341543848214608,13.658456151785392,,current,unknown,,,unknown,,,,none,unknown,not_obvious,,,true,2026-06-09T18:52:48,2026-06-09T18:52:48,
70,task070,,,submissions/candidates/GOLF_20260609_061_arc_dsl_task325_component_count_diagonal/onnx/task070.onnx,true,da6a8c9ebb7d72009d42cdd04471a87917459e8013701ae96d3f153bfeada7f3,2215,74,8792,,8866,15.910020984695,pass,,3,3,1,1,262,262,,,266,266,pass,,25.0,9.089979015305,15.910020984695,,current,unknown,,,unknown,,,,none,unknown,not_obvious,,,true,2026-06-09T18:52:56,2026-06-09T18:52:56,
71,task071,,,submissions/candidates/GOLF_20260609_061_arc_dsl_task325_component_count_diagonal/onnx/task071.onnx,true,a386547df7d1b3b8050fff7963329e27d8852517b7d7957c7c05a9b149a7a72e,5298,53,128190,,128243,13.238317819353261,pass,,2,2,1,1,262,262,,,265,265,pass,,25.0,11.761682180646739,13.238317819353261,,current,unknown,,,unknown,,,,none,unknown,not_obvious,,,true,2026-06-09T18:52:57,2026-06-09T18:52:57,
72,task072,,,submissions/candidates/GOLF_20260609_061_arc_dsl_task325_component_count_diagonal/onnx/task072.onnx,true,ce9138206dc060641e07a1ee45e8b332b0e4bcdfe0a06d625d8668c10d6d33e5,1289,49,1260,,1309,17.8229812340901,pass,,4,4,2,2,262,262,,,268,268,pass,,25.0,7.177018765909899,17.8229812340901,,current,unknown,,,unknown,,,,none,unknown,not_obvious,,,true,2026-06-09T18:52:58,2026-06-09T18:52:58,
73,task073,,,submissions/candidates/GOLF_20260609_061_arc_dsl_task325_component_count_diagonal/onnx/task073.onnx,true,c974fda7fe3001de4bd2200b9065826ac44cf359fcb1949954b82f28411b5b63,3825,910,0,,910,18.186555400489105,pass,,3,3,1,1,11,11,,,15,15,pass,,25.0,6.813444599510895,18.186555400489105,,current,unknown,,,unknown,,,,none,unknown,not_obvious,,,true,2026-06-09T18:52:58,2026-06-09T18:52:58,
74,task074,,,submissions/candidates/GOLF_20260609_061_arc_dsl_task325_component_count_diagonal/onnx/task074.onnx,true,8194b1eba8a395566d686766b74869219cdfdaec5105dbad5f36b6ef32435be8,1824,45,21780,,21825,15.009188619292196,pass,,4,4,1,1,262,262,,,267,267,pass,,25.0,9.990811380707804,15.009188619292196,,current,unknown,,,unknown,,,,none,unknown,not_obvious,,,true,2026-06-09T18:52:58,2026-06-09T18:52:58,
75,task075,,,submissions/candidates/GOLF_20260609_061_arc_dsl_task325_component_count_diagonal/onnx/task075.onnx,true,211a2ab0ea4cb67b9b8714d411d361e7eab6ec1192f0f74155bd9bd9c043c7d1,6812,57,28430,,28487,14.742796878157792,pass,,3,3,1,1,261,261,,,265,265,pass,,25.0,10.257203121842208,14.742796878157792,,current,unknown,,,unknown,,,,none,unknown,not_obvious,,,true,2026-06-09T18:52:59,2026-06-09T18:52:59,
76,task076,,,submissions/candidates/GOLF_20260609_061_arc_dsl_task325_component_count_diagonal/onnx/task076.onnx,true,419bbf22d94034edf9dc1d2eed86480945abad297d08dbdaaaaf87ef5d7e2ef5,24619,339,329755,,330094,12.292867258634116,pass,,3,3,1,1,262,262,,,266,266,pass,,25.0,12.707132741365884,12.292867258634116,,current,unknown,,,unknown,,,,none,unknown,not_obvious,,,true,2026-06-09T18:53:00,2026-06-09T18:53:00,
77,task077,,,submissions/candidates/GOLF_20260609_061_arc_dsl_task325_component_count_diagonal/onnx/task077.onnx,true,fa41c22ac1add176bba7faac5d7d87bc94cc66db2bb70ed54e346f9de4d34613,6842,1794,155700,,157494,13.032857358715912,pass,,3,3,1,1,262,262,,,266,266,pass,,25.0,11.967142641284088,13.032857358715912,,current,unknown,,,unknown,,,,none,unknown,not_obvious,,,true,2026-06-09T18:53:11,2026-06-09T18:53:11,
78,task078,,,submissions/candidates/GOLF_20260609_061_arc_dsl_task325_component_count_diagonal/onnx/task078.onnx,true,c33e2e8bb8525ee7c4bfa0aca9ec69955cdd9a97837985fb38efdb309903089a,1974,36,11460,,11496,15.65024557224114,pass,,3,3,1,1,262,262,,,266,266,pass,,25.0,9.34975442775886,15.65024557224114,,current,unknown,,,unknown,,,,none,unknown,not_obvious,,,true,2026-06-09T18:53:13,2026-06-09T18:53:13,
79,task079,,,submissions/candidates/GOLF_20260609_061_arc_dsl_task325_component_count_diagonal/onnx/task079.onnx,true,4a4f6c8381af1ed692a1d279af1ebacd591befb7b825933520d08519653c1d13,2695,245,21138,,21383,15.029648507210364,pass,,3,3,1,1,262,262,,,266,266,pass,,25.0,9.970351492789636,15.029648507210364,,current,unknown,,,unknown,,,,none,unknown,not_obvious,,,true,2026-06-09T18:53:13,2026-06-09T18:53:13,
80,task080,,,submissions/candidates/GOLF_20260609_061_arc_dsl_task325_component_count_diagonal/onnx/task080.onnx,true,d33a1cd4e8af8822d5e8e6c5e24c7af82c78fdf93a5d91691fb7648cb1a42889,10180,217,41838,,42055,14.353266435603462,pass,,3,3,1,1,227,227,,,231,231,pass,,25.0,10.646733564396538,14.353266435603462,,current,unknown,,,unknown,,,,none,unknown,not_obvious,,,true,2026-06-09T18:53:14,2026-06-09T18:53:14,
81,task081,,,submissions/candidates/GOLF_20260609_061_arc_dsl_task325_component_count_diagonal/onnx/task081.onnx,true,118dc8373587509f07d12aec64778af91edff7253f80e273a30e5863c7b8c91b,3749,109,2198,,2307,17.256296741826247,pass,,2,2,1,1,261,261,,,264,264,pass,,25.0,7.743703258173753,17.256296741826247,,current,unknown,,,unknown,,,,none,unknown,not_obvious,,,true,2026-06-09T18:53:16,2026-06-09T18:53:16,
82,task082,,,submissions/candidates/GOLF_20260609_061_arc_dsl_task325_component_count_diagonal/onnx/task082.onnx,true,c2726100feab2aab72d85e4d124b0963d797e7b9d3291bbfcb0130f30975c50d,1638,56,9660,,9716,15.818470709877937,pass,,2,2,1,1,262,262,,,265,265,pass,,25.0,9.181529290122063,15.818470709877937,,current,unknown,,,unknown,,,,none,unknown,not_obvious,,,true,2026-06-09T18:53:17,2026-06-09T18:53:17,
83,task083,,,submissions/candidates/GOLF_20260609_061_arc_dsl_task325_component_count_diagonal/onnx/task083.onnx,true,3526144719574eafa02b2d1fa33a4be836ec96c267520ddd982697e447b8bc98,7454,1800,0,,1800,17.504458056115745,pass,,3,3,1,1,262,262,,,266,266,pass,,25.0,7.495541943884255,17.504458056115745,,current,unknown,,,unknown,,,,none,unknown,not_obvious,,,true,2026-06-09T18:53:17,2026-06-09T18:53:17,
84,task084,,,submissions/candidates/GOLF_20260609_061_arc_dsl_task325_component_count_diagonal/onnx/task084.onnx,true,5bd28bac4f427d16b03dfcb9d4ae68237ccb4bb720b534e0e14b2768658ee6a0,2820,113,19400,,19513,15.121163810905001,pass,,3,3,1,1,171,171,,,175,175,pass,,25.0,9.878836189094999,15.121163810905001,,current,unknown,,,unknown,,,,none,unknown,not_obvious,,,true,2026-06-09T18:53:17,2026-06-09T18:53:17,
85,task085,,,submissions/candidates/GOLF_20260609_061_arc_dsl_task325_component_count_diagonal/onnx/task085.onnx,true,0cf2b40dcd4fe9bb85de2e251fdca74496734e7c804425012cb1c1110d27505c,2547,138,113040,,113178,13.36328292042622,pass,,2,2,1,1,262,262,,,265,265,pass,,25.0,11.63671707957378,13.36328292042622,,current,unknown,,,unknown,,,,none,unknown,not_obvious,,,true,2026-06-09T18:53:18,2026-06-09T18:53:18,
86,task086,,,submissions/candidates/GOLF_20260609_061_arc_dsl_task325_component_count_diagonal/onnx/task086.onnx,true,a786a589e429892c1114751b2e5d6b83669038bb955a0fd41d08d037fc8dc020,3099,225,25632,,25857,14.83966336368449,pass,,3,3,1,1,262,262,,,266,266,pass,,25.0,10.16033663631551,14.83966336368449,,current,unknown,,,unknown,,,,none,unknown,not_obvious,,,true,2026-06-09T18:53:19,2026-06-09T18:53:19,
87,task087,,,submissions/candidates/GOLF_20260609_061_arc_dsl_task325_component_count_diagonal/onnx/task087.onnx,true,fd8bb9f6e85cbfcd68c2edb1cfd2b2968f4ef9066816b2763110e0086381148b,394,8,360,,368,19.09191706183107,pass,,4,4,1,1,261,261,,,266,266,pass,,25.0,5.908082938168931,19.09191706183107,,current,unknown,,,unknown,,,,none,unknown,not_obvious,,,true,2026-06-09T18:53:20,2026-06-09T18:53:20,
88,task088,,,submissions/candidates/GOLF_20260609_061_arc_dsl_task325_component_count_diagonal/onnx/task088.onnx,true,9e7ea13b994ebe4fc0cc8c2f4bfd462d7dea74b364500cdd005ee3c8f75db494,4099,120,72646,,72766,13.80499590787612,pass,,4,4,1,1,262,262,,,267,267,pass,,25.0,11.19500409212388,13.80499590787612,,current,unknown,,,unknown,,,,none,unknown,not_obvious,,,true,2026-06-09T18:53:20,2026-06-09T18:53:20,
89,task089,,,submissions/candidates/GOLF_20260609_061_arc_dsl_task325_component_count_diagonal/onnx/task089.onnx,true,6b502b05846871ec53995c1f5c9da455a389ed9a1336c0f4ae4255e129e1d093,11171,98,49605,,49703,14.186179427563964,pass,,4,4,1,1,262,262,,,267,267,pass,,25.0,10.813820572436036,14.186179427563964,,current,unknown,,,unknown,,,,none,unknown,not_obvious,,,true,2026-06-09T18:53:21,2026-06-09T18:53:21,
90,task090,,,submissions/candidates/GOLF_20260609_061_arc_dsl_task325_component_count_diagonal/onnx/task090.onnx,true,8032717a5846db3d60ae06a4fa0ff8af92327fd6b6102d39eff9ae246e44816a,19660,104,63250,,63354,13.94350667496543,pass,,4,4,1,1,262,262,,,267,267,pass,,25.0,11.05649332503457,13.94350667496543,,current,unknown,,,unknown,,,,none,unknown,not_obvious,,,true,2026-06-09T18:53:24,2026-06-09T18:53:24,
91,task091,,,submissions/candidates/GOLF_20260609_061_arc_dsl_task325_component_count_diagonal/onnx/task091.onnx,true,54b4f81da947fe9e1062238aea5766f1b3401479292e90556a2fac1107b7a72c,4393,78,51388,,51466,14.151323325547068,pass,,3,3,1,1,262,262,,,266,266,pass,,25.0,10.848676674452932,14.151323325547068,,current,unknown,,,unknown,,,,none,unknown,not_obvious,,,true,2026-06-09T18:53:29,2026-06-09T18:53:29,
92,task092,,,submissions/candidates/GOLF_20260609_061_arc_dsl_task325_component_count_diagonal/onnx/task092.onnx,true,c29559590a89d115b95fae2f56389a872172f352c8a70b8e6428eff2792af2d7,3438,29,46260,,46289,14.25734036914603,pass,,2,2,1,1,262,262,,,265,265,pass,,25.0,10.74265963085397,14.25734036914603,,current,unknown,,,unknown,,,,none,unknown,not_obvious,,,true,2026-06-09T18:53:30,2026-06-09T18:53:30,
93,task093,,,submissions/candidates/GOLF_20260609_061_arc_dsl_task325_component_count_diagonal/onnx/task093.onnx,true,cd70e073d1fdbf93b6402aa5356e8c8f09529cd3e6048fc5501c4e44bda9d3e5,6234,58,15400,,15458,15.354118052333183,pass,,3,3,1,1,261,261,,,265,265,pass,,25.0,9.645881947666817,15.354118052333183,,current,unknown,,,unknown,,,,none,unknown,not_obvious,,,true,2026-06-09T18:53:31,2026-06-09T18:53:31,
94,task094,,,submissions/candidates/GOLF_20260609_061_arc_dsl_task325_component_count_diagonal/onnx/task094.onnx,true,f3eb2edb6bee64618f0cafde76e4779933f68b0eb7766ac7ee48d1903aa76c38,2932,112,10340,,10452,15.745451373359497,pass,,2,2,1,1,262,262,,,265,265,pass,,25.0,9.254548626640503,15.745451373359497,,current,unknown,,,unknown,,,,none,unknown,not_obvious,,,true,2026-06-09T18:53:32,2026-06-09T18:53:32,
95,task095,,,submissions/candidates/GOLF_20260609_061_arc_dsl_task325_component_count_diagonal/onnx/task095.onnx,true,eca4d38cd8606a930a722084789b856626fff5d4938c02546296c7f3cca109cf,3950,910,0,,910,18.186555400489105,pass,,2,2,1,1,262,262,,,265,265,pass,,25.0,6.813444599510895,18.186555400489105,,current,unknown,,,unknown,,,,none,unknown,not_obvious,,,true,2026-06-09T18:53:33,2026-06-09T18:53:33,
96,task096,,,submissions/candidates/GOLF_20260609_061_arc_dsl_task325_component_count_diagonal/onnx/task096.onnx,true,9662055b98082dafd433fde213a24a4cd9bd9f2c8553e27fce7a873ad6d3b65d,58657,937,192521,,193458,12.827184286371278,pass,,3,3,1,1,262,262,,,266,266,pass,,25.0,12.172815713628722,12.827184286371278,,current,unknown,,,unknown,,,,none,unknown,not_obvious,,,true,2026-06-09T18:53:33,2026-06-09T18:53:33,
97,task097,,,submissions/candidates/GOLF_20260609_061_arc_dsl_task325_component_count_diagonal/onnx/task097.onnx,true,7ec9cb7f3db332cc6ae58b6e5b4adc1449b8d910f23ce379f800f0dedf82d74c,808,21,18000,,18021,15.20070697648173,pass,,4,4,1,1,262,262,,,267,267,pass,,25.0,9.79929302351827,15.20070697648173,,current,unknown,,,unknown,,,,none,unknown,not_obvious,,,true,2026-06-09T18:53:44,2026-06-09T18:53:44,
98,task098,,,submissions/candidates/GOLF_20260609_061_arc_dsl_task325_component_count_diagonal/onnx/task098.onnx,true,8fff41bf99869a80261fa1ec8461431ffa90e7a616d10c1582642af88b241cde,3836,910,0,,910,18.186555400489105,pass,,3,3,1,1,262,262,,,266,266,pass,,25.0,6.813444599510895,18.186555400489105,,current,unknown,,,unknown,,,,none,unknown,not_obvious,,,true,2026-06-09T18:53:44,2026-06-09T18:53:44,
99,task099,,,submissions/candidates/GOLF_20260609_061_arc_dsl_task325_component_count_diagonal/onnx/task099.onnx,true,1e320d88cf0eac19c3c20b9c005a4be28ac50d4bf0a39015404f9deb22a0c31e,19839,4910,0,,4910,16.500970779211436,pass,,3,3,1,1,261,261,,,265,265,pass,,25.0,8.499029220788564,16.500970779211436,,current,unknown,,,unknown,,,,none,unknown,not_obvious,,,true,2026-06-09T18:53:44,2026-06-09T18:53:44,
100,task100,,,submissions/candidates/GOLF_20260609_061_arc_dsl_task325_component_count_diagonal/onnx/task100.onnx,true,dceade053a44b3cc0ee481a2b109060da44f7e12dc34d583c301f1c9d6f84691,4954,43,6493,,6536,16.21491936346016,pass,,3,3,1,1,262,262,,,266,266,pass,,25.0,8.785080636539838,16.21491936346016,,current,unknown,,,unknown,,,,none,unknown,not_obvious,,,true,2026-06-09T18:53:45,2026-06-09T18:53:45,
101,task101,,,submissions/candidates/GOLF_20260609_061_arc_dsl_task325_component_count_diagonal/onnx/task101.onnx,true,edd7e165314a501462e02577d29022d3eb27078c4eb090009d5f19a5f0c2fbf1,19538,106,374325,,374431,12.166837180696787,pass,,3,3,1,1,262,262,,,266,266,pass,,25.0,12.833162819303213,12.166837180696787,,current,unknown,,,unknown,,,,none,unknown,not_obvious,,,true,2026-06-09T18:53:45,2026-06-09T18:53:45,
102,task102,,,submissions/candidates/GOLF_20260609_061_arc_dsl_task325_component_count_diagonal/onnx/task102.onnx,true,cc365e63ef990f74c1acebc3f6902a363a22e1a7ce155012c181bd727e059ead,6482,531,12075,,12606,15.558071829926945,pass,,4,4,1,1,262,262,,,267,267,pass,,25.0,9.441928170073055,15.558071829926945,,current,unknown,,,unknown,,,,none,unknown,not_obvious,,,true,2026-06-09T18:53:49,2026-06-09T18:53:49,
103,task103,,,submissions/candidates/GOLF_20260609_061_arc_dsl_task325_component_count_diagonal/onnx/task103.onnx,true,b3c052cdc64fa19a71396b9bc19a9017a70fae4e77cf764756b4e7eac2a36d4f,979,34,159,,193,19.737309811095116,pass,,6,6,2,2,215,215,,,223,223,pass,,25.0,5.262690188904884,19.737309811095116,,current,unknown,,,unknown,,,,none,unknown,not_obvious,,,true,2026-06-09T18:53:51,2026-06-09T18:53:51,
104,task104,,,submissions/candidates/GOLF_20260609_061_arc_dsl_task325_component_count_diagonal/onnx/task104.onnx,true,2a9e28757c576c2248ca53c517bd98d43633ab65ecfa9542bebc9fc050ad2b0a,3505,990,2692,,3682,16.788788638206977,pass,,2,2,1,1,4,4,,,7,7,pass,,25.0,8.211211361793023,16.788788638206977,,current,unknown,,,unknown,,,,none,unknown,not_obvious,,,true,2026-06-09T18:53:51,2026-06-09T18:53:51,
105,task105,,,submissions/candidates/GOLF_20260609_061_arc_dsl_task325_component_count_diagonal/onnx/task105.onnx,true,c98b3f63a51b63155aeb92f922cbf3f241f84285f5f1705a033e4773d25b47ea,8053,68,6987,,7055,16.138508135713085,pass,,3,3,1,1,262,262,,,266,266,pass,,25.0,8.861491864286915,16.138508135713085,,current,unknown,,,unknown,,,,none,unknown,not_obvious,,,true,2026-06-09T18:53:51,2026-06-09T18:53:51,
106,task106,,,submissions/candidates/GOLF_20260609_061_arc_dsl_task325_component_count_diagonal/onnx/task106.onnx,true,9b54191da37371effdb80aaca05a4cddbabc19d25cbc1ebceae1d85a897c6698,2939,125,1039,,1164,17.940382371708615,pass,,3,3,1,1,262,262,,,266,266,pass,,25.0,7.0596176282913845,17.940382371708615,,current,unknown,,,unknown,,,,none,unknown,not_obvious,,,true,2026-06-09T18:53:52,2026-06-09T18:53:52,
107,task107,,,submissions/candidates/GOLF_20260609_061_arc_dsl_task325_component_count_diagonal/onnx/task107.onnx,true,486d43b947a10c096cd5abb2121faf5664c1d92f9d0196957cff677676caa5cf,31191,13681,59450,,73131,13.799992367549814,pass,,3,3,1,1,262,262,,,266,266,pass,,25.0,11.200007632450186,13.799992367549814,,current,unknown,,,unknown,,,,none,unknown,not_obvious,,,true,2026-06-09T18:53:53,2026-06-09T18:53:53,
108,task108,,,submissions/candidates/GOLF_20260609_061_arc_dsl_task325_component_count_diagonal/onnx/task108.onnx,true,825c078fdd5cf248ddfcf1d91c57c125e6e2213304022e67810f2d3aaee2922c,7454,1800,0,,1800,17.504458056115745,pass,,3,3,1,1,262,262,,,266,266,pass,,25.0,7.495541943884255,17.504458056115745,,current,unknown,,,unknown,,,,none,unknown,not_obvious,,,true,2026-06-09T18:53:54,2026-06-09T18:53:54,
109,task109,,,submissions/candidates/GOLF_20260609_061_arc_dsl_task325_component_count_diagonal/onnx/task109.onnx,true,d2ade70f5e497c980bfbb088e8cc977d66bc76830c18c7e11004e7eddfa1f726,5257,954,93924,,94878,13.539652865248629,pass,,3,3,1,1,262,262,,,266,266,pass,,25.0,11.460347134751371,13.539652865248629,,current,unknown,,,unknown,,,,none,unknown,not_obvious,,,true,2026-06-09T18:53:54,2026-06-09T18:53:54,
110,task110,,,submissions/candidates/GOLF_20260609_061_arc_dsl_task325_component_count_diagonal/onnx/task110.onnx,true,e4739a705f5fbfd017cae694f600491e18fb46bd3b825c8e8b6959a5a846bd85,20525,350,107543,,107893,13.411104725742392,pass,,3,3,1,1,262,262,,,266,266,pass,,25.0,11.588895274257608,13.411104725742392,,current,unknown,,,unknown,,,,none,unknown,not_obvious,,,true,2026-06-09T18:53:55,2026-06-09T18:53:55,
111,task111,,,submissions/candidates/GOLF_20260609_061_arc_dsl_task325_component_count_diagonal/onnx/task111.onnx,true,c01911e7f5493ba19bcc496b439eb2106bd44f79305daefd94e102a96691a8ca,1499,25,772,,797,18.319145321209785,pass,,3,3,1,1,261,261,,,265,265,pass,,25.0,6.680854678790215,18.319145321209785,,current,unknown,,,unknown,,,,none,unknown,not_obvious,,,true,2026-06-09T18:53:59,2026-06-09T18:53:59,
112,task112,,,submissions/candidates/GOLF_20260609_061_arc_dsl_task325_component_count_diagonal/onnx/task112.onnx,true,c9d107e03bcc1559d05367b27fca4117a92b4a4e65d2103d0e57fd16eebe58ca,3987,106,59164,,59270,14.010141445218116,pass,,3,3,1,1,262,262,,,266,266,pass,,25.0,10.989858554781884,14.010141445218116,,current,unknown,,,unknown,,,,none,unknown,not_obvious,,,true,2026-06-09T18:53:59,2026-06-09T18:53:59,
113,task113,,,submissions/candidates/GOLF_20260609_061_arc_dsl_task325_component_count_diagonal/onnx/task113.onnx,true,356a5f1e2200cf2560f6c836ce7d21eca6b6cad9e68015c2ae31639613ef9b09,499,30,0,,30,21.598802618337846,pass,,2,2,1,1,262,262,,,265,265,pass,,25.0,3.401197381662154,21.598802618337846,,current,unknown,,,unknown,,,,none,unknown,not_obvious,,,true,2026-06-09T18:54:00,2026-06-09T18:54:00,
114,task114,,,submissions/candidates/GOLF_20260609_061_arc_dsl_task325_component_count_diagonal/onnx/task114.onnx,true,aed6f07e711d7d6a4c6973c45628350a61c075e8b06430cca4ea0231c2a89643,4671,158,1091,,1249,17.869901489874422,pass,,3,3,1,1,262,262,,,266,266,pass,,25.0,7.130098510125578,17.869901489874422,,current,unknown,,,unknown,,,,none,unknown,not_obvious,,,true,2026-06-09T18:54:00,2026-06-09T18:54:00,
115,task115,,,submissions/candidates/GOLF_20260609_061_arc_dsl_task325_component_count_diagonal/onnx/task115.onnx,true,31000be51fa693d43fec7d0ab26ab9209ccae70089192d2d90c6d557322e6518,5064,77,4042,,4119,16.67663430556392,pass,,3,3,1,1,262,262,,,266,266,pass,,25.0,8.323365694436081,16.67663430556392,,current,unknown,,,unknown,,,,none,unknown,not_obvious,,,true,2026-06-09T18:54:01,2026-06-09T18:54:01,
116,task116,,,submissions/candidates/GOLF_20260609_061_arc_dsl_task325_component_count_diagonal/onnx/task116.onnx,true,3f87aab73b8c538752ffb070a34dd07ef95ccba2d299bd7526da67fcf956e1e5,479,30,0,,30,21.598802618337846,pass,,4,4,1,1,262,262,,,267,267,pass,,25.0,3.401197381662154,21.598802618337846,,current,unknown,,,unknown,,,,none,unknown,not_obvious,,,true,2026-06-09T18:54:02,2026-06-09T18:54:02,
117,task117,,,submissions/candidates/GOLF_20260609_061_arc_dsl_task325_component_count_diagonal/onnx/task117.onnx,true,0323453365e28b0b3dcd999db481fc9bdfc646c446802f6b6fa0d05af64feff6,10290,157,17835,,17992,15.202317506360849,pass,,3,3,1,1,261,261,,,265,265,pass,,25.0,9.797682493639151,15.202317506360849,,current,unknown,,,unknown,,,,none,unknown,not_obvious,,,true,2026-06-09T18:54:02,2026-06-09T18:54:02,
118,task118,,,submissions/candidates/GOLF_20260609_061_arc_dsl_task325_component_count_diagonal/onnx/task118.onnx,true,97438b5c21bb19e585d3fceec251469c7b374cd4a076c5688816618e34f13133,4432,142,116144,,116286,13.336192047071197,pass,,4,4,1,1,262,262,,,267,267,pass,,25.0,11.663807952928803,13.336192047071197,,current,unknown,,,unknown,,,,none,unknown,not_obvious,,,true,2026-06-09T18:54:03,2026-06-09T18:54:03,
119,task119,,,submissions/candidates/GOLF_20260609_061_arc_dsl_task325_component_count_diagonal/onnx/task119.onnx,true,e28ec75e50bffa295b2547cef5106f07f09481930b2fed32804a37492b509834,13392,100,16251,,16351,15.297955663465414,pass,,3,3,1,1,262,262,,,266,266,pass,,25.0,9.702044336534586,15.297955663465414,,current,unknown,,,unknown,,,,none,unknown,not_obvious,,,true,2026-06-09T18:54:05,2026-06-09T18:54:05,
120,task120,,,submissions/candidates/GOLF_20260609_061_arc_dsl_task325_component_count_diagonal/onnx/task120.onnx,true,13dafeb021b56dac928f38d32b4a0b841fcf481296ab752c9ac203fa425e1acc,3836,910,0,,910,18.186555400489105,pass,,3,3,1,1,262,262,,,266,266,pass,,25.0,6.813444599510895,18.186555400489105,,current,unknown,,,unknown,,,,none,unknown,not_obvious,,,true,2026-06-09T18:54:08,2026-06-09T18:54:08,
121,task121,,,submissions/candidates/GOLF_20260609_061_arc_dsl_task325_component_count_diagonal/onnx/task121.onnx,true,03880dc2a72d6781722a53ffad4b506867ebd9f9c0a7faae3760807eabe67856,3339,46,6484,,6530,16.215837777729526,pass,,3,3,1,1,262,262,,,266,266,pass,,25.0,8.784162222270474,16.215837777729526,,current,unknown,,,unknown,,,,none,unknown,not_obvious,,,true,2026-06-09T18:54:08,2026-06-09T18:54:08,
122,task122,,,submissions/candidates/GOLF_20260609_061_arc_dsl_task325_component_count_diagonal/onnx/task122.onnx,true,d932a3ac54fb54cc09d9cdbaab21ba4e9165ed9a6a8e01b9e0c49fb972269b75,10236,2510,0,,2510,17.17196196787417,pass,,3,3,1,1,262,262,,,266,266,pass,,25.0,7.8280380321258285,17.17196196787417,,current,unknown,,,unknown,,,,none,unknown,not_obvious,,,true,2026-06-09T18:54:08,2026-06-09T18:54:08,
123,task123,,,submissions/candidates/GOLF_20260609_061_arc_dsl_task325_component_count_diagonal/onnx/task123.onnx,true,279e30eeb7542dbd370e4d30d925cfe5037c79fe1013ddd68533c0612f2dd122,9379,948,3155,,4103,16.680526307557813,pass,,3,3,1,1,261,261,,,265,265,pass,,25.0,8.319473692442187,16.680526307557813,,current,unknown,,,unknown,,,,none,unknown,not_obvious,,,true,2026-06-09T18:54:08,2026-06-09T18:54:08,
124,task124,,,submissions/candidates/GOLF_20260609_061_arc_dsl_task325_component_count_diagonal/onnx/task124.onnx,true,da414abc8e11d3e2038a3d6606b2781ef28d37a402428e1d219ee350a98f9bf4,2840,353,11320,,11673,15.634966238347337,pass,,3,3,2,2,262,262,,,267,267,pass,,25.0,9.365033761652663,15.634966238347337,,current,unknown,,,unknown,,,,none,unknown,not_obvious,,,true,2026-06-09T18:54:09,2026-06-09T18:54:09,
125,task125,,,submissions/candidates/GOLF_20260609_061_arc_dsl_task325_component_count_diagonal/onnx/task125.onnx,true,6de7e9bc3627a673cfcc21fae47c3975d84f2be82b97a1f3e72653fb14ecbc96,3012,246,13170,,13416,15.495796696496955,pass,,2,2,1,1,262,262,,,265,265,pass,,25.0,9.504203303503045,15.495796696496955,,current,unknown,,,unknown,,,,none,unknown,not_obvious,,,true,2026-06-09T18:54:10,2026-06-09T18:54:10,
126,task126,,,submissions/candidates/GOLF_20260609_061_arc_dsl_task325_component_count_diagonal/onnx/task126.onnx,true,b86dafbc68af0e5b698f0241dd534874e44ffd9dfca8bac7b89280a3534f3824,2765,47,86044,,86091,13.636839844664504,pass,,3,3,1,1,262,262,,,266,266,pass,,25.0,11.363160155335496,13.636839844664504,,current,unknown,,,unknown,,,,none,unknown,not_obvious,,,true,2026-06-09T18:54:11,2026-06-09T18:54:11,
127,task127,,,submissions/candidates/GOLF_20260609_061_arc_dsl_task325_component_count_diagonal/onnx/task127.onnx,true,81f551a5b779e861ce371fdc4697595db753242954a60c50a3ac8e3108937d97,3772,900,0,,900,18.197605236675688,pass,,4,4,1,1,262,262,,,267,267,pass,,25.0,6.802394763324312,18.197605236675688,,current,unknown,,,unknown,,,,none,unknown,not_obvious,,,true,2026-06-09T18:54:11,2026-06-09T18:54:11,
128,task128,,,submissions/candidates/GOLF_20260609_061_arc_dsl_task325_component_count_diagonal/onnx/task128.onnx,true,f79a5c97a3a387fb121f5376e42f6006a4fabccee722aa8e36e7c50731032d02,1997,74,81285,,81359,13.693373260405208,pass,,3,3,1,1,262,262,,,266,266,pass,,25.0,11.306626739594792,13.693373260405208,,current,unknown,,,unknown,,,,none,unknown,not_obvious,,,true,2026-06-09T18:54:11,2026-06-09T18:54:11,
129,task129,,,submissions/candidates/GOLF_20260609_061_arc_dsl_task325_component_count_diagonal/onnx/task129.onnx,true,728f63fb36979fd5cd4db20aa2b8b128603016a86250a5df2cdbca61d2d2662c,785,29,778,,807,18.306676331730053,pass,,3,3,1,1,261,261,,,265,265,pass,,25.0,6.693323668269947,18.306676331730053,,current,unknown,,,unknown,,,,none,unknown,not_obvious,,,true,2026-06-09T18:54:12,2026-06-09T18:54:12,
130,task130,,,submissions/candidates/GOLF_20260609_061_arc_dsl_task325_component_count_diagonal/onnx/task130.onnx,true,d9ed4ee0f1dfb024e9ac96b996f6525c4996dc43e8889fed857532f48130e05c,1310,98,15840,,15938,15.323538526042306,pass,,2,2,1,1,262,262,,,265,265,pass,,25.0,9.676461473957694,15.323538526042306,,current,unknown,,,unknown,,,,none,unknown,not_obvious,,,true,2026-06-09T18:54:12,2026-06-09T18:54:12,
131,task131,,,submissions/candidates/GOLF_20260609_061_arc_dsl_task325_component_count_diagonal/onnx/task131.onnx,true,aef2df6731cdd0168ed41a7637a2b939bb42ff5efe498e6732b1bc4fa4aa2d64,7860,951,43599,,44550,14.295632567101045,pass,,3,3,1,1,262,262,,,266,266,pass,,25.0,10.704367432898955,14.295632567101045,,current,unknown,,,unknown,,,,none,unknown,not_obvious,,,true,2026-06-09T18:54:12,2026-06-09T18:54:12,
132,task132,,,submissions/candidates/GOLF_20260609_061_arc_dsl_task325_component_count_diagonal/onnx/task132.onnx,true,02558813adda79590927fa1e3d0be80af0e44475a6abbd69beb0d87da57bfdbb,2585,64,29394,,29458,14.709279200950512,pass,,4,4,1,1,262,262,,,267,267,pass,,25.0,10.290720799049488,14.709279200950512,,current,unknown,,,unknown,,,,none,unknown,not_obvious,,,true,2026-06-09T18:54:14,2026-06-09T18:54:14,
133,task133,,,submissions/candidates/GOLF_20260609_061_arc_dsl_task325_component_count_diagonal/onnx/task133.onnx,true,e62eb5a9a2a4edd22e15bb60cf6385817bb390a6d88aed743ce640c676fd27d4,14130,425,196254,,196679,12.810671762888107,pass,,4,4,1,1,262,262,,,267,267,pass,,25.0,12.189328237111893,12.810671762888107,,current,unknown,,,unknown,,,,none,unknown,not_obvious,,,true,2026-06-09T18:54:15,2026-06-09T18:54:15,
134,task134,,,submissions/candidates/GOLF_20260609_061_arc_dsl_task325_component_count_diagonal/onnx/task134.onnx,true,ebac6df9c67e6a5994d4bba6812140b061485cbcecda2d2573a8d88fc9e1ac49,7045,80,12300,,12380,15.576162453761413,pass,,3,3,1,1,262,262,,,266,266,pass,,25.0,9.423837546238587,15.576162453761413,,current,unknown,,,unknown,,,,none,unknown,not_obvious,,,true,2026-06-09T18:54:19,2026-06-09T18:54:19,
135,task135,,,submissions/candidates/GOLF_20260609_061_arc_dsl_task325_component_count_diagonal/onnx/task135.onnx,true,a6eca6896b1dbbcd1bf944fb6c9538e2c5fc2cf15786dac3b683be3574fcd543,251,0,360,,360,19.113895968549844,pass,,4,4,1,1,261,261,,,266,266,pass,,25.0,5.886104031450156,19.113895968549844,,current,unknown,,,unknown,,,,none,unknown,not_obvious,,,true,2026-06-09T18:54:20,2026-06-09T18:54:20,
136,task136,,,submissions/candidates/GOLF_20260609_061_arc_dsl_task325_component_count_diagonal/onnx/task136.onnx,true,3034cc00b57cebd3f428b9a03cc040332b2aa5f9ea0744b2ee359b54bd1083f5,2827,136,4700,,4836,16.516156788265317,pass,,3,3,1,1,262,262,,,266,266,pass,,25.0,8.483843211734683,16.516156788265317,,current,unknown,,,unknown,,,,none,unknown,not_obvious,,,true,2026-06-09T18:54:20,2026-06-09T18:54:20,
137,task137,,,submissions/candidates/GOLF_20260609_061_arc_dsl_task325_component_count_diagonal/onnx/task137.onnx,true,e2949632a6dcbf2d85e99913160d5788114fe740f599caf7373ab759540d202d,2835,76,71506,,71582,13.821401075304742,pass,,3,3,1,1,262,262,,,266,266,pass,,25.0,11.178598924695258,13.821401075304742,,current,unknown,,,unknown,,,,none,unknown,not_obvious,,,true,2026-06-09T18:54:21,2026-06-09T18:54:21,
138,task138,,,submissions/candidates/GOLF_20260609_061_arc_dsl_task325_component_count_diagonal/onnx/task138.onnx,true,85079e74a2e878fa8ea65d84e8c2411e675efe25045d0694289cb3a3e62d9aee,8806,125,48342,,48467,14.211361567031112,pass,,3,3,1,1,262,262,,,266,266,pass,,25.0,10.788638432968888,14.211361567031112,,current,unknown,,,unknown,,,,none,unknown,not_obvious,,,true,2026-06-09T18:54:22,2026-06-09T18:54:22,
139,task139,,,submissions/candidates/GOLF_20260609_061_arc_dsl_task325_component_count_diagonal/onnx/task139.onnx,true,e3e6133e136fc342560390d22bb08861dc290ef6c9f64e8854070984d4a5946f,3865,174,3456,,3630,16.803012072741105,pass,,2,2,1,1,262,262,,,265,265,pass,,25.0,8.196987927258895,16.803012072741105,,current,unknown,,,unknown,,,,none,unknown,not_obvious,,,true,2026-06-09T18:54:24,2026-06-09T18:54:24,
140,task140,,,submissions/candidates/GOLF_20260609_061_arc_dsl_task325_component_count_diagonal/onnx/task140.onnx,true,35298d837506c049f25a80c79e44804bf5b76de02a18f7c2e3bf35a0e4b535c9,394,8,360,,368,19.09191706183107,pass,,2,2,1,1,262,262,,,265,265,pass,,25.0,5.908082938168931,19.09191706183107,,current,unknown,,,unknown,,,,none,unknown,not_obvious,,,true,2026-06-09T18:54:25,2026-06-09T18:54:25,
141,task141,,,submissions/candidates/GOLF_20260609_061_arc_dsl_task325_component_count_diagonal/onnx/task141.onnx,true,419409ee1ef9989b22aaba718cfe107b9d915bb476e1f4edee982507a294cede,2345,69,15750,,15819,15.33103297180142,pass,,3,3,1,1,261,261,,,265,265,pass,,25.0,9.66896702819858,15.33103297180142,,current,unknown,,,unknown,,,,none,unknown,not_obvious,,,true,2026-06-09T18:54:25,2026-06-09T18:54:25,
142,task142,,,submissions/candidates/GOLF_20260609_061_arc_dsl_task325_component_count_diagonal/onnx/task142.onnx,true,b525fbe662a950ccba343052e36da4678bbd57b9039d4f6c5a15f3c0a16fd54a,7454,1800,0,,1800,17.504458056115745,pass,,3,3,1,1,262,262,,,266,266,pass,,25.0,7.495541943884255,17.504458056115745,,current,unknown,,,unknown,,,,none,unknown,not_obvious,,,true,2026-06-09T18:54:26,2026-06-09T18:54:26,
143,task143,,,submissions/candidates/GOLF_20260609_061_arc_dsl_task325_component_count_diagonal/onnx/task143.onnx,true,545186fc1e5605ade4d666e87702a09678e9c34c1449945e1a0fdef567cea868,2144,57,19384,,19441,15.12486048297936,pass,,3,3,1,1,262,262,,,266,266,pass,,25.0,9.87513951702064,15.12486048297936,,current,unknown,,,unknown,,,,none,unknown,not_obvious,,,true,2026-06-09T18:54:26,2026-06-09T18:54:26,
144,task144,,,submissions/candidates/GOLF_20260609_061_arc_dsl_task325_component_count_diagonal/onnx/task144.onnx,true,e4f87f7c8573c08ffd41e89f094d4e46ec04360c13b6e15bbeef1619434c1c23,1321,46,384,,430,18.93621479131239,pass,,4,4,1,1,262,262,,,267,267,pass,,25.0,6.063785208687609,18.93621479131239,,current,unknown,,,unknown,,,,none,unknown,not_obvious,,,true,2026-06-09T18:54:26,2026-06-09T18:54:26,
145,task145,,,submissions/candidates/GOLF_20260609_061_arc_dsl_task325_component_count_diagonal/onnx/task145.onnx,true,56b66728666329e2dd3c2c70b5c11b0cecc7b7dbeadcc916e3420976161016e6,19982,933,68824,,69757,13.847226946929018,pass,,4,4,1,1,262,262,,,267,267,pass,,25.0,11.152773053070982,13.847226946929018,,current,unknown,,,unknown,,,,none,unknown,not_obvious,,,true,2026-06-09T18:54:27,2026-06-09T18:54:27,
146,task146,,,submissions/candidates/GOLF_20260609_061_arc_dsl_task325_component_count_diagonal/onnx/task146.onnx,true,773d61ca46def6d1e9fdb7916c51a9f5e99a5d39640f394231b2b05a400c4a31,1894,24,2232,,2256,17.27865138738205,pass,,4,4,1,1,262,262,,,267,267,pass,,25.0,7.721348612617948,17.27865138738205,,current,unknown,,,unknown,,,,none,unknown,not_obvious,,,true,2026-06-09T18:54:34,2026-06-09T18:54:34,
147,task147,,,submissions/candidates/GOLF_20260609_061_arc_dsl_task325_component_count_diagonal/onnx/task147.onnx,true,e65dc2d49c2dd32775575699e73cb1ad0aca1fcca0a87fcec26127b52f631670,3825,910,0,,910,18.186555400489105,pass,,4,4,1,1,262,262,,,267,267,pass,,25.0,6.813444599510895,18.186555400489105,,current,unknown,,,unknown,,,,none,unknown,not_obvious,,,true,2026-06-09T18:54:35,2026-06-09T18:54:35,
148,task148,,,submissions/candidates/GOLF_20260609_061_arc_dsl_task325_component_count_diagonal/onnx/task148.onnx,true,977766efe15f7fabde643b68e24ea47cc5d9069210a295f8ba0c7ab3a2f5b9de,6750,353,21676,,22029,14.99988495388028,pass,,3,3,1,1,262,262,,,266,266,pass,,25.0,10.00011504611972,14.99988495388028,,current,unknown,,,unknown,,,,none,unknown,not_obvious,,,true,2026-06-09T18:54:35,2026-06-09T18:54:35,
149,task149,,,submissions/candidates/GOLF_20260609_061_arc_dsl_task325_component_count_diagonal/onnx/task149.onnx,true,f868e04b59ba1d62bada5f98a863145ecfac9cc5e5159b900910227e306b14a9,859,91,144,,235,19.54041448585584,pass,,4,4,1,1,262,262,,,267,267,pass,,25.0,5.459585514144159,19.54041448585584,,current,unknown,,,unknown,,,,none,unknown,not_obvious,,,true,2026-06-09T18:54:37,2026-06-09T18:54:37,
150,task150,,,submissions/candidates/GOLF_20260609_061_arc_dsl_task325_component_count_diagonal/onnx/task150.onnx,true,fa6c3f873e1f41fbd71c214d7f12aff9a1541155bd85dec08e71a57f7a00767d,863,31,650,,681,18.47643769385049,pass,,3,3,1,1,262,262,,,266,266,pass,,25.0,6.523562306149511,18.47643769385049,,current,unknown,,,unknown,,,,none,unknown,not_obvious,,,true,2026-06-09T18:54:38,2026-06-09T18:54:38,
151,task151,,,submissions/candidates/GOLF_20260609_061_arc_dsl_task325_component_count_diagonal/onnx/task151.onnx,true,265a8eb2b997ae3dae68af150413ae0c0301bc004251e92a8beb0dc79bd2e36b,3880,910,0,,910,18.186555400489105,pass,,3,3,1,1,262,262,,,266,266,pass,,25.0,6.813444599510895,18.186555400489105,,current,unknown,,,unknown,,,,none,unknown,not_obvious,,,true,2026-06-09T18:54:38,2026-06-09T18:54:38,
152,task152,,,submissions/candidates/GOLF_20260609_061_arc_dsl_task325_component_count_diagonal/onnx/task152.onnx,true,b525fbe662a950ccba343052e36da4678bbd57b9039d4f6c5a15f3c0a16fd54a,7454,1800,0,,1800,17.504458056115745,pass,,4,4,1,1,262,262,,,267,267,pass,,25.0,7.495541943884255,17.504458056115745,,current,unknown,,,unknown,,,,none,unknown,not_obvious,,,true,2026-06-09T18:54:38,2026-06-09T18:54:38,
153,task153,,,submissions/candidates/GOLF_20260609_061_arc_dsl_task325_component_count_diagonal/onnx/task153.onnx,true,1541efbf7c65a0ce7751c3de55ca830c1e3be72c892907d1be799b88a93ccbdd,11725,181,21213,,21394,15.029134212133924,pass,,3,3,1,1,261,261,,,265,265,pass,,25.0,9.970865787866076,15.029134212133924,,current,unknown,,,unknown,,,,none,unknown,not_obvious,,,true,2026-06-09T18:54:38,2026-06-09T18:54:38,
154,task154,,,submissions/candidates/GOLF_20260609_061_arc_dsl_task325_component_count_diagonal/onnx/task154.onnx,true,35c770b70ce31bc2a5733f0892f4b5869c0192f83503691b877e875081b0463c,6366,990,31984,,32974,14.596525348878876,pass,,3,3,1,1,262,262,,,266,266,pass,,25.0,10.403474651121124,14.596525348878876,,current,unknown,,,unknown,,,,none,unknown,not_obvious,,,true,2026-06-09T18:54:40,2026-06-09T18:54:40,
155,task155,,,submissions/candidates/GOLF_20260609_061_arc_dsl_task325_component_count_diagonal/onnx/task155.onnx,true,adf050cbac464abad2288e60422381804160c3a24b48b438b89d06119a97b13c,851,31,650,,681,18.47643769385049,pass,,3,3,1,1,262,262,,,266,266,pass,,25.0,6.523562306149511,18.47643769385049,,current,unknown,,,unknown,,,,none,unknown,not_obvious,,,true,2026-06-09T18:54:41,2026-06-09T18:54:41,
156,task156,,,submissions/candidates/GOLF_20260609_061_arc_dsl_task325_component_count_diagonal/onnx/task156.onnx,true,020a87a1e08700317af1037273607d4d841b161f799fa0d597c70095d205cdc0,49197,1898,24653,,26551,14.813177309255789,pass,,2,2,1,1,262,262,,,265,265,pass,,25.0,10.186822690744211,14.813177309255789,,current,unknown,,,unknown,,,,none,unknown,not_obvious,,,true,2026-06-09T18:54:41,2026-06-09T18:54:41,
157,task157,,,submissions/candidates/GOLF_20260609_061_arc_dsl_task325_component_count_diagonal/onnx/task157.onnx,true,bebc598c0846d1daa6940fcd47c8470f393323b28894fde4c852a4ce5041e600,267944,651,78551,,79202,13.72024316999107,pass,,2,2,1,1,262,262,,,265,265,pass,,25.0,11.27975683000893,13.72024316999107,,current,unknown,,,unknown,,,,none,unknown,not_obvious,,,true,2026-06-09T18:54:49,2026-06-09T18:54:49,
158,task158,,,submissions/candidates/GOLF_20260609_061_arc_dsl_task325_component_count_diagonal/onnx/task158.onnx,true,c8e29907c3fb688d92926b106afb6c2133f13dd11f6cf6629a94c9bc5b1323d7,33661,366,191092,,191458,12.837576257600388,pass,,3,3,1,1,262,262,,,266,266,pass,,25.0,12.162423742399612,12.837576257600388,,current,unknown,,,unknown,,,,none,unknown,not_obvious,,,true,2026-06-09T18:56:31,2026-06-09T18:56:31,
159,task159,,,submissions/candidates/GOLF_20260609_061_arc_dsl_task325_component_count_diagonal/onnx/task159.onnx,true,e4e7b316e65ee57a33f67c10d5ff18c8553e6b4de6af4a89d7687611458081e5,5011,78,20519,,20597,15.067099286895523,pass,,3,3,1,1,261,261,,,265,265,pass,,25.0,9.932900713104477,15.067099286895523,,current,unknown,,,unknown,,,,none,unknown,not_obvious,,,true,2026-06-09T18:56:39,2026-06-09T18:56:39,
160,task160,,,submissions/candidates/GOLF_20260609_061_arc_dsl_task325_component_count_diagonal/onnx/task160.onnx,true,54c4ad8e4c07f6fa403225ae55eaa23ce422d04dec75873f6c7f528f9df2931c,2171,65,4520,,4585,16.569454615309432,pass,,2,2,1,1,262,262,,,265,265,pass,,25.0,8.430545384690568,16.569454615309432,,current,unknown,,,unknown,,,,none,unknown,not_obvious,,,true,2026-06-09T18:56:40,2026-06-09T18:56:40,
161,task161,,,submissions/candidates/GOLF_20260609_061_arc_dsl_task325_component_count_diagonal/onnx/task161.onnx,true,2d7de8e1b4ed2bbcf02e9c30f7161ad0c01bf7c326b6a5608b419596eec5cf5f,4323,28,64611,,64639,13.923426777221719,pass,,3,3,1,1,262,262,,,266,266,pass,,25.0,11.076573222778281,13.923426777221719,,current,unknown,,,unknown,,,,none,unknown,not_obvious,,,true,2026-06-09T18:56:41,2026-06-09T18:56:41,
162,task162,,,submissions/candidates/GOLF_20260609_061_arc_dsl_task325_component_count_diagonal/onnx/task162.onnx,true,29467827e023a09da29f2c6bcf10d77d7bff035e613d5615f27d623e6f2f3224,2268,43,63248,,63291,13.944501582071068,pass,,3,3,1,1,262,262,,,266,266,pass,,25.0,11.055498417928932,13.944501582071068,,current,unknown,,,unknown,,,,none,unknown,not_obvious,,,true,2026-06-09T18:56:42,2026-06-09T18:56:42,
163,task163,,,submissions/candidates/GOLF_20260609_061_arc_dsl_task325_component_count_diagonal/onnx/task163.onnx,true,89d1c947e02998e29fa129f17ee0a0b7776ebddf79af4afca48b5e1799c099c0,11364,1645,22430,,24075,14.911070763333674,pass,,4,4,1,1,262,262,,,267,267,pass,,25.0,10.088929236666326,14.911070763333674,,current,unknown,,,unknown,,,,none,unknown,not_obvious,,,true,2026-06-09T18:56:43,2026-06-09T18:56:43,
164,task164,,,submissions/candidates/GOLF_20260609_061_arc_dsl_task325_component_count_diagonal/onnx/task164.onnx,true,250771b94d3db4658d4ac04e3bd9a0740f2af0f3aba0bb9b5df4d6181bb470d4,479,30,0,,30,21.598802618337846,pass,,4,4,1,1,262,262,,,267,267,pass,,25.0,3.401197381662154,21.598802618337846,,current,unknown,,,unknown,,,,none,unknown,not_obvious,,,true,2026-06-09T18:56:44,2026-06-09T18:56:44,
165,task165,,,submissions/candidates/GOLF_20260609_061_arc_dsl_task325_component_count_diagonal/onnx/task165.onnx,true,84191da6721ff334125fd7fa8616eb9122ba801b8e467d4f0bac42cdd367fab2,4910,994,66530,,67524,13.87976163077872,pass,,3,3,1,1,261,261,,,265,265,pass,,25.0,11.12023836922128,13.87976163077872,,current,unknown,,,unknown,,,,none,unknown,not_obvious,,,true,2026-06-09T18:56:44,2026-06-09T18:56:44,
166,task166,,,submissions/candidates/GOLF_20260609_061_arc_dsl_task325_component_count_diagonal/onnx/task166.onnx,true,635ac35cdaf739d7549ee8cd70b4042ae832ff18d2798a37fb1e315bb0990a02,1318,37,24752,,24789,14.881844714630706,pass,,3,3,1,1,262,262,,,266,266,pass,,25.0,10.118155285369294,14.881844714630706,,current,unknown,,,unknown,,,,none,unknown,not_obvious,,,true,2026-06-09T18:56:45,2026-06-09T18:56:45,
167,task167,,,submissions/candidates/GOLF_20260609_061_arc_dsl_task325_component_count_diagonal/onnx/task167.onnx,true,71960feaa6f01d141e2e847cf629191d99e40b6ceb0199f2c3f955b43a84d6d9,1673,294,391,,685,18.470581161737776,pass,,5,5,1,1,262,262,,,268,268,pass,,25.0,6.529418838262224,18.470581161737776,,current,unknown,,,unknown,,,,none,unknown,not_obvious,,,true,2026-06-09T18:56:45,2026-06-09T18:56:45,
168,task168,,,submissions/candidates/GOLF_20260609_061_arc_dsl_task325_component_count_diagonal/onnx/task168.onnx,true,24e27e72411c8561da75b446c8d7253b7581784b14d9d8063097e06ac83fac71,4620,185,20218,,20403,15.076562772156251,pass,,2,2,1,1,262,262,,,265,265,pass,,25.0,9.923437227843749,15.076562772156251,,current,unknown,,,unknown,,,,none,unknown,not_obvious,,,true,2026-06-09T18:56:46,2026-06-09T18:56:46,
169,task169,,,submissions/candidates/GOLF_20260609_061_arc_dsl_task325_component_count_diagonal/onnx/task169.onnx,true,8f1a1bcaa371d02dc91ac01a00326e44103b6342d849f00a509316c99f1643a0,20785,655,22973,,23628,14.929812271572874,pass,,3,3,1,1,262,262,,,266,266,pass,,25.0,10.070187728427126,14.929812271572874,,current,unknown,,,unknown,,,,none,unknown,not_obvious,,,true,2026-06-09T18:56:47,2026-06-09T18:56:47,
170,task170,,,submissions/candidates/GOLF_20260609_061_arc_dsl_task325_component_count_diagonal/onnx/task170.onnx,true,40c7d62d579c2d8926059eb3c557934286ca2ed2507772f25b157bc0a91d75ba,50577,249,78315,,78564,13.728331141770909,pass,,3,3,1,1,262,262,,,266,266,pass,,25.0,11.271668858229091,13.728331141770909,,current,unknown,,,unknown,,,,none,unknown,not_obvious,,,true,2026-06-09T18:56:51,2026-06-09T18:56:51,
171,task171,,,submissions/candidates/GOLF_20260609_061_arc_dsl_task325_component_count_diagonal/onnx/task171.onnx,true,c0dccfce69e87e53b68a617cc0ce6da5c9659180ce2acc2a46007c9915c524cb,3825,910,0,,910,18.186555400489105,pass,,4,4,1,1,49,49,,,54,54,pass,,25.0,6.813444599510895,18.186555400489105,,current,unknown,,,unknown,,,,none,unknown,not_obvious,,,true,2026-06-09T18:57:03,2026-06-09T18:57:03,
172,task172,,,submissions/candidates/GOLF_20260609_061_arc_dsl_task325_component_count_diagonal/onnx/task172.onnx,true,aa923630b6479cf1a1f5e7b7bfe2e4947e1c8ba8edba4f31d250b0b2f0c98dde,479,30,0,,30,21.598802618337846,pass,,4,4,1,1,262,262,,,267,267,pass,,25.0,3.401197381662154,21.598802618337846,,current,unknown,,,unknown,,,,none,unknown,not_obvious,,,true,2026-06-09T18:57:03,2026-06-09T18:57:03,
173,task173,,,submissions/candidates/GOLF_20260609_061_arc_dsl_task325_component_count_diagonal/onnx/task173.onnx,true,6422b0cd8c4551cb02c6733546b9d7f1b9130a0e4e58c7132e4791558a968ec7,10061,217,175026,,175243,12.926071138839562,pass,,3,3,1,1,262,262,,,266,266,pass,,25.0,12.073928861160438,12.926071138839562,,current,unknown,,,unknown,,,,none,unknown,not_obvious,,,true,2026-06-09T18:57:03,2026-06-09T18:57:03,
174,task174,,,submissions/candidates/GOLF_20260609_061_arc_dsl_task325_component_count_diagonal/onnx/task174.onnx,true,4501407339b9e160ae271315971c5baa39151bb8f252ce075fee7e027ffb1686,61839,74,51945,,52019,14.140635684557754,pass,,3,3,1,1,262,262,,,266,266,pass,,25.0,10.859364315442246,14.140635684557754,,current,unknown,,,unknown,,,,none,unknown,not_obvious,,,true,2026-06-09T18:57:05,2026-06-09T18:57:05,
175,task175,,,submissions/candidates/GOLF_20260609_061_arc_dsl_task325_component_count_diagonal/onnx/task175.onnx,true,0b83fcaee1890aa837935876092644cb56c2acf1f7249d8fb3ae79877ef09f4d,6889,2748,92072,,94820,13.54026436354389,pass,,3,3,1,1,262,262,,,266,266,pass,,25.0,11.45973563645611,13.54026436354389,,current,unknown,,,unknown,,,,none,unknown,not_obvious,,,true,2026-06-09T18:57:19,2026-06-09T18:57:19,
176,task176,,,submissions/candidates/GOLF_20260609_061_arc_dsl_task325_component_count_diagonal/onnx/task176.onnx,true,e323248617622d6f3ec11b2d387952fea83ecc2fed3bdb998ca12143a2168c6b,1126,120,7800,,7920,16.022853515191528,pass,,3,3,1,1,21,21,,,25,25,pass,,25.0,8.977146484808472,16.022853515191528,,current,unknown,,,unknown,,,,none,unknown,not_obvious,,,true,2026-06-09T18:57:20,2026-06-09T18:57:20,
177,task177,,,submissions/candidates/GOLF_20260609_061_arc_dsl_task325_component_count_diagonal/onnx/task177.onnx,true,cf49f3845c907c5c58bfc44858a09562b29c11f7bc05ec633f96e70552287949,3189,102,61092,,61194,13.978195575521427,pass,,3,3,1,1,261,261,,,265,265,pass,,25.0,11.021804424478573,13.978195575521427,,current,unknown,,,unknown,,,,none,unknown,not_obvious,,,true,2026-06-09T18:57:20,2026-06-09T18:57:20,
178,task178,,,submissions/candidates/GOLF_20260609_061_arc_dsl_task325_component_count_diagonal/onnx/task178.onnx,true,c2f0c1d677da311985f834085366125c2a4faec37223824d2e9b67736fe56dde,6317,87,13569,,13656,15.478065735525723,pass,,5,5,1,1,262,262,,,268,268,pass,,25.0,9.521934264474277,15.478065735525723,,current,unknown,,,unknown,,,,none,unknown,not_obvious,,,true,2026-06-09T18:57:21,2026-06-09T18:57:21,
179,task179,,,submissions/candidates/GOLF_20260609_061_arc_dsl_task325_component_count_diagonal/onnx/task179.onnx,true,bde695a21a93b9e2084a9b7e8a8bee5f2cdc694baa71a12d1c34ae921a89cb87,170,0,0,,0,25.0,pass,,4,4,1,1,262,262,,,267,267,pass,,25.0,0.0,25.0,,current,unknown,,,unknown,,,,none,unknown,not_obvious,,,true,2026-06-09T18:57:22,2026-06-09T18:57:22,
180,task180,,,submissions/candidates/GOLF_20260609_061_arc_dsl_task325_component_count_diagonal/onnx/task180.onnx,true,8f6b55aa41b48daa3c5bde2cf091752666c75e5b3b9acd0b61ce5c378a8988a7,2525,922,6528,,7450,16.084030688626395,pass,,5,5,1,1,262,262,,,268,268,pass,,25.0,8.915969311373605,16.084030688626395,,current,unknown,,,unknown,,,,none,unknown,not_obvious,,,true,2026-06-09T18:57:22,2026-06-09T18:57:22,
181,task181,,,submissions/candidates/GOLF_20260609_061_arc_dsl_task325_component_count_diagonal/onnx/task181.onnx,true,d5e423513a6d975dcf970b7fa00306491312801ed8b9c3232bddaa05e5217ae9,3083,86,1108,,1194,17.91493570604745,pass,,3,3,1,1,262,262,,,266,266,pass,,25.0,7.0850642939525486,17.91493570604745,,current,unknown,,,unknown,,,,none,unknown,not_obvious,,,true,2026-06-09T18:57:22,2026-06-09T18:57:22,
182,task182,,,submissions/candidates/GOLF_20260609_061_arc_dsl_task325_component_count_diagonal/onnx/task182.onnx,true,ac66100a38fea7434d77281bd097aeef12f2aec315a35796a7e7566e7d2a3ade,19158,1039,46580,,47619,14.22901287975965,pass,,4,4,1,1,262,262,,,267,267,pass,,25.0,10.77098712024035,14.22901287975965,,current,unknown,,,unknown,,,,none,unknown,not_obvious,,,true,2026-06-09T18:57:22,2026-06-09T18:57:22,
183,task183,,,submissions/candidates/GOLF_20260609_061_arc_dsl_task325_component_count_diagonal/onnx/task183.onnx,true,f4b7005b4290adc5dea5ec89a9355c9f2409a0512a488a0a99a808732f9b6fdc,4662,28,24840,,24868,14.878662884610772,pass,,3,3,1,1,261,261,,,265,265,pass,,25.0,10.121337115389228,14.878662884610772,,current,unknown,,,unknown,,,,none,unknown,not_obvious,,,true,2026-06-09T18:57:26,2026-06-09T18:57:26,
184,task184,,,submissions/candidates/GOLF_20260609_061_arc_dsl_task325_component_count_diagonal/onnx/task184.onnx,true,e2dcc9362cac03db34174d9cfe83b4528b95b776befd30fdd1cdc73bfb758161,43202,9975,28880,,38855,14.432407952356657,pass,,3,3,1,1,165,165,,,169,169,pass,,25.0,10.567592047643343,14.432407952356657,,current,unknown,,,unknown,,,,none,unknown,not_obvious,,,true,2026-06-09T18:57:27,2026-06-09T18:57:27,
185,task185,,,submissions/candidates/GOLF_20260609_061_arc_dsl_task325_component_count_diagonal/onnx/task185.onnx,true,dbc48d1e31979b5114d5df411783ca8989f9ae9c4bd063f24eb529ea5d5b1dae,18881,67,59517,,59584,14.00485763936326,pass,,4,4,1,1,262,262,,,267,267,pass,,25.0,10.99514236063674,14.00485763936326,,current,unknown,,,unknown,,,,none,unknown,not_obvious,,,true,2026-06-09T18:57:28,2026-06-09T18:57:28,
186,task186,,,submissions/candidates/GOLF_20260609_061_arc_dsl_task325_component_count_diagonal/onnx/task186.onnx,true,5f12ebe1ba6f496ac5712d9d6c43d990aba0f2edfb4474275efbbbce95cef086,924,46,318,,364,19.10284613236326,pass,,10,10,2,2,255,255,,,267,267,pass,,25.0,5.897153867636739,19.10284613236326,,current,unknown,,,unknown,,,,none,unknown,not_obvious,,,true,2026-06-09T18:57:33,2026-06-09T18:57:33,
187,task187,,,submissions/candidates/GOLF_20260609_061_arc_dsl_task325_component_count_diagonal/onnx/task187.onnx,true,cbbdb8dc3a707e455a832bcae8af23d3f17b06d5d24522d51bd63d5831282515,9705,912,83700,,84612,13.654168620492959,pass,,3,3,1,1,262,262,,,266,266,pass,,25.0,11.345831379507041,13.654168620492959,,current,unknown,,,unknown,,,,none,unknown,not_obvious,,,true,2026-06-09T18:57:33,2026-06-09T18:57:33,
188,task188,,,submissions/candidates/GOLF_20260609_061_arc_dsl_task325_component_count_diagonal/onnx/task188.onnx,true,b48429ec56843515f15fb784b0246488517e52cca244ecee0a432bfdacfcdec0,4356,48,10972,,11020,15.692532917293095,pass,,3,3,1,1,262,262,,,266,266,pass,,25.0,9.307467082706905,15.692532917293095,,current,unknown,,,unknown,,,,none,unknown,not_obvious,,,true,2026-06-09T18:57:35,2026-06-09T18:57:35,
189,task189,,,submissions/candidates/GOLF_20260609_061_arc_dsl_task325_component_count_diagonal/onnx/task189.onnx,true,fa7e9452713b624f61ee082a94e71437e44e5d608c16d3ffc5d70c49544f35be,10578,259,24380,,24639,14.887914167591697,pass,,3,3,1,1,262,262,,,266,266,pass,,25.0,10.112085832408303,14.887914167591697,,current,unknown,,,unknown,,,,none,unknown,not_obvious,,,true,2026-06-09T18:57:36,2026-06-09T18:57:36,
190,task190,,,submissions/candidates/GOLF_20260609_061_arc_dsl_task325_component_count_diagonal/onnx/task190.onnx,true,0a31ba38881a6fc4af83224d1aa59f0a876aea5808f55f95707b8c5975ac4c06,8781,178,11026,,11204,15.675973863620001,pass,,3,3,1,1,262,262,,,266,266,pass,,25.0,9.324026136379999,15.675973863620001,,current,unknown,,,unknown,,,,none,unknown,not_obvious,,,true,2026-06-09T18:57:37,2026-06-09T18:57:37,
191,task191,,,submissions/candidates/GOLF_20260609_061_arc_dsl_task325_component_count_diagonal/onnx/task191.onnx,true,3e3ea66f05444e9801586398edeb7cb3b3ac417fddb428894e250f47c553c7f7,10881,487,85432,,85919,13.638839729058745,pass,,4,4,1,1,262,262,,,267,267,pass,,25.0,11.361160270941255,13.638839729058745,,current,unknown,,,unknown,,,,none,unknown,not_obvious,,,true,2026-06-09T18:57:39,2026-06-09T18:57:39,
192,task192,,,submissions/candidates/GOLF_20260609_061_arc_dsl_task325_component_count_diagonal/onnx/task192.onnx,true,02da2ed1d0363997e45f8c5bfe6fef9b8de614300b6189a91ffc9a8d49a37a05,2089,70,51898,,51968,14.14161657647865,pass,,2,2,1,1,262,262,,,265,265,pass,,25.0,10.85838342352135,14.14161657647865,,current,unknown,,,unknown,,,,none,unknown,not_obvious,,,true,2026-06-09T18:57:43,2026-06-09T18:57:43,
193,task193,,,submissions/candidates/GOLF_20260609_061_arc_dsl_task325_component_count_diagonal/onnx/task193.onnx,true,1184ed012012ee9bc87677fea86382acea9bc6b8979f087a5b3500492d6138dd,1925,61,53600,,53661,14.109558240338645,pass,,3,3,1,1,262,262,,,266,266,pass,,25.0,10.890441759661355,14.109558240338645,,current,unknown,,,unknown,,,,none,unknown,not_obvious,,,true,2026-06-09T18:57:44,2026-06-09T18:57:44,
194,task194,,,submissions/candidates/GOLF_20260609_061_arc_dsl_task325_component_count_diagonal/onnx/task194.onnx,true,5a188032e9933c63bea9816c0846001d769eb356d00653af9e5e766ff62bb53b,7454,1800,0,,1800,17.504458056115745,pass,,3,3,1,1,262,262,,,266,266,pass,,25.0,7.495541943884255,17.504458056115745,,current,unknown,,,unknown,,,,none,unknown,not_obvious,,,true,2026-06-09T18:57:44,2026-06-09T18:57:44,
195,task195,,,submissions/candidates/GOLF_20260609_061_arc_dsl_task325_component_count_diagonal/onnx/task195.onnx,true,ba4b722b42ea9bdbffbe4fcf38c90d387045eee91e245e77f502c246c158e0dd,5381,1919,12310,,14229,15.436962585454308,pass,,3,3,1,1,261,261,,,265,265,pass,,25.0,9.563037414545692,15.436962585454308,,current,unknown,,,unknown,,,,none,unknown,not_obvious,,,true,2026-06-09T18:57:44,2026-06-09T18:57:44,
196,task196,,,submissions/candidates/GOLF_20260609_061_arc_dsl_task325_component_count_diagonal/onnx/task196.onnx,true,73f53f65549114a9075f19b9b3cae9b96e5ef04b7ac513a65f50e2171fbcf8be,3491,66,32175,,32241,14.619005786490737,pass,,3,3,1,1,262,262,,,266,266,pass,,25.0,10.380994213509263,14.619005786490737,,current,unknown,,,unknown,,,,none,unknown,not_obvious,,,true,2026-06-09T18:57:45,2026-06-09T18:57:45,
197,task197,,,submissions/candidates/GOLF_20260609_061_arc_dsl_task325_component_count_diagonal/onnx/task197.onnx,true,d2fb46801935583882f6a460471b563ccee60a53661cb17003fc2b60f17ba1ea,1223,16,50672,,50688,14.166555524825903,pass,,4,4,1,1,262,262,,,267,267,pass,,25.0,10.833444475174097,14.166555524825903,,current,unknown,,,unknown,,,,none,unknown,not_obvious,,,true,2026-06-09T18:57:46,2026-06-09T18:57:46,
198,task198,,,submissions/candidates/GOLF_20260609_061_arc_dsl_task325_component_count_diagonal/onnx/task198.onnx,true,a1cd099e3d965fb4506eded8d4bde77ea202357df70e9212b36911ca002c8cb1,6979,913,102908,,103821,13.449576458609688,pass,,3,3,1,1,262,262,,,266,266,pass,,25.0,11.550423541390312,13.449576458609688,,current,unknown,,,unknown,,,,none,unknown,not_obvious,,,true,2026-06-09T18:57:46,2026-06-09T18:57:46,
199,task199,,,submissions/candidates/GOLF_20260609_061_arc_dsl_task325_component_count_diagonal/onnx/task199.onnx,true,7f8ae82add1995ce631f2596ebf18e50b694cb8ec8d56a776cb6b1f393d891fa,2948,54,16103,,16157,15.30989132872317,pass,,3,3,1,1,262,262,,,266,266,pass,,25.0,9.69010867127683,15.30989132872317,,current,unknown,,,unknown,,,,none,unknown,not_obvious,,,true,2026-06-09T18:57:48,2026-06-09T18:57:48,
200,task200,,,submissions/candidates/GOLF_20260609_061_arc_dsl_task325_component_count_diagonal/onnx/task200.onnx,true,16b54d57827f7819b84fd55a5b88ead29cca003ac2ecf25334903a1923253f80,3848,54,3212,,3266,16.90867872646959,pass,,3,3,1,1,80,80,,,84,84,pass,,25.0,8.091321273530411,16.90867872646959,,current,unknown,,,unknown,,,,none,unknown,not_obvious,,,true,2026-06-09T18:57:48,2026-06-09T18:57:48,
201,task201,,,submissions/candidates/GOLF_20260609_061_arc_dsl_task325_component_count_diagonal/onnx/task201.onnx,true,38bd02d717e5ab0a9e14bc97fdda66c68e8a52c2b2686fbb9411671b3abf5da8,9668,308,92392,,92700,13.562876248446054,pass,,4,4,1,1,261,261,,,266,266,pass,,25.0,11.437123751553946,13.562876248446054,,current,unknown,,,unknown,,,,none,unknown,not_obvious,,,true,2026-06-09T18:57:48,2026-06-09T18:57:48,
202,task202,,,submissions/candidates/GOLF_20260609_061_arc_dsl_task325_component_count_diagonal/onnx/task202.onnx,true,548ea01a96ba723d596f57386963dc208eac1c74ee9c8ad978597704d8065f5d,3582,14,125706,,125720,13.258187509088495,pass,,4,4,1,1,225,225,,,230,230,pass,,25.0,11.741812490911505,13.258187509088495,,current,unknown,,,unknown,,,,none,unknown,not_obvious,,,true,2026-06-09T18:57:51,2026-06-09T18:57:51,
203,task203,,,submissions/candidates/GOLF_20260609_061_arc_dsl_task325_component_count_diagonal/onnx/task203.onnx,true,5c86587356aef4914bda51c97f89e22464a8270b22c47a7b46fe9a7cfed22036,6437,690,87712,,88402,13.610350127195805,pass,,4,4,1,1,262,262,,,267,267,pass,,25.0,11.389649872804195,13.610350127195805,,current,unknown,,,unknown,,,,none,unknown,not_obvious,,,true,2026-06-09T18:57:52,2026-06-09T18:57:52,
204,task204,,,submissions/candidates/GOLF_20260609_061_arc_dsl_task325_component_count_diagonal/onnx/task204.onnx,true,ba4ffbc5c9eef0b8cdd6718a27b6cbdd935d550ffba5f90c34d687d2d4595565,7250,1246,118400,,119646,13.307707338062253,pass,,5,5,1,1,262,262,,,268,268,pass,,25.0,11.692292661937747,13.307707338062253,,current,unknown,,,unknown,,,,none,unknown,not_obvious,,,true,2026-06-09T18:57:53,2026-06-09T18:57:53,
205,task205,,,submissions/candidates/GOLF_20260609_061_arc_dsl_task325_component_count_diagonal/onnx/task205.onnx,true,dfd08e391e2f0ca84fc0efe2a0fb96c8914cd0c3f7eefebc8c36de45e2c92553,33601,1722,110591,,112313,13.370955104619776,pass,,3,3,1,1,262,262,,,266,266,pass,,25.0,11.629044895380224,13.370955104619776,,current,unknown,,,unknown,,,,none,unknown,not_obvious,,,true,2026-06-09T18:57:54,2026-06-09T18:57:54,
206,task206,,,submissions/candidates/GOLF_20260609_061_arc_dsl_task325_component_count_diagonal/onnx/task206.onnx,true,6d2e2caf63b2b8ee014e0df959395bfc42df14c2f6bc7f7bb1fcdd330df2bd1d,4022,90,61296,,61386,13.975062924893004,pass,,3,3,1,1,262,262,,,266,266,pass,,25.0,11.024937075106996,13.975062924893004,,current,unknown,,,unknown,,,,none,unknown,not_obvious,,,true,2026-06-09T18:58:04,2026-06-09T18:58:04,
207,task207,,,submissions/candidates/GOLF_20260609_061_arc_dsl_task325_component_count_diagonal/onnx/task207.onnx,true,eb31b69d46ecc34c73b17ad80493c10002468aa9196475e6c9e12fcf46ff8235,1979,35,1840,,1875,17.463636061595487,pass,,3,3,1,1,261,261,,,265,265,pass,,25.0,7.536363938404513,17.463636061595487,,current,unknown,,,unknown,,,,none,unknown,not_obvious,,,true,2026-06-09T18:58:05,2026-06-09T18:58:05,
208,task208,,,submissions/candidates/GOLF_20260609_061_arc_dsl_task325_component_count_diagonal/onnx/task208.onnx,true,3bbdb622d72470ab3535a6cda2816f64689f9e0c35d877ab37e915b2d3262e28,4971,179,47093,,47272,14.236326566974489,pass,,3,3,1,1,262,262,,,266,266,pass,,25.0,10.763673433025511,14.236326566974489,,current,unknown,,,unknown,,,,none,unknown,not_obvious,,,true,2026-06-09T18:58:06,2026-06-09T18:58:06,
209,task209,,,submissions/candidates/GOLF_20260609_061_arc_dsl_task325_component_count_diagonal/onnx/task209.onnx,true,526096cdb412105c0c63b13deae79e4fe0e8dd534f55f1f79315e19f2b58699c,12442,165,122191,,122356,13.28530989269121,pass,,3,3,1,1,262,262,,,266,266,pass,,25.0,11.71469010730879,13.28530989269121,,current,unknown,,,unknown,,,,none,unknown,not_obvious,,,true,2026-06-09T18:58:08,2026-06-09T18:58:08,
210,task210,,,submissions/candidates/GOLF_20260609_061_arc_dsl_task325_component_count_diagonal/onnx/task210.onnx,true,aa923630b6479cf1a1f5e7b7bfe2e4947e1c8ba8edba4f31d250b0b2f0c98dde,479,30,0,,30,21.598802618337846,pass,,3,3,1,1,262,262,,,266,266,pass,,25.0,3.401197381662154,21.598802618337846,,current,unknown,,,unknown,,,,none,unknown,not_obvious,,,true,2026-06-09T18:58:11,2026-06-09T18:58:11,
211,task211,,,submissions/candidates/GOLF_20260609_061_arc_dsl_task325_component_count_diagonal/onnx/task211.onnx,true,3c58a51ab06ee25bf3c54539284f6def4bc6e10c364246d45f5533df0905fd17,7454,1800,0,,1800,17.504458056115745,pass,,3,3,1,1,262,262,,,266,266,pass,,25.0,7.495541943884255,17.504458056115745,,current,unknown,,,unknown,,,,none,unknown,not_obvious,,,true,2026-06-09T18:58:11,2026-06-09T18:58:11,
212,task212,,,submissions/candidates/GOLF_20260609_061_arc_dsl_task325_component_count_diagonal/onnx/task212.onnx,true,0c1ca70c56b44d6d046af2024e16c123ffaa22fb324a34d41b0f2d6faf36bc61,6505,138,9032,,9170,15.876307434749489,pass,,2,2,1,1,262,262,,,265,265,pass,,25.0,9.123692565250511,15.876307434749489,,current,unknown,,,unknown,,,,none,unknown,not_obvious,,,true,2026-06-09T18:58:12,2026-06-09T18:58:12,
213,task213,,,submissions/candidates/GOLF_20260609_061_arc_dsl_task325_component_count_diagonal/onnx/task213.onnx,true,ffd3db947f8641970df24a83738d878471af3403cc7a2bbd245fb74dd1da6198,26793,140,50005,,50145,14.177325912477691,pass,,3,3,1,1,261,261,,,265,265,pass,,25.0,10.822674087522309,14.177325912477691,,current,unknown,,,unknown,,,,none,unknown,not_obvious,,,true,2026-06-09T18:58:13,2026-06-09T18:58:13,
214,task214,,,submissions/candidates/GOLF_20260609_061_arc_dsl_task325_component_count_diagonal/onnx/task214.onnx,true,476030b9c3c916862c896b22ae9f1ee46d6bedd703bd39deeb4fe1a9a7cf6c54,7454,1800,0,,1800,17.504458056115745,pass,,3,3,1,1,262,262,,,266,266,pass,,25.0,7.495541943884255,17.504458056115745,,current,unknown,,,unknown,,,,none,unknown,not_obvious,,,true,2026-06-09T18:58:20,2026-06-09T18:58:20,
215,task215,,,submissions/candidates/GOLF_20260609_061_arc_dsl_task325_component_count_diagonal/onnx/task215.onnx,true,ad1e975b6e82508de2e208bb5877eb3d7a2c9d9a0cebf7b9dd4911a4078af377,1729,112,37982,,38094,14.452187931601495,pass,,2,2,1,1,262,262,,,265,265,pass,,25.0,10.547812068398505,14.452187931601495,,current,unknown,,,unknown,,,,none,unknown,not_obvious,,,true,2026-06-09T18:58:20,2026-06-09T18:58:20,
216,task216,,,submissions/candidates/GOLF_20260609_061_arc_dsl_task325_component_count_diagonal/onnx/task216.onnx,true,47538c17f1e6ed157ba6d4effe2cbfc8d098af219d3896cbb6d92e0989333de8,11027,100,103472,,103572,13.451977697992342,pass,,3,3,1,1,262,262,,,266,266,pass,,25.0,11.548022302007658,13.451977697992342,,current,unknown,,,unknown,,,,none,unknown,not_obvious,,,true,2026-06-09T18:58:20,2026-06-09T18:58:20,
217,task217,,,submissions/candidates/GOLF_20260609_061_arc_dsl_task325_component_count_diagonal/onnx/task217.onnx,true,2f029d300d82fefb5d96fa4be293ae596ae1de0026dacc64e63b73ed6b788d33,1350,23,17901,,17924,15.206104124093967,pass,,3,3,1,1,262,262,,,266,266,pass,,25.0,9.793895875906033,15.206104124093967,,current,unknown,,,unknown,,,,none,unknown,not_obvious,,,true,2026-06-09T18:58:25,2026-06-09T18:58:25,
218,task218,,,submissions/candidates/GOLF_20260609_061_arc_dsl_task325_component_count_diagonal/onnx/task218.onnx,true,14bb6c5e5fa3712e4f556142985fa03de40ba2accd475bb596ee538d3c10c60e,9594,44,23158,,23202,14.948006239164648,pass,,3,3,1,1,262,262,,,266,266,pass,,25.0,10.051993760835352,14.948006239164648,,current,unknown,,,unknown,,,,none,unknown,not_obvious,,,true,2026-06-09T18:58:26,2026-06-09T18:58:26,
219,task219,,,submissions/candidates/GOLF_20260609_061_arc_dsl_task325_component_count_diagonal/onnx/task219.onnx,true,a3ca127a99e69f2f092139f41da35e9bea5cdf7d351b6161840f23a4a03edfcb,18397,97,84750,,84847,13.651395086474174,pass,,3,3,1,1,261,261,,,265,265,pass,,25.0,11.348604913525826,13.651395086474174,,current,unknown,,,unknown,,,,none,unknown,not_obvious,,,true,2026-06-09T18:58:28,2026-06-09T18:58:28,
220,task220,,,submissions/candidates/GOLF_20260609_061_arc_dsl_task325_component_count_diagonal/onnx/task220.onnx,true,924ca3ff6b3c2190ebdd92b73e0c33ac441a7e64b5924bb34b2faa596a40dd55,3798,900,0,,900,18.197605236675688,pass,,4,4,1,1,262,262,,,267,267,pass,,25.0,6.802394763324312,18.197605236675688,,current,unknown,,,unknown,,,,none,unknown,not_obvious,,,true,2026-06-09T18:58:36,2026-06-09T18:58:36,
221,task221,,,submissions/candidates/GOLF_20260609_061_arc_dsl_task325_component_count_diagonal/onnx/task221.onnx,true,fc40a9c864b222aaeab1d16ab69b17f524fd95dc657baa701b144f4288e5bcb5,13333,5028,50841,,55869,14.069235056400384,pass,,4,4,1,1,262,262,,,267,267,pass,,25.0,10.930764943599616,14.069235056400384,,current,unknown,,,unknown,,,,none,unknown,not_obvious,,,true,2026-06-09T18:58:36,2026-06-09T18:58:36,
222,task222,,,submissions/candidates/GOLF_20260609_061_arc_dsl_task325_component_count_diagonal/onnx/task222.onnx,true,f82b35de1de8377a5dd17f94de623872a1021443ff972be6e0765c6d21c5595a,2578,87,57948,,58035,14.031198444197276,pass,,3,3,1,1,262,262,,,266,266,pass,,25.0,10.968801555802724,14.031198444197276,,current,unknown,,,unknown,,,,none,unknown,not_obvious,,,true,2026-06-09T18:58:37,2026-06-09T18:58:37,
223,task223,,,submissions/candidates/GOLF_20260609_061_arc_dsl_task325_component_count_diagonal/onnx/task223.onnx,true,51cd95a032c661ce28fa653ad0e727fb33cf6a709a5747e02a8ab323190ae968,7454,1800,0,,1800,17.504458056115745,pass,,2,2,1,1,262,262,,,265,265,pass,,25.0,7.495541943884255,17.504458056115745,,current,unknown,,,unknown,,,,none,unknown,not_obvious,,,true,2026-06-09T18:58:38,2026-06-09T18:58:38,
224,task224,,,submissions/candidates/GOLF_20260609_061_arc_dsl_task325_component_count_diagonal/onnx/task224.onnx,true,30eef2f542fdb5bbe18b230c6d294b136197beed63e963e56779281e678d2de4,4703,182,45276,,45458,14.275455898281896,pass,,3,3,1,1,262,262,,,266,266,pass,,25.0,10.724544101718104,14.275455898281896,,current,unknown,,,unknown,,,,none,unknown,not_obvious,,,true,2026-06-09T18:58:38,2026-06-09T18:58:38,
225,task225,,,submissions/candidates/GOLF_20260609_061_arc_dsl_task325_component_count_diagonal/onnx/task225.onnx,true,29a76e5536c419ef3e3747f899f51614ee6699ad35ad5fb9b073ba5d5f52d257,5688,650,10428,,11078,15.68728356140695,pass,,3,3,1,1,261,261,,,265,265,pass,,25.0,9.31271643859305,15.68728356140695,,current,unknown,,,unknown,,,,none,unknown,not_obvious,,,true,2026-06-09T18:58:39,2026-06-09T18:58:39,
226,task226,,,submissions/candidates/GOLF_20260609_061_arc_dsl_task325_component_count_diagonal/onnx/task226.onnx,true,adbe789aeb65453c344dc91ee8ee73e451cdd63ae48630fec91dc77cb89acaf1,4625,151,4608,,4759,16.53220715887889,pass,,3,3,1,1,129,129,,,133,133,pass,,25.0,8.46779284112111,16.53220715887889,,current,unknown,,,unknown,,,,none,unknown,not_obvious,,,true,2026-06-09T18:58:40,2026-06-09T18:58:40,
227,task227,,,submissions/candidates/GOLF_20260609_061_arc_dsl_task325_component_count_diagonal/onnx/task227.onnx,true,1c70db9caee31b32d02ae1630c5ef3991ddbf82fedb750d43b515fab048d6dec,1135,47,2880,,2927,17.018266713308115,pass,,4,4,1,1,262,262,,,267,267,pass,,25.0,7.981733286691885,17.018266713308115,,current,unknown,,,unknown,,,,none,unknown,not_obvious,,,true,2026-06-09T18:58:41,2026-06-09T18:58:41,
228,task228,,,submissions/candidates/GOLF_20260609_061_arc_dsl_task325_component_count_diagonal/onnx/task228.onnx,true,a8a923f21fecee5512861159a89a0ecf2a9f276985c45face926d3b953bdb4fe,2649,78,25008,,25086,14.86993479941538,pass,,3,3,1,1,262,262,,,266,266,pass,,25.0,10.13006520058462,14.86993479941538,,current,unknown,,,unknown,,,,none,unknown,not_obvious,,,true,2026-06-09T18:58:41,2026-06-09T18:58:41,
229,task229,,,submissions/candidates/GOLF_20260609_061_arc_dsl_task325_component_count_diagonal/onnx/task229.onnx,true,acbf2dc745d4a717148c274f1e25cdd3fce8e718787f72530d661d60044ad805,1379,45,1364,,1409,17.74936448810132,pass,,4,4,1,1,262,262,,,267,267,pass,,25.0,7.250635511898679,17.74936448810132,,current,unknown,,,unknown,,,,none,unknown,not_obvious,,,true,2026-06-09T18:58:42,2026-06-09T18:58:42,
230,task230,,,submissions/candidates/GOLF_20260609_061_arc_dsl_task325_component_count_diagonal/onnx/task230.onnx,true,1444325f9990947c4e2b6bd66f2ce611d8efc4be97b595c4bf2ad63e9e166ad0,3798,900,0,,900,18.197605236675688,pass,,3,3,1,1,262,262,,,266,266,pass,,25.0,6.802394763324312,18.197605236675688,,current,unknown,,,unknown,,,,none,unknown,not_obvious,,,true,2026-06-09T18:58:43,2026-06-09T18:58:43,
231,task231,,,submissions/candidates/GOLF_20260609_061_arc_dsl_task325_component_count_diagonal/onnx/task231.onnx,true,0c1e71372911c46c9c64b66ca2cb0069688208ae594f8bbcb5c63f8cce07a8f2,2684,101,38241,,38342,14.445698819920006,pass,,3,3,1,1,262,262,,,266,266,pass,,25.0,10.554301180079994,14.445698819920006,,current,unknown,,,unknown,,,,none,unknown,not_obvious,,,true,2026-06-09T18:58:43,2026-06-09T18:58:43,
232,task232,,,submissions/candidates/GOLF_20260609_061_arc_dsl_task325_component_count_diagonal/onnx/task232.onnx,true,b416c4b9864f9c0ee3021d3e0d536638459295310003e1612ea60837e5e1fc02,1616,69,29428,,29497,14.707956157758622,pass,,3,3,1,1,262,262,,,266,266,pass,,25.0,10.292043842241378,14.707956157758622,,current,unknown,,,unknown,,,,none,unknown,not_obvious,,,true,2026-06-09T18:58:44,2026-06-09T18:58:44,
233,task233,,,submissions/candidates/GOLF_20260609_061_arc_dsl_task325_component_count_diagonal/onnx/task233.onnx,true,60643ce7d02b9d9380499ca57b5e45850ee61d209d98e5a56f9cb17896158943,312152,10142,1646585,,1656727,10.679645472747369,pass,,3,3,1,1,262,262,,,266,266,pass,,25.0,14.320354527252631,10.679645472747369,,current,unknown,,,unknown,,,,none,unknown,not_obvious,,,true,2026-06-09T18:58:45,2026-06-09T18:58:45,
234,task234,,,submissions/candidates/GOLF_20260609_061_arc_dsl_task325_component_count_diagonal/onnx/task234.onnx,true,89328211cfc49e1d6b7788e2c884ed883a744cf19e27a7b8393aa0d1549217b6,4106,82,81621,,81703,13.689154000119816,pass,,3,3,1,1,262,262,,,266,266,pass,,25.0,11.310845999880184,13.689154000119816,,current,unknown,,,unknown,,,,none,unknown,not_obvious,,,true,2026-06-09T18:59:42,2026-06-09T18:59:42,
235,task235,,,submissions/candidates/GOLF_20260609_061_arc_dsl_task325_component_count_diagonal/onnx/task235.onnx,true,046373c88008b543046f990f0cde3f5c161d21e0835fb8ca9ada066a6fc504d1,3090,114,1224,,1338,17.801068759311825,pass,,4,4,1,1,64,64,,,69,69,pass,,25.0,7.198931240688175,17.801068759311825,,current,unknown,,,unknown,,,,none,unknown,not_obvious,,,true,2026-06-09T18:59:44,2026-06-09T18:59:44,
236,task236,,,submissions/candidates/GOLF_20260609_061_arc_dsl_task325_component_count_diagonal/onnx/task236.onnx,true,2e59dc4336de1e1fb4014ca0b81f2777c0a9fd808fbee3c5d54770d6ade5bbfe,643,1,642,,643,18.53385527576238,pass,,4,4,1,1,262,262,,,267,267,pass,,25.0,6.466144724237619,18.53385527576238,,current,unknown,,,unknown,,,,none,unknown,not_obvious,,,true,2026-06-09T18:59:44,2026-06-09T18:59:44,
237,task237,,,submissions/candidates/GOLF_20260609_061_arc_dsl_task325_component_count_diagonal/onnx/task237.onnx,true,9d3baf9e04284ace2238abe88eae62477296ee34499efa7b0146d799717804fc,1637,41,14283,,14324,15.430308268881676,pass,,4,4,1,1,261,261,,,266,266,pass,,25.0,9.569691731118324,15.430308268881676,,current,unknown,,,unknown,,,,none,unknown,not_obvious,,,true,2026-06-09T18:59:44,2026-06-09T18:59:44,
238,task238,,,submissions/candidates/GOLF_20260609_061_arc_dsl_task325_component_count_diagonal/onnx/task238.onnx,true,0c9d0a9b77ae95c5c13f6fe4c22864a5488fb61a7bc21f8d8fe95195fa2a292b,12003,1447,62905,,64352,13.927876707427622,pass,,3,3,1,1,262,262,,,266,266,pass,,25.0,11.072123292572378,13.927876707427622,,current,unknown,,,unknown,,,,none,unknown,not_obvious,,,true,2026-06-09T18:59:45,2026-06-09T18:59:45,
239,task239,,,submissions/candidates/GOLF_20260609_061_arc_dsl_task325_component_count_diagonal/onnx/task239.onnx,true,1bb32963e7cb07aed708c1c9c2e30991506b48570898ddade7fec2515559fc95,3146,386,94091,,94477,13.54388830238479,pass,,4,4,1,1,262,262,,,267,267,pass,,25.0,11.45611169761521,13.54388830238479,,current,unknown,,,unknown,,,,none,unknown,not_obvious,,,true,2026-06-09T18:59:48,2026-06-09T18:59:48,
240,task240,,,submissions/candidates/GOLF_20260609_061_arc_dsl_task325_component_count_diagonal/onnx/task240.onnx,true,bda05f96847ed565be978b76b47136a6bb20b09fc1dd04053bfd1b4222485694,66169,13735,14112,,27847,14.765519480374964,pass,,3,3,1,1,262,262,,,266,266,pass,,25.0,10.234480519625036,14.765519480374964,,current,unknown,,,unknown,,,,none,unknown,not_obvious,,,true,2026-06-09T18:59:49,2026-06-09T18:59:49,
241,task241,,,submissions/candidates/GOLF_20260609_061_arc_dsl_task325_component_count_diagonal/onnx/task241.onnx,true,bde695a21a93b9e2084a9b7e8a8bee5f2cdc694baa71a12d1c34ae921a89cb87,170,0,0,,0,25.0,pass,,3,3,1,1,262,262,,,266,266,pass,,25.0,0.0,25.0,,current,unknown,,,unknown,,,,none,unknown,not_obvious,,,true,2026-06-09T18:59:49,2026-06-09T18:59:49,
242,task242,,,submissions/candidates/GOLF_20260609_061_arc_dsl_task325_component_count_diagonal/onnx/task242.onnx,true,bb232897b80bdf416ba34bfa5ab891016aaab46442830df933e03df48cf9d359,875,7,7864,,7871,16.02905960185755,pass,,3,3,1,1,262,262,,,266,266,pass,,25.0,8.97094039814245,16.02905960185755,,current,unknown,,,unknown,,,,none,unknown,not_obvious,,,true,2026-06-09T18:59:49,2026-06-09T18:59:49,
243,task243,,,submissions/candidates/GOLF_20260609_061_arc_dsl_task325_component_count_diagonal/onnx/task243.onnx,true,9743d44229d2d01b70cc1493ce6fcb3112db8c9c6397a6db44e27c8457088662,16567,102,108864,,108966,13.401208814053447,pass,,3,3,1,1,261,261,,,265,265,pass,,25.0,11.598791185946553,13.401208814053447,,current,unknown,,,unknown,,,,none,unknown,not_obvious,,,true,2026-06-09T18:59:50,2026-06-09T18:59:50,
244,task244,,,submissions/candidates/GOLF_20260609_061_arc_dsl_task325_component_count_diagonal/onnx/task244.onnx,true,12974cd83da15658ad0e0fe3b624c0b705d56b763e2925eda0818540265e7af8,6538,85,31697,,31782,14.633344629227418,pass,,3,3,1,1,262,262,,,266,266,pass,,25.0,10.366655370772582,14.633344629227418,,current,unknown,,,unknown,,,,none,unknown,not_obvious,,,true,2026-06-09T18:59:52,2026-06-09T18:59:52,
245,task245,,,submissions/candidates/GOLF_20260609_061_arc_dsl_task325_component_count_diagonal/onnx/task245.onnx,true,a4a6b7f7e0ec649bf8b13f48262e8904e7b97d6446b7b8840f4a1b6a9c2dfbe3,2751,96,28916,,29012,14.724535183516696,pass,,4,4,1,1,262,262,,,267,267,pass,,25.0,10.275464816483304,14.724535183516696,,current,unknown,,,unknown,,,,none,unknown,not_obvious,,,true,2026-06-09T18:59:54,2026-06-09T18:59:54,
246,task246,,,submissions/candidates/GOLF_20260609_061_arc_dsl_task325_component_count_diagonal/onnx/task246.onnx,true,379b5a73e3dee6f56eedab3ab0bd0ed8414179c6e7ae1edd0a948060d6401309,3824,431,12960,,13391,15.497661881504435,pass,,3,3,1,1,262,262,,,266,266,pass,,25.0,9.502338118495565,15.497661881504435,,current,unknown,,,unknown,,,,none,unknown,not_obvious,,,true,2026-06-09T18:59:55,2026-06-09T18:59:55,
247,task247,,,submissions/candidates/GOLF_20260609_061_arc_dsl_task325_component_count_diagonal/onnx/task247.onnx,true,202455e85ff2289b7e5ad0e15e4530063a9a3e5c67005cce9ec5d01f88cab3fd,2060,26,6142,,6168,16.272870084756832,pass,,6,6,1,1,262,262,,,269,269,pass,,25.0,8.727129915243168,16.272870084756832,,current,unknown,,,unknown,,,,none,unknown,not_obvious,,,true,2026-06-09T18:59:55,2026-06-09T18:59:55,
248,task248,,,submissions/candidates/GOLF_20260609_061_arc_dsl_task325_component_count_diagonal/onnx/task248.onnx,true,d86885301cdf5826a31492fd78adf8de4176e3e132edd91045a94f65503930ec,8306,1812,4698,,6510,16.218905264797385,pass,,3,3,1,1,9,9,,,13,13,pass,,25.0,8.781094735202615,16.218905264797385,,current,unknown,,,unknown,,,,none,unknown,not_obvious,,,true,2026-06-09T18:59:56,2026-06-09T18:59:56,
249,task249,,,submissions/candidates/GOLF_20260609_061_arc_dsl_task325_component_count_diagonal/onnx/task249.onnx,true,16b434918e0e9015cf3e820b3b35e73063aca4ea03523f738db3b9659e6f1d82,852,30,650,,680,18.477907201829847,pass,,3,3,1,1,261,261,,,265,265,pass,,25.0,6.522092798170153,18.477907201829847,,current,unknown,,,unknown,,,,none,unknown,not_obvious,,,true,2026-06-09T18:59:56,2026-06-09T18:59:56,
250,task250,,,submissions/candidates/GOLF_20260609_061_arc_dsl_task325_component_count_diagonal/onnx/task250.onnx,true,7ab516acebfe69fb1fe5650af6ebf52c510a8c63dadb9e80a92130ccb410f9a0,12918,68,12072,,12140,15.59573893538651,pass,,2,2,1,1,262,262,,,265,265,pass,,25.0,9.40426106461349,15.59573893538651,,current,unknown,,,unknown,,,,none,unknown,not_obvious,,,true,2026-06-09T18:59:56,2026-06-09T18:59:56,
251,task251,,,submissions/candidates/GOLF_20260609_061_arc_dsl_task325_component_count_diagonal/onnx/task251.onnx,true,82d350374d90693c70187cdf979ebb574c69cda11c9c56813abeb372eed8e78f,5106,20,100560,,100580,13.481291290274044,pass,,3,3,1,1,262,262,,,266,266,pass,,25.0,11.518708709725956,13.481291290274044,,current,unknown,,,unknown,,,,none,unknown,not_obvious,,,true,2026-06-09T18:59:59,2026-06-09T18:59:59,
252,task252,,,submissions/candidates/GOLF_20260609_061_arc_dsl_task325_component_count_diagonal/onnx/task252.onnx,true,f94f1914ddc282177a848c90a7aac926b6095d8fffc5a863c722843121c979c3,3201,262,37800,,38062,14.453028311923028,pass,,3,3,1,1,262,262,,,266,266,pass,,25.0,10.546971688076972,14.453028311923028,,current,unknown,,,unknown,,,,none,unknown,not_obvious,,,true,2026-06-09T19:00:00,2026-06-09T19:00:00,
253,task253,,,submissions/candidates/GOLF_20260609_061_arc_dsl_task325_component_count_diagonal/onnx/task253.onnx,true,2538ea53b1aad1e6365055ee14f48dccb49ef632cce416086075b33d42366bad,3510,439,47830,,48269,14.215455188361384,pass,,2,2,1,1,262,262,,,265,265,pass,,25.0,10.784544811638616,14.215455188361384,,current,unknown,,,unknown,,,,none,unknown,not_obvious,,,true,2026-06-09T19:00:00,2026-06-09T19:00:00,
254,task254,,,submissions/candidates/GOLF_20260609_061_arc_dsl_task325_component_count_diagonal/onnx/task254.onnx,true,cce96782d9b4b1065b63ebb4a84c1ba6253724c3cd2a387838d205cf71eaae5f,4960,158,7798,,7956,16.018318360026136,pass,,2,2,1,1,262,262,,,265,265,pass,,25.0,8.981681639973864,16.018318360026136,,current,unknown,,,unknown,,,,none,unknown,not_obvious,,,true,2026-06-09T19:00:01,2026-06-09T19:00:01,
255,task255,,,submissions/candidates/GOLF_20260609_061_arc_dsl_task325_component_count_diagonal/onnx/task255.onnx,true,fa1e7094e90bb8c91fefe91e98593b6f482290c675e954885352925e1112e778,44145,2208,643378,,645586,11.62208628955128,pass,,3,3,1,1,261,261,,,265,265,pass,,25.0,13.37791371044872,11.62208628955128,,current,unknown,,,unknown,,,,none,unknown,not_obvious,,,true,2026-06-09T19:00:02,2026-06-09T19:00:02,
256,task256,,,submissions/candidates/GOLF_20260609_061_arc_dsl_task325_component_count_diagonal/onnx/task256.onnx,true,93b4cd85da78966500ea451ad9648b6e956e73a8478135df67e7aff45a38168b,4194,59,18022,,18081,15.197383057848846,pass,,3,3,1,1,262,262,,,266,266,pass,,25.0,9.802616942151154,15.197383057848846,,current,unknown,,,unknown,,,,none,unknown,not_obvious,,,true,2026-06-09T19:00:13,2026-06-09T19:00:13,
257,task257,,,submissions/candidates/GOLF_20260609_061_arc_dsl_task325_component_count_diagonal/onnx/task257.onnx,true,316eaaf4e1a47569341378a8a58e40559f938a7fe5ae659867c0f2117bf8e021,1369,53,1024,,1077,18.01806532284361,pass,,6,6,1,1,262,262,,,269,269,pass,,25.0,6.981934677156389,18.01806532284361,,current,unknown,,,unknown,,,,none,unknown,not_obvious,,,true,2026-06-09T19:00:14,2026-06-09T19:00:14,
258,task258,,,submissions/candidates/GOLF_20260609_061_arc_dsl_task325_component_count_diagonal/onnx/task258.onnx,true,9cf85f5ef87760197eaab665af872adc9c2a38a6b9c2133f506deb1e51402d09,880,160,0,,160,19.924826184766175,pass,,3,3,1,1,262,262,,,266,266,pass,,25.0,5.075173815233825,19.924826184766175,,current,unknown,,,unknown,,,,none,unknown,not_obvious,,,true,2026-06-09T19:00:15,2026-06-09T19:00:15,
259,task259,,,submissions/candidates/GOLF_20260609_061_arc_dsl_task325_component_count_diagonal/onnx/task259.onnx,true,cd8f2883b4e59672ccd19f5a5b45fc92a1c48a4e736beaa179e62ce6d6dd7a07,3882,50,6793,,6843,16.169018489047502,pass,,3,3,1,1,262,262,,,266,266,pass,,25.0,8.830981510952498,16.169018489047502,,current,unknown,,,unknown,,,,none,unknown,not_obvious,,,true,2026-06-09T19:00:15,2026-06-09T19:00:15,
260,task260,,,submissions/candidates/GOLF_20260609_061_arc_dsl_task325_component_count_diagonal/onnx/task260.onnx,true,35736c57d98142f122c43cb025104944bce52b1265e108c470480131c8178f7d,3230,141,12332,,12473,15.568678412874291,pass,,3,3,1,1,262,262,,,266,266,pass,,25.0,9.431321587125709,15.568678412874291,,current,unknown,,,unknown,,,,none,unknown,not_obvious,,,true,2026-06-09T19:00:15,2026-06-09T19:00:15,
261,task261,,,submissions/candidates/GOLF_20260609_061_arc_dsl_task325_component_count_diagonal/onnx/task261.onnx,true,6104690685d52f02ca149095658b51c2d448d252f763922efdb0fd69749b630f,995,200,0,,200,19.701682633451963,pass,,3,3,1,1,261,261,,,265,265,pass,,25.0,5.298317366548037,19.701682633451963,,current,unknown,,,unknown,,,,none,unknown,not_obvious,,,true,2026-06-09T19:00:16,2026-06-09T19:00:16,
262,task262,,,submissions/candidates/GOLF_20260609_061_arc_dsl_task325_component_count_diagonal/onnx/task262.onnx,true,0e242b2a1418fb93332fc01ff90e906403df0499e49baf091447cb02afec05aa,903,26,3744,,3770,16.765169719557946,pass,,4,4,1,1,6,6,,,11,11,pass,,25.0,8.234830280442054,16.765169719557946,,current,unknown,,,unknown,,,,none,unknown,not_obvious,,,true,2026-06-09T19:00:16,2026-06-09T19:00:16,
263,task263,,,submissions/candidates/GOLF_20260609_061_arc_dsl_task325_component_count_diagonal/onnx/task263.onnx,true,b4da10b186a4fb387881e29ff1baddf4802e52a6b7cfa6d7ff28929d3e741c21,7373,52,8002,,8054,16.006075858588602,pass,,4,4,1,1,262,262,,,267,267,pass,,25.0,8.993924141411398,16.006075858588602,,current,unknown,,,unknown,,,,none,unknown,not_obvious,,,true,2026-06-09T19:00:16,2026-06-09T19:00:16,
264,task264,,,submissions/candidates/GOLF_20260609_061_arc_dsl_task325_component_count_diagonal/onnx/task264.onnx,true,0b3698841847aa444687d4e89445975d85fc8efb04236d29ecc67ce175ace7c6,9312,2172,77040,,79212,13.720116918523228,pass,,2,2,1,1,262,262,,,265,265,pass,,25.0,11.279883081476772,13.720116918523228,,current,unknown,,,unknown,,,,none,unknown,not_obvious,,,true,2026-06-09T19:00:19,2026-06-09T19:00:19,
265,task265,,,submissions/candidates/GOLF_20260609_061_arc_dsl_task325_component_count_diagonal/onnx/task265.onnx,true,793c90930f0d6bb81694213900773baf05b0f6a7e4269f05aa80bcb0d1b6e454,2076,129,39033,,39162,14.424537832136728,pass,,3,3,1,1,262,262,,,266,266,pass,,25.0,10.575462167863272,14.424537832136728,,current,unknown,,,unknown,,,,none,unknown,not_obvious,,,true,2026-06-09T19:00:20,2026-06-09T19:00:20,
266,task266,,,submissions/candidates/GOLF_20260609_061_arc_dsl_task325_component_count_diagonal/onnx/task266.onnx,true,491258de81aba00b6aa06f223356e30346665751690278693288e858450c8563,3825,910,0,,910,18.186555400489105,pass,,4,4,1,1,15,15,,,20,20,pass,,25.0,6.813444599510895,18.186555400489105,,current,unknown,,,unknown,,,,none,unknown,not_obvious,,,true,2026-06-09T19:00:21,2026-06-09T19:00:21,
267,task267,,,submissions/candidates/GOLF_20260609_061_arc_dsl_task325_component_count_diagonal/onnx/task267.onnx,true,0c1142f835d5b78bdfecce78168ad1f450e2ffb23e10ffdcc06ee1df2bb5602e,1202,47,1160,,1207,17.904106778902467,pass,,2,2,1,1,261,261,,,264,264,pass,,25.0,7.095893221097533,17.904106778902467,,current,unknown,,,unknown,,,,none,unknown,not_obvious,,,true,2026-06-09T19:00:21,2026-06-09T19:00:21,
268,task268,,,submissions/candidates/GOLF_20260609_061_arc_dsl_task325_component_count_diagonal/onnx/task268.onnx,true,27cb7b2e590e8407a6a343b2fec92d742c4eb6a580e16295de9e2dfa85718ede,20817,98,22288,,22386,14.983808957550787,pass,,3,3,1,1,262,262,,,266,266,pass,,25.0,10.016191042449213,14.983808957550787,,current,unknown,,,unknown,,,,none,unknown,not_obvious,,,true,2026-06-09T19:00:21,2026-06-09T19:00:21,
269,task269,,,submissions/candidates/GOLF_20260609_061_arc_dsl_task325_component_count_diagonal/onnx/task269.onnx,true,947f2c17a6b1d44a9f4ad789f9351b4edfb84e0298e879c258d5034b09e12f72,2336,96,8506,,8602,15.940249986656319,pass,,3,3,1,1,262,262,,,266,266,pass,,25.0,9.059750013343681,15.940249986656319,,current,unknown,,,unknown,,,,none,unknown,not_obvious,,,true,2026-06-09T19:00:25,2026-06-09T19:00:25,
270,task270,,,submissions/candidates/GOLF_20260609_061_arc_dsl_task325_component_count_diagonal/onnx/task270.onnx,true,7ea4f725915693b001ae7284db0e97e14f0347d38bfc6c84df0ea5d6002eff17,13846,1185,24316,,25501,14.853527053936123,pass,,3,3,1,1,262,262,,,266,266,pass,,25.0,10.146472946063877,14.853527053936123,,current,unknown,,,unknown,,,,none,unknown,not_obvious,,,true,2026-06-09T19:00:25,2026-06-09T19:00:25,
271,task271,,,submissions/candidates/GOLF_20260609_061_arc_dsl_task325_component_count_diagonal/onnx/task271.onnx,true,1d303e94d417fc4786c4e80dee5be764e57f981905d0bf8f5e5fdf48595b19ed,1993,63,28928,,28991,14.725259284025897,pass,,4,4,1,1,262,262,,,267,267,pass,,25.0,10.274740715974103,14.725259284025897,,current,unknown,,,unknown,,,,none,unknown,not_obvious,,,true,2026-06-09T19:00:27,2026-06-09T19:00:27,
272,task272,,,submissions/candidates/GOLF_20260609_061_arc_dsl_task325_component_count_diagonal/onnx/task272.onnx,true,b28307adc7b5d3d4306792b0eca202d21dd98994541ef343269c6fcecfaab774,2039,460,0,,460,18.86877351051686,pass,,4,4,1,1,262,262,,,267,267,pass,,25.0,6.13122648948314,18.86877351051686,,current,unknown,,,unknown,,,,none,unknown,not_obvious,,,true,2026-06-09T19:00:28,2026-06-09T19:00:28,
273,task273,,,submissions/candidates/GOLF_20260609_061_arc_dsl_task325_component_count_diagonal/onnx/task273.onnx,true,590750bab5e6ceadb53d2a7aaab53b648f679b8070b90d7b9f76e86d7e1b9199,1670,37,5900,,5937,16.311040765729324,pass,,3,3,1,1,262,262,,,266,266,pass,,25.0,8.688959234270676,16.311040765729324,,current,unknown,,,unknown,,,,none,unknown,not_obvious,,,true,2026-06-09T19:00:28,2026-06-09T19:00:28,
274,task274,,,submissions/candidates/GOLF_20260609_061_arc_dsl_task325_component_count_diagonal/onnx/task274.onnx,true,05e714a8af955d6f5061cbf93ea6964c368b3f5c164831d0bff7c9a31b8986d6,3619,389,8192,,8581,15.942694264192879,pass,,6,6,1,1,262,262,,,269,269,pass,,25.0,9.057305735807121,15.942694264192879,,current,unknown,,,unknown,,,,none,unknown,not_obvious,,,true,2026-06-09T19:00:28,2026-06-09T19:00:28,
275,task275,,,submissions/candidates/GOLF_20260609_061_arc_dsl_task325_component_count_diagonal/onnx/task275.onnx,true,749f9601004e452d7eefecd8387bd82ef4d30c73a87566d263f5ea4895b9406e,16304,2773,81106,,83879,13.662869436848247,pass,,3,3,1,1,262,262,,,266,266,pass,,25.0,11.337130563151753,13.662869436848247,,current,unknown,,,unknown,,,,none,unknown,not_obvious,,,true,2026-06-09T19:00:29,2026-06-09T19:00:29,
276,task276,,,submissions/candidates/GOLF_20260609_061_arc_dsl_task325_component_count_diagonal/onnx/task276.onnx,true,2a3e881ae92099c36f1955bdf96ca1e9f77a4ef3d1d3eb58c63eccc80a655c7e,217,10,0,,10,22.697414907005953,pass,,3,3,1,1,262,262,,,266,266,pass,,25.0,2.302585092994047,22.697414907005953,,current,unknown,,,unknown,,,,none,unknown,not_obvious,,,true,2026-06-09T19:00:35,2026-06-09T19:00:35,
277,task277,,,submissions/candidates/GOLF_20260609_061_arc_dsl_task325_component_count_diagonal/onnx/task277.onnx,true,cdd58c9156822d0c5c668ebff763d57659136b9c3169c7db59aad321bb92dad1,6687,250,14367,,14617,15.410059486110708,pass,,3,3,1,1,262,262,,,266,266,pass,,25.0,9.589940513889292,15.410059486110708,,current,unknown,,,unknown,,,,none,unknown,not_obvious,,,true,2026-06-09T19:00:35,2026-06-09T19:00:35,
278,task278,,,submissions/candidates/GOLF_20260609_061_arc_dsl_task325_component_count_diagonal/onnx/task278.onnx,true,92b2fd2434b9c6352f0addb7f4c1a4d1ca743223d8b3788bf1430a7569996473,1120,30,25200,,25230,14.864210958364897,pass,,2,2,1,1,262,262,,,265,265,pass,,25.0,10.135789041635103,14.864210958364897,,current,unknown,,,unknown,,,,none,unknown,not_obvious,,,true,2026-06-09T19:00:36,2026-06-09T19:00:36,
279,task279,,,submissions/candidates/GOLF_20260609_061_arc_dsl_task325_component_count_diagonal/onnx/task279.onnx,true,77ad3d002b2c64888991d763c754fc018247f352e78c562d64fca7db08032314,10314,1186,25144,,26330,14.821535747509644,pass,,4,4,1,1,261,261,,,266,266,pass,,25.0,10.178464252490356,14.821535747509644,,current,unknown,,,unknown,,,,none,unknown,not_obvious,,,true,2026-06-09T19:00:37,2026-06-09T19:00:37,
280,task280,,,submissions/candidates/GOLF_20260609_061_arc_dsl_task325_component_count_diagonal/onnx/task280.onnx,true,afe82e825f05eb8daa95905da41fc0553888bdcc6a5dbe4dff660c07806fdff3,15536,880,84826,,85706,13.64132188619622,pass,,4,4,1,1,262,262,,,267,267,pass,,25.0,11.35867811380378,13.64132188619622,,current,unknown,,,unknown,,,,none,unknown,not_obvious,,,true,2026-06-09T19:00:38,2026-06-09T19:00:38,
281,task281,,,submissions/candidates/GOLF_20260609_061_arc_dsl_task325_component_count_diagonal/onnx/task281.onnx,true,082339765f10db32abbb7ac3454eafdfdb6b0be3a82ec60d9e69c2facad4423f,5479,987,87628,,88615,13.60794357751076,pass,,3,3,1,1,262,262,,,266,266,pass,,25.0,11.39205642248924,13.60794357751076,,current,unknown,,,unknown,,,,none,unknown,not_obvious,,,true,2026-06-09T19:00:41,2026-06-09T19:00:41,
282,task282,,,submissions/candidates/GOLF_20260609_061_arc_dsl_task325_component_count_diagonal/onnx/task282.onnx,true,3b69ffb73c79f09e8523073931061610e74b3e0d32534378317960c9557acd0d,3798,900,0,,900,18.197605236675688,pass,,2,2,1,1,262,262,,,265,265,pass,,25.0,6.802394763324312,18.197605236675688,,current,unknown,,,unknown,,,,none,unknown,not_obvious,,,true,2026-06-09T19:00:43,2026-06-09T19:00:43,
283,task283,,,submissions/candidates/GOLF_20260609_061_arc_dsl_task325_component_count_diagonal/onnx/task283.onnx,true,b0e2a1e5a77dc63e5c2faa69d44120f7fe0e8773160760e68b7f5912591f4c60,3825,910,0,,910,18.186555400489105,pass,,2,2,1,1,262,262,,,265,265,pass,,25.0,6.813444599510895,18.186555400489105,,current,unknown,,,unknown,,,,none,unknown,not_obvious,,,true,2026-06-09T19:00:43,2026-06-09T19:00:43,
284,task284,,,submissions/candidates/GOLF_20260609_061_arc_dsl_task325_component_count_diagonal/onnx/task284.onnx,true,c62db018d92766a4766f259ff8fed87498687d66f484804eb7217d619a04639a,23013,1976,99157,,101133,13.475808238755878,pass,,3,3,1,1,262,262,,,266,266,pass,,25.0,11.524191761244122,13.475808238755878,,current,unknown,,,unknown,,,,none,unknown,not_obvious,,,true,2026-06-09T19:00:43,2026-06-09T19:00:43,
285,task285,,,submissions/candidates/GOLF_20260609_061_arc_dsl_task325_component_count_diagonal/onnx/task285.onnx,true,bd5c65bc2fd40ae97bcd2a4deb07f86d3325606655a868db631e4a16e89e1ac2,37371,4618,390848,,395466,12.112179904635754,pass,,3,3,1,1,261,261,,,265,265,pass,,25.0,12.887820095364246,12.112179904635754,,current,unknown,,,unknown,,,,none,unknown,not_obvious,,,true,2026-06-09T19:00:45,2026-06-09T19:00:45,
286,task286,,,submissions/candidates/GOLF_20260609_061_arc_dsl_task325_component_count_diagonal/onnx/task286.onnx,true,8806f2199bb3b91d2912e6c0681300481a9e093d079748d25e60fb35afc43f8e,19719,1304,160895,,162199,13.00342074458367,pass,,2,2,1,1,262,262,,,265,265,pass,,25.0,11.99657925541633,13.00342074458367,,current,unknown,,,unknown,,,,none,unknown,not_obvious,,,true,2026-06-09T19:00:52,2026-06-09T19:00:52,
287,task287,,,submissions/candidates/GOLF_20260609_061_arc_dsl_task325_component_count_diagonal/onnx/task287.onnx,true,4cdbdb8ebc51362af348b4c6b27acc968618f39eb23639e05932f58cfd196831,1686,38,22528,,22566,14.975800372301608,pass,,4,4,1,1,262,262,,,267,267,pass,,25.0,10.024199627698392,14.975800372301608,,current,unknown,,,unknown,,,,none,unknown,not_obvious,,,true,2026-06-09T19:00:55,2026-06-09T19:00:55,
288,task288,,,submissions/candidates/GOLF_20260609_061_arc_dsl_task325_component_count_diagonal/onnx/task288.onnx,true,0e48931aebec1eb0659c9be80508c8650400244b0f49af19d8698dd8b162a3cb,5948,41,31766,,31807,14.632558329669694,pass,,4,4,1,1,262,262,,,267,267,pass,,25.0,10.367441670330306,14.632558329669694,,current,unknown,,,unknown,,,,none,unknown,not_obvious,,,true,2026-06-09T19:00:56,2026-06-09T19:00:56,
289,task289,,,submissions/candidates/GOLF_20260609_061_arc_dsl_task325_component_count_diagonal/onnx/task289.onnx,true,7ca96174b4a941b275a41cc40d61f27ff2368e54301cd507ca3420b0ed5620a3,2021,80,24892,,24972,14.874489523818365,pass,,5,5,1,1,262,262,,,268,268,pass,,25.0,10.125510476181635,14.874489523818365,,current,unknown,,,unknown,,,,none,unknown,not_obvious,,,true,2026-06-09T19:00:57,2026-06-09T19:00:57,
290,task290,,,submissions/candidates/GOLF_20260609_061_arc_dsl_task325_component_count_diagonal/onnx/task290.onnx,true,f1086fcddc1287e8f751349bbcc1c1bc72e816011cd787def2fc61971684f688,3323,94,11614,,11708,15.631972352188223,pass,,3,3,1,1,262,262,,,266,266,pass,,25.0,9.368027647811777,15.631972352188223,,current,unknown,,,unknown,,,,none,unknown,not_obvious,,,true,2026-06-09T19:00:57,2026-06-09T19:00:57,
291,task291,,,submissions/candidates/GOLF_20260609_061_arc_dsl_task325_component_count_diagonal/onnx/task291.onnx,true,f97257c9bae5cbdf0614cf4f6d0aeda2c0db164b44f4861fc829c00eae636b67,6009,931,3396,,4327,16.627370259775116,pass,,3,3,1,1,261,261,,,265,265,pass,,25.0,8.372629740224884,16.627370259775116,,current,unknown,,,unknown,,,,none,unknown,not_obvious,,,true,2026-06-09T19:00:58,2026-06-09T19:00:58,
292,task292,,,submissions/candidates/GOLF_20260609_061_arc_dsl_task325_component_count_diagonal/onnx/task292.onnx,true,e07b37f22f098e404b58d7607ce39d0fe5eddd0d9460f62732e9ce79fdb66757,1065,65,6240,,6305,16.250901751600978,pass,,5,5,1,1,22,22,,,28,28,pass,,25.0,8.749098248399022,16.250901751600978,,current,unknown,,,unknown,,,,none,unknown,not_obvious,,,true,2026-06-09T19:00:59,2026-06-09T19:00:59,
293,task293,,,submissions/candidates/GOLF_20260609_061_arc_dsl_task325_component_count_diagonal/onnx/task293.onnx,true,d0d3cadd99d8938cc3977399ed5dee18a032739905995bcf0fbc76a20c04297f,9897,496,24275,,24771,14.882571106914462,pass,,4,4,1,1,262,262,,,267,267,pass,,25.0,10.117428893085538,14.882571106914462,,current,unknown,,,unknown,,,,none,unknown,not_obvious,,,true,2026-06-09T19:00:59,2026-06-09T19:00:59,
294,task294,,,submissions/candidates/GOLF_20260609_061_arc_dsl_task325_component_count_diagonal/onnx/task294.onnx,true,247179b0cb2fab9e792e9f91da564f6ee1f8d4059046fabd7bfd7e7d3d010cd9,3825,910,0,,910,18.186555400489105,pass,,2,2,1,1,262,262,,,265,265,pass,,25.0,6.813444599510895,18.186555400489105,,current,unknown,,,unknown,,,,none,unknown,not_obvious,,,true,2026-06-09T19:01:00,2026-06-09T19:01:00,
295,task295,,,submissions/candidates/GOLF_20260609_061_arc_dsl_task325_component_count_diagonal/onnx/task295.onnx,true,7b18d0ee9b04afa6db8393104484e5cd2834a81a6c49a74fa98bb59c57eecbd7,1889,65,12125,,12190,15.591628777524683,pass,,5,5,1,1,262,262,,,268,268,pass,,25.0,9.408371222475317,15.591628777524683,,current,unknown,,,unknown,,,,none,unknown,not_obvious,,,true,2026-06-09T19:01:00,2026-06-09T19:01:00,
296,task296,,,submissions/candidates/GOLF_20260609_061_arc_dsl_task325_component_count_diagonal/onnx/task296.onnx,true,ef3bf836cbc30e5283b2fc94870db8ddcd570778c46a325a0760ed3c9e736da5,2803,345,3762,,4107,16.67955188604344,pass,,5,5,1,1,262,262,,,268,268,pass,,25.0,8.320448113956559,16.67955188604344,,current,unknown,,,unknown,,,,none,unknown,not_obvious,,,true,2026-06-09T19:01:01,2026-06-09T19:01:01,
297,task297,,,submissions/candidates/GOLF_20260609_061_arc_dsl_task325_component_count_diagonal/onnx/task297.onnx,true,d845a2a2d30cfcd08e8e06dcb093f16c2fbc6005f02821697184a28514fa9b5c,3233,95,9076,,9171,15.876198389441056,pass,,3,3,1,1,261,261,,,265,265,pass,,25.0,9.123801610558944,15.876198389441056,,current,unknown,,,unknown,,,,none,unknown,not_obvious,,,true,2026-06-09T19:01:01,2026-06-09T19:01:01,
298,task298,,,submissions/candidates/GOLF_20260609_061_arc_dsl_task325_component_count_diagonal/onnx/task298.onnx,true,9b77b58a90defa3f7eb249e787dd574f52ad8319b503b79e3dba3b4d5b11eea3,3322,534,14414,,14948,15.387667209394625,pass,,3,3,2,2,262,262,,,267,267,pass,,25.0,9.612332790605375,15.387667209394625,,current,unknown,,,unknown,,,,none,unknown,not_obvious,,,true,2026-06-09T19:01:02,2026-06-09T19:01:02,
299,task299,,,submissions/candidates/GOLF_20260609_061_arc_dsl_task325_component_count_diagonal/onnx/task299.onnx,true,538d93759b62cedce366465f833629538674f456f846a34e82c5da84de041205,2080,62,1656,,1718,17.5510838974558,pass,,2,2,1,1,18,18,,,21,21,pass,,25.0,7.4489161025441994,17.5510838974558,,current,unknown,,,unknown,,,,none,unknown,not_obvious,,,true,2026-06-09T19:01:03,2026-06-09T19:01:03,
300,task300,,,submissions/candidates/GOLF_20260609_061_arc_dsl_task325_component_count_diagonal/onnx/task300.onnx,true,636b174c4333259b7ef746830a9768013b6f733d02576aeabe427095253be1e8,4454,108,77438,,77546,13.741373412351637,pass,,4,4,1,1,262,262,,,267,267,pass,,25.0,11.258626587648363,13.741373412351637,,current,unknown,,,unknown,,,,none,unknown,not_obvious,,,true,2026-06-09T19:01:03,2026-06-09T19:01:03,
301,task301,,,submissions/candidates/GOLF_20260609_061_arc_dsl_task325_component_count_diagonal/onnx/task301.onnx,true,a9794e11d05e2a30078d5571b3c25490850073d0966e896233ad9e29ea534801,19261,1848,63140,,64988,13.91804208355036,pass,,3,3,1,1,262,262,,,266,266,pass,,25.0,11.08195791644964,13.91804208355036,,current,unknown,,,unknown,,,,none,unknown,not_obvious,,,true,2026-06-09T19:01:04,2026-06-09T19:01:04,
302,task302,,,submissions/candidates/GOLF_20260609_061_arc_dsl_task325_component_count_diagonal/onnx/task302.onnx,true,fc0c4095ee26f99dfa28593219832fb1744068c9c08b4b65293674194a176ad1,4372,20,7776,,7796,16.03863393937255,pass,,3,3,1,1,262,262,,,266,266,pass,,25.0,8.961366060627451,16.03863393937255,,current,unknown,,,unknown,,,,none,unknown,not_obvious,,,true,2026-06-09T19:01:05,2026-06-09T19:01:05,
303,task303,,,submissions/candidates/GOLF_20260609_061_arc_dsl_task325_component_count_diagonal/onnx/task303.onnx,true,1ca7c8bb01e81312a182a94470c1c852b299126337f18028e29f57561d6b99e6,1351,12,9420,,9432,15.848136557782793,pass,,3,3,1,1,261,261,,,265,265,pass,,25.0,9.151863442217207,15.848136557782793,,current,unknown,,,unknown,,,,none,unknown,not_obvious,,,true,2026-06-09T19:01:06,2026-06-09T19:01:06,
304,task304,,,submissions/candidates/GOLF_20260609_061_arc_dsl_task325_component_count_diagonal/onnx/task304.onnx,true,e2c67b5b9c7fc288bc8af309abfde41242b6285937927be9d1590f1274b24e1f,1879,35,10813,,10848,15.708263989819823,pass,,3,3,1,1,262,262,,,266,266,pass,,25.0,9.291736010180177,15.708263989819823,,current,unknown,,,unknown,,,,none,unknown,not_obvious,,,true,2026-06-09T19:01:06,2026-06-09T19:01:06,
305,task305,,,submissions/candidates/GOLF_20260609_061_arc_dsl_task325_component_count_diagonal/onnx/task305.onnx,true,9f735899c445d2de0753685201dbbaa448ff1306c5f52d568270b4588d8e242d,1865,284,3668,,3952,16.71802294113224,pass,,3,3,1,1,262,262,,,266,266,pass,,25.0,8.28197705886776,16.71802294113224,,current,unknown,,,unknown,,,,none,unknown,not_obvious,,,true,2026-06-09T19:01:07,2026-06-09T19:01:07,
306,task306,,,submissions/candidates/GOLF_20260609_061_arc_dsl_task325_component_count_diagonal/onnx/task306.onnx,true,adf3db57ddcf58636917d082995592ef45291e9ffff471a002c1093479faa79e,4101,68,64374,,64442,13.9264791265675,pass,,2,2,1,1,262,262,,,265,265,pass,,25.0,11.0735208734325,13.9264791265675,,current,unknown,,,unknown,,,,none,unknown,not_obvious,,,true,2026-06-09T19:01:07,2026-06-09T19:01:07,
307,task307,,,submissions/candidates/GOLF_20260609_061_arc_dsl_task325_component_count_diagonal/onnx/task307.onnx,true,badc5326d1acd892c77212fc876a3f3192e5b67a9806ab111d1e9589eff70706,7454,1800,0,,1800,17.504458056115745,pass,,3,3,1,1,262,262,,,266,266,pass,,25.0,7.495541943884255,17.504458056115745,,current,unknown,,,unknown,,,,none,unknown,not_obvious,,,true,2026-06-09T19:01:08,2026-06-09T19:01:08,
308,task308,,,submissions/candidates/GOLF_20260609_061_arc_dsl_task325_component_count_diagonal/onnx/task308.onnx,true,a3eaad1dbf74c2dd0e2d63ccdc76857b58fc7cc14f63cf366932995e1ddd78be,3875,101,21698,,21799,15.010380623834585,pass,,3,3,1,1,262,262,,,266,266,pass,,25.0,9.989619376165415,15.010380623834585,,current,unknown,,,unknown,,,,none,unknown,not_obvious,,,true,2026-06-09T19:01:08,2026-06-09T19:01:08,
309,task309,,,submissions/candidates/GOLF_20260609_061_arc_dsl_task325_component_count_diagonal/onnx/task309.onnx,true,c47b834e65872a11ec0cda3c8246948b8365f81f916610b49ed07267815733d9,217,10,0,,10,22.697414907005953,pass,,3,3,1,1,261,261,,,265,265,pass,,25.0,2.302585092994047,22.697414907005953,,current,unknown,,,unknown,,,,none,unknown,not_obvious,,,true,2026-06-09T19:01:09,2026-06-09T19:01:09,
310,task310,,,submissions/candidates/GOLF_20260609_061_arc_dsl_task325_component_count_diagonal/onnx/task310.onnx,true,652dca24f0463c55b797160c55312d53f97b1588d7d36725dfff4ab975b64026,2770,43,19602,,19645,15.11442186800744,pass,,3,3,1,1,262,262,,,266,266,pass,,25.0,9.88557813199256,15.11442186800744,,current,unknown,,,unknown,,,,none,unknown,not_obvious,,,true,2026-06-09T19:01:09,2026-06-09T19:01:09,
311,task311,,,submissions/candidates/GOLF_20260609_061_arc_dsl_task325_component_count_diagonal/onnx/task311.onnx,true,250771b94d3db4658d4ac04e3bd9a0740f2af0f3aba0bb9b5df4d6181bb470d4,479,30,0,,30,21.598802618337846,pass,,3,3,1,1,262,262,,,266,266,pass,,25.0,3.401197381662154,21.598802618337846,,current,unknown,,,unknown,,,,none,unknown,not_obvious,,,true,2026-06-09T19:01:10,2026-06-09T19:01:10,
312,task312,,,submissions/candidates/GOLF_20260609_061_arc_dsl_task325_component_count_diagonal/onnx/task312.onnx,true,5f8662413159b881c8dff97e5c51ca63270ea3b1609d0f333539af73166348ff,1202,19,9960,,9979,15.791761836115688,pass,,2,2,1,1,262,262,,,265,265,pass,,25.0,9.208238163884312,15.791761836115688,,current,unknown,,,unknown,,,,none,unknown,not_obvious,,,true,2026-06-09T19:01:10,2026-06-09T19:01:10,
313,task313,,,submissions/candidates/GOLF_20260609_061_arc_dsl_task325_component_count_diagonal/onnx/task313.onnx,true,a53af0418f5de87303fcf7282bd1ed16deca5a31b88b7ebaf2a2f4b6d689a574,39887,4547,79025,,83572,13.666536185257858,pass,,3,3,1,1,262,262,,,266,266,pass,,25.0,11.333463814742142,13.666536185257858,,current,unknown,,,unknown,,,,none,unknown,not_obvious,,,true,2026-06-09T19:01:10,2026-06-09T19:01:10,
314,task314,,,submissions/candidates/GOLF_20260609_061_arc_dsl_task325_component_count_diagonal/onnx/task314.onnx,true,6de48aa8380bfa9f60145881280cb81f0649f178f1a74456c5c40334004417b4,24532,178,8416,,8594,15.941180435665059,pass,,3,3,1,1,262,262,,,266,266,pass,,25.0,9.058819564334941,15.941180435665059,,current,unknown,,,unknown,,,,none,unknown,not_obvious,,,true,2026-06-09T19:01:11,2026-06-09T19:01:11,
315,task315,,,submissions/candidates/GOLF_20260609_061_arc_dsl_task325_component_count_diagonal/onnx/task315.onnx,true,a99bce260c7f3b92b335916fc0c008ae41e97072f82ebf255f5d2de3079c1679,1461,39,3348,,3387,16.87230014718223,pass,,3,3,1,1,262,262,,,266,266,pass,,25.0,8.12769985281777,16.87230014718223,,current,unknown,,,unknown,,,,none,unknown,not_obvious,,,true,2026-06-09T19:01:17,2026-06-09T19:01:17,
316,task316,,,submissions/candidates/GOLF_20260609_061_arc_dsl_task325_component_count_diagonal/onnx/task316.onnx,true,99c166b6aae1a9f205228ebc1577859e2534602760e7cfd09304cf44f28cfffc,5631,154,3748,,3902,16.730755478816945,pass,,3,3,1,1,262,262,,,266,266,pass,,25.0,8.269244521183055,16.730755478816945,,current,unknown,,,unknown,,,,none,unknown,not_obvious,,,true,2026-06-09T19:01:17,2026-06-09T19:01:17,
317,task317,,,submissions/candidates/GOLF_20260609_061_arc_dsl_task325_component_count_diagonal/onnx/task317.onnx,true,54ad9bc9831f0f3a781e65116809c2c60f3246bbdc84fc6c0fa8064fecb5d8c5,3798,900,0,,900,18.197605236675688,pass,,2,2,1,1,262,262,,,265,265,pass,,25.0,6.802394763324312,18.197605236675688,,current,unknown,,,unknown,,,,none,unknown,not_obvious,,,true,2026-06-09T19:01:18,2026-06-09T19:01:18,
318,task318,,,submissions/candidates/GOLF_20260609_061_arc_dsl_task325_component_count_diagonal/onnx/task318.onnx,true,01e41dcca08ca7c9bf4611eeaa13b8a96acc912291ce485fab569cc9819787cb,728,1,738,,739,18.394702079051797,pass,,4,4,1,1,262,262,,,267,267,pass,,25.0,6.605297920948203,18.394702079051797,,current,unknown,,,unknown,,,,none,unknown,not_obvious,,,true,2026-06-09T19:01:18,2026-06-09T19:01:18,
319,task319,,,submissions/candidates/GOLF_20260609_061_arc_dsl_task325_component_count_diagonal/onnx/task319.onnx,true,1fc811a886875d1ab5baa8b006c7f4ce77180606ee75854dd58d37a91481c457,8028,101,33406,,33507,14.580490348791063,pass,,4,4,1,1,262,262,,,267,267,pass,,25.0,10.419509651208937,14.580490348791063,,current,unknown,,,unknown,,,,none,unknown,not_obvious,,,true,2026-06-09T19:01:18,2026-06-09T19:01:18,
320,task320,,,submissions/candidates/GOLF_20260609_061_arc_dsl_task325_component_count_diagonal/onnx/task320.onnx,true,b5f9d264034aafc2780289baeb60a45e338fd6478233a720f13b79faa2d6b39f,2183,141,5049,,5190,16.445511023840066,pass,,3,3,1,1,262,262,,,266,266,pass,,25.0,8.554488976159934,16.445511023840066,,current,unknown,,,unknown,,,,none,unknown,not_obvious,,,true,2026-06-09T19:01:20,2026-06-09T19:01:20,
321,task321,,,submissions/candidates/GOLF_20260609_061_arc_dsl_task325_component_count_diagonal/onnx/task321.onnx,true,1d11ac54816b2582bf888aee04f131b590f48a64ee53922407b5075217e6194f,2349,35,5376,,5411,16.403810802357263,pass,,5,5,1,1,261,261,,,267,267,pass,,25.0,8.596189197642737,16.403810802357263,,current,unknown,,,unknown,,,,none,unknown,not_obvious,,,true,2026-06-09T19:01:20,2026-06-09T19:01:20,
322,task322,,,submissions/candidates/GOLF_20260609_061_arc_dsl_task325_component_count_diagonal/onnx/task322.onnx,true,0027f18a5feebb51f7cf1149c2cb9c9b8ad2d16b656b61189674cab55adad380,539,1,866,,867,18.23496102321946,pass,,3,3,1,1,262,262,,,266,266,pass,,25.0,6.7650389767805414,18.23496102321946,,current,unknown,,,unknown,,,,none,unknown,not_obvious,,,true,2026-06-09T19:01:21,2026-06-09T19:01:21,
323,task323,,,submissions/candidates/GOLF_20260609_061_arc_dsl_task325_component_count_diagonal/onnx/task323.onnx,true,6d262e7a68ed3113a342a9cbf11f191b6b4cefd4922c56e1634559f361df04cd,2479,645,3887,,4532,16.5810813778521,pass,,2,2,1,1,169,169,,,172,172,pass,,25.0,8.418918622147899,16.5810813778521,,current,unknown,,,unknown,,,,none,unknown,not_obvious,,,true,2026-06-09T19:01:21,2026-06-09T19:01:21,
324,task324,,,submissions/candidates/GOLF_20260609_061_arc_dsl_task325_component_count_diagonal/onnx/task324.onnx,true,022afd33a6e9b0c37a3e2c3f23437cabe9e10ec07aab1b41f9431b047f33a6c9,6861,1672,47198,,48870,14.203081009735799,pass,,3,3,1,1,262,262,,,266,266,pass,,25.0,10.796918990264201,14.203081009735799,,current,unknown,,,unknown,,,,none,unknown,not_obvious,,,true,2026-06-09T19:01:21,2026-06-09T19:01:21,
325,task325,,,submissions/candidates/GOLF_20260609_061_arc_dsl_task325_component_count_diagonal/onnx/task325.onnx,true,fb43086d73f2db13e63d25b40dad09cdb6a6080cc71a90f9084469e03c4ece95,2641,994,20676,,21670,15.016315905469595,pass,,3,3,1,1,262,262,,,266,266,pass,,25.0,9.983684094530405,15.016315905469595,,current,unknown,,,unknown,,,,none,unknown,not_obvious,,,true,2026-06-09T19:01:23,2026-06-09T19:01:23,
326,task326,,,submissions/candidates/GOLF_20260609_061_arc_dsl_task325_component_count_diagonal/onnx/task326.onnx,true,d8c069fbf425d2fc92a051625cd6ab3ed7942bb3f87ef81c26b098ca464da222,251,0,160,,160,19.924826184766175,pass,,3,3,1,1,262,262,,,266,266,pass,,25.0,5.075173815233825,19.924826184766175,,current,unknown,,,unknown,,,,none,unknown,not_obvious,,,true,2026-06-09T19:01:24,2026-06-09T19:01:24,
327,task327,,,submissions/candidates/GOLF_20260609_061_arc_dsl_task325_component_count_diagonal/onnx/task327.onnx,true,04ef520d7caa60d02d99447081af51d085431217e931b11d5c1a310f8945b85b,2321,22,7516,,7538,16.072287826172918,pass,,3,3,1,1,261,261,,,265,265,pass,,25.0,8.927712173827082,16.072287826172918,,current,unknown,,,unknown,,,,none,unknown,not_obvious,,,true,2026-06-09T19:01:24,2026-06-09T19:01:24,
328,task328,,,submissions/candidates/GOLF_20260609_061_arc_dsl_task325_component_count_diagonal/onnx/task328.onnx,true,23de6b8cd14e063823c82a96e8174490f3e0906e01523668c5c1dc12428bd825,10607,1126,66927,,68053,13.871957907660665,pass,,4,4,1,1,262,262,,,267,267,pass,,25.0,11.128042092339335,13.871957907660665,,current,unknown,,,unknown,,,,none,unknown,not_obvious,,,true,2026-06-09T19:01:24,2026-06-09T19:01:24,
329,task329,,,submissions/candidates/GOLF_20260609_061_arc_dsl_task325_component_count_diagonal/onnx/task329.onnx,true,b3983c3bd8c099ce71cb48e09938e0328cc29853d73d956c35e125db9bcd43ef,1652,46,10214,,10260,15.76399188127524,pass,,3,3,1,1,262,262,,,266,266,pass,,25.0,9.23600811872476,15.76399188127524,,current,unknown,,,unknown,,,,none,unknown,not_obvious,,,true,2026-06-09T19:01:26,2026-06-09T19:01:26,
330,task330,,,submissions/candidates/GOLF_20260609_061_arc_dsl_task325_component_count_diagonal/onnx/task330.onnx,true,a7a01e56dcd6ae19dcb2ef96cfcb82f68dbb794b53374913477737f9743258bd,7080,1133,16604,,17737,15.216591867794413,pass,,3,3,1,1,262,262,,,266,266,pass,,25.0,9.783408132205587,15.216591867794413,,current,unknown,,,unknown,,,,none,unknown,not_obvious,,,true,2026-06-09T19:01:27,2026-06-09T19:01:27,
331,task331,,,submissions/candidates/GOLF_20260609_061_arc_dsl_task325_component_count_diagonal/onnx/task331.onnx,true,159b7db4377d2a7d75a15aa8f84344e6d919741566944220da8f361aa1da572a,3836,910,0,,910,18.186555400489105,pass,,2,2,1,1,262,262,,,265,265,pass,,25.0,6.813444599510895,18.186555400489105,,current,unknown,,,unknown,,,,none,unknown,not_obvious,,,true,2026-06-09T19:01:28,2026-06-09T19:01:28,
332,task332,,,submissions/candidates/GOLF_20260609_061_arc_dsl_task325_component_count_diagonal/onnx/task332.onnx,true,7b9311fbf91d7c0760a21f824b62a7b07e127068f266044e6d565ee397b4cdde,4180,164,8826,,8990,15.896131872534333,pass,,4,4,1,1,262,262,,,267,267,pass,,25.0,9.103868127465667,15.896131872534333,,current,unknown,,,unknown,,,,none,unknown,not_obvious,,,true,2026-06-09T19:01:28,2026-06-09T19:01:28,
333,task333,,,submissions/candidates/GOLF_20260609_061_arc_dsl_task325_component_count_diagonal/onnx/task333.onnx,true,056322558aa8fa4149af6ce9821d3273f0b403e4408e461963db3d70864f1adc,4379,53,24840,,24893,14.877658081568091,pass,,3,3,1,1,261,261,,,265,265,pass,,25.0,10.122341918431909,14.877658081568091,,current,unknown,,,unknown,,,,none,unknown,not_obvious,,,true,2026-06-09T19:01:29,2026-06-09T19:01:29,
334,task334,,,submissions/candidates/GOLF_20260609_061_arc_dsl_task325_component_count_diagonal/onnx/task334.onnx,true,a5f6ffb6be0ddc49db3ce5998c7cae13bfa5a4f830eb89e47e9f2875f71895c0,889,37,572,,609,18.588181732290103,pass,,7,7,2,2,262,262,,,271,271,pass,,25.0,6.411818267709897,18.588181732290103,,current,unknown,,,unknown,,,,none,unknown,not_obvious,,,true,2026-06-09T19:01:30,2026-06-09T19:01:30,
335,task335,,,submissions/candidates/GOLF_20260609_061_arc_dsl_task325_component_count_diagonal/onnx/task335.onnx,true,df7e9b8596d842b5ccccb92f6dbade8c446c1be3167bc5a0d2345a2a5f0d1e52,3440,93,46156,,46249,14.258204878914801,pass,,3,3,1,1,262,262,,,266,266,pass,,25.0,10.741795121085199,14.258204878914801,,current,unknown,,,unknown,,,,none,unknown,not_obvious,,,true,2026-06-09T19:01:30,2026-06-09T19:01:30,
336,task336,,,submissions/candidates/GOLF_20260609_061_arc_dsl_task325_component_count_diagonal/onnx/task336.onnx,true,66605e39204e06dd97980e812e93d14e7dab3eb0d815b075ac29202827cc6a4e,5276,136,5900,,6036,16.294503180112258,pass,,2,2,1,1,28,28,,,31,31,pass,,25.0,8.705496819887742,16.294503180112258,,current,unknown,,,unknown,,,,none,unknown,not_obvious,,,true,2026-06-09T19:01:31,2026-06-09T19:01:31,
337,task337,,,submissions/candidates/GOLF_20260609_061_arc_dsl_task325_component_count_diagonal/onnx/task337.onnx,true,c276f5799bf0f2f77bbc0c31f5ed97472afbff9a946326286e229929029e2484,159,10,0,,10,22.697414907005953,pass,,3,3,1,1,262,262,,,266,266,pass,,25.0,2.302585092994047,22.697414907005953,,current,unknown,,,unknown,,,,none,unknown,not_obvious,,,true,2026-06-09T19:01:31,2026-06-09T19:01:31,
338,task338,,,submissions/candidates/GOLF_20260609_061_arc_dsl_task325_component_count_diagonal/onnx/task338.onnx,true,c4e2d784490156e8a4ba7ee3f80c9706021d7bca46e83c27c2aaab16a43710e1,8884,1816,43200,,45016,14.285226738886886,pass,,3,3,2,2,262,262,,,267,267,pass,,25.0,10.714773261113114,14.285226738886886,,current,unknown,,,unknown,,,,none,unknown,not_obvious,,,true,2026-06-09T19:01:31,2026-06-09T19:01:31,
339,task339,,,submissions/candidates/GOLF_20260609_061_arc_dsl_task325_component_count_diagonal/onnx/task339.onnx,true,e8be4c26edfb079da2c23ae2f0b4d5d89e4dbc9c4ef2dd065ae8f448193eec36,2038,108,872,,980,18.112447428335383,pass,,4,4,1,1,261,261,,,266,266,pass,,25.0,6.887552571664617,18.112447428335383,,current,unknown,,,unknown,,,,none,unknown,not_obvious,,,true,2026-06-09T19:01:32,2026-06-09T19:01:32,
340,task340,,,submissions/candidates/GOLF_20260609_061_arc_dsl_task325_component_count_diagonal/onnx/task340.onnx,true,892b1449677f29b5e2c0324876a82ba38a3a3e36c1be7f6f9ee864ac3982f251,4147,162,70180,,70342,13.83887566105239,pass,,3,3,1,1,262,262,,,266,266,pass,,25.0,11.16112433894761,13.83887566105239,,current,unknown,,,unknown,,,,none,unknown,not_obvious,,,true,2026-06-09T19:01:33,2026-06-09T19:01:33,
341,task341,,,submissions/candidates/GOLF_20260609_061_arc_dsl_task325_component_count_diagonal/onnx/task341.onnx,true,564fae20dee0f5a54330c3170bfad5824556165d5a206e82a19c9264faaaaf05,8743,289,18576,,18865,15.15493636760159,pass,,3,3,1,1,262,262,,,266,266,pass,,25.0,9.84506363239841,15.15493636760159,,current,unknown,,,unknown,,,,none,unknown,not_obvious,,,true,2026-06-09T19:01:34,2026-06-09T19:01:34,
342,task342,,,submissions/candidates/GOLF_20260609_061_arc_dsl_task325_component_count_diagonal/onnx/task342.onnx,true,cd69f1c3c3bd5d7c51afa7008425c54e8c0a232fd18449de9a9bff304cea90ec,3200,237,11916,,12153,15.5946686681292,pass,,3,3,1,1,262,262,,,266,266,pass,,25.0,9.4053313318708,15.5946686681292,,current,unknown,,,unknown,,,,none,unknown,not_obvious,,,true,2026-06-09T19:01:36,2026-06-09T19:01:36,
343,task343,,,submissions/candidates/GOLF_20260609_061_arc_dsl_task325_component_count_diagonal/onnx/task343.onnx,true,22bba87288f395f6b3eeb423bb0210878c82ff36b2234bcdb7b156c2ec6f7876,5220,368,28288,,28656,14.736881875699506,pass,,3,3,1,1,262,262,,,266,266,pass,,25.0,10.263118124300494,14.736881875699506,,current,unknown,,,unknown,,,,none,unknown,not_obvious,,,true,2026-06-09T19:01:37,2026-06-09T19:01:37,
344,task344,,,submissions/candidates/GOLF_20260609_061_arc_dsl_task325_component_count_diagonal/onnx/task344.onnx,true,a23999c886c62393d115371628fbee6b6043de7a35bed72285639240d6def4fd,10236,2510,0,,2510,17.17196196787417,pass,,3,3,1,1,262,262,,,266,266,pass,,25.0,7.8280380321258285,17.17196196787417,,current,unknown,,,unknown,,,,none,unknown,not_obvious,,,true,2026-06-09T19:01:39,2026-06-09T19:01:39,
345,task345,,,submissions/candidates/GOLF_20260609_061_arc_dsl_task325_component_count_diagonal/onnx/task345.onnx,true,c33a5f6e78916a4a95040832dd427c7877e2b85de975738a8cdcb55dea726ae7,10079,1856,9860,,11716,15.631289292052376,pass,,2,2,1,1,261,261,,,264,264,pass,,25.0,9.368710707947624,15.631289292052376,,current,unknown,,,unknown,,,,none,unknown,not_obvious,,,true,2026-06-09T19:01:39,2026-06-09T19:01:39,
346,task346,,,submissions/candidates/GOLF_20260609_061_arc_dsl_task325_component_count_diagonal/onnx/task346.onnx,true,233053780890c213e4c69b0f0f40ae9c82253e87347fdcde4085198d0c37ed1d,1781,23,9069,,9092,15.884849815027566,pass,,4,4,1,1,262,262,,,267,267,pass,,25.0,9.115150184972434,15.884849815027566,,current,unknown,,,unknown,,,,none,unknown,not_obvious,,,true,2026-06-09T19:01:40,2026-06-09T19:01:40,
347,task347,,,submissions/candidates/GOLF_20260609_061_arc_dsl_task325_component_count_diagonal/onnx/task347.onnx,true,cd9bbaa7d5e469c745248f82d99d56531ab5b5490a34b935257d0d61fd7e1d09,1234,1,1586,,1587,17.63039927947359,pass,,5,5,2,2,262,262,,,269,269,pass,,25.0,7.36960072052641,17.63039927947359,,current,unknown,,,unknown,,,,none,unknown,not_obvious,,,true,2026-06-09T19:01:41,2026-06-09T19:01:41,
348,task348,,,submissions/candidates/GOLF_20260609_061_arc_dsl_task325_component_count_diagonal/onnx/task348.onnx,true,2352e5feb515f6c83125588b2fb6aedd2528a35bc1c57495f797cae172581d45,1950,139,7068,,7207,16.11719194507556,pass,,2,2,1,1,262,262,,,265,265,pass,,25.0,8.882808054924439,16.11719194507556,,current,unknown,,,unknown,,,,none,unknown,not_obvious,,,true,2026-06-09T19:01:41,2026-06-09T19:01:41,
349,task349,,,submissions/candidates/GOLF_20260609_061_arc_dsl_task325_component_count_diagonal/onnx/task349.onnx,true,4cc05dc16b10f98c4006406f425e58851f7bafbe44dd60fe5d2893808cd95077,8427,3579,40500,,44079,14.306261242455944,pass,,4,4,1,1,262,262,,,267,267,pass,,25.0,10.693738757544056,14.306261242455944,,current,unknown,,,unknown,,,,none,unknown,not_obvious,,,true,2026-06-09T19:01:42,2026-06-09T19:01:42,
350,task350,,,submissions/candidates/GOLF_20260609_061_arc_dsl_task325_component_count_diagonal/onnx/task350.onnx,true,56c96aa23a40bb37c0c6b80510d1b3ee89bf7273dc38465bc42e935e37ac79dd,1984,30,19800,,19830,15.10504877848616,pass,,4,4,1,1,262,262,,,267,267,pass,,25.0,9.89495122151384,15.10504877848616,,current,unknown,,,unknown,,,,none,unknown,not_obvious,,,true,2026-06-09T19:01:43,2026-06-09T19:01:43,
351,task351,,,submissions/candidates/GOLF_20260609_061_arc_dsl_task325_component_count_diagonal/onnx/task351.onnx,true,c17c4a24fd333fa82a77f43e4a5127d7eb81187a15ad4b7f8a1bb21664a5d49d,3049,40,35114,,35154,14.532506311227156,pass,,3,3,1,1,261,261,,,265,265,pass,,25.0,10.467493688772844,14.532506311227156,,current,unknown,,,unknown,,,,none,unknown,not_obvious,,,true,2026-06-09T19:01:43,2026-06-09T19:01:43,
352,task352,,,submissions/candidates/GOLF_20260609_061_arc_dsl_task325_component_count_diagonal/onnx/task352.onnx,true,f3b9bb985cfb0478df981c689aab9f22dc5bb177e02b6f3b6a3b330669eef601,1398,26,6600,,6626,16.20124341714016,pass,,3,3,1,1,262,262,,,266,266,pass,,25.0,8.798756582859841,16.20124341714016,,current,unknown,,,unknown,,,,none,unknown,not_obvious,,,true,2026-06-09T19:01:44,2026-06-09T19:01:44,
353,task353,,,submissions/candidates/GOLF_20260609_061_arc_dsl_task325_component_count_diagonal/onnx/task353.onnx,true,1639de1c1d4d3ee61a8454a02d3b5af4d359f13f2fb1c963687d4cd76b280a8b,3244,225,5186,,5411,16.403810802357263,pass,,7,7,2,2,262,262,,,271,271,pass,,25.0,8.596189197642737,16.403810802357263,,current,unknown,,,unknown,,,,none,unknown,not_obvious,,,true,2026-06-09T19:01:44,2026-06-09T19:01:44,
354,task354,,,submissions/candidates/GOLF_20260609_061_arc_dsl_task325_component_count_diagonal/onnx/task354.onnx,true,72097d91360fee677a7cedfcb6a9f81d203f7ed48b510491a32767048d687447,2710,147,16860,,17007,15.258619697007587,pass,,3,3,1,1,262,262,,,266,266,pass,,25.0,9.741380302992413,15.258619697007587,,current,unknown,,,unknown,,,,none,unknown,not_obvious,,,true,2026-06-09T19:01:45,2026-06-09T19:01:45,
355,task355,,,submissions/candidates/GOLF_20260609_061_arc_dsl_task325_component_count_diagonal/onnx/task355.onnx,true,ad09d6515b0ea120e8214015b5a7dd13fe14644812fd3be9b33471c171932a2f,3971,89,11706,,11795,15.624569008158225,pass,,4,4,1,1,262,262,,,267,267,pass,,25.0,9.375430991841775,15.624569008158225,,current,unknown,,,unknown,,,,none,unknown,not_obvious,,,true,2026-06-09T19:01:46,2026-06-09T19:01:46,
356,task356,,,submissions/candidates/GOLF_20260609_061_arc_dsl_task325_component_count_diagonal/onnx/task356.onnx,true,ddccb479313074b253968d42dbddb3ebe3f44ea46ee8b5fd255d31defc4d66bb,2324,121,4880,,5001,16.482606828581098,pass,,3,3,1,1,262,262,,,266,266,pass,,25.0,8.517393171418902,16.482606828581098,,current,unknown,,,unknown,,,,none,unknown,not_obvious,,,true,2026-06-09T19:01:47,2026-06-09T19:01:47,
357,task357,,,submissions/candidates/GOLF_20260609_061_arc_dsl_task325_component_count_diagonal/onnx/task357.onnx,true,564d97e0f32efc6d394edc801d3bd5ed9c215ac9597410bc46f777750d73fd7a,1767,40,6532,,6572,16.20942652084284,pass,,3,3,1,1,9,9,,,13,13,pass,,25.0,8.79057347915716,16.20942652084284,,current,unknown,,,unknown,,,,none,unknown,not_obvious,,,true,2026-06-09T19:01:48,2026-06-09T19:01:48,
358,task358,,,submissions/candidates/GOLF_20260609_061_arc_dsl_task325_component_count_diagonal/onnx/task358.onnx,true,68b670fbe5e2e3957ae4c70514554bc78a1622c276528d3ec2a5b96170cd0747,6567,337,113584,,113921,13.356739495302836,pass,,2,2,1,1,262,262,,,265,265,pass,,25.0,11.643260504697164,13.356739495302836,,current,unknown,,,unknown,,,,none,unknown,not_obvious,,,true,2026-06-09T19:01:48,2026-06-09T19:01:48,
359,task359,,,submissions/candidates/GOLF_20260609_061_arc_dsl_task325_component_count_diagonal/onnx/task359.onnx,true,1c4683356c52e5f1ca1b725734fdf8932a57c9fe9c74559da7a2378c9f86293c,1184,13,42300,,42313,14.347150353576192,pass,,3,3,1,1,262,262,,,266,266,pass,,25.0,10.652849646423808,14.347150353576192,,current,unknown,,,unknown,,,,none,unknown,not_obvious,,,true,2026-06-09T19:01:51,2026-06-09T19:01:51,
360,task360,,,submissions/candidates/GOLF_20260609_061_arc_dsl_task325_component_count_diagonal/onnx/task360.onnx,true,8216475b8f3063764bb86d838de60dc9c23365d30e0e69a100fed2dbd1259833,1168,26,11120,,11146,15.681164031870518,pass,,3,3,1,1,262,262,,,266,266,pass,,25.0,9.318835968129482,15.681164031870518,,current,unknown,,,unknown,,,,none,unknown,not_obvious,,,true,2026-06-09T19:01:52,2026-06-09T19:01:52,
361,task361,,,submissions/candidates/GOLF_20260609_061_arc_dsl_task325_component_count_diagonal/onnx/task361.onnx,true,c97e15c96e436753a275a0974c801404b4cb9814d82b3cb4ad103fba3ee9a6e9,6846,275,15641,,15916,15.324919828453181,pass,,3,3,1,1,262,262,,,266,266,pass,,25.0,9.675080171546819,15.324919828453181,,current,unknown,,,unknown,,,,none,unknown,not_obvious,,,true,2026-06-09T19:01:52,2026-06-09T19:01:52,
362,task362,,,submissions/candidates/GOLF_20260609_061_arc_dsl_task325_component_count_diagonal/onnx/task362.onnx,true,809f348845562e3a2af3412a38f9a7bf492e320a45d1adebf5e278757bb88f21,1696,45,11894,,11939,15.612434368654611,pass,,4,4,1,1,262,262,,,267,267,pass,,25.0,9.387565631345389,15.612434368654611,,current,unknown,,,unknown,,,,none,unknown,not_obvious,,,true,2026-06-09T19:01:53,2026-06-09T19:01:53,
363,task363,,,submissions/candidates/GOLF_20260609_061_arc_dsl_task325_component_count_diagonal/onnx/task363.onnx,true,8a3cfb5d37774abac99d835a86a8babd5b0b5b962b572c370ff9b245ade595a2,5425,254,88638,,88892,13.60482257129864,pass,,3,3,1,1,261,261,,,265,265,pass,,25.0,11.39517742870136,13.60482257129864,,current,unknown,,,unknown,,,,none,unknown,not_obvious,,,true,2026-06-09T19:01:54,2026-06-09T19:01:54,
364,task364,,,submissions/candidates/GOLF_20260609_061_arc_dsl_task325_component_count_diagonal/onnx/task364.onnx,true,9f5bdb27f1d3209b0218aec767937d478bbe7db43fdf2be16278461b10f9c75f,8985,963,76896,,77859,13.737345222483407,pass,,3,3,1,1,262,262,,,266,266,pass,,25.0,11.262654777516593,13.737345222483407,,current,unknown,,,unknown,,,,none,unknown,not_obvious,,,true,2026-06-09T19:01:56,2026-06-09T19:01:56,
365,task365,,,submissions/candidates/GOLF_20260609_061_arc_dsl_task325_component_count_diagonal/onnx/task365.onnx,true,b5433fef2a486e434f677cabc36a073d21f90962bd37a741806cbce8ba33a836,16991,71,58743,,58814,14.01786479921536,pass,,3,3,1,1,262,262,,,266,266,pass,,25.0,10.98213520078464,14.01786479921536,,current,unknown,,,unknown,,,,none,unknown,not_obvious,,,true,2026-06-09T19:01:57,2026-06-09T19:01:57,
366,task366,,,submissions/candidates/GOLF_20260609_061_arc_dsl_task325_component_count_diagonal/onnx/task366.onnx,true,9c2857c2195d9fb8bc86374d45e688230576cea8a4d8444034e776310f6c0d98,84301,4527,832353,,836880,11.362564029982357,pass,,3,3,1,1,251,251,,,255,255,pass,,25.0,13.637435970017643,11.362564029982357,,current,unknown,,,unknown,,,,none,unknown,not_obvious,,,true,2026-06-09T19:02:01,2026-06-09T19:02:01,
367,task367,,,submissions/candidates/GOLF_20260609_061_arc_dsl_task325_component_count_diagonal/onnx/task367.onnx,true,d714af254dd574b2ee6e4d9a7da38d254cc1cedf344e671171b3198e6677f3e9,9982,1991,141612,,143603,13.125192173257059,pass,,3,3,1,1,262,262,,,266,266,pass,,25.0,11.874807826742941,13.125192173257059,,current,unknown,,,unknown,,,,none,unknown,not_obvious,,,true,2026-06-09T19:02:15,2026-06-09T19:02:15,
368,task368,,,submissions/candidates/GOLF_20260609_061_arc_dsl_task325_component_count_diagonal/onnx/task368.onnx,true,fb13ef89494b35d91e797f4295a7a89ef8111ed8b5d8f62974f2ce5be08e16a8,8950,75,32264,,32339,14.615970788806473,pass,,2,2,1,1,262,262,,,265,265,pass,,25.0,10.384029211193527,14.615970788806473,,current,unknown,,,unknown,,,,none,unknown,not_obvious,,,true,2026-06-09T19:02:18,2026-06-09T19:02:18,
369,task369,,,submissions/candidates/GOLF_20260609_061_arc_dsl_task325_component_count_diagonal/onnx/task369.onnx,true,1cfe982df2ace7597db45b5bfba380a13e8855ae31179524b685c7a161b2f22f,3315,130,7400,,7530,16.07334967920606,pass,,3,3,1,1,261,261,,,265,265,pass,,25.0,8.92665032079394,16.07334967920606,,current,unknown,,,unknown,,,,none,unknown,not_obvious,,,true,2026-06-09T19:02:21,2026-06-09T19:02:21,
370,task370,,,submissions/candidates/GOLF_20260609_061_arc_dsl_task325_component_count_diagonal/onnx/task370.onnx,true,15b5e8b9e31b954497503f43e57b54cae68434c7037406c015051ad4c4a55a61,15444,119,108163,,108282,13.407505785810647,pass,,3,3,1,1,262,262,,,266,266,pass,,25.0,11.592494214189353,13.407505785810647,,current,unknown,,,unknown,,,,none,unknown,not_obvious,,,true,2026-06-09T19:02:21,2026-06-09T19:02:21,
371,task371,,,submissions/candidates/GOLF_20260609_061_arc_dsl_task325_component_count_diagonal/onnx/task371.onnx,true,ac746c0f7985def55f31802cab65bd5cdd75ce9961ea75cb9e2e4cca9b37041e,3031,249,12980,,13229,15.50983333153762,pass,,2,2,2,2,262,262,,,266,266,pass,,25.0,9.49016666846238,15.50983333153762,,current,unknown,,,unknown,,,,none,unknown,not_obvious,,,true,2026-06-09T19:02:23,2026-06-09T19:02:23,
372,task372,,,submissions/candidates/GOLF_20260609_061_arc_dsl_task325_component_count_diagonal/onnx/task372.onnx,true,612684b2e2b88419b0dffb9061ba10832910a5dcbc1dedfb2dc7aba90a0290f7,664,13,7867,,7880,16.027916817148075,pass,,3,3,1,1,262,262,,,266,266,pass,,25.0,8.972083182851925,16.027916817148075,,current,unknown,,,unknown,,,,none,unknown,not_obvious,,,true,2026-06-09T19:02:24,2026-06-09T19:02:24,
373,task373,,,submissions/candidates/GOLF_20260609_061_arc_dsl_task325_component_count_diagonal/onnx/task373.onnx,true,febd0e663c6704afa5d637e656bb7decaf87e1523de97cd6fac5a3db41f7c234,581,4,520,,524,18.738508315678956,pass,,2,2,1,1,72,72,,,75,75,pass,,25.0,6.261491684321044,18.738508315678956,,current,unknown,,,unknown,,,,none,unknown,not_obvious,,,true,2026-06-09T19:02:24,2026-06-09T19:02:24,
374,task374,,,submissions/candidates/GOLF_20260609_061_arc_dsl_task325_component_count_diagonal/onnx/task374.onnx,true,b890f0c0ab7ee65e12a6764eb1475d1f9a8f7effe61eae04bb472c05ab165bb0,5300,134,13208,,13342,15.501327766730538,pass,,4,4,1,1,262,262,,,267,267,pass,,25.0,9.498672233269462,15.501327766730538,,current,unknown,,,unknown,,,,none,unknown,not_obvious,,,true,2026-06-09T19:02:24,2026-06-09T19:02:24,
375,task375,,,submissions/candidates/GOLF_20260609_061_arc_dsl_task325_component_count_diagonal/onnx/task375.onnx,true,509686d607b3126316a284357799deb369829fe56865a1b05609fa3447c4c5d7,2214,59,15113,,15172,15.372793097191211,pass,,3,3,1,1,54,54,,,58,58,pass,,25.0,9.627206902808789,15.372793097191211,,current,unknown,,,unknown,,,,none,unknown,not_obvious,,,true,2026-06-09T19:02:25,2026-06-09T19:02:25,
376,task376,,,submissions/candidates/GOLF_20260609_061_arc_dsl_task325_component_count_diagonal/onnx/task376.onnx,true,becd963a84ce2cfe83a8ee38e494f26a327cbefcc0e2b1c426a29aba33de5f43,4045,150,23262,,23412,14.93899600958889,pass,,2,2,1,1,36,36,,,39,39,pass,,25.0,10.06100399041111,14.93899600958889,,current,unknown,,,unknown,,,,none,unknown,not_obvious,,,true,2026-06-09T19:02:25,2026-06-09T19:02:25,
377,task377,,,submissions/candidates/GOLF_20260609_061_arc_dsl_task325_component_count_diagonal/onnx/task377.onnx,true,9b52b78bd3e2bfa2d9837ed1edc28b7aea7bbfa859063f82428bbf9c175dfa43,18685,84,61840,,61924,13.966336894339644,pass,,3,3,1,1,262,262,,,266,266,pass,,25.0,11.033663105660356,13.966336894339644,,current,unknown,,,unknown,,,,none,unknown,not_obvious,,,true,2026-06-09T19:02:25,2026-06-09T19:02:25,
378,task378,,,submissions/candidates/GOLF_20260609_061_arc_dsl_task325_component_count_diagonal/onnx/task378.onnx,true,83b85af797290c872bb4445a649a62c3dbb79def4efe2837004cc95fe7d9308f,5481,76,38932,,39008,14.428477967719003,pass,,4,4,1,1,262,262,,,267,267,pass,,25.0,10.571522032280997,14.428477967719003,,current,unknown,,,unknown,,,,none,unknown,not_obvious,,,true,2026-06-09T19:02:28,2026-06-09T19:02:28,
379,task379,,,submissions/candidates/GOLF_20260609_061_arc_dsl_task325_component_count_diagonal/onnx/task379.onnx,true,0c03cb198f78a5d1d9b965c7ea2ebe492d740ab48cdd97c061c2341b1386e720,13402,1730,69969,,71699,13.819767920510943,pass,,3,3,1,1,262,262,,,266,266,pass,,25.0,11.180232079489057,13.819767920510943,,current,unknown,,,unknown,,,,none,unknown,not_obvious,,,true,2026-06-09T19:02:30,2026-06-09T19:02:30,
380,task380,,,submissions/candidates/GOLF_20260609_061_arc_dsl_task325_component_count_diagonal/onnx/task380.onnx,true,5738b9a32c4e060390dd4e9616533654a3951ef69af2721854b0ba55a010d39c,396,8,720,,728,18.409698951803314,pass,,4,4,1,1,262,262,,,267,267,pass,,25.0,6.590301048196686,18.409698951803314,,current,unknown,,,unknown,,,,none,unknown,not_obvious,,,true,2026-06-09T19:02:32,2026-06-09T19:02:32,
381,task381,,,submissions/candidates/GOLF_20260609_061_arc_dsl_task325_component_count_diagonal/onnx/task381.onnx,true,ebf1e59013474b1e1ee3486919874587e800e3df415c612b856b0e8861dbca9a,2035,130,3400,,3530,16.830946850072657,pass,,3,3,1,1,261,261,,,265,265,pass,,25.0,8.169053149927343,16.830946850072657,,current,unknown,,,unknown,,,,none,unknown,not_obvious,,,true,2026-06-09T19:02:32,2026-06-09T19:02:32,
382,task382,,,submissions/candidates/GOLF_20260609_061_arc_dsl_task325_component_count_diagonal/onnx/task382.onnx,true,94f0452abfa272097770831feedaf2065f2785f1eb867eabd4ab7bdee3824b3b,28488,382,95196,,95578,13.532302052966461,pass,,3,3,1,1,262,262,,,266,266,pass,,25.0,11.467697947033539,13.532302052966461,,current,unknown,,,unknown,,,,none,unknown,not_obvious,,,true,2026-06-09T19:02:32,2026-06-09T19:02:32,
383,task383,,,submissions/candidates/GOLF_20260609_061_arc_dsl_task325_component_count_diagonal/onnx/task383.onnx,true,bbc98988ec528e0858ee04e0ac68e45da2f73e8d7db4106ebd2dafb9e841e5ac,3193,29,127212,,127241,13.246161795004017,pass,,3,3,1,1,262,262,,,266,266,pass,,25.0,11.753838204995983,13.246161795004017,,current,unknown,,,unknown,,,,none,unknown,not_obvious,,,true,2026-06-09T19:02:36,2026-06-09T19:02:36,
384,task384,,,submissions/candidates/GOLF_20260609_061_arc_dsl_task325_component_count_diagonal/onnx/task384.onnx,true,d9baeb3d16a135b1e1b56295fdda32d565121b333be61b73ebc5221c486fb273,2717,70,27956,,28026,14.759112070269836,pass,,3,3,1,1,262,262,,,266,266,pass,,25.0,10.240887929730164,14.759112070269836,,current,unknown,,,unknown,,,,none,unknown,not_obvious,,,true,2026-06-09T19:02:37,2026-06-09T19:02:37,
385,task385,,,submissions/candidates/GOLF_20260609_061_arc_dsl_task325_component_count_diagonal/onnx/task385.onnx,true,629a5673b6a8e745a4c5b1b5afcf3c5e7214f2fd7c54d7f5da27eb3e788ea5d1,175,30,0,,30,21.598802618337846,pass,,2,2,1,1,262,262,,,265,265,pass,,25.0,3.401197381662154,21.598802618337846,,current,unknown,,,unknown,,,,none,unknown,not_obvious,,,true,2026-06-09T19:02:38,2026-06-09T19:02:38,
386,task386,,,submissions/candidates/GOLF_20260609_061_arc_dsl_task325_component_count_diagonal/onnx/task386.onnx,true,a56ac34e03f43469aad4355bacc75df2f6722e5fbed6a38e6dccb1522efc1fec,1334,1,2162,,2163,17.32074857404694,pass,,5,5,1,1,262,262,,,268,268,pass,,25.0,7.679251425953058,17.32074857404694,,current,unknown,,,unknown,,,,none,unknown,not_obvious,,,true,2026-06-09T19:02:38,2026-06-09T19:02:38,
387,task387,,,submissions/candidates/GOLF_20260609_061_arc_dsl_task325_component_count_diagonal/onnx/task387.onnx,true,922ce5bde5319cc313a3bd536efe5ad0870456361b80db7b5e806f0adc4a9188,12388,88,63470,,63558,13.940291846175448,pass,,4,4,1,1,261,261,,,266,266,pass,,25.0,11.059708153824552,13.940291846175448,,current,unknown,,,unknown,,,,none,unknown,not_obvious,,,true,2026-06-09T19:02:38,2026-06-09T19:02:38,
388,task388,,,submissions/candidates/GOLF_20260609_061_arc_dsl_task325_component_count_diagonal/onnx/task388.onnx,true,8afccfc448cdf82a4975b45c7b556477083e29728ac00da51d92d2da1aefe4cc,6536,186,6282,,6468,16.225377779303003,pass,,3,3,1,1,262,262,,,266,266,pass,,25.0,8.774622220696997,16.225377779303003,,current,unknown,,,unknown,,,,none,unknown,not_obvious,,,true,2026-06-09T19:02:40,2026-06-09T19:02:40,
389,task389,,,submissions/candidates/GOLF_20260609_061_arc_dsl_task325_component_count_diagonal/onnx/task389.onnx,true,5d19a4d137ddfa5d5e278378f5210bdd9ffd9225b6b7ca3cfb0a823a86ca0be9,1421,42,1856,,1898,17.451444020830127,pass,,3,3,1,1,262,262,,,266,266,pass,,25.0,7.548555979169873,17.451444020830127,,current,unknown,,,unknown,,,,none,unknown,not_obvious,,,true,2026-06-09T19:02:41,2026-06-09T19:02:41,
390,task390,,,submissions/candidates/GOLF_20260609_061_arc_dsl_task325_component_count_diagonal/onnx/task390.onnx,true,7633e32f12d67d4f58ce345980ffcc442888c7ad72ba6f2b47205a5fff24fc38,5953,967,23724,,24691,14.885805916253345,pass,,3,3,1,1,262,262,,,266,266,pass,,25.0,10.114194083746655,14.885805916253345,,current,unknown,,,unknown,,,,none,unknown,not_obvious,,,true,2026-06-09T19:02:41,2026-06-09T19:02:41,
391,task391,,,submissions/candidates/GOLF_20260609_061_arc_dsl_task325_component_count_diagonal/onnx/task391.onnx,true,1582c8e52095b42ea4800ff8753f6e9fcb62f2e7b65b1642a469835c6548bf80,2841,29,9992,,10021,15.787561829941671,pass,,4,4,1,1,262,262,,,267,267,pass,,25.0,9.212438170058329,15.787561829941671,,current,unknown,,,unknown,,,,none,unknown,not_obvious,,,true,2026-06-09T19:02:42,2026-06-09T19:02:42,
392,task392,,,submissions/candidates/GOLF_20260609_061_arc_dsl_task325_component_count_diagonal/onnx/task392.onnx,true,a1b6f293dd9143a38e3214f644aef3e1f1792e03f13d48612156a4e4f8274c9c,9738,2087,28772,,30859,14.662816279014882,pass,,3,3,1,1,262,262,,,266,266,pass,,25.0,10.337183720985118,14.662816279014882,,current,unknown,,,unknown,,,,none,unknown,not_obvious,,,true,2026-06-09T19:02:43,2026-06-09T19:02:43,
393,task393,,,submissions/candidates/GOLF_20260609_061_arc_dsl_task325_component_count_diagonal/onnx/task393.onnx,true,ca611d444767651339521e15512433dff1dccbf80f21572d62cfc02d5924cb48,1538,9,450,,459,18.870949789939456,pass,,3,3,1,1,261,261,,,265,265,pass,,25.0,6.129050210060544,18.870949789939456,,current,unknown,,,unknown,,,,none,unknown,not_obvious,,,true,2026-06-09T19:02:44,2026-06-09T19:02:44,
394,task394,,,submissions/candidates/GOLF_20260609_061_arc_dsl_task325_component_count_diagonal/onnx/task394.onnx,true,6f9e76b487f97c594199199e75fc55402957e97ede7b3c08c5059ae6412a4a45,3787,35,4718,,4753,16.53346872338599,pass,,3,3,1,1,262,262,,,266,266,pass,,25.0,8.46653127661401,16.53346872338599,,current,unknown,,,unknown,,,,none,unknown,not_obvious,,,true,2026-06-09T19:02:45,2026-06-09T19:02:45,
395,task395,,,submissions/candidates/GOLF_20260609_061_arc_dsl_task325_component_count_diagonal/onnx/task395.onnx,true,19fd478858c781c596e2ca2f7e34d4e1bcfa8798379225afbe1efd44d2841ac0,1179,47,1620,,1667,17.581219117249205,pass,,5,5,1,1,262,262,,,268,268,pass,,25.0,7.418780882750795,17.581219117249205,,current,unknown,,,unknown,,,,none,unknown,not_obvious,,,true,2026-06-09T19:02:46,2026-06-09T19:02:46,
396,task396,,,submissions/candidates/GOLF_20260609_061_arc_dsl_task325_component_count_diagonal/onnx/task396.onnx,true,a9a8a5c3780c0496286932fc74a4bc5917beceacf116e159df3effbb794bc085,26549,5446,137943,,143389,13.126683504302262,pass,,3,3,1,1,262,262,,,266,266,pass,,25.0,11.873316495697738,13.126683504302262,,current,unknown,,,unknown,,,,none,unknown,not_obvious,,,true,2026-06-09T19:02:46,2026-06-09T19:02:46,
397,task397,,,submissions/candidates/GOLF_20260609_061_arc_dsl_task325_component_count_diagonal/onnx/task397.onnx,true,6bec01ff9716ef2cfce531990ea08c499d66034e4b16e8919d46f33da3bd2009,7195,95,20946,,21041,15.045771805760689,pass,,3,3,1,1,262,262,,,266,266,pass,,25.0,9.954228194239311,15.045771805760689,,current,unknown,,,unknown,,,,none,unknown,not_obvious,,,true,2026-06-09T19:02:48,2026-06-09T19:02:48,
398,task398,,,submissions/candidates/GOLF_20260609_061_arc_dsl_task325_component_count_diagonal/onnx/task398.onnx,true,9bc3ab8e8d057ba1d59681824fb89937bcea44d3056731d448f703c55156e86d,8682,762,83533,,84295,13.657922169750098,pass,,5,5,1,1,262,262,,,268,268,pass,,25.0,11.342077830249902,13.657922169750098,,current,unknown,,,unknown,,,,none,unknown,not_obvious,,,true,2026-06-09T19:02:49,2026-06-09T19:02:49,
399,task399,,,submissions/candidates/GOLF_20260609_061_arc_dsl_task325_component_count_diagonal/onnx/task399.onnx,true,f8e72c2228ae91a54d38c5a7f101356edc42d906cda234321b13bfc87a5ff38f,1907,909,930,,1839,17.48302277539568,pass,,8,8,3,3,262,262,,,273,273,pass,,25.0,7.516977224604322,17.48302277539568,,current,unknown,,,unknown,,,,none,unknown,not_obvious,,,true,2026-06-09T19:02:50,2026-06-09T19:02:50,
400,task400,,,submissions/candidates/GOLF_20260609_061_arc_dsl_task325_component_count_diagonal/onnx/task400.onnx,true,85a9828beec5f14034326e3d758cb7a93f61e66437df97f60e5b4a304af62110,3021,39,35114,,35153,14.532534757896764,pass,,3,3,1,1,262,262,,,266,266,pass,,25.0,10.467465242103236,14.532534757896764,,current,unknown,,,unknown,,,,none,unknown,not_obvious,,,true,2026-06-09T19:02:50,2026-06-09T19:02:50,
